parsing took 0.0179ms
parsing took 0.986ms
parsing took 0.426ms
parsing took 0.49ms
overlappingInstancesLinter took 0.13ms
tacticAnalysis took 0.541ms
linting took 3.32ms
elaboration took 0.489ms
overlappingInstancesLinter took 0.0521ms
tacticAnalysis took 0.0861ms
linting took 4.37ms
attribute application took 0.00421ms
typeclass inference of HAdd took 0.294ms
typeclass inference of HAdd took 0.135ms
typeclass inference of LT took 0.0295ms
typeclass inference of HAdd took 1.3ms
typeclass inference of HAdd took 0.845ms
typeclass inference of HAdd took 0.00418ms
typeclass inference of HAdd took 0.0334ms
instantiate metavars took 0.00427ms
instantiate metavars took 0.000251ms
let-to-have transformation took 0.00909ms
attribute application took 0.002ms
attribute application took 0.000491ms
elaboration took 2.3ms
typeclass inference of NeZero took 0.161ms
typeclass inference of NeZero took 0.0414ms
typeclass inference of NeZero took 0.0338ms
tactic execution of Lean.Parser.Tactic.rewriteSeq took 0.745ms
tactic execution of Lean.Parser.Tactic.exact took 0.108ms
tactic execution of Lean.Parser.Tactic.exact took 0.0995ms
tactic execution of Lean.Parser.Tactic.eqRefl took 0.0122ms
tactic execution of Lean.Parser.Tactic.tacticRfl took 0.0386ms
tactic execution of Lean.Parser.Tactic.tacticSeq1Indented took 0.00545ms
tactic execution of Lean.Parser.Tactic.tacticSeq took 0.00582ms
tactic execution of Lean.Parser.Tactic.withReducible took 0.00929ms
tactic execution of Lean.Parser.Tactic.tacticSeq1Indented took 0.00629ms
tactic execution of Lean.Parser.Tactic.tacticSeq took 0.00401ms
tactic execution of Lean.Parser.Tactic.paren took 0.00559ms
tactic execution of Lean.Parser.Tactic.tacticSeq1Indented took 0.00431ms
tactic execution of Lean.Parser.Tactic.tacticSeq took 0.00961ms
tactic execution of Lean.Parser.Tactic.first took 0.00581ms
tactic execution of Lean.Parser.Tactic.tacticTry_ took 0.00728ms
tactic execution of Lean.Parser.Tactic.tacticSeq1Indented took 0.00289ms
tactic execution of Lean.Parser.Tactic.tacticSeq took 0.00319ms
tactic execution of Lean.Parser.Tactic.paren took 0.00478ms
tactic execution of Lean.Parser.Tactic.withAnnotateState took 0.0184ms
tactic execution of Lean.Parser.Tactic.tacticSeq1Indented took 0.0171ms
tactic execution of Lean.Parser.Tactic.tacticSeq took 0.00448ms
tactic execution of Lean.Parser.Tactic.paren took 0.00745ms
tactic execution of Lean.Parser.Tactic.rwSeq took 0.025ms
tactic execution of Lean.Parser.Tactic.tacticSeq1Indented took 0.00808ms
tactic execution of Lean.Parser.Tactic.tacticSeq took 0.0153ms
instantiate metavars took 0.00468ms
instantiate metavars took 0.00021ms
instantiate metavars took 0.00013ms
instantiate metavars took 0.00013ms
instantiate metavars took 0.0001ms
share common exprs took 0.0556ms
fix level params took 0.00979ms
let-to-have transformation took 0.00262ms
attribute application took 0.00389ms
attribute application took 0.000671ms
process pre-definitions took 0.141ms
elaboration took 0.299ms
type checking took 0.651ms
overlappingInstancesLinter took 0.313ms
tacticAnalysis took 0.613ms
linting took 2.91ms
attribute application took 0.00153ms
typeclass inference of HMul took 0.188ms
typeclass inference of HMul took 0.131ms
typeclass inference of LT took 0.0468ms
typeclass inference of HMul took 1.24ms
typeclass inference of HMul took 0.853ms
typeclass inference of HMul took 0.00404ms
typeclass inference of HMul took 0.0329ms
instantiate metavars took 0.00325ms
instantiate metavars took 0.00024ms
let-to-have transformation took 0.00328ms
attribute application took 0.00126ms
attribute application took 0.000821ms
elaboration took 1.19ms
tactic execution of Lean.Parser.Tactic.rewriteSeq took 0.782ms
tactic execution of Lean.Parser.Tactic.exact took 0.0988ms
tactic execution of Lean.Parser.Tactic.exact took 0.0998ms
tactic execution of Lean.Parser.Tactic.eqRefl took 0.00897ms
tactic execution of Lean.Parser.Tactic.tacticRfl took 0.0503ms
tactic execution of Lean.Parser.Tactic.tacticSeq1Indented took 0.00518ms
tactic execution of Lean.Parser.Tactic.tacticSeq took 0.00605ms
tactic execution of Lean.Parser.Tactic.withReducible took 0.0113ms
tactic execution oparsing took 2.08ms
f Lean.Parser.Tactic.tacticSeq1Indented took 0.00608ms
tactic execution of Lean.Parser.Tactic.tacticSeq took 0.00397ms
tactic execution of Lean.Parser.Tactic.paren took 0.00404ms
tactic execution of Lean.Parser.Tactic.tacticSeq1Indented took 0.00423ms
tactic execution of Lean.Parser.Tactic.tacticSeq took 0.00433ms
tactic execution of Lean.Parser.Tactic.first took 0.00435ms
tactic execution of Lean.Parser.Tactic.tacticTry_ took 0.00837ms
tactic execution of Lean.Parser.Tactic.tacticSeq1Indented took 0.00332ms
tactic execution of Lean.Parser.Tactic.tacticSeq took 0.00306ms
tactic execution of Lean.Parser.Tactic.paren took 0.00297ms
tactic execution of Lean.Parser.Tactic.withAnnotateState took 0.0119ms
tactic execution of Lean.Parser.Tactic.tacticSeq1Indented took 0.0157ms
tactic execution of Lean.Parser.Tactic.tacticSeq took 0.00706ms
tactic execution of Lean.Parser.Tactic.paren took 0.00809ms
tactic execution of Lean.Parser.Tactic.rwSeq took 0.0239ms
tactic execution of Lean.Parser.Tactic.tacticSeq1Indented took 0.0098ms
tactic execution of Lean.Parser.Tactic.tacticSeq took 0.0206ms
instantiate metavars took 0.0045ms
instantiate metavars took 0.000241ms
instantiate metavars took 0.000141ms
instantiate metavars took 0.00011ms
instantiate metavars took 0.00011ms
share common exprs took 0.0485ms
fix level params took 0.00822ms
let-to-have transformation took 0.00271ms
attribute application took 0.00142ms
attribute application took 0.000661ms
process pre-definitions took 0.0839ms
elaboration took 0.297ms
type checking took 0.394ms
overlappingInstancesLinter took 0.295ms
tacticAnalysis took 0.549ms
linting took 2.99ms
attribute application took 0.00144ms
typeclass inference of OfNat took 0.123ms
typeclass inference of OfNat took 0.0385ms
typeclass inference of OfNat took 0.0364ms
typeclass inference of HPow took 0.381ms
typeclass inference of LT took 0.0303ms
typeclass inference of OfNat took 0.0674ms
typeclass inference of OfNat took 1.13ms
typeclass inference of CategoryTheory.CartesianMonoidalCategory took 0.0971ms
typeclass inference of CategoryTheory.CartesianMonoidalCategory took 0.00493ms
typeclass inference of HPow took 2.49ms
typeclass inference of OfNat took 0.0886ms
typeclass inference of OfNat took 0.0395ms
typeclass inference of HPow took 0.0393ms
typeclass inference of OfNat took 0.00463ms
instantiate metavars took 0.00479ms
instantiate metavars took 0.0002ms
let-to-have transformation took 0.00633ms
attribute application took 0.00217ms
attribute application took 0.000541ms
elaboration took 1.33ms
typeclass inference of OfNat took 0.967ms
typeclass inference of OfNat took 0.102ms
typeclass inference of OfNat took 0.0434ms
typeclass inference of HPow took 0.318ms
typeclass inference of CoeT took 0.999ms
typeclass inference of OfNat took 0.0473ms
typeclass inference of CategoryTheory.CartesianMonoidalCategory took 0.0492ms
typeclass inference of CategoryTheory.CartesianMonoidalCategory took 0.0046ms
typeclass inference of HPow took 1.92ms
tactic execution of Lean.Parser.Tactic.refine took 1.17ms
congr simp thm took 0.0303ms
congr simp thm took 0.0316ms
congr simp thm took 0.019ms
congr simp thm took 0.000631ms
typeclass inference of NatCast took 0.126ms
typeclass inference of NatCast took 0.0438ms
typeclass inference of FunLike took 1.45ms
typeclass inference of One took 0.626ms
typeclass inference of SMul took 0.436ms
typeclass inference of SMul took 0.721ms
typeclass inference of IsSMulApply took 0.0408ms
congr simp thm took 0.0383ms
congr simp thm took 0.000431ms
typeclass inference of Semiring took 0.708ms
congr simp thm took 0.000842ms
congr simp thm took 0.000331ms
typeclass inference of Nat.AtLeastTwo took 0.178ms
congr simp thm took 0.000611ms
congr simp thm took 0.000361ms
simp took 1.62ms
simp took 0.00381ms
tactic execution of Lean.Parser.Tactic.pushCast took 0.0713ms
tactic execution of Lean.Parser.Tactic.exact took 0.118ms
tactic execution of Lean.Parser.Tactic.exact took 0.0804ms
tactic execution of Lean.Parser.Tactic.eqRefl took 0.461ms
tactic execution of Lean.Parser.Tactic.tacticRfl took 0.0461ms
tparsing took 1.58ms
actic execution of Lean.Parser.Tactic.tacticSeq1Indented took 0.0113ms
tactic execution of Lean.Parser.Tactic.tacticSeq took 0.00309ms
tactic execution of Lean.Parser.Tactic.paren took 0.00439ms
tactic execution of Lean.Parser.Tactic.withAnnotateState took 0.00688ms
tactic execution of Lean.Parser.Tactic.tacticSeq1Indented took 0.00394ms
tactic execution of Lean.Parser.Tactic.tacticSeq took 0.00398ms
tactic execution of Lean.Parser.Tactic.case took 0.0529ms
tactic execution of Lean.Parser.Tactic.tacticSeq1Indented took 0.0331ms
tactic execution of Lean.Parser.Tactic.tacticSeq took 0.00803ms
tactic execution of Lean.Parser.Tactic.focus took 0.0144ms
tactic execution of Lean.Parser.Tactic.tacticHave__ took 0.0426ms
tactic execution of Lean.Parser.Tactic.rewriteSeq took 0.173ms
tactic execution of Lean.Parser.Tactic.exact took 0.0937ms
tactic execution of Lean.Parser.Tactic.exact took 0.0782ms
tactic execution of Lean.Parser.Tactic.eqRefl took 0.03ms
tactic execution of Lean.Parser.Tactic.applyRfl took 0.0231ms
tactic execution of Lean.Parser.Tactic.tacticRfl took 0.0354ms
tactic execution of Lean.Parser.Tactic.tacticSeq1Indented took 0.0101ms
tactic execution of Lean.Parser.Tactic.tacticSeq took 0.00401ms
tactic execution of Lean.Parser.Tactic.withReducible took 0.00715ms
tactic execution of Lean.Parser.Tactic.tacticSeq1Indented took 0.00389ms
tactic execution of Lean.Parser.Tactic.tacticSeq took 0.00314ms
tactic execution of Lean.Parser.Tactic.paren took 0.00373ms
tactic execution of Lean.Parser.Tactic.tacticSeq1Indented took 0.00366ms
tactic execution of Lean.Parser.Tactic.tacticSeq took 0.00324ms
tactic execution of Lean.Parser.Tactic.skip took 0.00345ms
tactic execution of Lean.Parser.Tactic.tacticSeq1Indented took 0.00404ms
tactic execution of Lean.Parser.Tactic.tacticSeq took 0.00418ms
tactic execution of Lean.Parser.Tactic.first took 0.0079ms
tactic execution of Lean.Parser.Tactic.tacticTry_ took 0.00782ms
tactic execution of Lean.Parser.Tactic.tacticSeq1Indented took 0.00331ms
tactic execution of Lean.Parser.Tactic.tacticSeq took 0.00291ms
tactic execution of Lean.Parser.Tactic.paren took 0.00301ms
tactic execution of Lean.Parser.Tactic.withAnnotateState took 0.0125ms
tactic execution of Lean.Parser.Tactic.tacticSeq1Indented took 0.0104ms
tactic execution of Lean.Parser.Tactic.tacticSeq took 0.00331ms
tactic execution of Lean.Parser.Tactic.paren took 0.00449ms
tactic execution of Lean.Parser.Tactic.rwSeq took 0.0371ms
tactic execution of Lean.Parser.Tactic.exact took 0.236ms
tactic execution of Lean.Parser.Tactic.tacticSeq1Indented took 0.0299ms
tactic execution of Lean.Parser.Tactic.tacticSeq took 0.032ms
instantiate metavars took 0.0252ms
instantiate metavars took 0.000311ms
instantiate metavars took 0.00014ms
instantiate metavars took 0.00025ms
instantiate metavars took 0.00031ms
share common exprs took 0.074ms
fix level params took 0.0151ms
let-to-have transformation took 0.00599ms
attribute application took 0.0022ms
attribute application took 0.000761ms
process pre-definitions took 0.144ms
elaboration took 0.551ms
type checking took 1.4ms
overlappingInstancesLinter took 0.173ms
tacticAnalysis took 0.839ms
linting took 5.46ms
attribute application took 0.00226ms
typeclass inference of OfNat took 0.0764ms
typeclass inference of OfNat took 0.0395ms
typeclass inference of HSub took 0.946ms
typeclass inference of HMul took 0.89ms
typeclass inference of HMul took 0.716ms
typeclass inference of HSub took 0.72ms
typeclass inference of OfNat took 0.781ms
typeclass inference of OfNat took 0.0691ms
typeclass inference of OfNat took 0.0488ms
typeclass inference of OfNat took 0.0439ms
typeclass inference of OfNat took 0.0379ms
typeclass inference of OfNat took 0.0306ms
typeclass inference of HSub took 0.00714ms
typeclass inference of HSub took 0.00257ms
typeclass inference of HMul took 0.00231ms
typeclass inference of HSub took 0.0369ms
typeclass inference of CategoryTheory.CartesianMonoidalCategory took 0.0477ms
typeclass inference of CategoryTheory.CartesianMonoidalCategory took 0.00443ms
typeclass inference of HPow tookparsing took 1.17ms
parsing took 0.0637ms
parsing took 0.0826ms
 1.95ms
typeclass inference of HMul took 0.0349ms
typeclass inference of HSub took 0.0273ms
typeclass inference of OfNat took 0.874ms
typeclass inference of OfNat took 0.00466ms
typeclass inference of OfNat took 0.0622ms
typeclass inference of OfNat took 0.0401ms
typeclass inference of HPow took 0.26ms
typeclass inference of LE took 0.031ms
typeclass inference of OfNat took 0.0554ms
typeclass inference of OfNat took 0.0563ms
typeclass inference of OfNat took 0.0402ms
typeclass inference of HPow took 0.0344ms
typeclass inference of LT took 0.0297ms
typeclass inference of OfNat took 0.00272ms
typeclass inference of OfNat took 0.0679ms
typeclass inference of OfNat took 0.0628ms
typeclass inference of HPow took 0.0401ms
typeclass inference of LT took 0.00297ms
typeclass inference of OfNat took 0.00225ms
typeclass inference of OfNat took 0.057ms
typeclass inference of OfNat took 0.0385ms
typeclass inference of HPow took 0.0332ms
typeclass inference of LT took 0.00258ms
typeclass inference of OfNat took 0.00216ms
typeclass inference of OfNat took 0.0518ms
typeclass inference of OfNat took 0.0437ms
typeclass inference of HAdd took 0.136ms
typeclass inference of HAdd took 0.135ms
typeclass inference of OfNat took 0.043ms
typeclass inference of OfNat took 0.479ms
typeclass inference of HPow took 0.0672ms
typeclass inference of LT took 0.0031ms
typeclass inference of OfNat took 0.00347ms
typeclass inference of OfNat took 0.232ms
typeclass inference of OfNat took 0.115ms
typeclass inference of HAdd took 0.0107ms
typeclass inference of HAdd took 0.0505ms
typeclass inference of OfNat took 0.0701ms
typeclass inference of OfNat took 0.0564ms
typeclass inference of HPow took 0.0476ms
typeclass inference of LT took 0.00534ms
typeclass inference of OfNat took 0.00441ms
typeclass inference of OfNat took 0.073ms
typeclass inference of OfNat took 0.0666ms
typeclass inference of HMul took 0.362ms
typeclass inference of HAdd took 0.00881ms
typeclass inference of HMul took 0.00448ms
typeclass inference of HMul took 0.214ms
typeclass inference of HPow took 0.0373ms
typeclass inference of HMul took 0.0359ms
typeclass inference of HAdd took 0.0522ms
typeclass inference of OfNat took 0.00341ms
instantiate metavars took 0.0566ms
instantiate metavars took 0.00038ms
let-to-have transformation took 0.0243ms
attribute application took 0.00255ms
attribute application took 0.000802ms
elaboration took 6.1ms
typeclass inference of HMul took 1.2ms
typeclass inference of HMul took 0.852ms
tactic execution of Lean.Parser.Tactic.refine took 0.475ms
typeclass inference of Add took 0.776ms
typeclass inference of AddRightCancelSemigroup took 1.44ms
typeclass inference of IsRightCancelAdd took 4.64ms
typeclass inference of AddGroup took 0.56ms
typeclass inference of CommSemiring took 0.48ms
typeclass inference of CommRing took 0.0454ms
typeclass inference of Semifield took 0.31ms
typeclass inference of Field took 0.31ms
typeclass inference of Field took 0.00234ms
typeclass inference of Field took 0.00218ms
typeclass inference of Field took 0.00282ms
typeclass inference of Field took 0.00145ms
typeclass inference of Field took 0.0015ms
typeclass inference of Field took 0.00132ms
typeclass inference of Field took 0.00112ms
typeclass inference of Field took 0.00105ms
typeclass inference of Field took 0.00113ms
typeclass inference of Field took 0.00103ms
typeclass inference of Field took 0.000982ms
typeclass inference of Field took 0.00239ms
typeclass inference of Field took 0.00142ms
typeclass inference of Field took 0.00107ms
typeclass inference of Field took 0.00105ms
typeclass inference of Field took 0.00107ms
typeclass inference of Field took 0.00109ms
typeclass inference of Field took 0.00108ms
typeclass inference of Field took 0.000952ms
typeclass inference of Field took 0.00325ms
typeclass inference of Field took 0.0017ms
typeclass inference of Field took 0.00137ms
typeclass inference of Field took 0.00114ms
typeclass inference of Field took 0.00119ms
typeclass inference of Field took 0.00107ms
typeclass inference of Field took 0.00103ms
typeclass inference of Field took 0.00217ms
typeclass inference of Field took 0.00129ms
typeclass inference of Field took 0.00124ms
typeclass inference of Semiring took 0.782ms
typeclass inference of RCLike took 0.0112ms
typeclass inference of RCLike took 0.00177ms
typeclass inference of RCLike took 0.00141ms
typeclass inference of RCLike took 0.00236ms
typeclass inference of RCLike took 0.0014ms
typeclass inference of RCLike took 0.00126ms
typeclass inference of RCLike took 0.0012ms
typeclass inference of RCLike took 0.0011ms
typeclass inference of RCLike took 0.00108ms
typeclass inference of RCLike took 0.00108ms
typeclass inference of RCLike took 0.000972ms
typeclass inference of RCLike took 0.000992ms
typeclass inference of RCLike took 0.00178ms
typeclass inference of RCLike took 0.00154ms
typeclass inference of RCLike took 0.0012ms
typeclass inference of RCLike took 0.0011ms
typeclass inference of RCLike took 0.00119ms
typeclass inference of RCLike took 0.00114ms
typeclass inference of RCLike took 0.00114ms
typeclass inference of RCLike took 0.00101ms
typeclass inference of RCLike took 0.00187ms
typeclass inference of RCLike took 0.00122ms
typeclass inference of RCLike took 0.0012ms
typeclass inference of RCLike took 0.00119ms
typeclass inference of RCLike took 0.00109ms
typeclass inference of RCLike took 0.00108ms
typeclass inference of RCLike took 0.00111ms
typeclass inference of RCLike took 0.00161ms
typeclass inference of RCLike took 0.00107ms
typeclass inference of RCLike took 0.00108ms
typeclass inference of Semiring took 0.00479ms
typeclass inference of NonAssocRing took 0.239ms
typeclass inference of Field took 0.00336ms
typeclass inference of Field took 0.00244ms
typeclass inference of Field took 0.00208ms
typeclass inference of Field took 0.00186ms
typeclass inference of Field took 0.00124ms
typeclass inference of Field took 0.00114ms
typeclass inference of Field took 0.00111ms
typeclass inference of Field took 0.00109ms
typeclass inference of Field took 0.00119ms
typeclass inference of Field took 0.00209ms
typeclass inference of Field took 0.00172ms
typeclass inference of Field took 0.0018ms
typeclass inference of Field took 0.00105ms
typeclass inference of Field took 0.00291ms
typeclass inference of Field took 0.00137ms
typeclass inference of Field took 0.00126ms
typeclass inference of Field took 0.00118ms
typeclass inference of Field took 0.00101ms
typeclass inference of Field took 0.00117ms
typeclass inference of Field took 0.0011ms
typeclass inference of Field took 0.00107ms
typeclass inference of Field took 0.000972ms
typeclass inference of Field took 0.00227ms
typeclass inference of Field took 0.00118ms
typeclass inference of Field took 0.00115ms
typeclass inference of Field took 0.00111ms
typeclass inference of Field took 0.00107ms
typeclass inference of Field took 0.00122ms
typeclass inference of Field took 0.000982ms
typeclass inference of Field took 0.00102ms
typeclass inference of Field took 0.00255ms
typeclass inference of Field took 0.00125ms
typeclass inference of Field took 0.00122ms
typeclass inference of Field took 0.00101ms
typeclass inference of Field took 0.00102ms
typeclass inference of Field took 0.00182ms
typeclass inference of Field took 0.00101ms
typeclass inference of Field took 0.00203ms
typeclass inference of Field took 0.00119ms
typeclass inference of Field took 0.00114ms
typeclass inference of Field took 0.00109ms
typeclass inference of Field took 0.00123ms
typeclass inference of Field took 0.0016ms
typeclass inference of Field took 0.00166ms
typeclass inference of Field took 0.00108ms
typeclass inference of Field took 0.001ms
typeclass inference of Field took 0.0014ms
typeclass inference of Field took 0.0011ms
typeclass inference of Field took 0.00103ms
typeclass inference of Field took 0.00225ms
typeclass inference of Field took 0.00182ms
typeclass inference of Field took 0.0033ms
typeclass inference of Field took 0.00198ms
typeclass inference of Field took 0.00176ms
typeclass inference of Field took 0.00125ms
typeclass inference of Field took 0.00139ms
typeclass inference of Field took 0.00206ms
typeclass inference of Field took 0.0011ms
typeclass inference of Field took 0.00106ms
typeclass inference of Field took 0.00159ms
typeclass inference of Field took 0.00971ms
typeclass inference of Field took 0.00537ms
typeclass inference of Field took 0.00421ms
typeclass inference of Field took 0.0015ms
typeclass inference of Field took 0.0011ms
typeclass inference of Field took 0.00322ms
typeclass inference of Field took 0.00139ms
typeclass inference of Field took 0.0013ms
typeclass inference of Field took 0.00112ms
typeclass inference of Field took 0.00165ms
typeclass inference of Field took 0.00159ms
typeclass inference of Field took 0.00141ms
typeclass inference of Semiring took 0.00678ms
typeclass inference of CharZero took 22.6ms
norm_num took 0.122ms
norm_num took 0.00568ms
typeclass inference of AddMonoidWithOne took 0.621ms
norm_num took 0.605ms
norm_num took 0.0062ms
norm_num took 0.00381ms
norm_num took 0.00249ms
norm_num took 0.00305ms
typeclass inference of AddMonoidWithOne took 0.00492ms
norm_num took 0.255ms
ring took 2.5ms
tactic execution of Mathlib.Tactic.LinearCombination.linearCombination took 3.06ms
tactic execution of Lean.Parser.Tactic.tacticSeq1Indented took 0.00811ms
tactic execution of Lean.Parser.Tactic.tacticSeq took 0.00441ms
tactic execution of Lean.Parser.Tactic.paren took 0.00441ms
tactic execution of Lean.Parser.Tactic.withAnnotateState took 0.00681ms
tactic execution of Lean.Parser.Tactic.tacticSeq1Indented took 0.00528ms
tactic execution of Lean.Parser.Tactic.tacticSeq took 0.00403ms
tactic execution of Lean.Parser.Tactic.case took 0.0666ms
tactic execution of Lean.Parser.Tactic.tacticSeq1Indented took 0.0162ms
tactic execution of Lean.Parser.Tactic.tacticSeq took 0.00591ms
tactic execution of Lean.Parser.Tactic.focus took 0.012ms
tactic execution of Lean.Parser.Tactic.tacticHave__ took 0.0235ms
typeclass inference of OfNat took 0.0956ms
typeclass inference of OfNat took 0.0711ms
typeclass inference of HAdd took 0.919ms
typeclass inference of HMul took 0.799ms
typeclass inference of CategoryTheory.CartesianMonoidalCategory took 0.0535ms
typeclass inference of CategoryTheory.CartesianMonoidalCategory took 0.00482ms
typeclass inference of HPow took 2.71ms
typeclass inference of HMul took 0.867ms
typeclass inference of HAdd took 0.834ms
typeclass inference of OfNat took 0.875ms
tactic execution of Lean.Parser.Tactic.refine took 0.686ms
typeclass inference of Add took 0.768ms
typeclass inference of AddRightCancelSemigroup took 0.858ms
typeclass inference of IsRightCancelAdd took 3.01ms
typeclass inference of AddGroup took 0.577ms
typeclass inference of CommSemiring took 0.436ms
typeclass inference of CommRing took 0.0409ms
typeclass inference of Semifield took 0.305ms
typeclass inference of Field took 0.296ms
typeclass inference of Field took 0.00229ms
typeclass inference of Field took 0.00167ms
typeclass inference of Field took 0.00232ms
typeclass inference of Field took 0.00123ms
typeclass inference of Field took 0.00118ms
typeclass inference of Field took 0.00119ms
typeclass inference of Field took 0.00124ms
typeclass inference of Field took 0.00111ms
typeclass inference of Field took 0.00104ms
typeclass inference of Field took 0.00101ms
typeclass inference of Field took 0.000992ms
typeclass inference of Field took 0.0022ms
typeclass inference of Field took 0.00131ms
typeclass inference of Field took 0.00276ms
typeclass inference of Field took 0.00111ms
typeclass inference of Field took 0.00112ms
typeclass inference of Field took 0.00105ms
typeclass inference of Field took 0.00118ms
typeclass inference of Field took 0.00108ms
typeclass inference of Field took 0.00204ms
typeclass inference of Field took 0.0012ms
typeclass inference of Field took 0.00131ms
typeclass inference of Field took 0.00107ms
typeclass inference of Field took 0.00109ms
typeclass inference of Field took 0.00108ms
typeclass inference of Field took 0.00103ms
typeclass inference of Field took 0.00193ms
typeclass inference of Field took 0.00137ms
typeclass inference of Field took 0.00104ms
typeclass inference of Semiring took 0.688ms
typeclass inference of RCLike took 0.0136ms
typeclass inference of RCLike took 0.00234ms
typeclass inference of RCLike took 0.00161ms
typeclass inference of RCLike took 0.00271ms
typeclass inference of RCLike took 0.00147ms
typeclass inference of RCLike took 0.0013ms
typeclass inference of RCLike took 0.00127ms
typeclass inference of RCLike took 0.00119ms
typeclass inference of RCLike took 0.00162ms
typeclass inference of RCLike took 0.00118ms
typeclass inference of RCLike took 0.00108ms
typeclass inference of RCLike took 0.00741ms
typeclass inference of RCLike took 0.00235ms
typeclass inference of RCLike took 0.00125ms
typeclass inference of RCLike took 0.00123ms
typeclass inference of RCLike took 0.00111ms
typeclass inference of RCLike took 0.00114ms
typeclass inference of RCLike took 0.00121ms
typeclass inference of RCLike took 0.00111ms
typeclass inference of RCLike took 0.00105ms
typeclass inference of RCLike took 0.00238ms
typeclass inference of RCLike took 0.00124ms
typeclass inference of RCLike took 0.00141ms
typeclass inference of RCLike took 0.00114ms
typeclass inference of RCLike took 0.00109ms
typeclass inference of RCLike took 0.00109ms
typeclass inference of RCLike took 0.00114ms
typeclass inference of RCLike took 0.00164ms
typeclass inference of RCLike took 0.00124ms
typeclass inference of RCLike took 0.00113ms
typeclass inference of Semiring took 0.005ms
typeclass inference of NonAssocRing took 0.219ms
typeclass inference of Field took 0.00321ms
typeclass inference of Field took 0.0021ms
typeclass inference of Field took 0.0026ms
typeclass inference of Field took 0.00131ms
typeclass inference of Field took 0.00114ms
typeclass inference of Field took 0.00112ms
typeclass inference of Field took 0.00115ms
typeclass inference of Field took 0.00115ms
typeclass inference of Field took 0.00116ms
typeclass inference of Field took 0.00185ms
typeclass inference of Field took 0.00135ms
typeclass inference of Field took 0.00131ms
typeclass inference of Field took 0.00104ms
typeclass inference of Field took 0.00223ms
typeclass inference of Field took 0.00117ms
typeclass inference of Field took 0.0013ms
typeclass inference of Field took 0.00115ms
typeclass inference of Field took 0.000972ms
typeclass inference of Field took 0.000972ms
typeclass inference of Field took 0.000952ms
typeclass inference of Field took 0.000942ms
typeclass inference of Field took 0.000951ms
typeclass inference of Field took 0.00206ms
typeclass inference of Field took 0.00125ms
typeclass inference of Field took 0.00117ms
typeclass inference of Field took 0.00108ms
typeclass inference of Field took 0.001ms
typeclass inference of Field took 0.00101ms
typeclass inference of Field took 0.00106ms
typeclass inference of Field took 0.00103ms
typeclass inference of Field took 0.00176ms
typeclass inference of Field took 0.00112ms
typeclass inference of Field took 0.00126ms
typeclass inference of Field took 0.00117ms
typeclass inference of Field took 0.00112ms
typeclass inference of Field took 0.00102ms
typeclass inference of Field took 0.001ms
typeclass inference of Field took 0.00205ms
typeclass inference of Field took 0.0013ms
typeclass inference of Field took 0.00144ms
typeclass inference of Field took 0.00107ms
typeclass inference of Field took 0.00102ms
typeclass inference of Field took 0.00155ms
typeclass inference of Field took 0.00116ms
typeclass inference of Field took 0.0015ms
typeclass inference of Field took 0.00114ms
typeclass inference of Field took 0.0017ms
typeclass inference of Field took 0.0012ms
typeclass inference of Field took 0.00115ms
typeclass inference of Field took 0.00157ms
typeclass inference of Field took 0.00119ms
typeclass inference of Field took 0.00129ms
typeclass inference of Field took 0.00144ms
typeclass inference of Field took 0.00196ms
typeclass inference of Field took 0.00114ms
typeclass inference of Field took 0.00118ms
typeclass inference of Field took 0.00146ms
typeclass inference of Field took 0.00105ms
typeclass inference of Field took 0.00102ms
typeclass inference of Field took 0.00112ms
typeclass inference of Field took 0.00244ms
typeclass inference of Field took 0.00136ms
typeclass inference of Field took 0.00117ms
typeclass inference of Field took 0.0013ms
typeclass inference of Field took 0.00104ms
typeclass inference of Field took 0.00171ms
typeclass inference of Field took 0.00135ms
typeclass inference of Field took 0.00116ms
typeclass inference of Field took 0.00104ms
typeclass inference of Field took 0.00152ms
typeclass inference of Field took 0.00105ms
typeclass inference of Field took 0.00117ms
typeclass inference of Semiring took 0.00552ms
typeclass inference of CharZero took 19.7ms
norm_num took 0.0409ms
typeclass inference of AddMonoidWithOne took 0.748ms
norm_num took 0.671ms
norm_num took 0.0107ms
typeclass inference of AddMonoidWithOne took 0.00824ms
norm_num took 0.438ms
norm_num took 0.0112ms
norm_num took 0.00691ms
norm_num took 0.00612ms
norm_num took 0.00318ms
typeclass inference of AddMonoidWithOne took 0.00451ms
norm_num took 0.143ms
norm_num took 0.00531ms
norm_num took 0.00363ms
typeclass inference of AddMonoidWithOne took 0.00718ms
norm_num took 0.267ms
ring took 3.46ms
tactic execution of Mathlib.Tactic.LinearCombination.linearCombination took 1.3ms
tactic execution of Lean.Parser.Tactic.tacticSeq1Indented took 0.00725ms
tactic execution of Lean.Parser.Tactic.tacticSeq took 0.00475ms
tactic execution of Lean.Parser.Tactic.paren took 0.00593ms
tactic execution of Lean.Parser.Tactic.withAnnotateState took 0.00818ms
tactic execution of Lean.Parser.Tactic.tacticSeq1Indented took 0.00575ms
tactic execution of Lean.Parser.Tactic.tacticSeq took 0.00519ms
tactic execution of Lean.Parser.Tactic.case took 0.0947ms
tactic execution of Lean.Parser.Tactic.tacticSeq1Indented took 0.0236ms
tactic execution of Lean.Parser.Tactic.tacticSeq took 0.0055ms
tactic execution of Lean.Parser.Tactic.focus took 0.009ms
tactic execution of Lean.Parser.Tactic.tacticHave__ took 0.0255ms
typeclass inference of OfNat took 0.144ms
typeclass inference of OfNat took 0.0586ms
typeclass inference of OfNat took 0.0571ms
typeclass inference of HPow took 0.363ms
typeclass inference of LT took 0.034ms
typeclass inference of OfNat took 0.0434ms
typeclass inference of Preorder took 0.182ms
typeclass inference of Preorder took 0.032ms
typeclass inference of Preorder took 0.0308ms
typeclass inference of AddMonoidWithOne took 0.0407ms
norm_num took 0.131ms
typeclass inference of AddMonoidWithOne took 0.00496ms
norm_num took 0.0513ms
typeclass inference of LT took 0.0307ms
typeclass inference of Semiring took 0.034ms
typeclass inference of PartialOrder took 0.0337ms
typeclass inference of CommSemiring took 0.0322ms
typeclass inference of IsOrderedRing took 0.941ms
typeclass inference of CharZero took 0.0415ms
norm_num took 0.378ms
tactic execution of Mathlib.Tactic.normNum took 0.434ms
tactic execution of Lean.Parser.Tactic.tacticSeq1Indented took 0.00705ms
tactic execution of Lean.Parser.Tactic.tacticSeq took 0.00854ms
tactic execution of Lean.Parser.Tactic.refine took 3.44ms
tactic execution of Lean.Parser.Tactic.rotateRight took 0.00663ms
tactic execution of Lean.Parser.Tactic.tacticSeq1Indented took 0.0103ms
tactic execution of Lean.Parser.Tactic.tacticSeq took 0.00351ms
tactic execution of Lean.Parser.Tactic.paren took 0.00345ms
tactic execution of Lean.Parser.Tactic.tacticSeq1Indented took 0.00499ms
tactic execution of Lean.Parser.Tactic.tacticSeq took 0.00454ms
tactic execution of Lean.Parser.Tactic.focus took 0.00809ms
tactic execution of Lean.Parser.Tactic.tacticRefine_lift_ took 0.00932ms
tactic execution of Lean.Parser.Tactic.tacticHave__ took 0.799ms
typeclass inference of OfNat took 1.04ms
typeclass inference of CategoryTheory.CartesianMonoidalCategory took 0.0614ms
typeclass inference of CategoryTheory.CartesianMonoidalCategory took 0.00546ms
typeclass inference of HPow took 2.57ms
typeclass inference of OfNat took 0.161ms
typeclass inference of OfNat took 0.0681ms
typeclass inference of HPow took 0.37ms
typeclass inference of OfNat took 0.0578ms
tactic execution of Lean.Parser.Tactic.refine took 1.2ms
tactic execution of Lean.Parser.Tactic.rotateRight took 0.0103ms
tactic execution of Lean.Parser.Tactic.tacticSeq1Indented took 0.0275ms
tactic execution of Lean.Parser.Tactic.tacticSeq took 0.0174ms
tactic execution of Lean.Parser.Tactic.paren took 0.0174ms
tactic execution of Lean.Parser.Tactic.tacticSeq1Indented took 0.0197ms
tactic execution of Lean.Parser.Tactic.tacticSeq took 0.0165ms
tactic execution of Lean.Parser.Tactic.focus took 0.0188ms
tactic execution of Lean.Parser.Tactic.tacticRefine_lift_ took 0.0156ms
tactic execution of Lean.Parser.Tactic.tacticHave__ took 0.0502ms
typeclass inference of OfNat took 0.139ms
typeclass inference of OfNat took 0.105ms
typeclass inference of OfNat took 0.0585ms
typeclass inference of HMul took 0.212ms
typeclass inference of HPow took 0.0434ms
typeclass inference of HMul took 0.16ms
typeclass inference of LT took 0.0371ms
typeclass inference of OfNat took 0.00409ms
tactic execution of Lean.Parser.Tactic.refine took 0.742ms
typeclass inference of OfNat took 0.106ms
typeclass inference of OfNat took 0.0603ms
typeclass inference of OfNat took 0.0521ms
typeclass inference of OfNat took 0.053ms
typeclass inference of OfNat took 0.0412ms
typeclass inference of OfNat took 0.034ms
typeclass inference of OfNat took 0.0325ms
typeclass inference of HMul took 0.00402ms
typeclass inference of HMul took 0.00282ms
typeclass inference of HPow took 0.04ms
typeclass inference of HMul took 0.0345ms
typeclass inference of HPow took 0.0406ms
typeclass inference of HPow took 0.0308ms
typeclass inference of HMul took 0.0304ms
typeclass inference of LT took 0.00399ms
typeclass inference of OfNat took 0.00303ms
typeclass inference of OfNat took 0.00194ms
typeclass inference of OfNat took 0.00202ms
typeclass inference of OfNat took 0.0707ms
typeclass inference of OfNat took 0.0556ms
typeclass inference of HAdd took 0.199ms
typeclass inference of HAdd took 0.155ms
typeclass inference of OfNat took 0.0471ms
typeclass inference of HPow took 0.0365ms
typeclass inference of OfNat took 0.00343ms
typeclass inference of Trans took 0.337ms
typeclass inference of LT took 0.00426ms
typeclass inference of Trans took 0.203ms
typeclass inference of LE took 0.296ms
typeclass inference of LE took 0.0921ms
typeclass inference of Zero took 0.142ms
typeclass inference of PartialOrder took 0.0578ms
typeclass inference of Ring took 1.21ms
typeclass inference of AddMonoidWithOne took 0.0621ms
norm_num took 0.356ms
typeclass inference of Semiring took 0.049ms
typeclass inference of PartialOrder took 0.00633ms
typeclass inference of CommSemiring took 0.0452ms
typeclass inference of IsOrderedRing took 1.11ms
typeclass inference of Nontrivial took 0.0507ms
typeclass inference of Semiring took 0.00332ms
typeclass inference of IsStrictOrderedRing took 0.0324ms
tactic execution of Mathlib.Tactic.Positivity.positivity took 1.75ms
tactic execution of Lean.Parser.Tactic.tacticSeq1Indented took 0.0137ms
tactic execution of Lean.Parser.Tactic.tacticSeq took 0.0169ms
typeclass inference of Monoid took 0.343ms
typeclass inference of Monoid took 0.131ms
typeclass inference of Monoid took 0.0993ms
typeclass inference of Monoid took 0.0311ms
tactic execution of Lean.Parser.Tactic.rewriteSeq took 0.84ms
tactic execution of Lean.Parser.Tactic.exact took 0.182ms
tactic execution of Lean.Parser.Tactic.exact took 0.103ms
tactic execution of Lean.Parser.Tactic.eqRefl took 0.233ms
tactic execution of Lean.Parser.Tactic.tacticRfl took 0.0774ms
tactic execution of Lean.Parser.Tactic.tacticSeq1Indented took 0.0295ms
tactic execution of Lean.Parser.Tactic.tacticSeq took 0.0184ms
tactic execution of Lean.Parser.Tactic.withReducible took 0.00915ms
tactic execution of Lean.Parser.Tactic.tacticSeq1Indented took 0.0101ms
tactic execution of Lean.Parser.Tactic.tacticSeq took 0.00923ms
tactic execution of Lean.Parser.Tactic.paren took 0.00763ms
tactic execution of Lean.Parser.Tactic.tacticSeq1Indented took 0.0126ms
tactic execution of Lean.Parser.Tactic.tacticSeq took 0.0137ms
tactic execution of Lean.Parser.Tactic.first took 0.0105ms
tactic execution of Lean.Parser.Tactic.tacticTry_ took 0.0154ms
tactic execution of Lean.Parser.Tactic.tacticSeq1Indented took 0.00719ms
tactic execution of Lean.Parser.Tactic.tacticSeq took 0.00549ms
tactic execution of Lean.Parser.Tactic.paren took 0.00484ms
tactic execution of Lean.Parser.Tactic.withAnnotateState took 0.0394ms
tactic execution of Lean.Parser.Tactic.tacticSeq1Indented took 0.0157ms
tactic execution of Lean.Parser.Tactic.tacticSeq took 0.00596ms
tactic execution of Lean.Parser.Tactic.paren took 0.00567ms
tactic execution of Lean.Parser.Tactic.rwSeq took 0.0164ms
tactic execution of Lean.Parser.Tactic.tacticSeq1Indented took 0.0104ms
tactic execution of Lean.Parser.Tactic.tacticSeq took 0.0233ms
tactic execution of Lean.calcTactic took 4.88ms
tactic execution of Lean.Parser.Tactic.tacticSeq1Indented took 0.0123ms
tactic execution of Lean.Parser.Tactic.tacticSeq took 0.00749ms
tactic execution of Lean.Parser.Tactic.paren took 0.00662ms
tactic execution of Lean.Parser.Tactic.withAnnotateState took 0.0103ms
tactic execution of Lean.Parser.Tactic.tacticSeq1Indented took 0.00958ms
tactic execution of Lean.Parser.Tactic.tacticSeq took 0.0084ms
tactic execution of Lean.Parser.Tactic.case took 0.0742ms
tactic execution of Lean.Parser.Tactic.tacticSeq1Indented took 0.0182ms
tactic execution of Lean.Parser.Tactic.tacticSeq took 0.0099ms
tactic execution of Lean.Parser.Tactic.focus took 0.0243ms
tactic execution of Lean.Parser.Tactic.tacticHave__ took 0.349ms
typeclass inference of OfNat took 1.23ms
typeclass inference of HMul took 1.07ms
typeclass inference of CategoryTheory.CartesianMonoidalCategory took 0.0588ms
typeclass inference of CategoryTheory.CartesianMonoidalCategory took 0.00506ms
typeclass inference of HPow took 2.12ms
typeclass inference of HMul took 0.898ms
typeclass inference of OfNat took 0.145ms
typeclass inference of OfNat took 0.0594ms
typeclass inference of HMul took 0.146ms
typeclass inference of HPow took 0.309ms
typeclass inference of HMul took 0.152ms
typeclass inference of OfNat took 0.0423ms
tactic execution of Lean.Parser.Tactic.refine took 1.29ms
tactic execution of Lean.Parser.Tactic.rewriteSeq took 0.155ms
tactic execution of Lean.Parser.Tactic.exact took 0.126ms
tactic execution of Lean.Parser.Tactic.exact took 0.09ms
tactic execution of Lean.Parser.Tactic.eqRefl took 0.0114ms
tactic execution of Lean.Parser.Tactic.applyRfl took 0.0251ms
tactic execution of Lean.Parser.Tactic.tacticRfl took 0.0517ms
tactic execution of Lean.Parser.Tactic.tacticSeq1Indented took 0.0113ms
tactic execution of Lean.Parser.Tactic.tacticSeq took 0.00511ms
tactic execution of Lean.Parser.Tactic.withReducible took 0.00737ms
tactic execution of Lean.Parser.Tactic.tacticSeq1Indented took 0.00483ms
tactic execution of Lean.Parser.Tactic.tacticSeq took 0.00413ms
tactic execution of Lean.Parser.Tactic.paren took 0.00421ms
tactic execution of Lean.Parser.Tactic.tacticSeq1Indented took 0.00466ms
tactic execution of Lean.Parser.Tactic.tacticSeq took 0.00459ms
tactic execution of Lean.Parser.Tactic.skip took 0.00303ms
tactic execution of Lean.Parser.Tactic.tacticSeq1Indented took 0.00337ms
tactic execution of Lean.Parser.Tactic.tacticSeq took 0.00345ms
tactic execution of Lean.Parser.Tactic.first took 0.00936ms
tactic execution of Lean.Parser.Tactic.tacticTry_ took 0.00932ms
tactic execution of Lean.Parser.Tactic.tacticSeq1Indented took 0.00447ms
tactic execution of Lean.Parser.Tactic.tacticSeq took 0.00298ms
tactic execution of Lean.Parser.Tactic.paren took 0.0229ms
tactic execution of Lean.Parser.Tactic.withAnnotateState took 0.0118ms
tactic execution of Lean.Parser.Tactic.tacticSeq1Indented took 0.014ms
tactic execution of Lean.Parser.Tactic.tacticSeq took 0.00417ms
tactic execution of Lean.Parser.Tactic.paren took 0.00526ms
tactic execution of Lean.Parser.Tactic.rwSeq took 0.0108ms
tactic execution of Lean.Parser.Tactic.exact took 0.0409ms
tactic execution of Lean.Parser.Tactic.tacticSeq1Indented took 0.0101ms
tactic execution of Lean.Parser.Tactic.tacticSeq took 0.0106ms
tactic execution of Lean.Parser.Tactic.rewriteSeq took 1.7ms
tactic execution of Lean.Parser.Tactic.exact took 0.0857ms
tactic execution of Lean.Parser.Tactic.exact took 0.0797ms
tactic execution of Lean.Parser.Tactic.eqRefl took 0.0096ms
tactic execution of Lean.Parser.Tactic.tacticRfl took 0.035ms
tactic execution of Lean.Parser.Tactic.tacticSeq1Indented took 0.00335ms
tactic execution of Lean.Parser.Tactic.tacticSeq took 0.00269ms
tactic execution of Lean.Parser.Tactic.withReducible took 0.00293ms
tactic execution of Lean.Parser.Tactic.tacticSeq1Indented took 0.00279ms
tactic execution of Lean.Parser.Tactic.tacticSeq took 0.00244ms
tactic execution of Lean.Parser.Tactic.paren took 0.00242ms
tactic execution of Lean.Parser.Tactic.tacticSeq1Indented took 0.00333ms
tactic execution of Lean.Parser.Tactic.tacticSeq took 0.0023ms
tactic execution of Lean.Parser.Tactic.first took 0.00348ms
tactic execution of Lean.Parser.Tactic.tacticTry_ took 0.00491ms
tactic execution of Lean.Parser.Tactic.tacticSeq1Indented took 0.00317ms
tactic execution of Lean.Parser.Tactic.tacticSeq took 0.00285ms
tactic execution of Lean.Parser.Tactic.paren took 0.00263ms
tactic execution of Lean.Parser.Tactic.withAnnotateState took 0.0118ms
tactic execution of Lean.Parser.Tactic.tacticSeq1Indented took 0.00997ms
tactic execution of Lean.Parser.Tactic.tacticSeq took 0.00359ms
tactic execution of Lean.Parser.Tactic.paren took 0.00307ms
tactic execution of Lean.Parser.Tactic.rwSeq took 0.014ms
tactic execution of Lean.Parser.Tactic.tacticSeq1Indented took 0.00357ms
tactic execution of Lean.Parser.Tactic.tacticSeq took 0.00271ms
tactic execution of Lean.Parser.Tactic.paren took 0.00337ms
tactic execution of Lean.Parser.Tactic.withAnnotateState took 0.00569ms
tactic execution of Lean.Parser.Tactic.tacticSeq1Indented took 0.00437ms
tactic execution of Lean.Parser.Tactic.tacticSeq took 0.00431ms
tactic execution of Lean.Parser.Tactic.case took 0.114ms
tactic execution of Lean.Parser.Tactic.tacticSeq1Indented took 0.0166ms
tactic execution of Lean.Parser.Tactic.tacticSeq took 0.00478ms
tactic execution of Lean.Parser.Tactic.focus took 0.00924ms
tactic execution of Lean.Parser.Tactic.tacticHave__ took 0.0338ms
typeclass inference of OfNat took 0.08ms
typeclass inference of OfNat took 0.0528ms
typeclass inference of OfNat took 0.0426ms
typeclass inference of HAdd took 0.137ms
typeclass inference of HMul took 0.144ms
typeclass inference of HPow took 0.315ms
typeclass inference of HMul took 0.154ms
typeclass inference of HAdd took 0.134ms
typeclass inference of LT took 0.0248ms
typeclass inference of OfNat took 0.0391ms
tactic execution of Lean.Parser.Tactic.refine took 0.716ms
typeclass inference of OfNat took 0.0744ms
typeclass inference of OfNat took 0.0674ms
typeclass inference of OfNat took 0.045ms
typeclass inference of OfNat took 0.0424ms
typeclass inference of OfNat took 0.0468ms
typeclass inference of OfNat took 0.0488ms
typeclass inference of OfNat took 0.0396ms
typeclass inference of OfNat took 0.0322ms
typeclass inference of OfNat took 0.0306ms
typeclass inference of OfNat took 0.0296ms
typeclass inference of HAdd took 0.00382ms
typeclass inference of HMul took 0.00262ms
typeclass inference of HMul took 0.00233ms
typeclass inference of HPow took 0.0347ms
typeclass inference of HMul took 0.0364ms
typeclass inference of HPow took 0.0328ms
typeclass inference of HAdd took 0.0265ms
typeclass inference of HPow took 0.0261ms
typeclass inference of HPow took 0.0286ms
typeclass inference of HMul took 0.0259ms
typeclass inference of LE took 0.0286ms
typeclass inference of OfNat took 0.00313ms
typeclass inference of OfNat took 0.00202ms
typeclass inference of OfNat took 0.00178ms
typeclass inference of OfNat took 0.00167ms
tactic execution of Lean.Parser.Tactic.refine took 1.08ms
typeclass inference of OfNat took 0.0691ms
typeclass inference of OfNat took 0.0661ms
typeclass inference of OfNat took 0.0558ms
typeclass inference of OfNat took 0.05ms
typeclass inference of OfNat took 0.0576ms
typeclass inference of HAdd took 0.00415ms
typeclass inference of HAdd took 0.0363ms
typeclass inference of HPow took 0.0341ms
typeclass inference of LE took 0.0026ms
typeclass inference of OfNat took 0.0415ms
typeclass inference of OfNat took 0.00277ms
tactic execution of Lean.Parser.Tactic.refine took 0.712ms
tactic execution of Lean.Parser.Tactic.rotateRight took 0.00558ms
tactic execution of Lean.Parser.Tactic.tacticSeq1Indented took 0.0125ms
tactic execution of Lean.Parser.Tactic.tacticSeq took 0.00376ms
tactic execution of Lean.Parser.Tactic.paren took 0.00366ms
tactic execution of Lean.Parser.Tactic.tacticSeq1Indented took 0.00446ms
tactic execution of Lean.Parser.Tactic.tacticSeq took 0.00336ms
tactic execution of Lean.Parser.Tactic.focus took 0.00499ms
tactic execution of Lean.Parser.Tactic.tacticRefine_lift_ took 0.00473ms
tactic execution of Lean.Parser.Tactic.tacticHave__ took 0.0119ms
typeclass inference of OfNat took 0.0872ms
typeclass inference of OfNat took 0.068ms
typeclass inference of OfNat took 0.045ms
typeclass inference of OfNat took 0.0342ms
typeclass inference of OfNat took 0.0509ms
typeclass inference of OfNat took 0.0608ms
typeclass inference of OfNat took 0.0419ms
typeclass inference of OfNat took 0.0333ms
typeclass inference of OfNat took 0.0315ms
typeclass inference of OfNat took 0.0324ms
typeclass inference of HAdd took 0.00394ms
typeclass inference of HMul took 0.00413ms
typeclass inference of HMul took 0.00231ms
typeclass inference of HAdd took 0.00208ms
typeclass inference of HPow took 0.042ms
typeclass inference of HMul took 0.036ms
typeclass inference of HPow took 0.0311ms
typeclass inference of HAdd took 0.0302ms
typeclass inference of HPow took 0.0358ms
typeclass inference of HAdd took 0.036ms
typeclass inference of HMul took 0.0265ms
typeclass inference of OfNat took 0.00332ms
typeclass inference of OfNat took 0.00222ms
typeclass inference of OfNat took 0.00173ms
typeclass inference of OfNat took 0.002ms
typeclass inference of OfNat took 0.0744ms
typeclass inference of OfNat took 0.0591ms
typeclass inference of OfNat took 0.0425ms
typeclass inference of OfNat took 0.0345ms
typeclass inference of HMul took 0.00471ms
typeclass inference of HPow took 0.0364ms
typeclass inference of HPow took 0.0379ms
typeclass inference of HMul took 0.0332ms
typeclass inference of LE took 0.00288ms
typeclass inference of OfNat took 0.00295ms
typeclass inference of OfNat took 0.00183ms
typeclass inference of Trans took 0.262ms
typeclass inference of CommSemiring took 0.074ms
typeclass inference of CommRing took 0.742ms
typeclass inference of Semifield took 0.345ms
typeclass inference of CharZero took 1.26ms
typeclass inference of AddMonoidWithOne took 0.0359ms
norm_num took 0.275ms
norm_num took 0.0269ms
norm_num took 0.00837ms
typeclass inference of AddMonoidWithOne took 0.00435ms
norm_num took 0.149ms
norm_num took 0.00521ms
typeclass inference of AddMonoidWithOne took 0.00454ms
norm_num took 0.113ms
norm_num took 0.00674ms
norm_num took 0.00546ms
typeclass inference of AddMonoidWithOne took 0.00377ms
norm_num took 0.0932ms
ring took 2.17ms
tactic execution of Mathlib.Tactic.Ring.ring1 took 0.762ms
tactic execution of Lean.Parser.Tactic.tacticSeq1Indented took 0.0102ms
tactic execution of Lean.Parser.Tactic.tacticSeq took 0.00472ms
tactic execution of Lean.Parser.Tactic.first took 0.0107ms
tactic execution of Mathlib.Tactic.RingNF.ring took 0.222ms
tactic execution of Lean.Parser.Tactic.tacticSeq1Indented took 0.00746ms
tactic execution of Lean.Parser.Tactic.tacticSeq took 0.0144ms
tactic execution of Lean.calcTactic took 3.79ms
tactic execution of Lean.Parser.Tactic.tacticSeq1Indented took 0.0109ms
tactic execution of Lean.Parser.Tactic.tacticSeq took 0.00412ms
tactic execution of Lean.Parser.Tactic.paren took 0.00365ms
tactic execution of Lean.Parser.Tactic.withAnnotateState took 0.0057ms
tactic execution of Lean.Parser.Tactic.tacticSeq1Indented took 0.0054ms
tactic execution of Lean.Parser.Tactic.tacticSeq took 0.0052ms
tactic execution of Lean.Parser.Tactic.case took 0.0502ms
tactic execution of Lean.Parser.Tactic.tacticSeq1Indented took 0.0121ms
tactic execution of Lean.Parser.Tactic.tacticSeq took 0.0051ms
tactic execution of Lean.Parser.Tactic.focus took 0.00589ms
tactic execution of Lean.Parser.Tactic.tacticHave__ took 0.0151ms
typeclass inference of OfNat took 0.102ms
typeclass inference of OfNat took 0.0558ms
typeclass inference of OfNat took 0.0434ms
typeclass inference of OfNat took 0.0358ms
typeclass inference of OfNat took 0.0481ms
typeclass inference of OfNat took 0.0485ms
typeclass inference of OfNat took 0.0345ms
typeclass inference of OfNat took 0.0334ms
typeclass inference of HAdd took 0.152ms
typeclass inference of HAdd took 0.14ms
typeclass inference of OfNat took 0.0482ms
typeclass inference of OfNat took 0.0385ms
typeclass inference of OfNat took 0.033ms
typeclass inference of HPow took 0.0667ms
typeclass inference of HPow took 0.056ms
typeclass inference of HMul took 0.0763ms
typeclass inference of HPow took 0.0596ms
typeclass inference of OfNat took 0.0529ms
typeclass inference of OfNat took 0.0401ms
typeclass inference of OfNat took 0.0463ms
typeclass inference of HPow took 0.0557ms
typeclass inference of HPow took 0.0443ms
typeclass inference of HMul took 0.0505ms
typeclass inference of HPow took 0.0444ms
typeclass inference of OfNat took 0.0408ms
typeclass inference of OfNat took 0.0314ms
typeclass inference of OfNat took 0.0296ms
typeclass inference of HPow took 0.0429ms
typeclass inference of HPow took 0.0412ms
typeclass inference of HMul took 0.0454ms
typeclass inference of HPow took 0.0419ms
typeclass inference of OfNat took 0.0374ms
typeclass inference of OfNat took 0.0306ms
typeclass inference of OfNat took 0.0294ms
typeclass inference of HPow took 0.0402ms
typeclass inference of HPow took 0.0396ms
typeclass inference of HMul took 0.0438ms
typeclass inference of HPow took 0.0421ms
typeclass inference of Pow took 0.276ms
typeclass inference of NPow took 0.272ms
typeclass inference of HomogeneousPow took 0.0146ms
typeclass inference of NatPow took 0.0331ms
typeclass inference of Pow took 0.179ms
typeclass inference of NPow took 0.22ms
typeclass inference of HomogeneousPow took 0.00226ms
typeclass inference of NatPow took 0.0297ms
typeclass inference of Mul took 0.394ms
typeclass inference of Pow took 0.262ms
typeclass inference of NPow took 0.223ms
typeclass inference of HomogeneousPow took 0.00228ms
typeclass inference of NatPow took 0.0318ms
typeclass inference of OfNat took 0.0646ms
typeclass inference of OfNat took 0.0347ms
typeclass inference of HPow took 0.291ms
typeclass inference of HPow took 0.0767ms
typeclass inference of HMul took 0.0635ms
typeclass inference of HPow took 0.0497ms
typeclass inference of OfNat took 0.0554ms
typeclass inference of OfNat took 0.0399ms
typeclass inference of HPow took 0.0479ms
typeclass inference of HMul took 0.0571ms
typeclass inference of HPow took 0.0544ms
typeclass inference of OfNat took 0.0449ms
typeclass inference of OfNat took 0.0342ms
typeclass inference of HPow took 0.0487ms
typeclass inference of HMul took 0.0571ms
typeclass inference of HPow took 0.052ms
typeclass inference of Pow took 0.194ms
typeclass inference of NPow took 0.248ms
typeclass inference of HomogeneousPow took 0.00234ms
typeclass inference of NatPow took 0.0302ms
typeclass inference of Mul took 0.0382ms
typeclass inference of OfNat took 0.059ms
typeclass inference of OfNat took 0.0369ms
typeclass inference of HPow took 0.0555ms
typeclass inference of HPow took 0.0503ms
typeclass inference of OfNat took 0.0393ms
typeclass inference of OfNat took 0.0332ms
typeclass inference of HPow took 0.0444ms
typeclass inference of HPow took 0.0453ms
typeclass inference of Pow took 0.146ms
typeclass inference of OfNat took 0.0493ms
typeclass inference of OfNat took 0.0464ms
typeclass inference of HPow took 0.0611ms
typeclass inference of OfNat took 0.0387ms
typeclass inference of HPow took 0.0445ms
typeclass inference of OfNat took 0.0386ms
typeclass inference of HPow took 0.0452ms
typeclass inference of Pow took 0.00832ms
typeclass inference of OfNat took 0.0032ms
tactic execution of Lean.Parser.Tactic.refine took 2.24ms
typeclass inference of Monoid took 0.251ms
typeclass inference of Monoid took 0.134ms
typeclass inference of Monoid took 0.043ms
typeclass inference of Monoid took 0.0318ms
tactic execution of Lean.Parser.Tactic.rewriteSeq took 0.638ms
tactic execution of Lean.Parser.Tactic.exact took 0.147ms
tactic execution of Lean.Parser.Tactic.exact took 0.098ms
tactic execution of Lean.Parser.Tactic.eqRefl took 0.176ms
tactic execution of Lean.Parser.Tactic.tacticRfl took 0.0586ms
tactic execution of Lean.Parser.Tactic.tacticSeq1Indented took 0.0124ms
tactic execution of Lean.Parser.Tactic.tacticSeq took 0.00505ms
tactic execution of Lean.Parser.Tactic.withReducible took 0.00743ms
tactic execution of Lean.Parser.Tactic.tacticSeq1Indented took 0.00538ms
tactic execution of Lean.Parser.Tactic.tacticSeq took 0.00498ms
tactic execution of Lean.Parser.Tactic.paren took 0.00342ms
tactic execution of Lean.Parser.Tactic.tacticSeq1Indented took 0.00485ms
tactic execution of Lean.Parser.Tactic.tacticSeq took 0.00433ms
tactic execution of Lean.Parser.Tactic.first took 0.00733ms
tactic execution of Lean.Parser.Tactic.tacticTry_ took 0.0112ms
tactic execution of Lean.Parser.Tactic.tacticSeq1Indented took 0.00468ms
tactic execution of Lean.Parser.Tactic.tacticSeq took 0.00421ms
tactic execution of Lean.Parser.Tactic.paren took 0.0042ms
tactic execution of Lean.Parser.Tactic.withAnnotateState took 0.0322ms
tactic execution of Lean.Parser.Tactic.tacticSeq1Indented took 0.0165ms
tactic execution of Lean.Parser.Tactic.tacticSeq took 0.00422ms
tactic execution of Lean.Parser.Tactic.paren took 0.00515ms
tactic execution of Lean.Parser.Tactic.rwSeq took 0.0179ms
tactic execution of Lean.Parser.Tactic.tacticSeq1Indented took 0.0082ms
tactic execution of Lean.Parser.Tactic.tacticSeq took 0.00744ms
tactic execution of Lean.Parser.Tactic.paren took 0.00621ms
tactic execution of Lean.Parser.Tactic.withAnnotateState took 0.00879ms
tactic execution of Lean.Parser.Tactic.tacticSeq1Indented took 0.00582ms
tactic execution of Lean.Parser.Tactic.tacticSeq took 0.00478ms
tactic execution of Lean.Parser.Tactic.case took 0.129ms
tactic execution of Lean.Parser.Tactic.tacticSeq1Indented took 0.0218ms
tactic execution of Lean.Parser.Tactic.tacticSeq took 0.00496ms
tactic execution of Lean.Parser.Tactic.focus took 0.00774ms
tactic execution of Lean.Parser.Tactic.tacticHave__ took 0.0326ms
typeclass inference of Decidable took 0.303ms
typeclass inference of LE took 0.0465ms
typeclass inference of LE took 0.00709ms
typeclass inference of LE took 0.00485ms
typeclass inference of LE took 0.0067ms
typeclass inference of Decidable took 0.15ms
typeclass inference of Decidable took 0.00368ms
instantiate metavars took 0.0012ms
tactic execution of Lean.Parser.Tactic.omega took 8.04ms
tactic execution of Lean.Parser.Tactic.tacticSeq1Indented took 0.0234ms
tactic execution of Lean.Parser.Tactic.tacticSeq took 0.0057ms
tactic execution of Lean.Parser.Tactic.paren took 0.00489ms
tactic execution of Lean.Parser.Tactic.withAnnotateState took 0.00701ms
tactic execution of Lean.Parser.Tactic.tacticSeq1Indented took 0.005ms
tactic execution of Lean.Parser.Tactic.tacticSeq took 0.00464ms
tactic execution of Lean.Parser.Tactic.case took 0.0652ms
tactic execution of Lean.Parser.Tactic.tacticSeq1Indented took 0.0126ms
tactic execution of Lean.Parser.Tactic.tacticSeq took 0.00357ms
tactic execution of Lean.Parser.Tactic.focus took 0.00767ms
tactic execution of Lean.Parser.Tactic.tacticHave__ took 0.0326ms
typeclass inference of OfNat took 1.27ms
typeclass inference of HAdd took 1.66ms
typeclass inference of HMul took 1.39ms
typeclass inference of CategoryTheory.CartesianMonoidalCategory took 0.0617ms
typeclass inference of CategoryTheory.CartesianMonoidalCategory took 0.00738ms
typeclass inference of HPow took 2.54ms
typeclass inference of HMul took 1.01ms
typeclass inference of HAdd took 0.951ms
typeclass inference of OfNat took 0.134ms
typeclass inference of OfNat took 0.0626ms
typeclass inference of HAdd took 0.146ms
typeclass inference of HMul took 0.14ms
typeclass inference of HPow took 0.299ms
typeclass inference of HMul took 0.155ms
typeclass inference of HAdd took 0.145ms
typeclass inference of OfNat took 0.0451ms
tactic execution of Lean.Parser.Tactic.refine took 1.74ms
tactic execution of Lean.Parser.Tactic.rewriteSeq took 0.356ms
tactic execution of Lean.Parser.Tactic.exact took 0.158ms
tactic execution of Lean.Parser.Tactic.exact took 0.107ms
tactic execution of Lean.Parser.Tactic.eqRefl took 0.011ms
tactic execution of Lean.Parser.Tactic.applyRfl took 0.0375ms
tactic execution of Lean.Parser.Tactic.tacticRfl took 0.0564ms
tactic execution of Lean.Parser.Tactic.tacticSeq1Indented took 0.00815ms
tactic execution of Lean.Parser.Tactic.tacticSeq took 0.00622ms
tactic execution of Lean.Parser.Tactic.withReducible took 0.00868ms
tactic execution of Lean.Parser.Tactic.tacticSeq1Indented took 0.00584ms
tactic execution of Lean.Parser.Tactic.tacticSeq took 0.00477ms
tactic execution of Lean.Parser.Tactic.paren took 0.00551ms
tactic execution of Lean.Parser.Tactic.tacticSeq1Indented took 0.00608ms
tactic execution of Lean.Parser.Tactic.tacticSeq took 0.0053ms
tactic execution of Lean.Parser.Tactic.skip took 0.00419ms
tactic execution of Lean.Parser.Tactic.tacticSeq1Indented took 0.00454ms
tactic execution of Lean.Parser.Tactic.tacticSeq took 0.00454ms
tactic execution of Lean.Parser.Tactic.first took 0.0107ms
tactic execution of Lean.Parser.Tactic.tacticTry_ took 0.0109ms
tactic execution of Lean.Parser.Tactic.tacticSeq1Indented took 0.00575ms
tactic execution of Lean.Parser.Tactic.tacticSeq took 0.00471ms
tactic execution of Lean.Parser.Tactic.paren took 0.00539ms
tactic execution of Lean.Parser.Tactic.withAnnotateState took 0.0194ms
tactic execution of Lean.Parser.Tactic.tacticSeq1Indented took 0.0277ms
tactic execution of Lean.Parser.Tactic.tacticSeq took 0.00478ms
tactic execution of Lean.Parser.Tactic.paren took 0.00564ms
tactic execution of Lean.Parser.Tactic.rwSeq took 0.0205ms
tactic execution of Lean.Parser.Tactic.exact took 0.0599ms
tactic execution of Lean.Parser.Tactic.tacticSeq1Indented took 0.0158ms
tactic execution of Lean.Parser.Tactic.tacticSeq took 0.028ms
tactic execution of Lean.Parser.Tactic.rewriteSeq took 20.8ms
tactic execution of Lean.Parser.Tactic.exact took 0.0999ms
tactic execution of Lean.Parser.Tactic.exact took 0.0867ms
tactic execution of Lean.Parser.Tactic.eqRefl took 0.0134ms
tactic execution of Lean.Parser.Tactic.tacticRfl took 0.0372ms
tactic execution of Lean.Parser.Tactic.tacticSeq1Indented took 0.00462ms
tactic execution of Lean.Parser.Tactic.tacticSeq took 0.00975ms
tactic execution of Lean.Parser.Tactic.withReducible took 0.0047ms
tactic execution of Lean.Parser.Tactic.tacticSeq1Indented took 0.00393ms
tactic execution of Lean.Parser.Tactic.tacticSeq took 0.00308ms
tactic execution of Lean.Parser.Tactic.paren took 0.00315ms
tactic execution of Lean.Parser.Tactic.tacticSeq1Indented took 0.00419ms
tactic execution of Lean.Parser.Tactic.tacticSeq took 0.00313ms
tactic execution of Lean.Parser.Tactic.first took 0.00434ms
tactic execution of Lean.Parser.Tactic.tacticTry_ took 0.00681ms
tactic execution of Lean.Parser.Tactic.tacticSeq1Indented took 0.00467ms
tactic execution of Lean.Parser.Tactic.tacticSeq took 0.00356ms
tactic execution of Lean.Parser.Tactic.paren took 0.00435ms
tactic execution of Lean.Parser.Tactic.withAnnotateState took 0.0183ms
tactic execution of Lean.Parser.Tactic.tacticSeq1Indented took 0.0203ms
tactic execution of Lean.Parser.Tactic.tacticSeq took 0.00438ms
tactic execution of Lean.Parser.Tactic.paren took 0.00494ms
tactic execution of Lean.Parser.Tactic.rwSeq took 0.0158ms
tactic execution of Lean.Parser.Tactic.tacticSeq1Indented took 0.00566ms
tactic execution of Lean.Parser.Tactic.tacticSeq took 0.00411ms
tactic execution of Lean.Parser.Tactic.paren took 0.00485ms
tactic execution of Lean.Parser.Tactic.withAnnotateState took 0.00794ms
tactic execution of Lean.Parser.Tactic.tacticSeq1Indented took 0.00617ms
tactic execution of Lean.Parser.Tactic.tacticSeq took 0.00622ms
tactic execution of Lean.Parser.Tactic.case took 0.318ms
tactic execution of Lean.Parser.Tactic.tacticSeq1Indented took 0.019ms
tactic execution of Lean.Parser.Tactic.tacticSeq took 0.00663ms
tactic execution of Lean.Parser.Tactic.focus took 0.0112ms
tactic execution of Lean.Parser.Tactic.tacticHave__ took 0.0456ms
typeclass inference of HMul took 0.225ms
typeclass inference of HMul took 0.175ms
typeclass inference of LT took 0.0334ms
tactic execution of Lean.Parser.Tactic.refine took 0.645ms
typeclass inference of OfNat took 0.208ms
typeclass inference of OfNat took 0.0952ms
typeclass inference of HMul took 0.00673ms
typeclass inference of HMul took 0.00405ms
typeclass inference of HMul took 0.0392ms
typeclass inference of HPow took 0.413ms
typeclass inference of HMul took 0.0356ms
typeclass inference of LE took 0.0434ms
typeclass inference of OfNat took 0.0559ms
typeclass inference of OfNat took 0.0828ms
typeclass inference of OfNat took 0.0687ms
typeclass inference of OfNat took 0.0519ms
typeclass inference of OfNat took 0.0399ms
typeclass inference of HMul took 0.00399ms
typeclass inference of HPow took 0.0364ms
typeclass inference of HPow took 0.0333ms
typeclass inference of HMul took 0.0398ms
typeclass inference of LT took 0.00435ms
typeclass inference of OfNat took 0.00274ms
typeclass inference of OfNat took 0.00224ms
typeclass inference of Trans took 0.284ms
typeclass inference of OfNat took 0.0748ms
typeclass inference of OfNat took 0.0643ms
typeclass inference of HAdd took 0.178ms
typeclass inference of HAdd took 0.185ms
typeclass inference of OfNat took 0.0522ms
typeclass inference of HPow took 0.0427ms
typeclass inference of OfNat took 0.00353ms
typeclass inference of Trans took 0.255ms
typeclass inference of LT took 0.00431ms
typeclass inference of Trans took 0.181ms
typeclass inference of LE took 0.26ms
typeclass inference of LE took 0.0957ms
typeclass inference of Zero took 0.136ms
typeclass inference of PartialOrder took 0.0757ms
typeclass inference of Ring took 1.04ms
typeclass inference of AddMonoidWithOne took 0.0404ms
norm_num took 0.292ms
typeclass inference of Semiring took 0.0362ms
typeclass inference of PartialOrder took 0.00344ms
typeclass inference of CommSemiring took 0.0281ms
typeclass inference of IsOrderedRing took 0.964ms
typeclass inference of Nontrivial took 0.0499ms
typeclass inference of Semiring took 0.00729ms
typeclass inference of IsStrictOrderedRing took 0.0298ms
tactic execution of Mathlib.Tactic.Positivity.positivity took 1.21ms
tactic execution of Lean.Parser.Tactic.tacticSeq1Indented took 0.0107ms
tactic execution of Lean.Parser.Tactic.tacticSeq took 0.0185ms
typeclass inference of Monoid took 0.28ms
typeclass inference of Monoid took 0.136ms
typeclass inference of Monoid took 0.0568ms
typeclass inference of Monoid took 0.0315ms
tactic execution of Lean.Parser.Tactic.rewriteSeq took 0.644ms
tactic execution of Lean.Parser.Tactic.exact took 0.117ms
tactic execution of Lean.Parser.Tactic.exact took 0.101ms
tactic execution of Lean.Parser.Tactic.eqRefl took 0.143ms
tactic execution of Lean.Parser.Tactic.tacticRfl took 0.0507ms
tactic execution of Lean.Parser.Tactic.tacticSeq1Indented took 0.00614ms
tactic execution of Lean.Parser.Tactic.tacticSeq took 0.00544ms
tactic execution of Lean.Parser.Tactic.withReducible took 0.00808ms
tactic execution of Lean.Parser.Tactic.tacticSeq1Indented took 0.00562ms
tactic execution of Lean.Parser.Tactic.tacticSeq took 0.00463ms
tactic execution of Lean.Parser.Tactic.paren took 0.00428ms
tactic execution of Lean.Parser.Tactic.tacticSeq1Indented took 0.00394ms
tactic execution of Lean.Parser.Tactic.tacticSeq took 0.00379ms
tactic execution of Lean.Parser.Tactic.first took 0.00672ms
tactic execution of Lean.Parser.Tactic.tacticTry_ took 0.01ms
tactic execution of Lean.Parser.Tactic.tacticSeq1Indented took 0.0041ms
tactic execution of Lean.Parser.Tactic.tacticSeq took 0.00303ms
tactic execution of Lean.Parser.Tactic.paren took 0.00398ms
tactic execution of Lean.Parser.Tactic.withAnnotateState took 0.0243ms
tactic execution of Lean.Parser.Tactic.tacticSeq1Indented took 0.00958ms
tactic execution of Lean.Parser.Tactic.tacticSeq took 0.00273ms
tactic execution of Lean.Parser.Tactic.paren took 0.00409ms
tactic execution of Lean.Parser.Tactic.rwSeq took 0.0166ms
tactic execution of Lean.Parser.Tactic.tacticSeq1Indented took 0.00575ms
tactic execution of Lean.Parser.Tactic.tacticSeq took 0.0112ms
tactic execution of Lean.calcTactic took 8.93ms
tactic execution of Lean.Parser.Tactic.tacticSeq1Indented took 0.0156ms
tactic execution of Lean.Parser.Tactic.tacticSeq took 0.00415ms
tactic execution of Lean.Parser.Tactic.paren took 0.00759ms
tactic execution of Lean.Parser.Tactic.withAnnotateState took 0.0132ms
tactic execution of Lean.Parser.Tactic.tacticSeq1Indented took 0.00506ms
tactic execution of Lean.Parser.Tactic.tacticSeq took 0.0045ms
tactic execution of Lean.Parser.Tactic.case took 0.0652ms
tactic execution of Lean.Parser.Tactic.tacticSeq1Indented took 0.0188ms
tactic execution of Lean.Parser.Tactic.tacticSeq took 0.00446ms
tactic execution of Lean.Parser.Tactic.focus took 0.00713ms
tactic execution of Lean.Parser.Tactic.tacticHave__ took 0.0372ms
typeclass inference of HMul took 1.26ms
typeclass inference of HMul took 1.11ms
typeclass inference of HMul took 0.162ms
typeclass inference of HMul took 0.154ms
tactic execution of Lean.Parser.Tactic.refine took 1.13ms
tactic execution of Lean.Parser.Tactic.rotateRight took 0.00694ms
tactic execution of Lean.Parser.Tactic.tacticSeq1Indented took 0.016ms
tactic execution of Lean.Parser.Tactic.tacticSeq took 0.00427ms
tactic execution of Lean.Parser.Tactic.paren took 0.0036ms
tactic execution of Lean.Parser.Tactic.tacticSeq1Indented took 0.00452ms
tactic execution of Lean.Parser.Tactic.tacticSeq took 0.00388ms
tactic execution of Lean.Parser.Tactic.focus took 0.00633ms
tactic execution of Lean.Parser.Tactic.tacticRefine_lift_ took 0.00821ms
tactic execution of Lean.Parser.Tactic.tacticHave__ took 0.0195ms
tactic execution of Lean.Parser.Tactic.rewriteSeq took 0.787ms
tactic execution of Lean.Parser.Tactic.exact took 0.134ms
tactic execution of Lean.Parser.Tactic.exact took 0.107ms
tactic execution of Lean.Parser.Tactic.eqRefl took 0.0201ms
tactic execution of Lean.Parser.Tactic.tacticRfl took 0.0634ms
tactic execution of Lean.Parser.Tactic.tacticSeq1Indented took 0.00944ms
tactic execution of Lean.Parser.Tactic.tacticSeq took 0.00623ms
tactic execution of Lean.Parser.Tactic.withReducible took 0.0095ms
tactic execution of Lean.Parser.Tactic.tacticSeq1Indented took 0.0256ms
tactic execution of Lean.Parser.Tactic.tacticSeq took 0.00371ms
tactic execution of Lean.Parser.Tactic.paren took 0.00407ms
tactic execution of Lean.Parser.Tactic.tacticSeq1Indented took 0.00399ms
tactic execution of Lean.Parser.Tactic.tacticSeq took 0.00394ms
tactic execution of Lean.Parser.Tactic.first took 0.00604ms
tactic execution of Lean.Parser.Tactic.tacticTry_ took 0.00821ms
tactic execution of Lean.Parser.Tactic.tacticSeq1Indented took 0.00444ms
tactic execution of Lean.Parser.Tactic.tacticSeq took 0.00324ms
tactic execution of Lean.Parser.Tactic.paren took 0.00411ms
tactic execution of Lean.Parser.Tactic.withAnnotateState took 0.0234ms
tactic execution of Lean.Parser.Tactic.tacticSeq1Indented took 0.0123ms
tactic execution of Lean.Parser.Tactic.tacticSeq took 0.00495ms
tactic execution of Lean.Parser.Tactic.paren took 0.00426ms
tactic execution of Lean.Parser.Tactic.rwSeq took 0.0585ms
tactic execution of Lean.Parser.Tactic.tacticSeq1Indented took 0.0944ms
tactic execution of Lean.Parser.Tactic.tacticSeq took 0.0216ms
instantiate metavars took 0.55ms
instantiate metavars took 0.000922ms
instantiate metavars took 0.00016ms
instantiate metavars took 0.00012ms
instantiate metavars took 0.00011ms
share common exprs took 3.78ms
fix level params took 0.146ms
let-to-have transformation took 0.0107ms
attribute application took 0.0032ms
attribute application took 0.000611ms
process pre-definitions took 1.84ms
elaboration took 3ms
type checking took 44.7ms
type checking took 11.6ms
overlappingInstancesLinter took 0.31ms
tacticAnalysis took 5.97ms
linting took 18.9ms
attribute application took 0.00175ms
typeclass inference of OfNat took 0.118ms
typeclass inference of OfNat took 0.0378ms
typeclass inference of HSub took 0.876ms
typeclass inference of HMul took 0.864ms
typeclass inference of HMul took 0.801ms
typeclass inference of HSub took 0.697ms
typeclass inference of OfNat took 0.849ms
typeclass inference of OfNat took 0.0753ms
typeclass inference of OfNat took 0.0418ms
typeclass inference of OfNat took 0.0381ms
typeclass inference of OfNat took 0.0296ms
typeclass inference of OfNat took 0.0381ms
typeclass inference of OfNat took 0.0312ms
typeclass inference of OfNat took 0.0276ms
typeclass inference of OfNat took 0.0283ms
typeclass inference of HSub took 0.00427ms
typeclass inference of HSub took 0.00251ms
typeclass inference of HMul took 0.00213ms
typeclass inference of HSub took 0.0343ms
typeclass inference of HPow took 0.156ms
typeclass inference of HMul took 0.0713ms
typeclass inference of HSub took 0.0564ms
typeclass inference of OfNat took 0.932ms
typeclass inference of OfNat took 0.0562ms
typeclass inference of OfNat took 0.00397ms
typeclass inference of HPow took 0.117ms
typeclass inference of HMul took 0.0534ms
typeclass inference of HSub took 0.0447ms
typeclass inference of OfNat took 0.0399ms
typeclass inference of HPow took 0.103ms
typeclass inference of HMul took 0.0488ms
typeclass inference of HSub took 0.0442ms
typeclass inference of OfNat took 0.0539ms
typeclass inference of OfNat took 0.0485ms
typeclass inference of OfNat took 0.0359ms
typeclass inference of OfNat took 0.0293ms
typeclass inference of HPow took 0.125ms
typeclass inference of LE took 0.0308ms
typeclass inference of OfNat took 0.0352ms
typeclass inference of OfNat took 0.0453ms
typeclass inference of HPow took 0.122ms
typeclass inference of OfNat took 0.0664ms
typeclass inference of HPow took 0.139ms
typeclass inference of OfNat took 0.053ms
typeclass inference of OfNat took 0.0472ms
typeclass inference of OfNat took 0.034ms
typeclass inference of OfNat took 0.0296ms
typeclass inference of HPow took 0.13ms
typeclass inference of LT took 0.0272ms
typeclass inference of OfNat took 0.00322ms
typeclass inference of OfNat took 0.0471ms
typeclass inference of HPow took 0.13ms
typeclass inference of OfNat took 0.0367ms
typeclass inference of HPow took 0.107ms
typeclass inference of OfNat took 0.0546ms
typeclass inference of OfNat took 0.0402ms
typeclass inference of OfNat took 0.0401ms
typeclass inference of OfNat took 0.0302ms
typeclass inference of HPow took 0.155ms
typeclass inference of LT took 0.00328ms
typeclass inference of OfNat took 0.00304ms
typeclass inference of OfNat took 0.0701ms
typeclass inference of HPow took 0.122ms
typeclass inference of OfNat took 0.0412ms
typeclass inference of HPow took 0.108ms
typeclass inference of OfNat took 0.0547ms
typeclass inference of OfNat took 0.0407ms
typeclass inference of OfNat took 0.0404ms
typeclass inference of OfNat took 0.0313ms
typeclass inference of HPow took 0.22ms
typeclass inference of LT took 0.00596ms
typeclass inference of OfNat took 0.00462ms
typeclass inference of OfNat took 0.0901ms
typeclass inference of HPow took 0.135ms
typeclass inference of OfNat took 0.0404ms
typeclass inference of HPow took 0.127ms
typeclass inference of OfNat took 0.0622ms
typeclass inference of OfNat took 0.0497ms
typeclass inference of OfNat took 0.0522ms
typeclass inference of OfNat took 0.0545ms
typeclass inference of HMul took 0.162ms
typeclass inference of HAdd took 0.147ms
typeclass inference of HMul took 0.0034ms
typeclass inference of HMul took 0.159ms
typeclass inference of HPow took 0.167ms
typeclass inference of HMul took 0.0569ms
typeclass inference of HAdd took 0.0497ms
typeclass inference of OfNat took 0.00362ms
typeclass inference of OfNat took 0.057ms
typeclass inference of HPow took 0.168ms
typeclass inference of HMul took 0.0583ms
typeclass inference of HAdd took 0.0452ms
typeclass inference of OfNat took 0.0396ms
typeclass inference of HPow took 0.123ms
typeclass inference of HMul took 0.0487ms
typeclass inference of HAdd took 0.0435ms
typeclass inference of OfNat took 0.0432ms
typeclass inference of HPow took 0.113ms
typeclass inference of HMul took 0.052ms
typeclass inference of HSub took 0.051ms
typeclass inference of OfNat took 0.0398ms
typeclass inference of HPow took 0.109ms
typeclass inference of OfNat took 0.0383ms
typeclass inference of HPow took 0.102ms
typeclass inference of OfNat took 0.0375ms
typeclass inference of HPow took 0.108ms
typeclass inference of OfNat took 0.0358ms
typeclass inference of HPow took 0.112ms
typeclass inference of OfNat took 0.0363ms
typeclass inference of HPow took 0.123ms
typeclass inference of HMul took 0.0501ms
typeclass inference of HAdd took 0.0446ms
typeclass inference of OfNat took 0.0391ms
typeclass inference of HPow took 0.104ms
typeclass inference of HMul took 0.0502ms
typeclass inference of HSub took 0.0438ms
typeclass inference of OfNat took 0.037ms
typeclass inference of HPow took 0.104ms
typeclass inference of OfNat took 0.0359ms
typeclass inference of HPow took 0.0997ms
typeclass inference of OfNat took 0.0353ms
typeclass inference of HPow took 0.107ms
typeclass inference of OfNat took 0.0359ms
typeclass inference of HPow took 0.101ms
typeclass inference of OfNat took 0.0358ms
typeclass inference of HPow took 0.0998ms
typeclass inference of HMul took 0.048ms
typeclass inference of HAdd took 0.0443ms
typeclass inference of Pow took 0.0443ms
typeclass inference of CategoryTheory.CartesianMonoidalCategory took 0.0658ms
typeclass inference of CategoryTheory.CartesianMonoidalCategory took 0.0048ms
typeclass inference of NPow took 2.05ms
typeclass inference of OfNat took 0.0435ms
typeclass inference of HMul took 0.0392ms
typeclass inference of HSub took 0.00443ms
typeclass inference of OfNat took 0.0509ms
typeclass inference of HPow took 0.124ms
typeclass inference of OfNat took 0.0392ms
typeclass inference of HPow took 0.108ms
typeclass inference of OfNat took 0.0375ms
typeclass inference of HPow took 0.104ms
typeclass inference of OfNat took 0.0363ms
typeclass inference of HPow took 0.104ms
typeclass inference of OfNat took 0.0366ms
typeclass inference of HPow took 0.103ms
typeclass inference of HMul took 0.0519ms
typeclass inference of HAdd took 0.0464ms
typeclass inference of OfNat took 0.0391ms
typeclass inference of HPow took 0.102ms
typeclass inference of OfNat took 0.0366ms
typeclass inference of HPow took 0.111ms
typeclass inference of OfNat took 0.0367ms
typeclass inference of HPow took 0.103ms
typeclass inference of OfNat took 0.0356ms
typeclass inference of HPow took 0.0997ms
typeclass inference of OfNat took 0.0353ms
typeclass inference of HPow took 0.1ms
typeclass inference of HMul took 0.0558ms
typeclass inference of HAdd took 0.0669ms
typeclass inference of OfNat took 0.0381ms
typeclass inference of HPow took 0.152ms
typeclass inference of OfNat took 0.101ms
typeclass inference of HPow took 0.164ms
typeclass inference of OfNat took 0.0377ms
typeclass inference of HPow took 0.103ms
typeclass inference of OfNat took 0.0363ms
typeclass inference of HPow took 0.102ms
typeclass inference of OfNat took 0.0373ms
typeclass inference of HPow took 0.0994ms
typeclass inference of HMul took 0.0534ms
typeclass inference of HAdd took 0.0473ms
typeclass inference of Pow took 0.0466ms
typeclass inference of NPow took 0.117ms
typeclass inference of OfNat took 0.0453ms
typeclass inference of OfNat took 0.0531ms
typeclass inference of HPow took 0.135ms
typeclass inference of OfNat took 0.0396ms
typeclass inference of HPow took 0.119ms
typeclass inference of OfNat took 0.0446ms
typeclass inference of HPow took 0.112ms
typeclass inference of OfNat took 0.0376ms
typeclass inference of HPow took 0.103ms
typeclass inference of HMul took 0.0499ms
typeclass inference of HAdd took 0.0502ms
typeclass inference of OfNat took 0.0402ms
typeclass inference of HPow took 0.12ms
typeclass inference of OfNat took 0.0465ms
typeclass inference of HPow took 0.139ms
typeclass inference of OfNat took 0.0405ms
typeclass inference of HPow took 0.112ms
typeclass inference of OfNat took 0.038ms
typeclass inference of HPow took 0.119ms
typeclass inference of HMul took 0.0532ms
typeclass inference of HAdd took 0.0457ms
typeclass inference of OfNat took 0.0394ms
typeclass inference of HPow took 0.108ms
typeclass inference of OfNat took 0.0382ms
typeclass inference of HPow took 0.118ms
typeclass inference of OfNat took 0.0391ms
typeclass inference of HPow took 0.115ms
typeclass inference of OfNat took 0.0371ms
typeclass inference of HPow took 0.101ms
typeclass inference of HMul took 0.0486ms
typeclass inference of HAdd took 0.0444ms
typeclass inference of Pow took 0.0369ms
typeclass inference of NPow took 0.00328ms
typeclass inference of OfNat took 0.00339ms
typeclass inference of OfNat took 0.0474ms
typeclass inference of HPow took 0.132ms
typeclass inference of OfNat took 0.0397ms
typeclass inference of HPow took 0.106ms
typeclass inference of OfNat took 0.0358ms
typeclass inference of HPow took 0.127ms
typeclass inference of HMul took 0.0485ms
typeclass inference of HAdd took 0.0437ms
typeclass inference of OfNat took 0.0397ms
typeclass inference of HPow took 0.112ms
typeclass inference of OfNat took 0.109ms
typeclass inference of HPow took 0.169ms
typeclass inference of OfNat took 0.0552ms
typeclass inference of HPow took 0.101ms
typeclass inference of HMul took 0.0486ms
typeclass inference of HAdd took 0.0435ms
typeclass inference of OfNat took 0.0387ms
typeclass inference of HPow took 0.12ms
typeclass inference of OfNat took 0.0385ms
typeclass inference of HPow took 0.104ms
typeclass inference of OfNat took 0.0358ms
typeclass inference of HPow took 0.107ms
typeclass inference of HMul took 0.0486ms
typeclass inference of HAdd took 0.045ms
typeclass inference of Pow took 0.0377ms
typeclass inference of NPow took 0.00332ms
typeclass inference of OfNat took 0.00643ms
typeclass inference of OfNat took 0.0437ms
typeclass inference of HPow took 0.113ms
typeclass inference of OfNat took 0.0482ms
typeclass inference of HPow took 0.121ms
typeclass inference of HMul took 0.0514ms
typeclass inference of HAdd took 0.0536ms
typeclass inference of OfNat took 0.0418ms
typeclass inference of HPow took 0.114ms
typeclass inference of OfNat took 0.0541ms
typeclass inference of HPow took 0.105ms
typeclass inference of HMul took 0.0495ms
typeclass inference of HAdd took 0.0489ms
typeclass inference of OfNat took 0.0384ms
typeclass inference of HPow took 0.113ms
typeclass inference of OfNat took 0.0396ms
typeclass inference of HPow took 0.104ms
typeclass inference of HMul took 0.0587ms
typeclass inference of HAdd took 0.0494ms
typeclass inference of Pow took 0.104ms
typeclass inference of NPow took 0.0102ms
typeclass inference of OfNat took 0.00915ms
typeclass inference of OfNat took 0.173ms
typeclass inference of HPow took 0.272ms
typeclass inference of HMul took 0.083ms
typeclass inference of HAdd took 0.0598ms
typeclass inference of OfNat took 0.0483ms
typeclass inference of HPow took 0.114ms
typeclass inference of HMul took 0.0574ms
typeclass inference of HAdd took 0.0515ms
typeclass inference of OfNat took 0.0427ms
typeclass inference of HPow took 0.11ms
typeclass inference of HMul took 0.0584ms
typeclass inference of HAdd took 0.0626ms
typeclass inference of Pow took 0.0515ms
typeclass inference of NPow took 0.00502ms
typeclass inference of OfNat took 0.00286ms
typeclass inference of HMul took 0.0481ms
typeclass inference of HAdd took 0.00442ms
instantiate metavars took 0.103ms
instantiate metavars took 0.000241ms
let-to-have transformation took 0.0281ms
attribute application took 0.00278ms
attribute application took 0.000521ms
elaboration took 7.83ms
proof_broker report: tactic=proof_broker_term closer=term_mode_nat backend=cvc4 tier=1 format=farkas cert_bytes=1360 fragment=LIA hyps=9 dispatch_ms=22 verify_ms=0 wall_ms=37
proof_broker report: tactic=proof_broker_term closer=term_mode_nat backend=cvc4 tier=1 format=farkas cert_bytes=1594 fragment=LIA hyps=12 dispatch_ms=216 verify_ms=0 wall_ms=237
proof_broker report: tactic=proof_broker_term closer=term_mode_nat backend=cvc4 tier=1 format=farkas cert_bytes=1869 fragment=LIA hyps=15 dispatch_ms=438 verify_ms=0 wall_ms=471
proof_broker report: tactic=proof_broker_term closer=term_mode_nat backend=cvc4 tier=1 format=farkas cert_bytes=1702 fragment=LIA hyps=20 dispatch_ms=22 verify_ms=0 wall_ms=40
typeclass inference of OfNat took 0.256ms
typeclass inference of OfNat took 0.176ms
typeclass inference of OfNat took 0.0914ms
tactic execution of Lean.Parser.Tactic.refine took 0.775ms
tactic execution of Lean.Parser.Tactic.rotateRight took 0.00683ms
tactic execution of Lean.Parser.Tactic.tacticSeq1Indented took 0.0207ms
tactic execution of Lean.Parser.Tactic.tacticSeq took 0.064ms
tactic execution of Lean.Parser.Tactic.paren took 0.0102ms
tactic execution of Lean.Parser.Tactic.tacticSeq1Indented took 0.0127ms
tactic execution of Lean.Parser.Tactic.tacticSeq took 0.00912ms
tactic execution of Lean.Parser.Tactic.focus took 0.0195ms
tactic execution of Lean.Parser.Tactic.tacticRefine_lift_ took 0.0188ms
tactic execution of Lean.Parser.Tactic.tacticHave__ took 0.0297ms
typeclass inference of HMul took 1.21ms
typeclass inference of HMul took 0.832ms
tactic execution of Lean.Parser.Tactic.refine took 0.399ms
typeclass inference of Add took 0.839ms
typeclass inference of AddRightCancelSemigroup took 0.749ms
typeclass inference of IsRightCancelAdd took 3.68ms
typeclass inference of AddGroup took 0.608ms
typeclass inference of CommSemiring took 0.546ms
typeclass inference of CommRing took 0.0815ms
typeclass inference of Semifield took 0.359ms
typeclass inference of Field took 0.308ms
typeclass inference of Field took 0.00219ms
typeclass inference of Field took 0.00187ms
typeclass inference of Field took 0.00249ms
typeclass inference of Field took 0.00134ms
typeclass inference of Field took 0.00115ms
typeclass inference of Field took 0.00126ms
typeclass inference of Field took 0.001ms
typeclass inference of Field took 0.001ms
typeclass inference of Field took 0.000982ms
typeclass inference of Field took 0.00101ms
typeclass inference of Field took 0.00107ms
typeclass inference of Field took 0.00239ms
typeclass inference of Field took 0.00118ms
typeclass inference of Field took 0.00115ms
typeclass inference of Field took 0.00108ms
typeclass inference of Field took 0.00117ms
typeclass inference of Field took 0.00106ms
typeclass inference of Field took 0.00106ms
typeclass inference of Field took 0.00103ms
typeclass inference of Field took 0.00209ms
typeclass inference of Field took 0.00114ms
typeclass inference of Field took 0.00108ms
typeclass inference of Field took 0.00104ms
typeclass inference of Field took 0.00119ms
typeclass inference of Field took 0.00118ms
typeclass inference of Field took 0.000962ms
typeclass inference of Field took 0.00193ms
typeclass inference of Field took 0.00108ms
typeclass inference of Field took 0.00108ms
typeclass inference of Semiring took 0.685ms
typeclass inference of RCLike took 0.0118ms
typeclass inference of RCLike took 0.00174ms
typeclass inference of RCLike took 0.00134ms
typeclass inference of RCLike took 0.00248ms
typeclass inference of RCLike took 0.00124ms
typeclass inference of RCLike took 0.00219ms
typeclass inference of RCLike took 0.00132ms
typeclass inference of RCLike took 0.00108ms
typeclass inference of RCLike took 0.00101ms
typeclass inference of RCLike took 0.00118ms
typeclass inference of RCLike took 0.00103ms
typeclass inference of RCLike took 0.00101ms
typeclass inference of RCLike took 0.0134ms
typeclass inference of RCLike took 0.00132ms
typeclass inference of RCLike took 0.00112ms
typeclass inference of RCLike took 0.00111ms
typeclass inference of RCLike took 0.00108ms
typeclass inference of RCLike took 0.00104ms
typeclass inference of RCLike took 0.00106ms
typeclass inference of RCLike took 0.000962ms
typeclass inference of RCLike took 0.00186ms
typeclass inference of RCLike took 0.00111ms
typeclass inference of RCLike took 0.00124ms
typeclass inference of RCLike took 0.00125ms
typeclass inference of RCLike took 0.0011ms
typeclass inference of RCLike took 0.00114ms
typeclass inference of RCLike took 0.001ms
typeclass inference of RCLike took 0.00163ms
typeclass inference of RCLike took 0.00105ms
typeclass inference of RCLike took 0.00109ms
typeclass inference of Semiring took 0.00398ms
typeclass inference of NonAssocRing took 0.194ms
typeclass inference of Field took 0.00294ms
typeclass inference of Field took 0.00239ms
typeclass inference of Field took 0.00202ms
typeclass inference of Field took 0.00129ms
typeclass inference of Field took 0.00115ms
typeclass inference of Field took 0.00122ms
typeclass inference of Field took 0.00121ms
typeclass inference of Field took 0.0011ms
typeclass inference of Field took 0.00122ms
typeclass inference of Field took 0.00196ms
typeclass inference of Field took 0.00122ms
typeclass inference of Field took 0.0015ms
typeclass inference of Field took 0.00118ms
typeclass inference of Field took 0.00226ms
typeclass inference of Field took 0.00146ms
typeclass inference of Field took 0.00116ms
typeclass inference of Field took 0.00335ms
typeclass inference of Field took 0.00116ms
typeclass inference of Field took 0.00125ms
typeclass inference of Field took 0.00107ms
typeclass inference of Field took 0.000992ms
typeclass inference of Field took 0.00106ms
typeclass inference of Field took 0.00352ms
typeclass inference of Field took 0.00145ms
typeclass inference of Field took 0.00122ms
typeclass inference of Field took 0.00129ms
typeclass inference of Field took 0.00113ms
typeclass inference of Field took 0.00107ms
typeclass inference of Field took 0.0011ms
typeclass inference of Field took 0.00111ms
typeclass inference of Field took 0.00293ms
typeclass inference of Field took 0.0012ms
typeclass inference of Field took 0.00122ms
typeclass inference of Field took 0.00108ms
typeclass inference of Field took 0.00108ms
typeclass inference of Field took 0.0012ms
typeclass inference of Field took 0.00106ms
typeclass inference of Field took 0.00297ms
typeclass inference of Field took 0.00228ms
typeclass inference of Field took 0.00201ms
typeclass inference of Field took 0.00145ms
typeclass inference of Field took 0.00101ms
typeclass inference of Field took 0.00177ms
typeclass inference of Field took 0.00137ms
typeclass inference of Field took 0.00117ms
typeclass inference of Field took 0.00107ms
typeclass inference of Field took 0.00142ms
typeclass inference of Field took 0.00174ms
typeclass inference of Field took 0.00248ms
typeclass inference of Field took 0.0018ms
typeclass inference of Field took 0.00141ms
typeclass inference of Field took 0.0015ms
typeclass inference of Field took 0.00187ms
typeclass inference of Field took 0.00192ms
typeclass inference of Field took 0.00133ms
typeclass inference of Field took 0.00114ms
typeclass inference of Field took 0.00109ms
typeclass inference of Field took 0.0013ms
typeclass inference of Field took 0.00112ms
typeclass inference of Field took 0.00117ms
typeclass inference of Field took 0.0034ms
typeclass inference of Field took 0.0014ms
typeclass inference of Field took 0.00123ms
typeclass inference of Field took 0.0012ms
typeclass inference of Field took 0.00105ms
typeclass inference of Field took 0.00176ms
typeclass inference of Field took 0.00119ms
typeclass inference of Field took 0.00127ms
typeclass inference of Field took 0.00113ms
typeclass inference of Field took 0.00156ms
typeclass inference of Field took 0.00132ms
typeclass inference of Field took 0.00107ms
typeclass inference of Semiring took 0.0065ms
typeclass inference of CharZero took 20.8ms
norm_num took 0.241ms
norm_num took 0.00483ms
typeclass inference of AddMonoidWithOne took 0.667ms
norm_num took 0.382ms
norm_num took 0.00545ms
norm_num took 0.00453ms
norm_num took 0.00234ms
norm_num took 0.00261ms
typeclass inference of AddMonoidWithOne took 0.00451ms
norm_num took 0.252ms
ring took 2.18ms
tactic execution of Mathlib.Tactic.LinearCombination.linearCombination took 2.78ms
tactic execution of Lean.Parser.Tactic.tacticSeq1Indented took 0.00735ms
tactic execution of Lean.Parser.Tactic.tacticSeq took 0.00454ms
tactic execution of Lean.Parser.Tactic.paren took 0.00473ms
tactic execution of Lean.Parser.Tactic.withAnnotateState took 0.00863ms
tactic execution of Lean.Parser.Tactic.tacticSeq1Indented took 0.00547ms
tactic execution of Lean.Parser.Tactic.tacticSeq took 0.00433ms
tactic execution of Lean.Parser.Tactic.case took 0.0531ms
tactic execution of Lean.Parser.Tactic.tacticSeq1Indented took 0.0165ms
tactic execution of Lean.Parser.Tactic.tacticSeq took 0.00808ms
tactic execution of Lean.Parser.Tactic.focus took 0.00703ms
tactic execution of Lean.Parser.Tactic.tacticHave__ took 0.019ms
typeclass inference of OfNat took 0.0984ms
typeclass inference of OfNat took 0.0487ms
typeclass inference of OfNat took 0.0441ms
typeclass inference of OfNat took 0.0358ms
typeclass inference of HAdd took 0.931ms
typeclass inference of HMul took 0.00432ms
typeclass inference of HPow took 0.164ms
typeclass inference of HMul took 0.0902ms
typeclass inference of HAdd took 0.0519ms
typeclass inference of OfNat took 0.84ms
typeclass inference of OfNat took 0.0624ms
typeclass inference of HPow took 0.131ms
typeclass inference of HMul took 0.0789ms
typeclass inference of HAdd took 0.0496ms
typeclass inference of OfNat took 0.0556ms
typeclass inference of HPow took 0.114ms
typeclass inference of HMul took 0.0552ms
typeclass inference of HAdd took 0.0459ms
typeclass inference of OfNat took 0.042ms
typeclass inference of HPow took 0.111ms
typeclass inference of HMul took 0.0583ms
typeclass inference of HAdd took 0.0549ms
typeclass inference of OfNat took 0.0511ms
typeclass inference of HPow took 0.114ms
typeclass inference of HMul took 0.0541ms
typeclass inference of HAdd took 0.0453ms
typeclass inference of Pow took 0.0411ms
typeclass inference of CategoryTheory.CartesianMonoidalCategory took 0.0546ms
typeclass inference of CategoryTheory.CartesianMonoidalCategory took 0.00561ms
typeclass inference of NPow took 2.6ms
typeclass inference of OfNat took 0.0872ms
typeclass inference of HMul took 0.115ms
typeclass inference of HAdd took 0.00714ms
tactic execution of Lean.Parser.Tactic.refine took 1.09ms
typeclass inference of Add took 0.00648ms
typeclass inference of IsRightCancelAdd took 0.0567ms
typeclass inference of AddGroup took 0.00777ms
typeclass inference of CommSemiring took 0.00465ms
typeclass inference of CommRing took 0.00321ms
typeclass inference of Semifield took 0.00138ms
typeclass inference of CharZero took 0.00429ms
norm_num took 0.0557ms
typeclass inference of AddMonoidWithOne took 0.00867ms
norm_num took 0.257ms
norm_num took 0.00828ms
typeclass inference of AddMonoidWithOne took 0.00547ms
norm_num took 0.184ms
typeclass inference of AddMonoidWithOne took 0.0549ms
norm_num took 0.135ms
norm_num took 0.00844ms
norm_num took 0.00494ms
norm_num took 0.00309ms
typeclass inference of AddMonoidWithOne took 0.00371ms
norm_num took 0.116ms
typeclass inference of AddMonoidWithOne took 0.00392ms
norm_num took 0.0732ms
norm_num took 0.00433ms
typeclass inference of AddMonoidWithOne took 0.00336ms
norm_num took 0.155ms
ring took 2.22ms
tactic execution of Mathlib.Tactic.LinearCombination.linearCombination took 2.01ms
tactic execution of Lean.Parser.Tactic.tacticSeq1Indented took 0.0109ms
tactic execution of Lean.Parser.Tactic.tacticSeq took 0.00661ms
tactic execution of Lean.Parser.Tactic.paren took 0.00675ms
tactic execution of Lean.Parser.Tactic.withAnnotateState took 0.0117ms
tactic execution of Lean.Parser.Tactic.tacticSeq1Indented took 0.00716ms
tactic execution of Lean.Parser.Tactic.tacticSeq took 0.00636ms
tactic execution of Lean.Parser.Tactic.case took 0.0562ms
tactic execution of Lean.Parser.Tactic.tacticSeq1Indented took 0.0224ms
tactic execution of Lean.Parser.Tactic.tacticSeq took 0.00555ms
tactic execution of Lean.Parser.Tactic.focus took 0.00833ms
tactic execution of Lean.Parser.Tactic.tacticHave__ took 0.149ms
typeclass inference of OfNat took 0.0551ms
typeclass inference of OfNat took 0.086ms
typeclass inference of OfNat took 0.043ms
typeclass inference of OfNat took 0.0441ms
typeclass inference of HPow took 0.181ms
typeclass inference of LT took 0.0311ms
typeclass inference of OfNat took 0.0723ms
typeclass inference of HPow took 0.13ms
typeclass inference of OfNat took 0.0473ms
typeclass inference of HPow took 0.115ms
typeclass inference of OfNat took 0.0403ms
typeclass inference of HPow took 0.116ms
typeclass inference of Pow took 0.0401ms
typeclass inference of NPow took 0.105ms
typeclass inference of OfNat took 0.00456ms
tactic execution of Lean.Parser.Tactic.refine took 0.631ms
interpretation of term_=_ took 0.0032ms
interpretation of term_-_ took 0.00122ms
interpretation of term_*_ took 0.000892ms
interpretation of term_=_ took 0.000481ms
interpretation of term_-_ took 0.000431ms
interpretation of term_*_ took 0.000431ms
interpretation of term_=_ took 0.00143ms
interpretation of term_-_ took 0.000551ms
interpretation of term_*_ took 0.000451ms
interpretation of term_^_ took 0.000951ms
interpretation of term_-_ took 0.000411ms
interpretation of term_=_ took 0.000421ms
interpretation of term_-_ took 0.00039ms
interpretation of term_*_ took 0.00039ms
interpretation of term_^_ took 0.000381ms
interpretation of term_-_ took 0.000391ms
interpretation of term_=_ took 0.00145ms
interpretation of term_*_ took 0.000521ms
interpretation of term_=_ took 0.00041ms
interpretation of term_*_ took 0.000431ms
interpretation of term_=_ took 0.00148ms
interpretation of term_+_ took 0.00134ms
interpretation of term_*_ took 0.000471ms
interpretation of term_^_ took 0.000471ms
interpretation of term_=_ took 0.000411ms
interpretation of term_+_ took 0.000521ms
interpretation of term_*_ took 0.000371ms
interpretation of term_^_ took 0.000451ms
typeclass inference of UsesSetNotationForOrder took 0.0197ms
typeclass inference of UsesSetNotationForOrder took 0.0111ms
interpretation of term_↔_ took 0.00159ms
interpretation of term_≤_ took 0.000621ms
interpretation of term_≤_ took 0.000451ms
interpretation of coeNotation took 0.00105ms
interpretation of coeNotation took 0.000341ms
interpretation of termℕ took 0.00633ms
interpretation of term_↔_ took 0.000561ms
interpretation of term_≤_ took 0.00045ms
interpretation of term_≤_ took 0.000481ms
interpretation of coeNotation took 0.000311ms
interpretation of coeNotation took 0.000371ms
interpretation of termℕ took 0.00316ms
typeclass inference of UsesSetNotationForOrder took 0.0304ms
typeclass inference of UsesSetNotationForOrder took 0.0195ms
interpretation of term_↔_ took 0.00449ms
interpretation of term_<_ took 0.00293ms
interpretation of term_<_ took 0.000391ms
interpretation of coeNotation took 0.000972ms
interpretation of coeNotation took 0.00033ms
interpretation of termℕ took 0.00702ms
interpretation of term_↔_ took 0.000531ms
interpretation of term_<_ took 0.000451ms
interpretation of term_<_ took 0.000461ms
interpretation of coeNotation took 0.000341ms
interpretation of coeNotation took 0.000351ms
interpretation of termℕ took 0.00353ms
interpretation of term_↔_ took 0.00271ms
interpretation of term_=_ took 0.00175ms
interpretation of term_=_ took 0.000611ms
interpretation of coeNotation took 0.00123ms
interpretation of coeNotation took 0.000682ms
interpretation of termℕ took 0.00872ms
interpretation of term_↔_ took 0.000551ms
interpretation of term_=_ took 0.000671ms
interpretation of term_=_ took 0.000952ms
interpretation of coeNotation took 0.000471ms
interpretation of coeNotation took 0.000471ms
interpretation of termℕ took 0.0048ms
typeclass inference of UsesSetNotationForOrder took 0.0257ms
interpretation of term_≤_ took 0.00213ms
interpretation of coeNotation took 0.00104ms
interpretation of termℕ took 0.00716ms
interpretation of term_≤_ took 0.000631ms
interpretation of coeNotation took 0.000371ms
interpretation of termℕ took 0.00333ms
typeclass inference of LE took 0.0481ms
typeclass inference of HSub took 0.204ms
typeclass inference of LE took 0.0287ms
typeclass inference of Decidable took 0.168ms
typeclass inference of Decidable took 0.012ms
typeclass inference of HSub took 0.0422ms
typeclass inference of LE took 0.00346ms
typeclass inference of Decidable took 0.123ms
typeclass inference of Decidable took 0.0108ms
typeclass inference of HMul took 0.173ms
typeclass inference of HMul took 0.0378ms
typeclass inference of HAdd took 0.228ms
typeclass inference of LT took 0.0329ms
typeclass inference of Decidable took 0.358ms
typeclass inference of LE took 0.0292ms
typeclass inference of Decidable took 0.117ms
typeclass inference of Decidable took 0.00349ms
instantiate metavars took 0.00114ms
tactic execution of Lean.Parser.Tactic.omega took 1.14ms
tactic execution of ProofBroker.Tactic.proofBrokerTerm took 34.8ms
tactic execution of Lean.Parser.Tactic.tacticSeq1Indented took 0.00713ms
tactic execution of Lean.Parser.Tactic.tacticSeq took 0.00917ms
tactic execution of Lean.Parser.Tactic.paren took 0.00461ms
tactic execution of Lean.Parser.Tactic.withAnnotateState took 0.0069ms
tactic execution of Lean.Parser.Tactic.tacticSeq1Indented took 0.00523ms
tactic execution of Lean.Parser.Tactic.tacticSeq took 0.00469ms
tactic execution of Lean.Parser.Tactic.case took 0.0627ms
tactic execution of Lean.Parser.Tactic.tacticSeq1Indented took 0.0139ms
tactic execution of Lean.Parser.Tactic.tacticSeq took 0.00504ms
tactic execution of Lean.Parser.Tactic.focus took 0.00745ms
tactic execution of Lean.Parser.Tactic.tacticHave__ took 0.808ms
typeclass inference of OfNat took 1.07ms
typeclass inference of OfNat took 0.0822ms
typeclass inference of OfNat took 0.0394ms
typeclass inference of HPow took 0.163ms
typeclass inference of OfNat took 0.0533ms
typeclass inference of HPow took 0.118ms
typeclass inference of OfNat took 0.0539ms
typeclass inference of OfNat took 0.045ms
typeclass inference of OfNat took 0.0608ms
typeclass inference of HPow took 0.128ms
typeclass inference of OfNat took 0.0623ms
typeclass inference of OfNat took 0.0673ms
typeclass inference of HPow took 0.153ms
typeclass inference of OfNat took 0.0444ms
typeclass inference of HPow took 0.116ms
typeclass inference of OfNat took 0.0382ms
typeclass inference of OfNat took 0.0475ms
typeclass inference of HPow took 0.115ms
typeclass inference of OfNat took 0.0455ms
typeclass inference of HPow took 0.114ms
typeclass inference of OfNat took 0.0376ms
typeclass inference of HPow took 0.113ms
typeclass inference of OfNat took 0.0493ms
typeclass inference of HPow took 0.12ms
typeclass inference of OfNat took 0.0389ms
typeclass inference of HPow took 0.108ms
typeclass inference of OfNat took 0.0378ms
typeclass inference of HPow took 0.103ms
typeclass inference of OfNat took 0.0392ms
typeclass inference of HPow took 0.105ms
typeclass inference of Pow took 0.0466ms
typeclass inference of CategoryTheory.CartesianMonoidalCategory took 0.0505ms
typeclass inference of CategoryTheory.CartesianMonoidalCategory took 0.00479ms
typeclass inference of NPow took 1.95ms
typeclass inference of OfNat took 0.0452ms
typeclass inference of OfNat took 0.0563ms
typeclass inference of HPow took 0.129ms
typeclass inference of OfNat took 0.0409ms
typeclass inference of HPow took 0.113ms
typeclass inference of OfNat took 0.0381ms
typeclass inference of HPow took 0.116ms
typeclass inference of Pow took 0.0472ms
typeclass inference of NPow took 0.128ms
typeclass inference of OfNat took 0.00373ms
tactic execution of Lean.Parser.Tactic.refine took 1.5ms
tactic execution of Lean.Parser.Tactic.rotateRight took 0.00784ms
tactic execution of Lean.Parser.Tactic.tacticSeq1Indented took 0.0153ms
tactic execution of Lean.Parser.Tactic.tacticSeq took 0.00441ms
tactic execution of Lean.Parser.Tactic.paren took 0.00437ms
tactic execution of Lean.Parser.Tactic.tacticSeq1Indented took 0.0068ms
tactic execution of Lean.Parser.Tactic.tacticSeq took 0.00529ms
tactic execution of Lean.Parser.Tactic.focus took 0.00774ms
tactic execution of Lean.Parser.Tactic.tacticRefine_lift_ took 0.00917ms
tactic execution of Lean.Parser.Tactic.tacticHave__ took 0.0193ms
typeclass inference of OfNat took 0.0904ms
typeclass inference of OfNat took 0.0572ms
typeclass inference of OfNat took 0.053ms
typeclass inference of OfNat took 0.034ms
typeclass inference of OfNat took 0.0429ms
typeclass inference of OfNat took 0.0322ms
typeclass inference of HMul took 0.151ms
typeclass inference of HPow took 0.197ms
typeclass inference of HMul took 0.102ms
typeclass inference of LT took 0.032ms
typeclass inference of OfNat took 0.00445ms
typeclass inference of OfNat took 0.0565ms
typeclass inference of HPow took 0.123ms
typeclass inference of HMul took 0.0519ms
typeclass inference of OfNat took 0.0421ms
typeclass inference of HPow took 0.113ms
typeclass inference of HMul took 0.0497ms
typeclass inference of OfNat took 0.0407ms
typeclass inference of HPow took 0.106ms
typeclass inference of HMul took 0.0501ms
typeclass inference of OfNat took 0.0373ms
typeclass inference of HPow took 0.102ms
typeclass inference of HMul took 0.0486ms
typeclass inference of Pow took 0.0397ms
typeclass inference of NPow took 0.0031ms
typeclass inference of OfNat took 0.00312ms
typeclass inference of HMul took 0.00271ms
tactic execution of Lean.Parser.Tactic.refine took 0.871ms
interpretation of term_=_ took 0.00318ms
interpretation of term_-_ took 0.00119ms
interpretation of term_*_ took 0.000841ms
interpretation of term_=_ took 0.000451ms
interpretation of term_-_ took 0.00049ms
interpretation of term_*_ took 0.000411ms
interpretation of term_=_ took 0.0015ms
interpretation of term_-_ took 0.000591ms
interpretation of term_*_ took 0.000451ms
interpretation of term_^_ took 0.000852ms
interpretation of term_-_ took 0.000461ms
interpretation of term_=_ took 0.000431ms
interpretation of term_-_ took 0.000391ms
interpretation of term_*_ took 0.00039ms
interpretation of term_^_ took 0.000431ms
interpretation of term_-_ took 0.0004ms
interpretation of term_=_ took 0.00138ms
interpretation of term_*_ took 0.000611ms
interpretation of term_=_ took 0.000471ms
interpretation of term_*_ took 0.000371ms
interpretation of term_=_ took 0.00201ms
interpretation of term_+_ took 0.0015ms
interpretation of term_*_ took 0.000481ms
interpretation of term_^_ took 0.000471ms
interpretation of term_=_ took 0.000491ms
interpretation of term_+_ took 0.000501ms
interpretation of term_*_ took 0.000391ms
interpretation of term_^_ took 0.000441ms
typeclass inference of UsesSetNotationForOrder took 0.0185ms
typeclass inference of UsesSetNotationForOrder took 0.0107ms
interpretation of term_↔_ took 0.00168ms
interpretation of term_≤_ took 0.000852ms
interpretation of term_≤_ took 0.000501ms
interpretation of coeNotation took 0.00105ms
interpretation of coeNotation took 0.000331ms
interpretation of termℕ took 0.00614ms
interpretation of term_↔_ took 0.000541ms
interpretation of term_≤_ took 0.000411ms
interpretation of term_≤_ took 0.000441ms
interpretation of coeNotation took 0.000391ms
interpretation of coeNotation took 0.000381ms
interpretation of termℕ took 0.00309ms
typeclass inference of UsesSetNotationForOrder took 0.0153ms
typeclass inference of UsesSetNotationForOrder took 0.0105ms
interpretation of term_↔_ took 0.00135ms
interpretation of term_<_ took 0.000841ms
interpretation of term_<_ took 0.0004ms
interpretation of coeNotation took 0.000631ms
interpretation of coeNotation took 0.000311ms
interpretation of termℕ took 0.00544ms
interpretation of term_↔_ took 0.000541ms
interpretation of term_<_ took 0.000481ms
interpretation of term_<_ took 0.000421ms
interpretation of coeNotation took 0.00035ms
interpretation of coeNotation took 0.000341ms
interpretation of termℕ took 0.00335ms
interpretation of term_↔_ took 0.00141ms
interpretation of term_=_ took 0.00117ms
interpretation of term_=_ took 0.00043ms
interpretation of coeNotation took 0.000491ms
interpretation of coeNotation took 0.000331ms
interpretation of termℕ took 0.00388ms
interpretation of term_↔_ took 0.000521ms
interpretation of term_=_ took 0.00039ms
interpretation of term_=_ took 0.000421ms
interpretation of coeNotation took 0.000351ms
interpretation of coeNotation took 0.00036ms
interpretation of termℕ took 0.00283ms
typeclass inference of UsesSetNotationForOrder took 0.0172ms
interpretation of term_≤_ took 0.00129ms
interpretation of coeNotation took 0.000581ms
interpretation of termℕ took 0.00404ms
interpretation of term_≤_ took 0.000561ms
interpretation of coeNotation took 0.00036ms
interpretation of termℕ took 0.00331ms
interpretation of term_^_ took 0.00248ms
interpretation of term_^_ took 0.000591ms
typeclass inference of LE took 0.122ms
typeclass inference of HAdd took 0.345ms
typeclass inference of HSub took 0.192ms
typeclass inference of LE took 0.0309ms
typeclass inference of Decidable took 0.145ms
typeclass inference of Decidable took 0.015ms
typeclass inference of HSub took 0.0418ms
typeclass inference of LE took 0.00367ms
typeclass inference of Decidable took 0.0964ms
typeclass inference of Decidable took 0.0112ms
typeclass inference of HMul took 0.22ms
typeclass inference of HMul took 0.0483ms
typeclass inference of HAdd took 0.0402ms
typeclass inference of LT took 0.0366ms
typeclass inference of Decidable took 0.313ms
typeclass inference of Decidable took 5.07ms
typeclass inference of Decidable took 0.00396ms
typeclass inference of LE took 0.00402ms
typeclass inference of LE took 0.00349ms
typeclass inference of LE took 0.00395ms
typeclass inference of Decidable took 0.131ms
typeclass inference of Decidable took 0.00343ms
instantiate metavars took 0.00121ms
tactic execution of Lean.Parser.Tactic.omega took 2.57ms
tactic execution of ProofBroker.Tactic.proofBrokerTerm took 227ms
tactic execution of Lean.Parser.Tactic.tacticSeq1Indented took 0.00924ms
tactic execution of Lean.Parser.Tactic.tacticSeq took 0.00481ms
tactic execution of Lean.Parser.Tactic.paren took 0.00542ms
tactic execution of Lean.Parser.Tactic.withAnnotateState took 0.00802ms
tactic execution of Lean.Parser.Tactic.tacticSeq1Indented took 0.0052ms
tactic execution of Lean.Parser.Tactic.tacticSeq took 0.0045ms
tactic execution of Lean.Parser.Tactic.case took 0.0634ms
tactic execution of Lean.Parser.Tactic.tacticSeq1Indented took 0.0122ms
tactic execution of Lean.Parser.Tactic.tacticSeq took 0.00443ms
tactic execution of Lean.Parser.Tactic.focus took 0.0102ms
tactic execution of Lean.Parser.Tactic.tacticHave__ took 0.174ms
typeclass inference of OfNat took 1.09ms
typeclass inference of OfNat took 0.117ms
typeclass inference of OfNat took 0.0455ms
typeclass inference of HMul took 0.934ms
typeclass inference of HPow took 0.171ms
typeclass inference of HMul took 0.0658ms
typeclass inference of OfNat took 0.0633ms
typeclass inference of HPow took 0.124ms
typeclass inference of HMul took 0.0564ms
typeclass inference of OfNat took 0.0598ms
typeclass inference of OfNat took 0.0585ms
typeclass inference of OfNat took 0.0489ms
typeclass inference of HPow took 0.142ms
typeclass inference of HMul took 0.0573ms
typeclass inference of OfNat took 0.0425ms
typeclass inference of OfNat took 0.039ms
typeclass inference of HMul took 0.126ms
typeclass inference of HPow took 0.164ms
typeclass inference of HMul took 0.0561ms
typeclass inference of OfNat took 0.0716ms
typeclass inference of HPow took 0.219ms
typeclass inference of HMul took 0.0953ms
typeclass inference of OfNat took 0.0423ms
typeclass inference of OfNat took 0.048ms
typeclass inference of HPow took 0.201ms
typeclass inference of HMul took 0.123ms
typeclass inference of OfNat took 0.177ms
typeclass inference of HPow took 0.143ms
typeclass inference of HMul took 0.0554ms
typeclass inference of OfNat took 0.0405ms
typeclass inference of HPow took 0.124ms
typeclass inference of HMul took 0.0623ms
typeclass inference of OfNat took 0.0549ms
typeclass inference of HPow took 0.155ms
typeclass inference of HMul took 0.0641ms
typeclass inference of OfNat took 0.0414ms
typeclass inference of HPow took 0.115ms
typeclass inference of HMul took 0.0561ms
typeclass inference of OfNat took 0.0405ms
typeclass inference of HPow took 0.109ms
typeclass inference of HMul took 0.0525ms
typeclass inference of OfNat took 0.0398ms
typeclass inference of HPow took 0.106ms
typeclass inference of HMul took 0.0498ms
typeclass inference of Pow took 0.0443ms
typeclass inference of CategoryTheory.CartesianMonoidalCategory took 0.0988ms
typeclass inference of CategoryTheory.CartesianMonoidalCategory took 0.00527ms
typeclass inference of NPow took 2.67ms
typeclass inference of OfNat took 0.104ms
typeclass inference of HMul took 0.016ms
typeclass inference of OfNat took 0.149ms
typeclass inference of HPow took 0.224ms
typeclass inference of HMul took 0.0882ms
typeclass inference of OfNat took 0.195ms
typeclass inference of HPow took 0.174ms
typeclass inference of HMul took 0.0798ms
typeclass inference of OfNat took 0.0573ms
typeclass inference of HPow took 0.15ms
typeclass inference of HMul took 0.0599ms
typeclass inference of Pow took 0.0584ms
typeclass inference of NPow took 0.119ms
typeclass inference of OfNat took 0.00408ms
typeclass inference of HMul took 0.00335ms
tactic execution of Lean.Parser.Tactic.refine took 2.13ms
tactic execution of Lean.Parser.Tactic.rewriteSeq took 0.335ms
tactic execution of Lean.Parser.Tactic.exact took 0.141ms
tactic execution of Lean.Parser.Tactic.exact took 0.104ms
tactic execution of Lean.Parser.Tactic.eqRefl took 0.0103ms
tactic execution of Lean.Parser.Tactic.applyRfl took 0.0381ms
tactic execution of Lean.Parser.Tactic.tacticRfl took 0.0626ms
tactic execution of Lean.Parser.Tactic.tacticSeq1Indented took 0.00752ms
tactic execution of Lean.Parser.Tactic.tacticSeq took 0.00479ms
tactic execution of Lean.Parser.Tactic.withReducible took 0.00776ms
tactic execution of Lean.Parser.Tactic.tacticSeq1Indented took 0.00516ms
tactic execution of Lean.Parser.Tactic.tacticSeq took 0.00444ms
tactic execution of Lean.Parser.Tactic.paren took 0.00453ms
tactic execution of Lean.Parser.Tactic.tacticSeq1Indented took 0.00806ms
tactic execution of Lean.Parser.Tactic.tacticSeq took 0.00632ms
tactic execution of Lean.Parser.Tactic.skip took 0.00308ms
tactic execution of Lean.Parser.Tactic.tacticSeq1Indented took 0.00347ms
tactic execution of Lean.Parser.Tactic.tacticSeq took 0.00349ms
tactic execution of Lean.Parser.Tactic.first took 0.0161ms
tactic execution of Lean.Parser.Tactic.tacticTry_ took 0.0123ms
tactic execution of Lean.Parser.Tactic.tacticSeq1Indented took 0.0148ms
tactic execution of Lean.Parser.Tactic.tacticSeq took 0.0043ms
tactic execution of Lean.Parser.Tactic.paren took 0.00501ms
tactic execution of Lean.Parser.Tactic.withAnnotateState took 0.0149ms
tactic execution of Lean.Parser.Tactic.tacticSeq1Indented took 0.0327ms
tactic execution of Lean.Parser.Tactic.tacticSeq took 0.0063ms
tactic execution of Lean.Parser.Tactic.paren took 0.00575ms
tactic execution of Lean.Parser.Tactic.rwSeq took 0.0153ms
tactic execution of Lean.Parser.Tactic.exact took 0.0551ms
tactic execution of Lean.Parser.Tactic.tacticSeq1Indented took 0.0125ms
tactic execution of Lean.Parser.Tactic.tacticSeq took 0.016ms
tactic execution of Lean.Parser.Tactic.rewriteSeq took 2.97ms
tactic execution of Lean.Parser.Tactic.exact took 0.0858ms
tactic execution of Lean.Parser.Tactic.exact took 0.0789ms
tactic execution of Lean.Parser.Tactic.eqRefl took 0.00937ms
tactic execution of Lean.Parser.Tactic.tacticRfl took 0.0311ms
tactic execution of Lean.Parser.Tactic.tacticSeq1Indented took 0.00356ms
tactic execution of Lean.Parser.Tactic.tacticSeq took 0.00246ms
tactic execution of Lean.Parser.Tactic.withReducible took 0.00305ms
tactic execution of Lean.Parser.Tactic.tacticSeq1Indented took 0.00281ms
tactic execution of Lean.Parser.Tactic.tacticSeq took 0.00235ms
tactic execution of Lean.Parser.Tactic.paren took 0.0022ms
tactic execution of Lean.Parser.Tactic.tacticSeq1Indented took 0.00263ms
tactic execution of Lean.Parser.Tactic.tacticSeq took 0.00243ms
tactic execution of Lean.Parser.Tactic.first took 0.00304ms
tactic execution of Lean.Parser.Tactic.tacticTry_ took 0.0044ms
tactic execution of Lean.Parser.Tactic.tacticSeq1Indented took 0.00267ms
tactic execution of Lean.Parser.Tactic.tacticSeq took 0.00242ms
tactic execution of Lean.Parser.Tactic.paren took 0.0027ms
tactic execution of Lean.Parser.Tactic.withAnnotateState took 0.0123ms
tactic execution of Lean.Parser.Tactic.tacticSeq1Indented took 0.0195ms
tactic execution of Lean.Parser.Tactic.tacticSeq took 0.0111ms
tactic execution of Lean.Parser.Tactic.paren took 0.00623ms
tactic execution of Lean.Parser.Tactic.rwSeq took 0.0154ms
tactic execution of Lean.Parser.Tactic.tacticSeq1Indented took 0.00417ms
tactic execution of Lean.Parser.Tactic.tacticSeq took 0.00316ms
tactic execution of Lean.Parser.Tactic.paren took 0.00329ms
tactic execution of Lean.Parser.Tactic.withAnnotateState took 0.00639ms
tactic execution of Lean.Parser.Tactic.tacticSeq1Indented took 0.00449ms
tactic execution of Lean.Parser.Tactic.tacticSeq took 0.00861ms
tactic execution of Lean.Parser.Tactic.case took 0.138ms
tactic execution of Lean.Parser.Tactic.tacticSeq1Indented took 0.0164ms
tactic execution of Lean.Parser.Tactic.tacticSeq took 0.00542ms
tactic execution of Lean.Parser.Tactic.focus took 0.00872ms
tactic execution of Lean.Parser.Tactic.tacticHave__ took 0.0294ms
typeclass inference of OfNat took 0.0791ms
typeclass inference of OfNat took 0.0515ms
typeclass inference of OfNat took 0.0495ms
typeclass inference of OfNat took 0.0353ms
typeclass inference of OfNat took 0.0424ms
typeclass inference of OfNat took 0.0323ms
typeclass inference of HAdd took 0.146ms
typeclass inference of HMul took 0.144ms
typeclass inference of HPow took 0.156ms
typeclass inference of HMul took 0.0548ms
typeclass inference of HAdd took 0.0518ms
typeclass inference of LT took 0.0268ms
typeclass inference of OfNat took 0.0454ms
typeclass inference of OfNat took 0.0482ms
typeclass inference of HPow took 0.119ms
typeclass inference of HMul took 0.0504ms
typeclass inference of HAdd took 0.0462ms
typeclass inference of OfNat took 0.0395ms
typeclass inference of HPow took 0.124ms
typeclass inference of HMul took 0.0501ms
typeclass inference of HAdd took 0.0434ms
typeclass inference of OfNat took 0.0407ms
typeclass inference of HPow took 0.121ms
typeclass inference of HMul took 0.0566ms
typeclass inference of HAdd took 0.0496ms
typeclass inference of OfNat took 0.0516ms
typeclass inference of HPow took 0.133ms
typeclass inference of HMul took 0.0501ms
typeclass inference of HAdd took 0.0441ms
typeclass inference of Pow took 0.0383ms
typeclass inference of NPow took 0.103ms
typeclass inference of OfNat took 0.0376ms
typeclass inference of HMul took 0.156ms
typeclass inference of HAdd took 0.00322ms
tactic execution of Lean.Parser.Tactic.refine took 1ms
interpretation of term_=_ took 0.00344ms
interpretation of term_-_ took 0.00155ms
interpretation of term_*_ took 0.00107ms
interpretation of term_=_ took 0.000481ms
interpretation of term_-_ took 0.000481ms
interpretation of term_*_ took 0.000421ms
interpretation of term_=_ took 0.0015ms
interpretation of term_-_ took 0.000571ms
interpretation of term_*_ took 0.000481ms
interpretation of term_^_ took 0.00135ms
interpretation of term_-_ took 0.000461ms
interpretation of term_=_ took 0.000411ms
interpretation of term_-_ took 0.00043ms
interpretation of term_*_ took 0.00036ms
interpretation of term_^_ took 0.000371ms
interpretation of term_-_ took 0.000391ms
interpretation of term_=_ took 0.00143ms
interpretation of term_*_ took 0.000551ms
interpretation of term_=_ took 0.000411ms
interpretation of term_*_ took 0.000401ms
interpretation of term_=_ took 0.0014ms
interpretation of term_+_ took 0.00159ms
interpretation of term_*_ took 0.000461ms
interpretation of term_^_ took 0.000491ms
interpretation of term_=_ took 0.000391ms
interpretation of term_+_ took 0.000441ms
interpretation of term_*_ took 0.000361ms
interpretation of term_^_ took 0.000431ms
typeclass inference of UsesSetNotationForOrder took 0.029ms
typeclass inference of UsesSetNotationForOrder took 0.0179ms
interpretation of term_↔_ took 0.00156ms
interpretation of term_≤_ took 0.000842ms
interpretation of term_≤_ took 0.000491ms
interpretation of coeNotation took 0.00104ms
interpretation of coeNotation took 0.000351ms
interpretation of termℕ took 0.00652ms
interpretation of term_↔_ took 0.000571ms
interpretation of term_≤_ took 0.000431ms
interpretation of term_≤_ took 0.000421ms
interpretation of coeNotation took 0.000361ms
interpretation of coeNotation took 0.00036ms
interpretation of termℕ took 0.00321ms
typeclass inference of UsesSetNotationForOrder took 0.0158ms
typeclass inference of UsesSetNotationForOrder took 0.0106ms
interpretation of term_↔_ took 0.000902ms
interpretation of term_<_ took 0.000812ms
interpretation of term_<_ took 0.000481ms
interpretation of coeNotation took 0.000641ms
interpretation of coeNotation took 0.000341ms
interpretation of termℕ took 0.00461ms
interpretation of term_↔_ took 0.000552ms
interpretation of term_<_ took 0.00043ms
interpretation of term_<_ took 0.000411ms
interpretation of coeNotation took 0.000361ms
interpretation of coeNotation took 0.000381ms
interpretation of termℕ took 0.00296ms
interpretation of term_↔_ took 0.000912ms
interpretation of term_=_ took 0.000642ms
interpretation of term_=_ took 0.000391ms
interpretation of coeNotation took 0.000531ms
interpretation of coeNotation took 0.00033ms
interpretation of termℕ took 0.00399ms
interpretation of term_↔_ took 0.000451ms
interpretation of term_=_ took 0.000381ms
interpretation of term_=_ took 0.000411ms
interpretation of coeNotation took 0.00032ms
interpretation of coeNotation took 0.00037ms
interpretation of termℕ took 0.0027ms
typeclass inference of UsesSetNotationForOrder took 0.0148ms
interpretation of term_≤_ took 0.00105ms
interpretation of coeNotation took 0.000431ms
interpretation of termℕ took 0.00342ms
interpretation of term_≤_ took 0.000501ms
interpretation of coeNotation took 0.00034ms
interpretation of termℕ took 0.0028ms
interpretation of term_^_ took 0.00178ms
interpretation of term_^_ took 0.000641ms
interpretation of term_*_ took 0.00151ms
interpretation of term_^_ took 0.000591ms
interpretation of term_*_ took 0.000501ms
interpretation of term_^_ took 0.000411ms
typeclass inference of LE took 0.126ms
typeclass inference of HAdd took 0.335ms
typeclass inference of HSub took 0.358ms
typeclass inference of LE took 0.0529ms
typeclass inference of Decidable took 0.186ms
typeclass inference of Decidable took 0.0118ms
typeclass inference of HAdd took 0.118ms
typeclass inference of HSub took 0.163ms
typeclass inference of LE took 0.00454ms
typeclass inference of Decidable took 0.107ms
typeclass inference of Decidable took 0.0112ms
typeclass inference of HSub took 0.0442ms
typeclass inference of LE took 0.00347ms
typeclass inference of Decidable took 0.0155ms
typeclass inference of Decidable took 0.00982ms
typeclass inference of HMul took 0.719ms
typeclass inference of HMul took 0.0366ms
typeclass inference of HMul took 0.0334ms
typeclass inference of HAdd took 0.0332ms
typeclass inference of HAdd took 0.0322ms
typeclass inference of LT took 0.0387ms
typeclass inference of Decidable took 0.797ms
typeclass inference of Decidable took 4.75ms
typeclass inference of Decidable took 0.00438ms
typeclass inference of Decidable took 3.92ms
typeclass inference of Decidable took 0.00386ms
typeclass inference of Decidable took 3.86ms
typeclass inference of Decidable took 0.00412ms
typeclass inference of Decidable took 0.00283ms
typeclass inference of Decidable took 0.00238ms
typeclass inference of LE took 0.00406ms
typeclass inference of Decidable took 0.222ms
typeclass inference of Decidable took 0.00322ms
instantiate metavars took 0.00189ms
tactic execution of Lean.Parser.Tactic.omega took 5.33ms
tactic execution of ProofBroker.Tactic.proofBrokerTerm took 450ms
tactic execution of Lean.Parser.Tactic.tacticSeq1Indented took 0.0239ms
tactic execution of Lean.Parser.Tactic.tacticSeq took 0.0166ms
tactic execution of Lean.Parser.Tactic.paren took 0.0109ms
tactic execution of Lean.Parser.Tactic.withAnnotateState took 0.0147ms
tactic execution of Lean.Parser.Tactic.tacticSeq1Indented took 0.0116ms
tactic execution of Lean.Parser.Tactic.tacticSeq took 0.00803ms
tactic execution of Lean.Parser.Tactic.case took 0.117ms
tactic execution of Lean.Parser.Tactic.tacticSeq1Indented took 0.0219ms
tactic execution of Lean.Parser.Tactic.tacticSeq took 0.00999ms
tactic execution of Lean.Parser.Tactic.focus took 0.0172ms
tactic execution of Lean.Parser.Tactic.tacticHave__ took 0.0436ms
typeclass inference of OfNat took 1.25ms
typeclass inference of OfNat took 0.183ms
typeclass inference of OfNat took 0.0505ms
typeclass inference of HAdd took 1.11ms
typeclass inference of HMul took 0.971ms
typeclass inference of HPow took 0.209ms
typeclass inference of HMul took 0.0986ms
typeclass inference of HAdd took 0.0541ms
typeclass inference of OfNat took 0.0637ms
typeclass inference of HPow took 0.122ms
typeclass inference of HMul took 0.0588ms
typeclass inference of HAdd took 0.0495ms
typeclass inference of OfNat took 0.0614ms
typeclass inference of OfNat took 0.0587ms
typeclass inference of OfNat took 0.0463ms
typeclass inference of HPow took 0.125ms
typeclass inference of HMul took 0.0746ms
typeclass inference of HAdd took 0.0487ms
typeclass inference of OfNat took 0.0562ms
typeclass inference of OfNat took 0.0719ms
typeclass inference of HAdd took 0.13ms
typeclass inference of HMul took 0.126ms
typeclass inference of HPow took 0.17ms
typeclass inference of HMul took 0.0828ms
typeclass inference of HAdd took 0.0502ms
typeclass inference of OfNat took 0.0457ms
typeclass inference of HPow took 0.135ms
typeclass inference of HMul took 0.0839ms
typeclass inference of HAdd took 0.0498ms
typeclass inference of OfNat took 0.0385ms
typeclass inference of OfNat took 0.0465ms
typeclass inference of HPow took 0.123ms
typeclass inference of HMul took 0.0579ms
typeclass inference of HAdd took 0.045ms
typeclass inference of OfNat took 0.0413ms
typeclass inference of HPow took 0.112ms
typeclass inference of HMul took 0.0541ms
typeclass inference of HAdd took 0.0475ms
typeclass inference of OfNat took 0.0415ms
typeclass inference of HPow took 0.109ms
typeclass inference of HMul took 0.0495ms
typeclass inference of HAdd took 0.0432ms
typeclass inference of OfNat took 0.041ms
typeclass inference of HPow took 0.119ms
typeclass inference of HMul took 0.0793ms
typeclass inference of HAdd took 0.0551ms
typeclass inference of OfNat took 0.0576ms
typeclass inference of HPow took 0.109ms
typeclass inference of HMul took 0.0495ms
typeclass inference of HAdd took 0.0439ms
typeclass inference of OfNat took 0.0394ms
typeclass inference of HPow took 0.116ms
typeclass inference of HMul took 0.0604ms
typeclass inference of HAdd took 0.0478ms
typeclass inference of OfNat took 0.0396ms
typeclass inference of HPow took 0.108ms
typeclass inference of HMul took 0.049ms
typeclass inference of HAdd took 0.0444ms
typeclass inference of Pow took 0.0486ms
typeclass inference of CategoryTheory.CartesianMonoidalCategory took 0.0697ms
typeclass inference of CategoryTheory.CartesianMonoidalCategory took 0.00496ms
typeclass inference of NPow took 2.06ms
typeclass inference of OfNat took 0.0492ms
typeclass inference of HMul took 0.921ms
typeclass inference of HAdd took 0.00363ms
typeclass inference of OfNat took 0.0832ms
typeclass inference of HPow took 0.145ms
typeclass inference of HMul took 0.0554ms
typeclass inference of HAdd took 0.048ms
typeclass inference of OfNat took 0.0419ms
typeclass inference of HPow took 0.134ms
typeclass inference of HMul took 0.0525ms
typeclass inference of HAdd took 0.051ms
typeclass inference of OfNat took 0.0658ms
typeclass inference of HPow took 0.146ms
typeclass inference of HMul took 0.0555ms
typeclass inference of HAdd took 0.0467ms
typeclass inference of Pow took 0.0437ms
typeclass inference of NPow took 0.108ms
typeclass inference of OfNat took 0.00685ms
typeclass inference of HMul took 0.147ms
typeclass inference of HAdd took 0.00366ms
tactic execution of Lean.Parser.Tactic.refine took 2.62ms
tactic execution of Lean.Parser.Tactic.rewriteSeq took 0.146ms
tactic execution of Lean.Parser.Tactic.exact took 0.137ms
tactic execution of Lean.Parser.Tactic.exact took 0.0984ms
tactic execution of Lean.Parser.Tactic.eqRefl took 0.0108ms
tactic execution of Lean.Parser.Tactic.applyRfl took 0.0307ms
tactic execution of Lean.Parser.Tactic.tacticRfl took 0.0608ms
tactic execution of Lean.Parser.Tactic.tacticSeq1Indented took 0.00602ms
tactic execution of Lean.Parser.Tactic.tacticSeq took 0.00382ms
tactic execution of Lean.Parser.Tactic.withReducible took 0.00676ms
tactic execution of Lean.Parser.Tactic.tacticSeq1Indented took 0.0106ms
tactic execution of Lean.Parser.Tactic.tacticSeq took 0.00313ms
tactic execution of Lean.Parser.Tactic.paren took 0.00366ms
tactic execution of Lean.Parser.Tactic.tacticSeq1Indented took 0.00386ms
tactic execution of Lean.Parser.Tactic.tacticSeq took 0.00465ms
tactic execution of Lean.Parser.Tactic.skip took 0.00321ms
tactic execution of Lean.Parser.Tactic.tacticSeq1Indented took 0.00723ms
tactic execution of Lean.Parser.Tactic.tacticSeq took 0.00392ms
tactic execution of Lean.Parser.Tactic.first took 0.00938ms
tactic execution of Lean.Parser.Tactic.tacticTry_ took 0.00846ms
tactic execution of Lean.Parser.Tactic.tacticSeq1Indented took 0.00675ms
tactic execution of Lean.Parser.Tactic.tacticSeq took 0.00298ms
tactic execution of Lean.Parser.Tactic.paren took 0.00302ms
tactic execution of Lean.Parser.Tactic.withAnnotateState took 0.0124ms
tactic execution of Lean.Parser.Tactic.tacticSeq1Indented took 0.0151ms
tactic execution of Lean.Parser.Tactic.tacticSeq took 0.00292ms
tactic execution of Lean.Parser.Tactic.paren took 0.00374ms
tactic execution of Lean.Parser.Tactic.rwSeq took 0.00958ms
tactic execution of Lean.Parser.Tactic.exact took 0.0502ms
tactic execution of Lean.Parser.Tactic.tacticSeq1Indented took 0.0102ms
tactic execution of Lean.Parser.Tactic.tacticSeq took 0.0139ms
tactic execution of Lean.Parser.Tactic.rewriteSeq took 2.67ms
tactic execution of Lean.Parser.Tactic.exact took 0.0836ms
tactic execution of Lean.Parser.Tactic.exact took 0.0763ms
tactic execution of Lean.Parser.Tactic.eqRefl took 0.00981ms
tactic execution of Lean.Parser.Tactic.tacticRfl took 0.0276ms
tactic execution of Lean.Parser.Tactic.tacticSeq1Indented took 0.00367ms
tactic execution of Lean.Parser.Tactic.tacticSeq took 0.0027ms
tactic execution of Lean.Parser.Tactic.withReducible took 0.00269ms
tactic execution of Lean.Parser.Tactic.tacticSeq1Indented took 0.00264ms
tactic execution of Lean.Parser.Tactic.tacticSeq took 0.00541ms
tactic execution of Lean.Parser.Tactic.paren took 0.00251ms
tactic execution of Lean.Parser.Tactic.tacticSeq1Indented took 0.00307ms
tactic execution of Lean.Parser.Tactic.tacticSeq took 0.00234ms
tactic execution of Lean.Parser.Tactic.first took 0.00284ms
tactic execution of Lean.Parser.Tactic.tacticTry_ took 0.00452ms
tactic execution of Lean.Parser.Tactic.tacticSeq1Indented took 0.0031ms
tactic execution of Lean.Parser.Tactic.tacticSeq took 0.00251ms
tactic execution of Lean.Parser.Tactic.paren took 0.00295ms
tactic execution of Lean.Parser.Tactic.withAnnotateState took 0.0124ms
tactic execution of Lean.Parser.Tactic.tacticSeq1Indented took 0.011ms
tactic execution of Lean.Parser.Tactic.tacticSeq took 0.00405ms
tactic execution of Lean.Parser.Tactic.paren took 0.00354ms
tactic execution of Lean.Parser.Tactic.rwSeq took 0.0201ms
tactic execution of Lean.Parser.Tactic.tacticSeq1Indented took 0.00371ms
tactic execution of Lean.Parser.Tactic.tacticSeq took 0.0027ms
tactic execution of Lean.Parser.Tactic.paren took 0.00383ms
tactic execution of Lean.Parser.Tactic.withAnnotateState took 0.00635ms
tactic execution of Lean.Parser.Tactic.tacticSeq1Indented took 0.00473ms
tactic execution of Lean.Parser.Tactic.tacticSeq took 0.00429ms
tactic execution of Lean.Parser.Tactic.case took 0.188ms
tactic execution of Lean.Parser.Tactic.tacticSeq1Indented took 0.0203ms
tactic execution of Lean.Parser.Tactic.tacticSeq took 0.00631ms
tactic execution of Lean.Parser.Tactic.focus took 0.0156ms
tactic execution of Lean.Parser.Tactic.tacticHave__ took 0.0584ms
typeclass inference of OfNat took 0.104ms
typeclass inference of OfNat took 0.0491ms
typeclass inference of OfNat took 0.057ms
typeclass inference of OfNat took 0.0443ms
typeclass inference of OfNat took 0.0363ms
typeclass inference of OfNat took 0.0332ms
typeclass inference of OfNat took 0.0311ms
typeclass inference of OfNat took 0.0314ms
typeclass inference of HMul took 0.174ms
typeclass inference of HMul took 0.00343ms
typeclass inference of HMul took 0.159ms
typeclass inference of HPow took 0.155ms
typeclass inference of HPow took 0.132ms
typeclass inference of HMul took 0.0625ms
typeclass inference of LT took 0.0285ms
typeclass inference of OfNat took 0.0411ms
typeclass inference of OfNat took 0.0525ms
typeclass inference of OfNat took 0.00337ms
typeclass inference of OfNat took 0.0547ms
typeclass inference of HPow took 0.144ms
typeclass inference of HPow took 0.117ms
typeclass inference of HMul took 0.0489ms
typeclass inference of OfNat took 0.0591ms
typeclass inference of OfNat took 0.0342ms
typeclass inference of HPow took 0.111ms
typeclass inference of HPow took 0.126ms
typeclass inference of HMul took 0.0682ms
typeclass inference of OfNat took 0.042ms
typeclass inference of OfNat took 0.0335ms
typeclass inference of HPow took 0.108ms
typeclass inference of HPow took 0.107ms
typeclass inference of HMul took 0.0873ms
typeclass inference of OfNat took 0.0726ms
typeclass inference of OfNat took 0.0413ms
typeclass inference of HPow took 0.141ms
typeclass inference of HPow took 0.131ms
typeclass inference of HMul took 0.0512ms
typeclass inference of Pow took 0.0416ms
typeclass inference of NPow took 0.0999ms
typeclass inference of OfNat took 0.0391ms
typeclass inference of OfNat took 0.0444ms
typeclass inference of HPow took 0.133ms
typeclass inference of HMul took 0.0576ms
typeclass inference of OfNat took 0.0457ms
typeclass inference of HPow took 0.113ms
typeclass inference of HMul took 0.0536ms
typeclass inference of OfNat took 0.0399ms
typeclass inference of HPow took 0.11ms
typeclass inference of HMul took 0.0511ms
typeclass inference of Pow took 0.0403ms
typeclass inference of NPow took 0.00313ms
typeclass inference of OfNat took 0.0393ms
typeclass inference of HMul took 0.0104ms
typeclass inference of OfNat took 0.0609ms
typeclass inference of OfNat took 0.0452ms
typeclass inference of OfNat took 0.0477ms
typeclass inference of OfNat took 0.0406ms
typeclass inference of HMul took 0.00375ms
typeclass inference of HMul took 0.00223ms
typeclass inference of HMul took 0.0388ms
typeclass inference of HPow took 0.135ms
typeclass inference of HMul took 0.0729ms
typeclass inference of LE took 0.0319ms
typeclass inference of OfNat took 0.00334ms
typeclass inference of OfNat took 0.0616ms
typeclass inference of HPow took 0.139ms
typeclass inference of HMul took 0.0724ms
typeclass inference of OfNat took 0.0473ms
typeclass inference of HPow took 0.14ms
typeclass inference of HMul took 0.0527ms
typeclass inference of OfNat took 0.0876ms
typeclass inference of OfNat took 0.0502ms
typeclass inference of OfNat took 0.0481ms
typeclass inference of OfNat took 0.0431ms
typeclass inference of OfNat took 0.0372ms
typeclass inference of OfNat took 0.0321ms
typeclass inference of OfNat took 0.0323ms
typeclass inference of OfNat took 0.0303ms
typeclass inference of HMul took 0.00395ms
typeclass inference of HPow took 0.142ms
typeclass inference of HPow took 0.134ms
typeclass inference of HMul took 0.0555ms
typeclass inference of LT took 0.0098ms
typeclass inference of OfNat took 0.00322ms
typeclass inference of OfNat took 0.0518ms
typeclass inference of OfNat took 0.00291ms
typeclass inference of OfNat took 0.0425ms
typeclass inference of HPow took 0.121ms
typeclass inference of HPow took 0.112ms
typeclass inference of HMul took 0.0477ms
typeclass inference of OfNat took 0.0408ms
typeclass inference of OfNat took 0.0422ms
typeclass inference of HPow took 0.11ms
typeclass inference of HPow took 0.11ms
typeclass inference of HMul took 0.0466ms
typeclass inference of OfNat took 0.00506ms
typeclass inference of HPow took 0.295ms
typeclass inference of HMul took 0.00303ms
typeclass inference of OfNat took 0.00227ms
typeclass inference of OfNat took 0.00183ms
typeclass inference of HPow took 0.00173ms
typeclass inference of HPow took 0.00129ms
typeclass inference of HMul took 0.00164ms
typeclass inference of Trans took 0.244ms
typeclass inference of LE took 0.419ms
typeclass inference of LE took 0.088ms
typeclass inference of Zero took 0.179ms
typeclass inference of PartialOrder took 0.0717ms
typeclass inference of Ring took 1.23ms
typeclass inference of AddMonoidWithOne took 0.0539ms
norm_num took 0.492ms
typeclass inference of Semiring took 0.0439ms
typeclass inference of PartialOrder took 0.00278ms
typeclass inference of CommSemiring took 0.0443ms
typeclass inference of IsOrderedRing took 1.13ms
typeclass inference of Nontrivial took 0.0657ms
typeclass inference of Semiring took 0.00258ms
typeclass inference of IsStrictOrderedRing took 0.0378ms
tactic execution of Mathlib.Tactic.Positivity.positivity took 1.83ms
tactic execution of Lean.Parser.Tactic.tacticSeq1Indented took 0.0146ms
tactic execution of Lean.Parser.Tactic.tacticSeq took 0.0314ms
tactic execution of Lean.Parser.Tactic.refine took 8.9ms
tactic execution of Lean.Parser.Tactic.rotateRight took 0.00771ms
tactic execution of Lean.Parser.Tactic.tacticSeq1Indented took 0.019ms
tactic execution of Lean.Parser.Tactic.tacticSeq took 0.00473ms
tactic execution of Lean.Parser.Tactic.paren took 0.00643ms
tactic execution of Lean.Parser.Tactic.tacticSeq1Indented took 0.00666ms
tactic execution of Lean.Parser.Tactic.tacticSeq took 0.0057ms
tactic execution of Lean.Parser.Tactic.focus took 0.00884ms
tactic execution of Lean.Parser.Tactic.tacticRefine_lift_ took 0.00911ms
tactic execution of Lean.Parser.Tactic.tacticHave__ took 0.034ms
typeclass inference of HMul took 0.168ms
typeclass inference of HMul took 0.161ms
typeclass inference of LT took 0.0279ms
tactic execution of Lean.Parser.Tactic.refine took 0.57ms
interpretation of term_=_ took 0.00251ms
interpretation of term_-_ took 0.0015ms
interpretation of term_*_ took 0.000932ms
interpretation of term_=_ took 0.000501ms
interpretation of term_-_ took 0.00044ms
interpretation of term_*_ took 0.000421ms
interpretation of term_=_ took 0.00143ms
interpretation of term_-_ took 0.000611ms
interpretation of term_*_ took 0.000501ms
interpretation of term_^_ took 0.00107ms
interpretation of term_-_ took 0.000401ms
interpretation of term_=_ took 0.00043ms
interpretation of term_-_ took 0.000391ms
interpretation of term_*_ took 0.000431ms
interpretation of term_^_ took 0.00038ms
interpretation of term_-_ took 0.000441ms
interpretation of term_=_ took 0.00154ms
interpretation of term_*_ took 0.000571ms
interpretation of term_=_ took 0.000401ms
interpretation of term_*_ took 0.00042ms
interpretation of term_=_ took 0.00134ms
interpretation of term_+_ took 0.00173ms
interpretation of term_*_ took 0.000461ms
interpretation of term_^_ took 0.000491ms
interpretation of term_=_ took 0.00045ms
interpretation of term_+_ took 0.00047ms
interpretation of term_*_ took 0.000371ms
interpretation of term_^_ took 0.000391ms
typeclass inference of UsesSetNotationForOrder took 0.0253ms
typeclass inference of UsesSetNotationForOrder took 0.0117ms
interpretation of term_↔_ took 0.0017ms
interpretation of term_≤_ took 0.000922ms
interpretation of term_≤_ took 0.0004ms
interpretation of coeNotation took 0.00137ms
interpretation of coeNotation took 0.000341ms
interpretation of termℕ took 0.00999ms
interpretation of term_↔_ took 0.000581ms
interpretation of term_≤_ took 0.00044ms
interpretation of term_≤_ took 0.000481ms
interpretation of coeNotation took 0.00032ms
interpretation of coeNotation took 0.00036ms
interpretation of termℕ took 0.00314ms
typeclass inference of UsesSetNotationForOrder took 0.0225ms
typeclass inference of UsesSetNotationForOrder took 0.0107ms
interpretation of term_↔_ took 0.00121ms
interpretation of term_<_ took 0.000832ms
interpretation of term_<_ took 0.000431ms
interpretation of coeNotation took 0.000772ms
interpretation of coeNotation took 0.000341ms
interpretation of termℕ took 0.00478ms
interpretation of term_↔_ took 0.000551ms
interpretation of term_<_ took 0.000441ms
interpretation of term_<_ took 0.000461ms
interpretation of coeNotation took 0.00039ms
interpretation of coeNotation took 0.000341ms
interpretation of termℕ took 0.00344ms
interpretation of term_↔_ took 0.000972ms
interpretation of term_=_ took 0.000732ms
interpretation of term_=_ took 0.000471ms
interpretation of coeNotation took 0.000431ms
interpretation of coeNotation took 0.00033ms
interpretation of termℕ took 0.00471ms
interpretation of term_↔_ took 0.000491ms
interpretation of term_=_ took 0.000431ms
interpretation of term_=_ took 0.000441ms
interpretation of coeNotation took 0.00034ms
interpretation of coeNotation took 0.000371ms
interpretation of termℕ took 0.00278ms
typeclass inference of UsesSetNotationForOrder took 0.0268ms
interpretation of term_≤_ took 0.00107ms
interpretation of coeNotation took 0.0005ms
interpretation of termℕ took 0.00415ms
interpretation of term_≤_ took 0.000521ms
interpretation of coeNotation took 0.000351ms
interpretation of termℕ took 0.00279ms
interpretation of term_*_ took 0.00203ms
interpretation of term_*_ took 0.000581ms
interpretation of term_^_ took 0.00207ms
interpretation of term_^_ took 0.000591ms
interpretation of term_*_ took 0.00155ms
interpretation of term_^_ took 0.000592ms
interpretation of term_*_ took 0.000491ms
interpretation of term_^_ took 0.000471ms
interpretation of term_+_ took 0.00208ms
interpretation of term_*_ took 0.000571ms
interpretation of term_^_ took 0.000411ms
interpretation of term_+_ took 0.000491ms
interpretation of term_*_ took 0.000411ms
interpretation of term_^_ took 0.000401ms
typeclass inference of LE took 0.0889ms
typeclass inference of HAdd took 0.261ms
typeclass inference of HSub took 0.173ms
typeclass inference of LE took 0.0272ms
typeclass inference of Decidable took 0.125ms
typeclass inference of Decidable took 0.012ms
typeclass inference of HSub took 0.0425ms
typeclass inference of LE took 0.00351ms
typeclass inference of Decidable took 0.0156ms
typeclass inference of Decidable took 0.0101ms
typeclass inference of HMul took 0.182ms
typeclass inference of HMul took 0.0393ms
typeclass inference of HAdd took 0.0332ms
typeclass inference of LT took 0.0289ms
typeclass inference of Decidable took 0.345ms
typeclass inference of LE took 0.00437ms
typeclass inference of LE took 0.0121ms
typeclass inference of LE took 0.0038ms
typeclass inference of Decidable took 0.151ms
typeclass inference of Decidable took 0.00311ms
instantiate metavars took 0.00146ms
tactic execution of Lean.Parser.Tactic.omega took 4.38ms
tactic execution of ProofBroker.Tactic.proofBrokerTerm took 33.9ms
tactic execution of Lean.Parser.Tactic.tacticSeq1Indented took 0.00987ms
tactic execution of Lean.Parser.Tactic.tacticSeq took 0.00637ms
tactic execution of Lean.Parser.Tactic.paren took 0.00636ms
tactic execution of Lean.Parser.Tactic.withAnnotateState took 0.0098ms
tactic execution of Lean.Parser.Tactic.tacticSeq1Indented took 0.00499ms
tactic execution of Lean.Parser.Tactic.tacticSeq took 0.00418ms
tactic execution of Lean.Parser.Tactic.case took 0.0402ms
tactic execution of Lean.Parser.Tactic.tacticSeq1Indented took 0.0224ms
tactic execution of Lean.Parser.Tactic.tacticSeq took 0.00496ms
tactic execution of Lean.Parser.Tactic.focus took 0.00887ms
tactic execution of Lean.Parser.Tactic.tacticHave__ took 0.0249ms
typeclass inference of HMul took 1.25ms
typeclass inference of HMul took 0.931ms
typeclass inference of HMul took 0.14ms
typeclass inference of HMul took 0.145ms
tactic execution of Lean.Parser.Tactic.refine took 1.13ms
tactic execution of Lean.Parser.Tactic.rotateRight took 0.00735ms
tactic execution of Lean.Parser.Tactic.tacticSeq1Indented took 0.0181ms
tactic execution of Lean.Parser.Tactic.tacticSeq took 0.0095ms
tactic execution of Lean.Parser.Tactic.paren took 0.00779ms
tactic execution of Lean.Parser.Tactic.tacticSeq1Indented took 0.0056ms
tactic execution of Lean.Parser.Tactic.tacticSeq took 0.00598ms
tactic execution of Lean.Parser.Tactic.focus took 0.00849ms
tactic execution of Lean.Parser.Tactic.tacticRefine_lift_ took 0.00921ms
tactic execution of Lean.Parser.Tactic.tacticHave__ took 0.0232ms
tactic execution of Lean.Parser.Tactic.rewriteSeq took 0.774ms
tactic execution of Lean.Parser.Tactic.exact took 0.124ms
tactic execution of Lean.Parser.Tactic.exact took 0.0933ms
tactic execution of Lean.Parser.Tactic.eqRefl took 0.0143ms
tactic execution of Lean.Parser.Tactic.tacticRfl took 0.0405ms
tactic execution of Lean.Parser.Tactic.tacticSeq1Indented took 0.00511ms
tactic execution of Lean.Parser.Tactic.tacticSeq took 0.00269ms
tactic execution of Lean.Parser.Tactic.withReducible took 0.00579ms
tactic execution of Lean.Parser.Tactic.tacticSeq1Indented took 0.00356ms
tactic execution of Lean.Parser.Tactic.tacticSeq took 0.00286ms
tactic execution of Lean.Parsparsing took 0.0769ms
parsing took 0.0012ms
er.Tactic.paren took 0.00276ms
tactic execution of Lean.Parser.Tactic.tacticSeq1Indented took 0.00331ms
tactic execution of Lean.Parser.Tactic.tacticSeq took 0.00261ms
tactic execution of Lean.Parser.Tactic.first took 0.00562ms
tactic execution of Lean.Parser.Tactic.tacticTry_ took 0.00785ms
tactic execution of Lean.Parser.Tactic.tacticSeq1Indented took 0.00305ms
tactic execution of Lean.Parser.Tactic.tacticSeq took 0.00301ms
tactic execution of Lean.Parser.Tactic.paren took 0.00333ms
tactic execution of Lean.Parser.Tactic.withAnnotateState took 0.02ms
tactic execution of Lean.Parser.Tactic.tacticSeq1Indented took 0.011ms
tactic execution of Lean.Parser.Tactic.tacticSeq took 0.00337ms
tactic execution of Lean.Parser.Tactic.paren took 0.00386ms
tactic execution of Lean.Parser.Tactic.rwSeq took 0.0362ms
tactic execution of Lean.Parser.Tactic.tacticSeq1Indented took 0.0997ms
tactic execution of Lean.Parser.Tactic.tacticSeq took 0.0304ms
instantiate metavars took 0.349ms
instantiate metavars took 0.00036ms
instantiate metavars took 0.00015ms
instantiate metavars took 0.00011ms
instantiate metavars took 0.0001ms
share common exprs took 1.74ms
fix level params took 0.0922ms
let-to-have transformation took 0.00981ms
attribute application took 0.00286ms
attribute application took 0.000622ms
process pre-definitions took 0.841ms
elaboration took 1.8ms
type checking took 2.07ms
type checking took 7.82ms
type checking took 10.6ms
type checking took 6.29ms
type checking took 10.3ms
overlappingInstancesLinter took 0.188ms
tacticAnalysis took 3.71ms
linting took 13.4ms
attribute application took 0.00261ms
typeclass inference of OfNat took 0.0703ms
typeclass inference of OfNat took 0.0406ms
typeclass inference of HSub took 0.965ms
typeclass inference of HMul took 0.904ms
typeclass inference of HMul took 0.743ms
typeclass inference of HSub took 0.669ms
typeclass inference of OfNat took 0.777ms
typeclass inference of OfNat took 0.0829ms
typeclass inference of OfNat took 0.0437ms
typeclass inference of OfNat took 0.0391ms
typeclass inference of OfNat took 0.0312ms
typeclass inference of OfNat took 0.0387ms
typeclass inference of OfNat took 0.0326ms
typeclass inference of OfNat took 0.0284ms
typeclass inference of OfNat took 0.0298ms
typeclass inference of HSub took 0.00447ms
typeclass inference of HSub took 0.00243ms
typeclass inference of HMul took 0.00242ms
typeclass inference of HSub took 0.0343ms
typeclass inference of HPow took 0.206ms
typeclass inference of HMul took 0.0598ms
typeclass inference of HSub took 0.0496ms
typeclass inference of OfNat took 0.898ms
typeclass inference of OfNat took 0.073ms
typeclass inference of OfNat took 0.00389ms
typeclass inference of HPow took 0.133ms
typeclass inference of HMul took 0.0566ms
typeclass inference of HSub took 0.0463ms
typeclass inference of OfNat took 0.0407ms
typeclass inference of HPow took 0.109ms
typeclass inference of HMul took 0.0516ms
typeclass inference of HSub took 0.0426ms
typeclass inference of OfNat took 0.056ms
typeclass inference of OfNat took 0.0536ms
typeclass inference of OfNat took 0.0608ms
typeclass inference of OfNat took 0.0453ms
typeclass inference of HPow took 0.14ms
typeclass inference of LE took 0.0307ms
typeclass inference of OfNat took 0.0349ms
typeclass inference of OfNat took 0.0449ms
typeclass inference of HPow took 0.116ms
typeclass inference of OfNat took 0.038ms
typeclass inference of HPow took 0.106ms
typeclass inference of OfNat took 0.0557ms
typeclass inference of OfNat took 0.0426ms
typeclass inference of OfNat took 0.0341ms
typeclass inference of OfNat took 0.0315ms
typeclass inference of HPow took 0.193ms
typeclass inference of LT took 0.0341ms
typeclass inference of OfNat took 0.00406ms
typeclass inference of OfNat took 0.0521ms
typeclass inference of HPow took 0.139ms
typeclass inference of OfNat took 0.0822ms
typeclass inference of HPow took 0.109ms
typeclass inference of OfNat took 0.0633ms
typeclass inference of OfNat took 0.0807ms
typeclass inference of OfNat took 0.0431ms
typeclass inference of OfNat took 0.0369ms
typeclass inference of HPow took 0.168ms
typeclass inference of LT took 0.00865ms
typeclass inference of OfNat took 0.00375ms
typeclass inference of OfNat took 0.0708ms
typeclass inference of HPow took 0.178ms
typeclass inference of OfNat took 0.117ms
typeclass inference of HPow took 0.301ms
typeclass inference of OfNat took 0.0623ms
typeclass inference of OfNat took 0.0448ms
typeclass inference of OfNat took 0.0333ms
typeclass inference of OfNat took 0.0319ms
typeclass inference of HPow took 0.282ms
typeclass inference of LT took 0.00437ms
typeclass inference of OfNat took 0.00262ms
typeclass inference of OfNat took 0.0561ms
typeclass inference of HPow took 0.138ms
typeclass inference of OfNat took 0.0421ms
typeclass inference of HPow took 0.106ms
typeclass inference of OfNat took 0.0608ms
typeclass inference of OfNat took 0.0425ms
typeclass inference of OfNat took 0.0487ms
typeclass inference of OfNat took 0.0336ms
typeclass inference of HMul took 0.125ms
typeclass inference of HAdd took 0.135ms
typeclass inference of HMul took 0.00341ms
typeclass inference of HMul took 0.142ms
typeclass inference of HPow took 0.13ms
typeclass inference of HMul took 0.0784ms
typeclass inference of HAdd took 0.0766ms
typeclass inference of OfNat took 0.00373ms
typeclass inference of OfNat took 0.0554ms
typeclass inference of HPow took 0.119ms
typeclass inference of HMul took 0.0521ms
typeclass inference of HAdd took 0.0484ms
typeclass inference of OfNat took 0.0409ms
typeclass inference of HPow took 0.106ms
typeclass inference of HMul took 0.049ms
typeclass inference of HAdd took 0.0439ms
typeclass inference of OfNat took 0.0416ms
typeclass inference of HPow took 0.114ms
typeclass inference of HMul took 0.0504ms
typeclass inference of HSub took 0.0493ms
typeclass inference of OfNat took 0.0449ms
typeclass inference of HPow took 0.109ms
typeclass inference of OfNat took 0.0374ms
typeclass inference of HPow took 0.106ms
typeclass inference of OfNat took 0.0361ms
typeclass inference of HPow took 0.102ms
typeclass inference of OfNat took 0.0368ms
typeclass inference of HPow took 0.103ms
typeclass inference of OfNat took 0.0369ms
typeclass inference of HPow took 0.103ms
typeclass inference of HMul took 0.0489ms
typeclass inference of HAdd took 0.0445ms
typeclass inference of OfNat took 0.0382ms
typeclass inference of HPow took 0.105ms
typeclass inference of HMul took 0.0583ms
typeclass inference of HSub took 0.0446ms
typeclass inference of OfNat took 0.0391ms
typeclass inference of HPow took 0.104ms
typeclass inference of OfNat took 0.0376ms
typeclass inference of HPow took 0.11ms
typeclass inference of OfNat took 0.0376ms
typeclass inference of HPow took 0.133ms
typeclass inference of OfNat took 0.0571ms
typeclass inference of HPow took 0.117ms
typeclass inference of OfNat took 0.0378ms
typeclass inference of HPow took 0.101ms
typeclass inference of HMul took 0.0492ms
typeclass inference of HAdd took 0.0511ms
typeclass inference of Pow took 0.0527ms
typeclass inference of CategoryTheory.CartesianMonoidalCategory took 0.0525ms
typeclass inference of CategoryTheory.CartesianMonoidalCategory took 0.00984ms
typeclass inference of NPow took 2.7ms
typeclass inference of OfNat took 0.0578ms
typeclass inference of HMul took 0.0443ms
typeclass inference of HSub took 0.00604ms
typeclass inference of OfNat took 0.0915ms
typeclass inference of HPow took 0.13ms
typeclass inference of OfNat took 0.0414ms
typeclass inference of HPow took 0.115ms
typeclass inference of OfNat took 0.039ms
typeclass inference of HPow took 0.109ms
typeclass inference of OfNat took 0.04ms
typeclass inference of HPow took 0.112ms
typeclass inference of OfNat took 0.0378ms
typeclass inference of HPow took 0.117ms
typeclass inference of HMul took 0.0543ms
typeclass inference of HAdd took 0.0471ms
typeclass inference of OfNat took 0.0394ms
typeclass inference of HPow took 0.111ms
typeclass inference of OfNat took 0.0384ms
typeclass inference of HPow took 0.109ms
typeclass inference of OfNat took 0.039ms
typeclass inference of HPow took 0.109ms
typeclass inference of OfNat took 0.0377ms
typeclass inference of HPow took 0.105ms
typeclass inference of OfNat took 0.0371ms
typeclass inference of HPow took 0.1ms
typeclass inference of HMul took 0.0587ms
typeclass inference of HAdd took 0.0472ms
typeclass inference of OfNat took 0.0391ms
typeclass inference of HPow took 0.105ms
typeclass inference of OfNat took 0.0377ms
typeclass inference of HPow took 0.105ms
typeclass inference of OfNat took 0.0361ms
typeclass inference of HPow took 0.103ms
typeclass inference of OfNat took 0.0361ms
typeclass inference of HPow took 0.101ms
typeclass inference of OfNat took 0.0361ms
typeclass inference of HPow took 0.102ms
typeclass inference of HMul took 0.0501ms
typeclass inference of HAdd took 0.0458ms
typeclass inference of Pow took 0.0397ms
typeclass inference of NPow took 0.139ms
typeclass inference of OfNat took 0.0398ms
typeclass inference of OfNat took 0.0907ms
typeclass inference of HPow took 0.132ms
typeclass inference of OfNat took 0.0385ms
typeclass inference of HPow took 0.105ms
typeclass inference of OfNat took 0.0406ms
typeclass inference of HPow took 0.112ms
typeclass inference of OfNat took 0.0377ms
typeclass inference of HPow took 0.115ms
typeclass inference of HMul took 0.058ms
typeclass inference of HAdd took 0.0462ms
typeclass inference of OfNat took 0.0397ms
typeclass inference of HPow took 0.117ms
typeclass inference of OfNat took 0.0375ms
typeclass inference of HPow took 0.107ms
typeclass inference of OfNat took 0.0375ms
typeclass inference of HPow took 0.105ms
typeclass inference of OfNat took 0.0378ms
typeclass inference of HPow took 0.106ms
typeclass inference of HMul took 0.0514ms
typeclass inference of HAdd took 0.0463ms
typeclass inference of OfNat took 0.0401ms
typeclass inference of HPow took 0.117ms
typeclass inference of OfNat took 0.0394ms
typeclass inference of HPow took 0.106ms
typeclass inference of OfNat took 0.0391ms
typeclass inference of HPow took 0.126ms
typeclass inference of OfNat took 0.0392ms
typeclass inference of HPow took 0.107ms
typeclass inference of HMul took 0.053ms
typeclass inference of HAdd took 0.0477ms
typeclass inference of Pow took 0.0412ms
typeclass inference of NPow took 0.00329ms
typeclass inference of OfNat took 0.00287ms
typeclass inference of OfNat took 0.0476ms
typeclass inference of HPow took 0.139ms
typeclass inference of OfNat took 0.0644ms
typeclass inference of HPow took 0.117ms
typeclass inference of OfNat took 0.0409ms
typeclass inference of HPow took 0.107ms
typeclass inference of HMul took 0.0524ms
typeclass inference of HAdd took 0.0555ms
typeclass inference of OfNat took 0.0628ms
typeclass inference of HPow took 0.12ms
typeclass inference of OfNat took 0.0515ms
typeclass inference of HPow took 0.12ms
typeclass inference of OfNat took 0.0409ms
typeclass inference of HPow took 0.124ms
typeclass inference of HMul took 0.0512ms
typeclass inference of HAdd took 0.0479ms
typeclass inference of OfNat took 0.0472ms
typeclass inference of HPow took 0.131ms
typeclass inference of OfNat took 0.118ms
typeclass inference of HPow took 0.139ms
typeclass inference of OfNat took 0.0452ms
typeclass inference of HPow took 0.119ms
typeclass inference of HMul took 0.0718ms
typeclass inference of HAdd took 0.0502ms
typeclass inference of Pow took 0.0473ms
typeclass inference of NPow took 0.00374ms
typeclass inference of OfNat took 0.00321ms
typeclass inference of OfNat took 0.0492ms
typeclass inference of HPow took 0.12ms
typeclass inference of OfNat took 0.0436ms
typeclass inference of HPow took 0.135ms
typeclass inference of HMul took 0.108ms
typeclass inference of HAdd took 0.0834ms
typeclass inference of OfNat took 0.0447ms
typeclass inference of HPow took 0.121ms
typeclass inference of OfNat took 0.0471ms
typeclass inference of HPow took 0.131ms
typeclass inference of HMul took 0.0532ms
typeclass inference of HAdd took 0.0468ms
typeclass inference of OfNat took 0.0412ms
typeclass inference of HPow took 0.106ms
typeclass inference of OfNat took 0.0381ms
typeclass inference of HPow took 0.105ms
typeclass inference of HMul took 0.0513ms
typeclass inference of HAdd took 0.0457ms
typeclass inference of Pow took 0.0395ms
typeclass inference of NPow took 0.00356ms
typeclass inference of OfNat took 0.00403ms
typeclass inference of OfNat took 0.0445ms
typeclass inference of HPow took 0.145ms
typeclass inference of HMul took 0.212ms
typeclass inference of HAdd took 0.0962ms
typeclass inference of OfNat took 0.0451ms
typeclass inference of HPow took 0.176ms
typeclass inference of HMul took 0.0628ms
typeclass inference of HAdd took 0.055ms
typeclass inference of OfNat took 0.0452ms
typeclass inference of HPow took 0.118ms
typeclass inference of HMul took 0.0552ms
typeclass inference of HAdd took 0.0611ms
typeclass inference of Pow took 0.0426ms
typeclass inference of NPow took 0.00402ms
typeclass inference of OfNat took 0.00328ms
typeclass inference of HMul took 0.0343ms
typeclass inference of HAdd took 0.00756ms
instantiate metavars took 0.0479ms
instantiate metavars took 0.00019ms
typeclass inference of AddMonoidWithOne took 0.0459ms
norm_num took 0.272ms
typeclass inference of AddMonoidWithOne took 0.00441ms
norm_num took 0.0684ms
norm_num took 0.303ms
typeclass inference of Semiring took 0.042ms
typeclass inference of AddMonoidWithOne took 0.00341ms
norm_num took 0.0673ms
norm_num took 0.645ms
norm_num took 0.019ms
norm_num took 0.201ms
congr simp thm took 0.0375ms
norm_num took 0.00651ms
norm_num took 0.00421ms
typeclass inference of AddMonoidWithOne took 0.00569ms
norm_num took 0.161ms
typeclass inference of AddMonoidWithOne took 0.00438ms
norm_num took 0.0484ms
norm_num took 0.138ms
typeclass inference of Semiring took 0.00297ms
typeclass inference of AddMonoidWithOne took 0.00208ms
norm_num took 0.0406ms
norm_num took 0.191ms
norm_num took 0.0042ms
typeclass inference of Preorder took 0.14ms
typeclass inference of Preorder took 0.0504ms
typeclass inference of AddMonoidWithOne took 0.00463ms
norm_num took 0.0997ms
typeclass inference of AddMonoidWithOne took 0.00299ms
norm_num took 0.0431ms
typeclass inference of LT took 0.0307ms
typeclass inference of Semiring took 0.00223ms
typeclass inference of PartialOrder took 0.034ms
typeclass inference of CommSemiring took 0.0285ms
typeclass inference of IsOrderedRing took 1.14ms
typeclass inference of CharZero took 0.0414ms
norm_num took 0.24ms
tactic execution of Mathlib.Tactic.normNum took 1.71ms
tactic execution of Lean.Parser.Tactic.tacticSeq1Indented took 0.0116ms
tactic execution of Lean.Parser.Tactic.tacticSeq took 0.0165ms
typeclass inference of AddMonoidWithOne took 0.0351ms
norm_num took 0.0972ms
typeclass inference of AddMonoidWithOne took 0.00379ms
norm_num took 0.043ms
norm_num took 0.156ms
typeclass inference of Semiring took 0.0315ms
typeclass inference of AddMonoidWithOne took 0.00266ms
norm_num took 0.0448ms
norm_num took 0.313ms
norm_num took 0.0113ms
norm_num took 0.0964ms
congr simp thm took 0.0039ms
norm_num took 0.00402ms
norm_num took 0.00231ms
typeclass inference of AddMonoidWithOne took 0.00708ms
norm_num took 0.081ms
typeclass inference of AddMonoidWithOne took 0.00296ms
norm_num took 0.0348ms
norm_num took 0.0962ms
typeclass inference of Semiring took 0.00277ms
typeclass inference of AddMonoidWithOne took 0.00188ms
norm_num took 0.0366ms
norm_num took 0.131ms
norm_num took 0.00417ms
typeclass inference of Preorder took 0.139ms
typeclass inference of Preorder took 0.0553ms
typeclass inference of AddMonoidWithOne took 0.00531ms
norm_num took 0.118ms
typeclass inference of AddMonoidWithOne took 0.00323ms
norm_num took 0.0445ms
typeclass inference of LT took 0.0295ms
typeclass inference of Semiring took 0.00219ms
typeclass inference of PartialOrder took 0.0324ms
typeclass inference of CommSemiring took 0.0214ms
typeclass inference of IsOrderedRing took 1.01ms
typeclass inference of CharZero took 0.0422ms
norm_num took 0.14ms
tactic execution of Mathlib.Tactic.normNum took 0.914ms
tactic execution of Lean.Parser.Tactic.tacticSeq1Indented took 0.00876ms
tactic execution of Lean.Parser.Tactic.tacticSeq took 0.0133ms
instantiate metavars took 0.00521ms
instantiate metavars took 0.00023ms
instantiate metavars took 0.00016ms
instantiate metavars took 0.000441ms
instantiate metavars took 0.00011ms
share common exprs took 0.36ms
fix level params took 0.0574ms
attribute application took 0.00362ms
attribute application took 0.000772ms
process pre-definitions took 0.463ms
elaboration took 8.36ms
type checking took 1.93ms
overlappingInstancesLinter took 0.19ms
tacticAnalysis took 0.895ms
linting took 4.25ms
elaboration took 0.298ms
overlappingInstancesLinter took 0.0438ms
tacticAnalysis took 0.204ms
linting took 2.38ms
'RmsNorm.carry_stage_lift' depends on axioms: [propext, Classical.choice, Quot.sound]
elaboration took 888ms
overlappingInstancesLinter took 0.0401ms
tacticAnalysis took 0.197ms
linting took 1.68ms
'RmsNorm.carry_stage_lift_production' depends on axioms: [propext, Classical.choice, Quot.sound]
elaboration took 1.99ms
overlappingInstancesLinter took 0.0368ms
tacticAnalysis took 0.182ms
linting took 1.24ms
elaboration took 0.0233ms
overlappingInstancesLinter took 0.0147ms
tacticAnalysis took 0.125ms
linting took 0.803ms
module linting took 0.00134ms
cumulative profiling times:
	attribute application 0.0455ms
	congr simp thm 0.162ms
	elaboration 924ms
	fix level params 0.328ms
	instantiate metavars 1.17ms
	interpretation 0.309ms
	let-to-have transformation 0.101ms
	linting 65.4ms
	module linting 0.00104ms
	norm_num 10.9ms
	overlappingInstancesLinter 1.83ms
	parsing 6.99ms
	process pre-definitions 3.51ms
	ring 12.5ms
	share common exprs 6.05ms
	simp 1.62ms
	tactic execution 893ms
	tacticAnalysis 14.6ms
	type checking 97.8ms
	typeclass inference 315ms
PEAK_RSS_BYTES=737722368
EXIT=0 WALL=5.3s CAP=8G
