parsing took 0.0158ms
parsing took 0.745ms
parsing took 0.379ms
parsing took 0.444ms
overlappingInstancesLinter took 0.178ms
tacticAnalysis took 0.62ms
linting took 3.72ms
elaboration took 0.457ms
overlappingInstancesLinter took 0.154ms
tacticAnalysis took 0.253ms
linting took 4.28ms
attribute application took 0.0046ms
typeclass inference of HAdd took 0.26ms
typeclass inference of HAdd took 0.131ms
typeclass inference of LT took 0.0304ms
typeclass inference of HAdd took 1.19ms
typeclass inference of HAdd took 0.775ms
typeclass inference of HAdd took 0.00424ms
typeclass inference of HAdd took 0.0332ms
instantiate metavars took 0.00397ms
instantiate metavars took 0.000251ms
let-to-have transformation took 0.00712ms
attribute application took 0.00166ms
attribute application took 0.000751ms
elaboration took 1.94ms
typeclass inference of NeZero took 0.232ms
typeclass inference of NeZero took 0.0876ms
typeclass inference of NeZero took 0.0344ms
tactic execution of Lean.Parser.Tactic.rewriteSeq took 1.04ms
tactic execution of Lean.Parser.Tactic.exact took 0.106ms
tactic execution of Lean.Parser.Tactic.exact took 0.088ms
tactic execution of Lean.Parser.Tactic.eqRefl took 0.0122ms
tactic execution of Lean.Parser.Tactic.tacticRfl took 0.037ms
tactic execution of Lean.Parser.Tactic.tacticSeq1Indented took 0.00526ms
tactic execution of Lean.Parser.Tactic.tacticSeq took 0.00598ms
tactic execution of Lean.Parser.Tactic.withReducible took 0.00914ms
tactic execution of Lean.Parser.Tactic.tacticSeq1Indented took 0.00602ms
tactic execution of Lean.Parser.Tactic.tacticSeq took 0.00386ms
tactic execution of Lean.Parser.Tactic.paren took 0.00547ms
tactic execution of Lean.Parser.Tactic.tacticSeq1Indented took 0.00453ms
tactic execution of Lean.Parser.Tactic.tacticSeq took 0.00849ms
tactic execution of Lean.Parser.Tactic.first took 0.00643ms
tactic execution of Lean.Parser.Tactic.tacticTry_ took 0.00702ms
tactic execution of Lean.Parser.Tactic.tacticSeq1Indented took 0.00282ms
tactic execution of Lean.Parser.Tactic.tacticSeq took 0.0028ms
tactic execution of Lean.Parser.Tactic.paren took 0.00467ms
tactic execution of Lean.Parser.Tactic.withAnnotateState took 0.0143ms
tactic execution of Lean.Parser.Tactic.tacticSeq1Indented took 0.0199ms
tactic execution of Lean.Parser.Tactic.tacticSeq took 0.00686ms
tactic execution of Lean.Parser.Tactic.paren took 0.0118ms
tactic execution of Lean.Parser.Tactic.rwSeq took 0.0442ms
tactic execution of Lean.Parser.Tactic.tacticSeq1Indented took 0.012ms
tactic execution of Lean.Parser.Tactic.tacticSeq took 0.0201ms
instantiate metavars took 0.00452ms
instantiate metavars took 0.00021ms
instantiate metavars took 0.00012ms
instantiate metavars took 0.00015ms
instantiate metavars took 0.0001ms
share common exprs took 0.0608ms
fix level params took 0.0109ms
let-to-have transformation took 0.00269ms
attribute application took 0.00143ms
attribute application took 0.000702ms
process pre-definitions took 0.134ms
elaboration took 0.412ms
type checking took 0.733ms
overlappingInstancesLinter took 0.294ms
tacticAnalysis took 0.877ms
linting took 3.58ms
attribute application took 0.00159ms
typeclass inference of HMul took 0.175ms
typeclass inference of HMul took 0.131ms
typeclass inference of LT took 0.0264ms
typeclass inference of HMul took 0.896ms
typeclass inference of HMul took 0.829ms
typeclass inference of HMul took 0.00381ms
typeclass inference of HMul took 0.0334ms
instantiate metavars took 0.0035ms
instantiate metavars took 0.000181ms
let-to-have transformation took 0.00319ms
attribute application took 0.00101ms
attribute application took 0.000461ms
elaboration took 1.13ms
tactic execution of Lean.Parser.Tactic.rewriteSeq took 0.596ms
tactic execution of Lean.Parser.Tactic.exact took 0.139ms
tactic execution of Lean.Parser.Tactic.exact took 0.116ms
tactic execution of Lean.Parser.Tactic.eqRefl took 0.0119ms
tactic execution of Lean.Parser.Tactic.tacticRfl took 0.049ms
tactic execution of Lean.Parser.Tactic.tacticSeq1Indented took 0.00673ms
tactic execution of Lean.Parser.Tactic.tacticSeq took 0.00597ms
tactic execution of Lean.Parser.Tactic.withReducible took 0.00983ms
tactic execution of Lean.Paparsing took 1.98ms
rser.Tactic.tacticSeq1Indented took 0.0079ms
tactic execution of Lean.Parser.Tactic.tacticSeq took 0.00533ms
tactic execution of Lean.Parser.Tactic.paren took 0.00528ms
tactic execution of Lean.Parser.Tactic.tacticSeq1Indented took 0.00562ms
tactic execution of Lean.Parser.Tactic.tacticSeq took 0.00588ms
tactic execution of Lean.Parser.Tactic.first took 0.0093ms
tactic execution of Lean.Parser.Tactic.tacticTry_ took 0.00714ms
tactic execution of Lean.Parser.Tactic.tacticSeq1Indented took 0.00407ms
tactic execution of Lean.Parser.Tactic.tacticSeq took 0.00396ms
tactic execution of Lean.Parser.Tactic.paren took 0.00393ms
tactic execution of Lean.Parser.Tactic.withAnnotateState took 0.0123ms
tactic execution of Lean.Parser.Tactic.tacticSeq1Indented took 0.0151ms
tactic execution of Lean.Parser.Tactic.tacticSeq took 0.00605ms
tactic execution of Lean.Parser.Tactic.paren took 0.00632ms
tactic execution of Lean.Parser.Tactic.rwSeq took 0.0106ms
tactic execution of Lean.Parser.Tactic.tacticSeq1Indented took 0.00717ms
tactic execution of Lean.Parser.Tactic.tacticSeq took 0.0176ms
instantiate metavars took 0.00564ms
instantiate metavars took 0.00029ms
instantiate metavars took 0.00016ms
instantiate metavars took 0.00017ms
instantiate metavars took 0.000151ms
share common exprs took 0.0608ms
fix level params took 0.0105ms
let-to-have transformation took 0.00328ms
attribute application took 0.00173ms
attribute application took 0.000842ms
process pre-definitions took 0.101ms
elaboration took 0.286ms
type checking took 0.458ms
overlappingInstancesLinter took 0.132ms
tacticAnalysis took 0.449ms
linting took 2.89ms
attribute application took 0.00133ms
typeclass inference of OfNat took 0.117ms
typeclass inference of OfNat took 0.0409ms
typeclass inference of OfNat took 0.0365ms
typeclass inference of HPow took 0.334ms
typeclass inference of LT took 0.0259ms
typeclass inference of OfNat took 0.0482ms
typeclass inference of OfNat took 1ms
typeclass inference of CategoryTheory.CartesianMonoidalCategory took 0.0834ms
typeclass inference of CategoryTheory.CartesianMonoidalCategory took 0.00455ms
typeclass inference of HPow took 2.4ms
typeclass inference of OfNat took 0.0965ms
typeclass inference of OfNat took 0.0404ms
typeclass inference of HPow took 0.0366ms
typeclass inference of OfNat took 0.00315ms
instantiate metavars took 0.00507ms
instantiate metavars took 0.00019ms
let-to-have transformation took 0.00532ms
attribute application took 0.00158ms
attribute application took 0.000521ms
elaboration took 1.25ms
typeclass inference of OfNat took 0.966ms
typeclass inference of OfNat took 0.0869ms
typeclass inference of OfNat took 0.0464ms
typeclass inference of HPow took 0.613ms
typeclass inference of CoeT took 0.974ms
typeclass inference of OfNat took 0.0469ms
typeclass inference of CategoryTheory.CartesianMonoidalCategory took 0.0467ms
typeclass inference of CategoryTheory.CartesianMonoidalCategory took 0.00427ms
typeclass inference of HPow took 1.89ms
tactic execution of Lean.Parser.Tactic.refine took 0.991ms
congr simp thm took 0.0343ms
congr simp thm took 0.0318ms
congr simp thm took 0.0206ms
congr simp thm took 0.000541ms
typeclass inference of NatCast took 0.116ms
typeclass inference of NatCast took 0.0419ms
typeclass inference of FunLike took 1.58ms
typeclass inference of One took 0.606ms
typeclass inference of SMul took 1.11ms
typeclass inference of SMul took 0.713ms
typeclass inference of IsSMulApply took 0.0405ms
congr simp thm took 0.0445ms
congr simp thm took 0.000451ms
typeclass inference of Semiring took 0.656ms
congr simp thm took 0.000992ms
congr simp thm took 0.0003ms
typeclass inference of Nat.AtLeastTwo took 0.163ms
congr simp thm took 0.000672ms
congr simp thm took 0.000411ms
simp took 1.64ms
simp took 0.00368ms
tactic execution of Lean.Parser.Tactic.pushCast took 0.0642ms
tactic execution of Lean.Parser.Tactic.exact took 0.13ms
tactic execution of Lean.Parser.Tactic.exact took 0.0955ms
tactic execution of Lean.Parser.Tactic.eqRefl took 0.456ms
tactic execution of Lean.Parser.Tactic.tacticRfl took 0.0502ms
tactic executionparsing took 1.49ms
 of Lean.Parser.Tactic.tacticSeq1Indented took 0.0113ms
tactic execution of Lean.Parser.Tactic.tacticSeq took 0.00298ms
tactic execution of Lean.Parser.Tactic.paren took 0.00379ms
tactic execution of Lean.Parser.Tactic.withAnnotateState took 0.00639ms
tactic execution of Lean.Parser.Tactic.tacticSeq1Indented took 0.004ms
tactic execution of Lean.Parser.Tactic.tacticSeq took 0.0165ms
tactic execution of Lean.Parser.Tactic.case took 0.0558ms
tactic execution of Lean.Parser.Tactic.tacticSeq1Indented took 0.0159ms
tactic execution of Lean.Parser.Tactic.tacticSeq took 0.0049ms
tactic execution of Lean.Parser.Tactic.focus took 0.00891ms
tactic execution of Lean.Parser.Tactic.tacticHave__ took 0.0155ms
tactic execution of Lean.Parser.Tactic.rewriteSeq took 0.177ms
tactic execution of Lean.Parser.Tactic.exact took 0.0937ms
tactic execution of Lean.Parser.Tactic.exact took 0.106ms
tactic execution of Lean.Parser.Tactic.eqRefl took 0.0362ms
tactic execution of Lean.Parser.Tactic.applyRfl took 0.0196ms
tactic execution of Lean.Parser.Tactic.tacticRfl took 0.0355ms
tactic execution of Lean.Parser.Tactic.tacticSeq1Indented took 0.00486ms
tactic execution of Lean.Parser.Tactic.tacticSeq took 0.00361ms
tactic execution of Lean.Parser.Tactic.withReducible took 0.00535ms
tactic execution of Lean.Parser.Tactic.tacticSeq1Indented took 0.00353ms
tactic execution of Lean.Parser.Tactic.tacticSeq took 0.00261ms
tactic execution of Lean.Parser.Tactic.paren took 0.00301ms
tactic execution of Lean.Parser.Tactic.tacticSeq1Indented took 0.00291ms
tactic execution of Lean.Parser.Tactic.tacticSeq took 0.0027ms
tactic execution of Lean.Parser.Tactic.skip took 0.00231ms
tactic execution of Lean.Parser.Tactic.tacticSeq1Indented took 0.00326ms
tactic execution of Lean.Parser.Tactic.tacticSeq took 0.00318ms
tactic execution of Lean.Parser.Tactic.first took 0.00704ms
tactic execution of Lean.Parser.Tactic.tacticTry_ took 0.00676ms
tactic execution of Lean.Parser.Tactic.tacticSeq1Indented took 0.00283ms
tactic execution of Lean.Parser.Tactic.tacticSeq took 0.00236ms
tactic execution of Lean.Parser.Tactic.paren took 0.00266ms
tactic execution of Lean.Parser.Tactic.withAnnotateState took 0.0122ms
tactic execution of Lean.Parser.Tactic.tacticSeq1Indented took 0.00991ms
tactic execution of Lean.Parser.Tactic.tacticSeq took 0.0117ms
tactic execution of Lean.Parser.Tactic.paren took 0.00403ms
tactic execution of Lean.Parser.Tactic.rwSeq took 0.0337ms
tactic execution of Lean.Parser.Tactic.exact took 0.187ms
tactic execution of Lean.Parser.Tactic.tacticSeq1Indented took 0.0164ms
tactic execution of Lean.Parser.Tactic.tacticSeq took 0.0113ms
instantiate metavars took 0.014ms
instantiate metavars took 0.000281ms
instantiate metavars took 0.00014ms
instantiate metavars took 0.00016ms
instantiate metavars took 0.000111ms
share common exprs took 0.0984ms
fix level params took 0.0167ms
let-to-have transformation took 0.00684ms
attribute application took 0.0042ms
attribute application took 0.000751ms
process pre-definitions took 0.197ms
elaboration took 0.406ms
type checking took 0.959ms
overlappingInstancesLinter took 0.327ms
tacticAnalysis took 1.71ms
linting took 4.82ms
attribute application took 0.00242ms
typeclass inference of OfNat took 0.0606ms
typeclass inference of OfNat took 0.0382ms
typeclass inference of HSub took 0.853ms
typeclass inference of HMul took 0.866ms
typeclass inference of HMul took 0.719ms
typeclass inference of HSub took 0.686ms
typeclass inference of OfNat took 0.737ms
typeclass inference of OfNat took 0.0575ms
typeclass inference of OfNat took 0.0399ms
typeclass inference of OfNat took 0.0397ms
typeclass inference of OfNat took 0.0311ms
typeclass inference of OfNat took 0.0294ms
typeclass inference of HSub took 0.00383ms
typeclass inference of HSub took 0.00236ms
typeclass inference of HMul took 0.00213ms
typeclass inference of HSub took 0.0357ms
typeclass inference of CategoryTheory.CartesianMonoidalCategory took 0.0461ms
typeclass inference of CategoryTheory.CartesianMonoidalCategory took 0.00435ms
typeclass inference of HPow took 1.88ms
typparsing took 1.13ms
parsing took 0.0339ms
parsing took 0.0457ms
eclass inference of HMul took 0.0335ms
typeclass inference of HSub took 0.0278ms
typeclass inference of OfNat took 0.875ms
typeclass inference of OfNat took 0.00365ms
typeclass inference of OfNat took 0.0566ms
typeclass inference of OfNat took 0.0394ms
typeclass inference of HPow took 0.25ms
typeclass inference of LE took 0.0307ms
typeclass inference of OfNat took 0.0368ms
typeclass inference of OfNat took 0.054ms
typeclass inference of OfNat took 0.0391ms
typeclass inference of HPow took 0.0334ms
typeclass inference of LT took 0.0304ms
typeclass inference of OfNat took 0.00387ms
typeclass inference of OfNat took 0.0685ms
typeclass inference of OfNat took 0.0707ms
typeclass inference of HPow took 0.04ms
typeclass inference of LT took 0.00361ms
typeclass inference of OfNat took 0.00274ms
typeclass inference of OfNat took 0.0538ms
typeclass inference of OfNat took 0.0379ms
typeclass inference of HPow took 0.0331ms
typeclass inference of LT took 0.00262ms
typeclass inference of OfNat took 0.00231ms
typeclass inference of OfNat took 0.0516ms
typeclass inference of OfNat took 0.044ms
typeclass inference of HAdd took 0.136ms
typeclass inference of HAdd took 0.139ms
typeclass inference of OfNat took 0.0422ms
typeclass inference of OfNat took 0.0382ms
typeclass inference of HPow took 0.0333ms
typeclass inference of LT took 0.00279ms
typeclass inference of OfNat took 0.00262ms
typeclass inference of OfNat took 0.0554ms
typeclass inference of OfNat took 0.0424ms
typeclass inference of HAdd took 0.00384ms
typeclass inference of HAdd took 0.0324ms
typeclass inference of OfNat took 0.0548ms
typeclass inference of OfNat took 0.0575ms
typeclass inference of HPow took 0.0417ms
typeclass inference of LT took 0.00285ms
typeclass inference of OfNat took 0.00253ms
typeclass inference of OfNat took 0.0536ms
typeclass inference of OfNat took 0.0548ms
typeclass inference of HMul took 0.161ms
typeclass inference of HAdd took 0.0034ms
typeclass inference of HMul took 0.00222ms
typeclass inference of HMul took 0.284ms
typeclass inference of HPow took 0.0747ms
typeclass inference of HMul took 0.0442ms
typeclass inference of HAdd took 0.0426ms
typeclass inference of OfNat took 0.00303ms
instantiate metavars took 0.0157ms
instantiate metavars took 0.000331ms
let-to-have transformation took 0.0105ms
attribute application took 0.00158ms
attribute application took 0.000491ms
elaboration took 5.23ms
typeclass inference of HMul took 2.37ms
typeclass inference of HMul took 0.9ms
tactic execution of Lean.Parser.Tactic.refine took 0.711ms
typeclass inference of Add took 0.827ms
typeclass inference of AddRightCancelSemigroup took 0.818ms
typeclass inference of IsRightCancelAdd took 4.53ms
typeclass inference of AddGroup took 0.569ms
typeclass inference of CommSemiring took 0.449ms
typeclass inference of CommRing took 0.0433ms
typeclass inference of Semifield took 0.337ms
typeclass inference of Field took 0.362ms
typeclass inference of Field took 0.00388ms
typeclass inference of Field took 0.00234ms
typeclass inference of Field took 0.00247ms
typeclass inference of Field took 0.00136ms
typeclass inference of Field took 0.00132ms
typeclass inference of Field took 0.00113ms
typeclass inference of Field took 0.0011ms
typeclass inference of Field took 0.000972ms
typeclass inference of Field took 0.00103ms
typeclass inference of Field took 0.001ms
typeclass inference of Field took 0.001ms
typeclass inference of Field took 0.00206ms
typeclass inference of Field took 0.00124ms
typeclass inference of Field took 0.0012ms
typeclass inference of Field took 0.00108ms
typeclass inference of Field took 0.00103ms
typeclass inference of Field took 0.00109ms
typeclass inference of Field took 0.00102ms
typeclass inference of Field took 0.00105ms
typeclass inference of Field took 0.00204ms
typeclass inference of Field took 0.00182ms
typeclass inference of Field took 0.00143ms
typeclass inference of Field took 0.0012ms
typeclass inference of Field took 0.00132ms
typeclass inference of Field took 0.00132ms
typeclass inference of Field took 0.00108ms
typeclass inference of Field took 0.00184ms
typeclass inference of Field took 0.00121ms
typeclass inference of Field took 0.00211ms
typeclass inference of Semiring took 0.861ms
typeclass inference of RCLike took 0.0113ms
typeclass inference of RCLike took 0.00177ms
typeclass inference of RCLike took 0.0014ms
typeclass inference of RCLike took 0.00234ms
typeclass inference of RCLike took 0.0014ms
typeclass inference of RCLike took 0.00121ms
typeclass inference of RCLike took 0.00121ms
typeclass inference of RCLike took 0.00111ms
typeclass inference of RCLike took 0.00107ms
typeclass inference of RCLike took 0.00114ms
typeclass inference of RCLike took 0.00108ms
typeclass inference of RCLike took 0.00106ms
typeclass inference of RCLike took 0.00194ms
typeclass inference of RCLike took 0.00126ms
typeclass inference of RCLike took 0.00123ms
typeclass inference of RCLike took 0.00112ms
typeclass inference of RCLike took 0.00106ms
typeclass inference of RCLike took 0.00112ms
typeclass inference of RCLike took 0.00106ms
typeclass inference of RCLike took 0.00107ms
typeclass inference of RCLike took 0.00218ms
typeclass inference of RCLike took 0.0013ms
typeclass inference of RCLike took 0.0014ms
typeclass inference of RCLike took 0.00117ms
typeclass inference of RCLike took 0.00116ms
typeclass inference of RCLike took 0.0011ms
typeclass inference of RCLike took 0.00103ms
typeclass inference of RCLike took 0.00162ms
typeclass inference of RCLike took 0.00112ms
typeclass inference of RCLike took 0.00109ms
typeclass inference of Semiring took 0.004ms
typeclass inference of NonAssocRing took 0.222ms
typeclass inference of Field took 0.00313ms
typeclass inference of Field took 0.00244ms
typeclass inference of Field took 0.00217ms
typeclass inference of Field took 0.00138ms
typeclass inference of Field took 0.00194ms
typeclass inference of Field took 0.00223ms
typeclass inference of Field took 0.00191ms
typeclass inference of Field took 0.00167ms
typeclass inference of Field took 0.00257ms
typeclass inference of Field took 0.00337ms
typeclass inference of Field took 0.00251ms
typeclass inference of Field took 0.00211ms
typeclass inference of Field took 0.00154ms
typeclass inference of Field took 0.0028ms
typeclass inference of Field took 0.00141ms
typeclass inference of Field took 0.00136ms
typeclass inference of Field took 0.00116ms
typeclass inference of Field took 0.0011ms
typeclass inference of Field took 0.00123ms
typeclass inference of Field took 0.00112ms
typeclass inference of Field took 0.00103ms
typeclass inference of Field took 0.00108ms
typeclass inference of Field took 0.00412ms
typeclass inference of Field took 0.00217ms
typeclass inference of Field took 0.00232ms
typeclass inference of Field took 0.00151ms
typeclass inference of Field took 0.00115ms
typeclass inference of Field took 0.00116ms
typeclass inference of Field took 0.0011ms
typeclass inference of Field took 0.00149ms
typeclass inference of Field took 0.00351ms
typeclass inference of Field took 0.00225ms
typeclass inference of Field took 0.00134ms
typeclass inference of Field took 0.00105ms
typeclass inference of Field took 0.00105ms
typeclass inference of Field took 0.00103ms
typeclass inference of Field took 0.00101ms
typeclass inference of Field took 0.00203ms
typeclass inference of Field took 0.00143ms
typeclass inference of Field took 0.00119ms
typeclass inference of Field took 0.00112ms
typeclass inference of Field took 0.0011ms
typeclass inference of Field took 0.00169ms
typeclass inference of Field took 0.00123ms
typeclass inference of Field took 0.00109ms
typeclass inference of Field took 0.00108ms
typeclass inference of Field took 0.00144ms
typeclass inference of Field took 0.00111ms
typeclass inference of Field took 0.00119ms
typeclass inference of Field took 0.00222ms
typeclass inference of Field took 0.00185ms
typeclass inference of Field took 0.00206ms
typeclass inference of Field took 0.00154ms
typeclass inference of Field took 0.00179ms
typeclass inference of Field took 0.00131ms
typeclass inference of Field took 0.00178ms
typeclass inference of Field took 0.00141ms
typeclass inference of Field took 0.00135ms
typeclass inference of Field took 0.00107ms
typeclass inference of Field took 0.00125ms
typeclass inference of Field took 0.00281ms
typeclass inference of Field took 0.00167ms
typeclass inference of Field took 0.00219ms
typeclass inference of Field took 0.0011ms
typeclass inference of Field took 0.00116ms
typeclass inference of Field took 0.00282ms
typeclass inference of Field took 0.00185ms
typeclass inference of Field took 0.0015ms
typeclass inference of Field took 0.0011ms
typeclass inference of Field took 0.00227ms
typeclass inference of Field took 0.00206ms
typeclass inference of Field took 0.00152ms
typeclass inference of Semiring took 0.00672ms
typeclass inference of CharZero took 22.8ms
norm_num took 0.127ms
norm_num took 0.00457ms
typeclass inference of AddMonoidWithOne took 0.646ms
norm_num took 0.599ms
norm_num took 0.0138ms
norm_num took 0.00408ms
norm_num took 0.00236ms
norm_num took 0.00269ms
typeclass inference of AddMonoidWithOne took 0.005ms
norm_num took 0.255ms
ring took 2.34ms
tactic execution of Mathlib.Tactic.LinearCombination.linearCombination took 3.27ms
tactic execution of Lean.Parser.Tactic.tacticSeq1Indented took 0.00721ms
tactic execution of Lean.Parser.Tactic.tacticSeq took 0.00414ms
tactic execution of Lean.Parser.Tactic.paren took 0.00639ms
tactic execution of Lean.Parser.Tactic.withAnnotateState took 0.00942ms
tactic execution of Lean.Parser.Tactic.tacticSeq1Indented took 0.00598ms
tactic execution of Lean.Parser.Tactic.tacticSeq took 0.00586ms
tactic execution of Lean.Parser.Tactic.case took 0.0756ms
tactic execution of Lean.Parser.Tactic.tacticSeq1Indented took 0.0234ms
tactic execution of Lean.Parser.Tactic.tacticSeq took 0.0101ms
tactic execution of Lean.Parser.Tactic.focus took 0.0157ms
tactic execution of Lean.Parser.Tactic.tacticHave__ took 0.0265ms
typeclass inference of OfNat took 0.0746ms
typeclass inference of OfNat took 0.0507ms
typeclass inference of HAdd took 0.938ms
typeclass inference of HMul took 0.811ms
typeclass inference of CategoryTheory.CartesianMonoidalCategory took 0.0525ms
typeclass inference of CategoryTheory.CartesianMonoidalCategory took 0.00476ms
typeclass inference of HPow took 2.06ms
typeclass inference of HMul took 0.863ms
typeclass inference of HAdd took 0.841ms
typeclass inference of OfNat took 0.824ms
tactic execution of Lean.Parser.Tactic.refine took 0.642ms
typeclass inference of Add took 0.84ms
typeclass inference of AddRightCancelSemigroup took 0.711ms
typeclass inference of IsRightCancelAdd took 2.98ms
typeclass inference of AddGroup took 0.509ms
typeclass inference of CommSemiring took 0.459ms
typeclass inference of CommRing took 0.0397ms
typeclass inference of Semifield took 0.314ms
typeclass inference of Field took 0.281ms
typeclass inference of Field took 0.00208ms
typeclass inference of Field took 0.00164ms
typeclass inference of Field took 0.00224ms
typeclass inference of Field took 0.00128ms
typeclass inference of Field took 0.00125ms
typeclass inference of Field took 0.00109ms
typeclass inference of Field took 0.0011ms
typeclass inference of Field took 0.0011ms
typeclass inference of Field took 0.00114ms
typeclass inference of Field took 0.00112ms
typeclass inference of Field took 0.0012ms
typeclass inference of Field took 0.00203ms
typeclass inference of Field took 0.00121ms
typeclass inference of Field took 0.00121ms
typeclass inference of Field took 0.00175ms
typeclass inference of Field took 0.00174ms
typeclass inference of Field took 0.0012ms
typeclass inference of Field took 0.00115ms
typeclass inference of Field took 0.0011ms
typeclass inference of Field took 0.00195ms
typeclass inference of Field took 0.00122ms
typeclass inference of Field took 0.00121ms
typeclass inference of Field took 0.00113ms
typeclass inference of Field took 0.00112ms
typeclass inference of Field took 0.00111ms
typeclass inference of Field took 0.00111ms
typeclass inference of Field took 0.00192ms
typeclass inference of Field took 0.00128ms
typeclass inference of Field took 0.00109ms
typeclass inference of Semiring took 0.637ms
typeclass inference of RCLike took 0.0103ms
typeclass inference of RCLike took 0.00172ms
typeclass inference of RCLike took 0.00146ms
typeclass inference of RCLike took 0.00235ms
typeclass inference of RCLike took 0.00239ms
typeclass inference of RCLike took 0.00166ms
typeclass inference of RCLike took 0.00132ms
typeclass inference of RCLike took 0.00122ms
typeclass inference of RCLike took 0.00111ms
typeclass inference of RCLike took 0.00116ms
typeclass inference of RCLike took 0.00108ms
typeclass inference of RCLike took 0.00107ms
typeclass inference of RCLike took 0.00187ms
typeclass inference of RCLike took 0.00118ms
typeclass inference of RCLike took 0.00125ms
typeclass inference of RCLike took 0.00129ms
typeclass inference of RCLike took 0.00118ms
typeclass inference of RCLike took 0.00119ms
typeclass inference of RCLike took 0.00106ms
typeclass inference of RCLike took 0.00108ms
typeclass inference of RCLike took 0.00186ms
typeclass inference of RCLike took 0.00119ms
typeclass inference of RCLike took 0.00153ms
typeclass inference of RCLike took 0.0014ms
typeclass inference of RCLike took 0.00118ms
typeclass inference of RCLike took 0.00119ms
typeclass inference of RCLike took 0.0012ms
typeclass inference of RCLike took 0.00163ms
typeclass inference of RCLike took 0.00148ms
typeclass inference of RCLike took 0.00113ms
typeclass inference of Semiring took 0.00482ms
typeclass inference of NonAssocRing took 0.249ms
typeclass inference of Field took 0.00925ms
typeclass inference of Field took 0.00203ms
typeclass inference of Field took 0.00197ms
typeclass inference of Field took 0.00192ms
typeclass inference of Field took 0.00128ms
typeclass inference of Field took 0.00144ms
typeclass inference of Field took 0.00119ms
typeclass inference of Field took 0.00121ms
typeclass inference of Field took 0.00125ms
typeclass inference of Field took 0.0018ms
typeclass inference of Field took 0.00135ms
typeclass inference of Field took 0.00133ms
typeclass inference of Field took 0.00102ms
typeclass inference of Field took 0.00216ms
typeclass inference of Field took 0.00128ms
typeclass inference of Field took 0.00137ms
typeclass inference of Field took 0.00114ms
typeclass inference of Field took 0.00112ms
typeclass inference of Field took 0.00105ms
typeclass inference of Field took 0.0011ms
typeclass inference of Field took 0.00134ms
typeclass inference of Field took 0.00103ms
typeclass inference of Field took 0.00203ms
typeclass inference of Field took 0.0012ms
typeclass inference of Field took 0.00109ms
typeclass inference of Field took 0.00134ms
typeclass inference of Field took 0.00112ms
typeclass inference of Field took 0.00108ms
typeclass inference of Field took 0.00107ms
typeclass inference of Field took 0.00105ms
typeclass inference of Field took 0.0021ms
typeclass inference of Field took 0.00113ms
typeclass inference of Field took 0.00149ms
typeclass inference of Field took 0.0011ms
typeclass inference of Field took 0.0011ms
typeclass inference of Field took 0.00124ms
typeclass inference of Field took 0.00107ms
typeclass inference of Field took 0.00225ms
typeclass inference of Field took 0.00161ms
typeclass inference of Field took 0.00121ms
typeclass inference of Field took 0.00128ms
typeclass inference of Field took 0.00101ms
typeclass inference of Field took 0.00159ms
typeclass inference of Field took 0.00147ms
typeclass inference of Field took 0.00116ms
typeclass inference of Field took 0.00121ms
typeclass inference of Field took 0.00151ms
typeclass inference of Field took 0.00111ms
typeclass inference of Field took 0.00109ms
typeclass inference of Field took 0.00156ms
typeclass inference of Field took 0.00128ms
typeclass inference of Field took 0.00144ms
typeclass inference of Field took 0.00145ms
typeclass inference of Field took 0.00205ms
typeclass inference of Field took 0.00119ms
typeclass inference of Field took 0.00197ms
typeclass inference of Field took 0.00122ms
typeclass inference of Field took 0.00114ms
typeclass inference of Field took 0.00116ms
typeclass inference of Field took 0.00128ms
typeclass inference of Field took 0.00223ms
typeclass inference of Field took 0.00134ms
typeclass inference of Field took 0.00123ms
typeclass inference of Field took 0.00119ms
typeclass inference of Field took 0.00138ms
typeclass inference of Field took 0.00209ms
typeclass inference of Field took 0.00125ms
typeclass inference of Field took 0.00137ms
typeclass inference of Field took 0.00148ms
typeclass inference of Field took 0.00171ms
typeclass inference of Field took 0.0013ms
typeclass inference of Field took 0.00119ms
typeclass inference of Semiring took 0.00495ms
typeclass inference of CharZero took 19.1ms
norm_num took 0.0259ms
typeclass inference of AddMonoidWithOne took 0.591ms
norm_num took 0.33ms
norm_num took 0.00587ms
typeclass inference of AddMonoidWithOne took 0.00477ms
norm_num took 0.174ms
norm_num took 0.00563ms
norm_num took 0.0062ms
norm_num took 0.00515ms
norm_num took 0.00241ms
typeclass inference of AddMonoidWithOne took 0.00664ms
norm_num took 0.12ms
norm_num took 0.00445ms
norm_num took 0.00296ms
typeclass inference of AddMonoidWithOne took 0.00495ms
norm_num took 0.263ms
ring took 2.32ms
tactic execution of Mathlib.Tactic.LinearCombination.linearCombination took 1.31ms
tactic execution of Lean.Parser.Tactic.tacticSeq1Indented took 0.00773ms
tactic execution of Lean.Parser.Tactic.tacticSeq took 0.00603ms
tactic execution of Lean.Parser.Tactic.paren took 0.00521ms
tactic execution of Lean.Parser.Tactic.withAnnotateState took 0.00819ms
tactic execution of Lean.Parser.Tactic.tacticSeq1Indented took 0.0065ms
tactic execution of Lean.Parser.Tactic.tacticSeq took 0.00592ms
tactic execution of Lean.Parser.Tactic.case took 0.0839ms
tactic execution of Lean.Parser.Tactic.tacticSeq1Indented took 0.0195ms
tactic execution of Lean.Parser.Tactic.tacticSeq took 0.00623ms
tactic execution of Lean.Parser.Tactic.focus took 0.0136ms
tactic execution of Lean.Parser.Tactic.tacticHave__ took 0.0306ms
typeclass inference of OfNat took 0.106ms
typeclass inference of OfNat took 0.055ms
typeclass inference of OfNat took 0.0868ms
typeclass inference of HPow took 0.329ms
typeclass inference of LT took 0.0347ms
typeclass inference of OfNat took 0.0403ms
typeclass inference of Preorder took 0.147ms
typeclass inference of Preorder took 0.0837ms
typeclass inference of Preorder took 0.0328ms
typeclass inference of AddMonoidWithOne took 0.0407ms
norm_num took 0.123ms
typeclass inference of AddMonoidWithOne took 0.00383ms
norm_num took 0.0483ms
typeclass inference of LT took 0.0374ms
typeclass inference of Semiring took 0.0279ms
typeclass inference of PartialOrder took 0.0321ms
typeclass inference of CommSemiring took 0.0268ms
typeclass inference of IsOrderedRing took 0.93ms
typeclass inference of CharZero took 0.042ms
norm_num took 0.182ms
tactic execution of Mathlib.Tactic.normNum took 0.388ms
tactic execution of Lean.Parser.Tactic.tacticSeq1Indented took 0.00699ms
tactic execution of Lean.Parser.Tactic.tacticSeq took 0.0103ms
tactic execution of Lean.Parser.Tactic.refine took 4.1ms
tactic execution of Lean.Parser.Tactic.rotateRight took 0.00644ms
tactic execution of Lean.Parser.Tactic.tacticSeq1Indented took 0.011ms
tactic execution of Lean.Parser.Tactic.tacticSeq took 0.00365ms
tactic execution of Lean.Parser.Tactic.paren took 0.00402ms
tactic execution of Lean.Parser.Tactic.tacticSeq1Indented took 0.00496ms
tactic execution of Lean.Parser.Tactic.tacticSeq took 0.00474ms
tactic execution of Lean.Parser.Tactic.focus took 0.00705ms
tactic execution of Lean.Parser.Tactic.tacticRefine_lift_ took 0.00839ms
tactic execution of Lean.Parser.Tactic.tacticHave__ took 0.79ms
typeclass inference of OfNat took 1.08ms
typeclass inference of CategoryTheory.CartesianMonoidalCategory took 0.0542ms
typeclass inference of CategoryTheory.CartesianMonoidalCategory took 0.005ms
typeclass inference of HPow took 2.14ms
typeclass inference of OfNat took 0.0733ms
typeclass inference of OfNat took 0.0471ms
typeclass inference of HPow took 0.256ms
typeclass inference of OfNat took 0.0412ms
tactic execution of Lean.Parser.Tactic.refine took 0.894ms
tactic execution of Lean.Parser.Tactic.rotateRight took 0.00498ms
tactic execution of Lean.Parser.Tactic.tacticSeq1Indented took 0.013ms
tactic execution of Lean.Parser.Tactic.tacticSeq took 0.00459ms
tactic execution of Lean.Parser.Tactic.paren took 0.00479ms
tactic execution of Lean.Parser.Tactic.tacticSeq1Indented took 0.00501ms
tactic execution of Lean.Parser.Tactic.tacticSeq took 0.00348ms
tactic execution of Lean.Parser.Tactic.focus took 0.0052ms
tactic execution of Lean.Parser.Tactic.tacticRefine_lift_ took 0.00631ms
tactic execution of Lean.Parser.Tactic.tacticHave__ took 0.0135ms
typeclass inference of OfNat took 0.0625ms
typeclass inference of OfNat took 0.0497ms
typeclass inference of OfNat took 0.0422ms
typeclass inference of HMul took 0.153ms
typeclass inference of HPow took 0.0362ms
typeclass inference of HMul took 0.146ms
typeclass inference of LT took 0.025ms
typeclass inference of OfNat took 0.00336ms
tactic execution of Lean.Parser.Tactic.refine took 0.505ms
typeclass inference of OfNat took 0.0679ms
typeclass inference of OfNat took 0.0486ms
typeclass inference of OfNat took 0.0585ms
typeclass inference of OfNat took 0.052ms
typeclass inference of OfNat took 0.0412ms
typeclass inference of OfNat took 0.0432ms
typeclass inference of OfNat took 0.0389ms
typeclass inference of HMul took 0.00418ms
typeclass inference of HMul took 0.00283ms
typeclass inference of HPow took 0.0591ms
typeclass inference of HMul took 0.0466ms
typeclass inference of HPow took 0.0298ms
typeclass inference of HPow took 0.0301ms
typeclass inference of HMul took 0.0338ms
typeclass inference of LT took 0.00327ms
typeclass inference of OfNat took 0.00276ms
typeclass inference of OfNat took 0.00201ms
typeclass inference of OfNat took 0.00181ms
typeclass inference of OfNat took 0.0805ms
typeclass inference of OfNat took 0.0552ms
typeclass inference of HAdd took 0.19ms
typeclass inference of HAdd took 0.17ms
typeclass inference of OfNat took 0.0707ms
typeclass inference of HPow took 0.062ms
typeclass inference of OfNat took 0.00513ms
typeclass inference of Trans took 0.447ms
typeclass inference of LT took 0.0053ms
typeclass inference of Trans took 0.319ms
typeclass inference of LE took 0.237ms
typeclass inference of LE took 0.0937ms
typeclass inference of Zero took 0.121ms
typeclass inference of PartialOrder took 0.072ms
typeclass inference of Ring took 1.02ms
typeclass inference of AddMonoidWithOne took 0.0404ms
norm_num took 0.306ms
typeclass inference of Semiring took 0.0345ms
typeclass inference of PartialOrder took 0.00337ms
typeclass inference of CommSemiring took 0.0271ms
typeclass inference of IsOrderedRing took 1.02ms
typeclass inference of Nontrivial took 0.0466ms
typeclass inference of Semiring took 0.00341ms
typeclass inference of IsStrictOrderedRing took 0.0326ms
tactic execution of Mathlib.Tactic.Positivity.positivity took 1.47ms
tactic execution of Lean.Parser.Tactic.tacticSeq1Indented took 0.00929ms
tactic execution of Lean.Parser.Tactic.tacticSeq took 0.0142ms
typeclass inference of Monoid took 0.238ms
typeclass inference of Monoid took 0.0912ms
typeclass inference of Monoid took 0.0331ms
typeclass inference of Monoid took 0.0272ms
tactic execution of Lean.Parser.Tactic.rewriteSeq took 0.558ms
tactic execution of Lean.Parser.Tactic.exact took 0.114ms
tactic execution of Lean.Parser.Tactic.exact took 0.0831ms
tactic execution of Lean.Parser.Tactic.eqRefl took 0.143ms
tactic execution of Lean.Parser.Tactic.tacticRfl took 0.0434ms
tactic execution of Lean.Parser.Tactic.tacticSeq1Indented took 0.00721ms
tactic execution of Lean.Parser.Tactic.tacticSeq took 0.00715ms
tactic execution of Lean.Parser.Tactic.withReducible took 0.00597ms
tactic execution of Lean.Parser.Tactic.tacticSeq1Indented took 0.00621ms
tactic execution of Lean.Parser.Tactic.tacticSeq took 0.00418ms
tactic execution of Lean.Parser.Tactic.paren took 0.00452ms
tactic execution of Lean.Parser.Tactic.tacticSeq1Indented took 0.00476ms
tactic execution of Lean.Parser.Tactic.tacticSeq took 0.00744ms
tactic execution of Lean.Parser.Tactic.first took 0.00634ms
tactic execution of Lean.Parser.Tactic.tacticTry_ took 0.00822ms
tactic execution of Lean.Parser.Tactic.tacticSeq1Indented took 0.00351ms
tactic execution of Lean.Parser.Tactic.tacticSeq took 0.00298ms
tactic execution of Lean.Parser.Tactic.paren took 0.00354ms
tactic execution of Lean.Parser.Tactic.withAnnotateState took 0.0184ms
tactic execution of Lean.Parser.Tactic.tacticSeq1Indented took 0.0089ms
tactic execution of Lean.Parser.Tactic.tacticSeq took 0.00305ms
tactic execution of Lean.Parser.Tactic.paren took 0.00368ms
tactic execution of Lean.Parser.Tactic.rwSeq took 0.0116ms
tactic execution of Lean.Parser.Tactic.tacticSeq1Indented took 0.00514ms
tactic execution of Lean.Parser.Tactic.tacticSeq took 0.0105ms
tactic execution of Lean.calcTactic took 5.06ms
tactic execution of Lean.Parser.Tactic.tacticSeq1Indented took 0.00517ms
tactic execution of Lean.Parser.Tactic.tacticSeq took 0.00379ms
tactic execution of Lean.Parser.Tactic.paren took 0.00423ms
tactic execution of Lean.Parser.Tactic.withAnnotateState took 0.0059ms
tactic execution of Lean.Parser.Tactic.tacticSeq1Indented took 0.0055ms
tactic execution of Lean.Parser.Tactic.tacticSeq took 0.00555ms
tactic execution of Lean.Parser.Tactic.case took 0.0423ms
tactic execution of Lean.Parser.Tactic.tacticSeq1Indented took 0.0117ms
tactic execution of Lean.Parser.Tactic.tacticSeq took 0.00372ms
tactic execution of Lean.Parser.Tactic.focus took 0.00593ms
tactic execution of Lean.Parser.Tactic.tacticHave__ took 0.181ms
typeclass inference of OfNat took 0.938ms
typeclass inference of HMul took 0.895ms
typeclass inference of CategoryTheory.CartesianMonoidalCategory took 0.054ms
typeclass inference of CategoryTheory.CartesianMonoidalCategory took 0.00483ms
typeclass inference of HPow took 1.95ms
typeclass inference of HMul took 0.979ms
typeclass inference of OfNat took 0.168ms
typeclass inference of OfNat took 0.0799ms
typeclass inference of HMul took 0.153ms
typeclass inference of HPow took 0.263ms
typeclass inference of HMul took 0.154ms
typeclass inference of OfNat took 0.0439ms
tactic execution of Lean.Parser.Tactic.refine took 1.17ms
tactic execution of Lean.Parser.Tactic.rewriteSeq took 0.146ms
tactic execution of Lean.Parser.Tactic.exact took 0.147ms
tactic execution of Lean.Parser.Tactic.exact took 0.101ms
tactic execution of Lean.Parser.Tactic.eqRefl took 0.011ms
tactic execution of Lean.Parser.Tactic.applyRfl took 0.0261ms
tactic execution of Lean.Parser.Tactic.tacticRfl took 0.0539ms
tactic execution of Lean.Parser.Tactic.tacticSeq1Indented took 0.00764ms
tactic execution of Lean.Parser.Tactic.tacticSeq took 0.00554ms
tactic execution of Lean.Parser.Tactic.withReducible took 0.00699ms
tactic execution of Lean.Parser.Tactic.tacticSeq1Indented took 0.00494ms
tactic execution of Lean.Parser.Tactic.tacticSeq took 0.00446ms
tactic execution of Lean.Parser.Tactic.paren took 0.00422ms
tactic execution of Lean.Parser.Tactic.tacticSeq1Indented took 0.00439ms
tactic execution of Lean.Parser.Tactic.tacticSeq took 0.0045ms
tactic execution of Lean.Parser.Tactic.skip took 0.00247ms
tactic execution of Lean.Parser.Tactic.tacticSeq1Indented took 0.00347ms
tactic execution of Lean.Parser.Tactic.tacticSeq took 0.00362ms
tactic execution of Lean.Parser.Tactic.first took 0.00813ms
tactic execution of Lean.Parser.Tactic.tacticTry_ took 0.00794ms
tactic execution of Lean.Parser.Tactic.tacticSeq1Indented took 0.00407ms
tactic execution of Lean.Parser.Tactic.tacticSeq took 0.00279ms
tactic execution of Lean.Parser.Tactic.paren took 0.00318ms
tactic execution of Lean.Parser.Tactic.withAnnotateState took 0.0103ms
tactic execution of Lean.Parser.Tactic.tacticSeq1Indented took 0.0116ms
tactic execution of Lean.Parser.Tactic.tacticSeq took 0.00316ms
tactic execution of Lean.Parser.Tactic.paren took 0.00439ms
tactic execution of Lean.Parser.Tactic.rwSeq took 0.00961ms
tactic execution of Lean.Parser.Tactic.exact took 0.0515ms
tactic execution of Lean.Parser.Tactic.tacticSeq1Indented took 0.00954ms
tactic execution of Lean.Parser.Tactic.tacticSeq took 0.00917ms
tactic execution of Lean.Parser.Tactic.rewriteSeq took 1.83ms
tactic execution of Lean.Parser.Tactic.exact took 0.139ms
tactic execution of Lean.Parser.Tactic.exact took 0.0829ms
tactic execution of Lean.Parser.Tactic.eqRefl took 0.00902ms
tactic execution of Lean.Parser.Tactic.tacticRfl took 0.0338ms
tactic execution of Lean.Parser.Tactic.tacticSeq1Indented took 0.00379ms
tactic execution of Lean.Parser.Tactic.tacticSeq took 0.00272ms
tactic execution of Lean.Parser.Tactic.withReducible took 0.00292ms
tactic execution of Lean.Parser.Tactic.tacticSeq1Indented took 0.00329ms
tactic execution of Lean.Parser.Tactic.tacticSeq took 0.00221ms
tactic execution of Lean.Parser.Tactic.paren took 0.00247ms
tactic execution of Lean.Parser.Tactic.tacticSeq1Indented took 0.00267ms
tactic execution of Lean.Parser.Tactic.tacticSeq took 0.00265ms
tactic execution of Lean.Parser.Tactic.first took 0.00348ms
tactic execution of Lean.Parser.Tactic.tacticTry_ took 0.00474ms
tactic execution of Lean.Parser.Tactic.tacticSeq1Indented took 0.00292ms
tactic execution of Lean.Parser.Tactic.tacticSeq took 0.0027ms
tactic execution of Lean.Parser.Tactic.paren took 0.00336ms
tactic execution of Lean.Parser.Tactic.withAnnotateState took 0.0125ms
tactic execution of Lean.Parser.Tactic.tacticSeq1Indented took 0.0177ms
tactic execution of Lean.Parser.Tactic.tacticSeq took 0.00865ms
tactic execution of Lean.Parser.Tactic.paren took 0.00481ms
tactic execution of Lean.Parser.Tactic.rwSeq took 0.0406ms
tactic execution of Lean.Parser.Tactic.tacticSeq1Indented took 0.0103ms
tactic execution of Lean.Parser.Tactic.tacticSeq took 0.00621ms
tactic execution of Lean.Parser.Tactic.paren took 0.0106ms
tactic execution of Lean.Parser.Tactic.withAnnotateState took 0.0132ms
tactic execution of Lean.Parser.Tactic.tacticSeq1Indented took 0.00607ms
tactic execution of Lean.Parser.Tactic.tacticSeq took 0.00412ms
tactic execution of Lean.Parser.Tactic.case took 0.142ms
tactic execution of Lean.Parser.Tactic.tacticSeq1Indented took 0.0192ms
tactic execution of Lean.Parser.Tactic.tacticSeq took 0.00409ms
tactic execution of Lean.Parser.Tactic.focus took 0.00691ms
tactic execution of Lean.Parser.Tactic.tacticHave__ took 0.0244ms
typeclass inference of OfNat took 0.0887ms
typeclass inference of OfNat took 0.0538ms
typeclass inference of OfNat took 0.0434ms
typeclass inference of HAdd took 0.147ms
typeclass inference of HMul took 0.153ms
typeclass inference of HPow took 0.33ms
typeclass inference of HMul took 0.147ms
typeclass inference of HAdd took 0.155ms
typeclass inference of LT took 0.0443ms
typeclass inference of OfNat took 0.0543ms
tactic execution of Lean.Parser.Tactic.refine took 0.868ms
typeclass inference of OfNat took 0.0939ms
typeclass inference of OfNat took 0.0726ms
typeclass inference of OfNat took 0.0813ms
typeclass inference of OfNat took 0.0663ms
typeclass inference of OfNat took 0.0591ms
typeclass inference of OfNat took 0.0763ms
typeclass inference of OfNat took 0.0437ms
typeclass inference of OfNat took 0.037ms
typeclass inference of OfNat took 0.0315ms
typeclass inference of OfNat took 0.0307ms
typeclass inference of HAdd took 0.00392ms
typeclass inference of HMul took 0.00242ms
typeclass inference of HMul took 0.00222ms
typeclass inference of HPow took 0.0367ms
typeclass inference of HMul took 0.0354ms
typeclass inference of HPow took 0.0297ms
typeclass inference of HAdd took 0.0379ms
typeclass inference of HPow took 0.0289ms
typeclass inference of HPow took 0.0369ms
typeclass inference of HMul took 0.0396ms
typeclass inference of LE took 0.0415ms
typeclass inference of OfNat took 0.0037ms
typeclass inference of OfNat took 0.00231ms
typeclass inference of OfNat took 0.00174ms
typeclass inference of OfNat took 0.00158ms
tactic execution of Lean.Parser.Tactic.refine took 1.28ms
typeclass inference of OfNat took 0.105ms
typeclass inference of OfNat took 0.0651ms
typeclass inference of OfNat took 0.0792ms
typeclass inference of OfNat took 0.0643ms
typeclass inference of OfNat took 0.0357ms
typeclass inference of HAdd took 0.00374ms
typeclass inference of HAdd took 0.0371ms
typeclass inference of HPow took 0.0337ms
typeclass inference of LE took 0.0048ms
typeclass inference of OfNat took 0.0422ms
typeclass inference of OfNat took 0.00266ms
tactic execution of Lean.Parser.Tactic.refine took 0.792ms
tactic execution of Lean.Parser.Tactic.rotateRight took 0.00801ms
tactic execution of Lean.Parser.Tactic.tacticSeq1Indented took 0.0125ms
tactic execution of Lean.Parser.Tactic.tacticSeq took 0.00303ms
tactic execution of Lean.Parser.Tactic.paren took 0.00377ms
tactic execution of Lean.Parser.Tactic.tacticSeq1Indented took 0.00442ms
tactic execution of Lean.Parser.Tactic.tacticSeq took 0.00421ms
tactic execution of Lean.Parser.Tactic.focus took 0.00561ms
tactic execution of Lean.Parser.Tactic.tacticRefine_lift_ took 0.0102ms
tactic execution of Lean.Parser.Tactic.tacticHave__ took 0.0146ms
typeclass inference of OfNat took 0.0832ms
typeclass inference of OfNat took 0.0648ms
typeclass inference of OfNat took 0.0428ms
typeclass inference of OfNat took 0.0328ms
typeclass inference of OfNat took 0.0539ms
typeclass inference of OfNat took 0.0653ms
typeclass inference of OfNat took 0.0438ms
typeclass inference of OfNat took 0.0328ms
typeclass inference of OfNat took 0.0307ms
typeclass inference of OfNat took 0.0321ms
typeclass inference of HAdd took 0.00381ms
typeclass inference of HMul took 0.00231ms
typeclass inference of HMul took 0.00224ms
typeclass inference of HAdd took 0.00203ms
typeclass inference of HPow took 0.0334ms
typeclass inference of HMul took 0.0445ms
typeclass inference of HPow took 0.0283ms
typeclass inference of HAdd took 0.0374ms
typeclass inference of HPow took 0.0365ms
typeclass inference of HAdd took 0.029ms
typeclass inference of HMul took 0.0323ms
typeclass inference of OfNat took 0.0035ms
typeclass inference of OfNat took 0.0022ms
typeclass inference of OfNat took 0.00166ms
typeclass inference of OfNat took 0.00181ms
typeclass inference of OfNat took 0.0693ms
typeclass inference of OfNat took 0.055ms
typeclass inference of OfNat took 0.0483ms
typeclass inference of OfNat took 0.0317ms
typeclass inference of HMul took 0.00364ms
typeclass inference of HPow took 0.0336ms
typeclass inference of HPow took 0.0336ms
typeclass inference of HMul took 0.0319ms
typeclass inference of LE took 0.00373ms
typeclass inference of OfNat took 0.00334ms
typeclass inference of OfNat took 0.00242ms
typeclass inference of Trans took 0.224ms
typeclass inference of CommSemiring took 0.0415ms
typeclass inference of CommRing took 0.673ms
typeclass inference of Semifield took 0.41ms
typeclass inference of CharZero took 1.24ms
typeclass inference of AddMonoidWithOne took 0.0525ms
norm_num took 0.579ms
norm_num took 0.0504ms
norm_num took 0.0115ms
typeclass inference of AddMonoidWithOne took 0.00484ms
norm_num took 0.246ms
norm_num took 0.00992ms
typeclass inference of AddMonoidWithOne took 0.0041ms
norm_num took 0.134ms
norm_num took 0.00458ms
norm_num took 0.00771ms
typeclass inference of AddMonoidWithOne took 0.00437ms
norm_num took 0.117ms
ring took 4.15ms
tactic execution of Mathlib.Tactic.Ring.ring1 took 1.15ms
tactic execution of Lean.Parser.Tactic.tacticSeq1Indented took 0.0121ms
tactic execution of Lean.Parser.Tactic.tacticSeq took 0.0102ms
tactic execution of Lean.Parser.Tactic.first took 0.012ms
tactic execution of Mathlib.Tactic.RingNF.ring took 0.202ms
tactic execution of Lean.Parser.Tactic.tacticSeq1Indented took 0.00862ms
tactic execution of Lean.Parser.Tactic.tacticSeq took 0.0116ms
tactic execution of Lean.calcTactic took 3.84ms
tactic execution of Lean.Parser.Tactic.tacticSeq1Indented took 0.0178ms
tactic execution of Lean.Parser.Tactic.tacticSeq took 0.00811ms
tactic execution of Lean.Parser.Tactic.paren took 0.00829ms
tactic execution of Lean.Parser.Tactic.withAnnotateState took 0.0126ms
tactic execution of Lean.Parser.Tactic.tacticSeq1Indented took 0.00945ms
tactic execution of Lean.Parser.Tactic.tacticSeq took 0.0104ms
tactic execution of Lean.Parser.Tactic.case took 0.0908ms
tactic execution of Lean.Parser.Tactic.tacticSeq1Indented took 0.0248ms
tactic execution of Lean.Parser.Tactic.tacticSeq took 0.0131ms
tactic execution of Lean.Parser.Tactic.focus took 0.0142ms
tactic execution of Lean.Parser.Tactic.tacticHave__ took 0.0296ms
typeclass inference of OfNat took 0.164ms
typeclass inference of OfNat took 0.0679ms
typeclass inference of OfNat took 0.05ms
typeclass inference of OfNat took 0.0449ms
typeclass inference of OfNat took 0.0503ms
typeclass inference of OfNat took 0.0506ms
typeclass inference of OfNat took 0.038ms
typeclass inference of OfNat took 0.0318ms
typeclass inference of HAdd took 0.164ms
typeclass inference of HAdd took 0.159ms
typeclass inference of OfNat took 0.0478ms
typeclass inference of OfNat took 0.0353ms
typeclass inference of OfNat took 0.0322ms
typeclass inference of HPow took 0.0768ms
typeclass inference of HPow took 0.052ms
typeclass inference of HMul took 0.0782ms
typeclass inference of HPow took 0.0518ms
typeclass inference of OfNat took 0.048ms
typeclass inference of OfNat took 0.0385ms
typeclass inference of OfNat took 0.0342ms
typeclass inference of HPow took 0.0454ms
typeclass inference of HPow took 0.0422ms
typeclass inference of HMul took 0.0466ms
typeclass inference of HPow took 0.0693ms
typeclass inference of OfNat took 0.0392ms
typeclass inference of OfNat took 0.0318ms
typeclass inference of OfNat took 0.0291ms
typeclass inference of HPow took 0.0426ms
typeclass inference of HPow took 0.0406ms
typeclass inference of HMul took 0.0514ms
typeclass inference of HPow took 0.0494ms
typeclass inference of OfNat took 0.0446ms
typeclass inference of OfNat took 0.0381ms
typeclass inference of OfNat took 0.0292ms
typeclass inference of HPow took 0.0477ms
typeclass inference of HPow took 0.0408ms
typeclass inference of HMul took 0.0409ms
typeclass inference of HPow took 0.0399ms
typeclass inference of Pow took 0.246ms
typeclass inference of NPow took 0.269ms
typeclass inference of HomogeneousPow took 0.0138ms
typeclass inference of NatPow took 0.0344ms
typeclass inference of Pow took 0.138ms
typeclass inference of NPow took 0.169ms
typeclass inference of HomogeneousPow took 0.0018ms
typeclass inference of NatPow took 0.0264ms
typeclass inference of Mul took 0.303ms
typeclass inference of Pow took 0.124ms
typeclass inference of NPow took 0.165ms
typeclass inference of HomogeneousPow took 0.00172ms
typeclass inference of NatPow took 0.0256ms
typeclass inference of OfNat took 0.0507ms
typeclass inference of OfNat took 0.0342ms
typeclass inference of HPow took 0.267ms
typeclass inference of HPow took 0.0585ms
typeclass inference of HMul took 0.0675ms
typeclass inference of HPow took 0.0499ms
typeclass inference of OfNat took 0.0411ms
typeclass inference of OfNat took 0.0319ms
typeclass inference of HPow took 0.0445ms
typeclass inference of HMul took 0.0547ms
typeclass inference of HPow took 0.0471ms
typeclass inference of OfNat took 0.0358ms
typeclass inference of OfNat took 0.031ms
typeclass inference of HPow took 0.0431ms
typeclass inference of HMul took 0.0483ms
typeclass inference of HPow took 0.0439ms
typeclass inference of Pow took 0.104ms
typeclass inference of NPow took 0.165ms
typeclass inference of HomogeneousPow took 0.00186ms
typeclass inference of NatPow took 0.0323ms
typeclass inference of Mul took 0.0867ms
typeclass inference of OfNat took 0.13ms
typeclass inference of OfNat took 0.0933ms
typeclass inference of HPow took 0.145ms
typeclass inference of HPow took 0.122ms
typeclass inference of OfNat took 0.132ms
typeclass inference of OfNat took 0.145ms
typeclass inference of HPow took 0.161ms
typeclass inference of HPow took 0.155ms
typeclass inference of Pow took 0.189ms
typeclass inference of OfNat took 0.0626ms
typeclass inference of OfNat took 0.0674ms
typeclass inference of HPow took 0.065ms
typeclass inference of OfNat took 0.0509ms
typeclass inference of HPow took 0.0559ms
typeclass inference of OfNat took 0.0565ms
typeclass inference of HPow took 0.0607ms
typeclass inference of Pow took 0.00457ms
typeclass inference of OfNat took 0.00313ms
tactic execution of Lean.Parser.Tactic.refine took 3.04ms
typeclass inference of Monoid took 0.237ms
typeclass inference of Monoid took 0.144ms
typeclass inference of Monoid took 0.05ms
typeclass inference of Monoid took 0.0783ms
tactic execution of Lean.Parser.Tactic.rewriteSeq took 0.968ms
tactic execution of Lean.Parser.Tactic.exact took 0.261ms
tactic execution of Lean.Parser.Tactic.exact took 0.113ms
tactic execution of Lean.Parser.Tactic.eqRefl took 0.173ms
tactic execution of Lean.Parser.Tactic.tacticRfl took 0.0735ms
tactic execution of Lean.Parser.Tactic.tacticSeq1Indented took 0.316ms
tactic execution of Lean.Parser.Tactic.tacticSeq took 0.00513ms
tactic execution of Lean.Parser.Tactic.withReducible took 0.00825ms
tactic execution of Lean.Parser.Tactic.tacticSeq1Indented took 0.00606ms
tactic execution of Lean.Parser.Tactic.tacticSeq took 0.00495ms
tactic execution of Lean.Parser.Tactic.paren took 0.0045ms
tactic execution of Lean.Parser.Tactic.tacticSeq1Indented took 0.00655ms
tactic execution of Lean.Parser.Tactic.tacticSeq took 0.0048ms
tactic execution of Lean.Parser.Tactic.first took 0.0115ms
tactic execution of Lean.Parser.Tactic.tacticTry_ took 0.0156ms
tactic execution of Lean.Parser.Tactic.tacticSeq1Indented took 0.0258ms
tactic execution of Lean.Parser.Tactic.tacticSeq took 0.00477ms
tactic execution of Lean.Parser.Tactic.paren took 0.00599ms
tactic execution of Lean.Parser.Tactic.withAnnotateState took 0.0295ms
tactic execution of Lean.Parser.Tactic.tacticSeq1Indented took 0.017ms
tactic execution of Lean.Parser.Tactic.tacticSeq took 0.00405ms
tactic execution of Lean.Parser.Tactic.paren took 0.00388ms
tactic execution of Lean.Parser.Tactic.rwSeq took 0.0231ms
tactic execution of Lean.Parser.Tactic.tacticSeq1Indented took 0.00501ms
tactic execution of Lean.Parser.Tactic.tacticSeq took 0.00346ms
tactic execution of Lean.Parser.Tactic.paren took 0.00455ms
tactic execution of Lean.Parser.Tactic.withAnnotateState took 0.00696ms
tactic execution of Lean.Parser.Tactic.tacticSeq1Indented took 0.00579ms
tactic execution of Lean.Parser.Tactic.tacticSeq took 0.00497ms
tactic execution of Lean.Parser.Tactic.case took 0.121ms
tactic execution of Lean.Parser.Tactic.tacticSeq1Indented took 0.0178ms
tactic execution of Lean.Parser.Tactic.tacticSeq took 0.00649ms
tactic execution of Lean.Parser.Tactic.focus took 0.012ms
tactic execution of Lean.Parser.Tactic.tacticHave__ took 0.0463ms
typeclass inference of Decidable took 0.242ms
typeclass inference of LE took 0.0355ms
typeclass inference of LE took 0.00556ms
typeclass inference of LE took 0.00602ms
typeclass inference of LE took 0.00614ms
typeclass inference of Decidable took 0.176ms
typeclass inference of Decidable took 0.00383ms
instantiate metavars took 0.00131ms
tactic execution of Lean.Parser.Tactic.omega took 8.8ms
tactic execution of Lean.Parser.Tactic.tacticSeq1Indented took 0.0372ms
tactic execution of Lean.Parser.Tactic.tacticSeq took 0.0111ms
tactic execution of Lean.Parser.Tactic.paren took 0.011ms
tactic execution of Lean.Parser.Tactic.withAnnotateState took 0.0146ms
tactic execution of Lean.Parser.Tactic.tacticSeq1Indented took 0.0109ms
tactic execution of Lean.Parser.Tactic.tacticSeq took 0.0096ms
tactic execution of Lean.Parser.Tactic.case took 0.107ms
tactic execution of Lean.Parser.Tactic.tacticSeq1Indented took 0.0215ms
tactic execution of Lean.Parser.Tactic.tacticSeq took 0.00895ms
tactic execution of Lean.Parser.Tactic.focus took 0.0113ms
tactic execution of Lean.Parser.Tactic.tacticHave__ took 0.0572ms
typeclass inference of OfNat took 1.17ms
typeclass inference of HAdd took 1.51ms
typeclass inference of HMul took 1.18ms
typeclass inference of CategoryTheory.CartesianMonoidalCategory took 0.0565ms
typeclass inference of CategoryTheory.CartesianMonoidalCategory took 0.00502ms
typeclass inference of HPow took 2.29ms
typeclass inference of HMul took 0.896ms
typeclass inference of HAdd took 0.899ms
typeclass inference of OfNat took 0.131ms
typeclass inference of OfNat took 0.0576ms
typeclass inference of HAdd took 0.143ms
typeclass inference of HMul took 0.133ms
typeclass inference of HPow took 0.291ms
typeclass inference of HMul took 0.146ms
typeclass inference of HAdd took 0.153ms
typeclass inference of OfNat took 0.0426ms
tactic execution of Lean.Parser.Tactic.refine took 1.85ms
tactic execution of Lean.Parser.Tactic.rewriteSeq took 0.244ms
tactic execution of Lean.Parser.Tactic.exact took 0.147ms
tactic execution of Lean.Parser.Tactic.exact took 0.109ms
tactic execution of Lean.Parser.Tactic.eqRefl took 0.0102ms
tactic execution of Lean.Parser.Tactic.applyRfl took 0.0554ms
tactic execution of Lean.Parser.Tactic.tacticRfl took 0.0482ms
tactic execution of Lean.Parser.Tactic.tacticSeq1Indented took 0.00663ms
tactic execution of Lean.Parser.Tactic.tacticSeq took 0.00447ms
tactic execution of Lean.Parser.Tactic.withReducible took 0.00725ms
tactic execution of Lean.Parser.Tactic.tacticSeq1Indented took 0.0046ms
tactic execution of Lean.Parser.Tactic.tacticSeq took 0.00345ms
tactic execution of Lean.Parser.Tactic.paren took 0.00393ms
tactic execution of Lean.Parser.Tactic.tacticSeq1Indented took 0.00431ms
tactic execution of Lean.Parser.Tactic.tacticSeq took 0.00484ms
tactic execution of Lean.Parser.Tactic.skip took 0.00255ms
tactic execution of Lean.Parser.Tactic.tacticSeq1Indented took 0.00385ms
tactic execution of Lean.Parser.Tactic.tacticSeq took 0.00391ms
tactic execution of Lean.Parser.Tactic.first took 0.00915ms
tactic execution of Lean.Parser.Tactic.tacticTry_ took 0.00864ms
tactic execution of Lean.Parser.Tactic.tacticSeq1Indented took 0.0044ms
tactic execution of Lean.Parser.Tactic.tacticSeq took 0.00342ms
tactic execution of Lean.Parser.Tactic.paren took 0.00342ms
tactic execution of Lean.Parser.Tactic.withAnnotateState took 0.0124ms
tactic execution of Lean.Parser.Tactic.tacticSeq1Indented took 0.0152ms
tactic execution of Lean.Parser.Tactic.tacticSeq took 0.00339ms
tactic execution of Lean.Parser.Tactic.paren took 0.00454ms
tactic execution of Lean.Parser.Tactic.rwSeq took 0.0163ms
tactic execution of Lean.Parser.Tactic.exact took 0.0598ms
tactic execution of Lean.Parser.Tactic.tacticSeq1Indented took 0.013ms
tactic execution of Lean.Parser.Tactic.tacticSeq took 0.0216ms
tactic execution of Lean.Parser.Tactic.rewriteSeq took 15.3ms
tactic execution of Lean.Parser.Tactic.exact took 0.0973ms
tactic execution of Lean.Parser.Tactic.exact took 0.0922ms
tactic execution of Lean.Parser.Tactic.eqRefl took 0.0117ms
tactic execution of Lean.Parser.Tactic.tacticRfl took 0.0422ms
tactic execution of Lean.Parser.Tactic.tacticSeq1Indented took 0.00386ms
tactic execution of Lean.Parser.Tactic.tacticSeq took 0.008ms
tactic execution of Lean.Parser.Tactic.withReducible took 0.00318ms
tactic execution of Lean.Parser.Tactic.tacticSeq1Indented took 0.0032ms
tactic execution of Lean.Parser.Tactic.tacticSeq took 0.00272ms
tactic execution of Lean.Parser.Tactic.paren took 0.00312ms
tactic execution of Lean.Parser.Tactic.tacticSeq1Indented took 0.00295ms
tactic execution of Lean.Parser.Tactic.tacticSeq took 0.00278ms
tactic execution of Lean.Parser.Tactic.first took 0.00314ms
tactic execution of Lean.Parser.Tactic.tacticTry_ took 0.0058ms
tactic execution of Lean.Parser.Tactic.tacticSeq1Indented took 0.0032ms
tactic execution of Lean.Parser.Tactic.tacticSeq took 0.00285ms
tactic execution of Lean.Parser.Tactic.paren took 0.00302ms
tactic execution of Lean.Parser.Tactic.withAnnotateState took 0.0134ms
tactic execution of Lean.Parser.Tactic.tacticSeq1Indented took 0.0165ms
tactic execution of Lean.Parser.Tactic.tacticSeq took 0.00557ms
tactic execution of Lean.Parser.Tactic.paren took 0.00502ms
tactic execution of Lean.Parser.Tactic.rwSeq took 0.0176ms
tactic execution of Lean.Parser.Tactic.tacticSeq1Indented took 0.00645ms
tactic execution of Lean.Parser.Tactic.tacticSeq took 0.00467ms
tactic execution of Lean.Parser.Tactic.paren took 0.00526ms
tactic execution of Lean.Parser.Tactic.withAnnotateState took 0.00773ms
tactic execution of Lean.Parser.Tactic.tacticSeq1Indented took 0.00596ms
tactic execution of Lean.Parser.Tactic.tacticSeq took 0.006ms
tactic execution of Lean.Parser.Tactic.case took 0.319ms
tactic execution of Lean.Parser.Tactic.tacticSeq1Indented took 0.026ms
tactic execution of Lean.Parser.Tactic.tacticSeq took 0.00704ms
tactic execution of Lean.Parser.Tactic.focus took 0.0137ms
tactic execution of Lean.Parser.Tactic.tacticHave__ took 0.0648ms
typeclass inference of HMul took 0.228ms
typeclass inference of HMul took 0.18ms
typeclass inference of LT took 0.0348ms
tactic execution of Lean.Parser.Tactic.refine took 0.602ms
typeclass inference of OfNat took 0.137ms
typeclass inference of OfNat took 0.0656ms
typeclass inference of HMul took 0.00491ms
typeclass inference of HMul took 0.0027ms
typeclass inference of HMul took 0.0404ms
typeclass inference of HPow took 0.386ms
typeclass inference of HMul took 0.0346ms
typeclass inference of LE took 0.034ms
typeclass inference of OfNat took 0.0458ms
typeclass inference of OfNat took 0.0835ms
typeclass inference of OfNat took 0.0604ms
typeclass inference of OfNat took 0.0479ms
typeclass inference of OfNat took 0.037ms
typeclass inference of HMul took 0.00419ms
typeclass inference of HPow took 0.0379ms
typeclass inference of HPow took 0.0403ms
typeclass inference of HMul took 0.0321ms
typeclass inference of LT took 0.00432ms
typeclass inference of OfNat took 0.00897ms
typeclass inference of OfNat took 0.00225ms
typeclass inference of Trans took 0.211ms
typeclass inference of OfNat took 0.0685ms
typeclass inference of OfNat took 0.0508ms
typeclass inference of HAdd took 0.357ms
typeclass inference of HAdd took 0.514ms
typeclass inference of OfNat took 0.143ms
typeclass inference of HPow took 0.0902ms
typeclass inference of OfNat took 0.00884ms
typeclass inference of Trans took 0.288ms
typeclass inference of LT took 0.00383ms
typeclass inference of Trans took 0.181ms
typeclass inference of LE took 0.237ms
typeclass inference of LE took 0.0882ms
typeclass inference of Zero took 0.135ms
typeclass inference of PartialOrder took 0.0389ms
typeclass inference of Ring took 1.07ms
typeclass inference of AddMonoidWithOne took 0.042ms
norm_num took 0.268ms
typeclass inference of Semiring took 0.0336ms
typeclass inference of PartialOrder took 0.0029ms
typeclass inference of CommSemiring took 0.0278ms
typeclass inference of IsOrderedRing took 0.948ms
typeclass inference of Nontrivial took 0.0502ms
typeclass inference of Semiring took 0.00335ms
typeclass inference of IsStrictOrderedRing took 0.0337ms
tactic execution of Mathlib.Tactic.Positivity.positivity took 1.11ms
tactic execution of Lean.Parser.Tactic.tacticSeq1Indented took 0.011ms
tactic execution of Lean.Parser.Tactic.tacticSeq took 0.0245ms
typeclass inference of Monoid took 0.264ms
typeclass inference of Monoid took 0.0906ms
typeclass inference of Monoid took 0.0329ms
typeclass inference of Monoid took 0.028ms
tactic execution of Lean.Parser.Tactic.rewriteSeq took 0.549ms
tactic execution of Lean.Parser.Tactic.exact took 0.107ms
tactic execution of Lean.Parser.Tactic.exact took 0.0822ms
tactic execution of Lean.Parser.Tactic.eqRefl took 0.131ms
tactic execution of Lean.Parser.Tactic.tacticRfl took 0.0434ms
tactic execution of Lean.Parser.Tactic.tacticSeq1Indented took 0.00422ms
tactic execution of Lean.Parser.Tactic.tacticSeq took 0.00384ms
tactic execution of Lean.Parser.Tactic.withReducible took 0.00624ms
tactic execution of Lean.Parser.Tactic.tacticSeq1Indented took 0.00317ms
tactic execution of Lean.Parser.Tactic.tacticSeq took 0.00309ms
tactic execution of Lean.Parser.Tactic.paren took 0.004ms
tactic execution of Lean.Parser.Tactic.tacticSeq1Indented took 0.00361ms
tactic execution of Lean.Parser.Tactic.tacticSeq took 0.00323ms
tactic execution of Lean.Parser.Tactic.first took 0.00663ms
tactic execution of Lean.Parser.Tactic.tacticTry_ took 0.00804ms
tactic execution of Lean.Parser.Tactic.tacticSeq1Indented took 0.00332ms
tactic execution of Lean.Parser.Tactic.tacticSeq took 0.00285ms
tactic execution of Lean.Parser.Tactic.paren took 0.0031ms
tactic execution of Lean.Parser.Tactic.withAnnotateState took 0.0172ms
tactic execution of Lean.Parser.Tactic.tacticSeq1Indented took 0.0089ms
tactic execution of Lean.Parser.Tactic.tacticSeq took 0.00316ms
tactic execution of Lean.Parser.Tactic.paren took 0.00421ms
tactic execution of Lean.Parser.Tactic.rwSeq took 0.0139ms
tactic execution of Lean.Parser.Tactic.tacticSeq1Indented took 0.00655ms
tactic execution of Lean.Parser.Tactic.tacticSeq took 0.0173ms
tactic execution of Lean.calcTactic took 9.9ms
tactic execution of Lean.Parser.Tactic.tacticSeq1Indented took 0.00729ms
tactic execution of Lean.Parser.Tactic.tacticSeq took 0.00403ms
tactic execution of Lean.Parser.Tactic.paren took 0.00384ms
tactic execution of Lean.Parser.Tactic.withAnnotateState took 0.00486ms
tactic execution of Lean.Parser.Tactic.tacticSeq1Indented took 0.00467ms
tactic execution of Lean.Parser.Tactic.tacticSeq took 0.00433ms
tactic execution of Lean.Parser.Tactic.case took 0.042ms
tactic execution of Lean.Parser.Tactic.tacticSeq1Indented took 0.0147ms
tactic execution of Lean.Parser.Tactic.tacticSeq took 0.00548ms
tactic execution of Lean.Parser.Tactic.focus took 0.00923ms
tactic execution of Lean.Parser.Tactic.tacticHave__ took 0.0395ms
typeclass inference of HMul took 1.52ms
typeclass inference of HMul took 1.21ms
typeclass inference of HMul took 0.136ms
typeclass inference of HMul took 0.155ms
tactic execution of Lean.Parser.Tactic.refine took 1ms
tactic execution of Lean.Parser.Tactic.rotateRight took 0.00539ms
tactic execution of Lean.Parser.Tactic.tacticSeq1Indented took 0.0119ms
tactic execution of Lean.Parser.Tactic.tacticSeq took 0.00312ms
tactic execution of Lean.Parser.Tactic.paren took 0.00275ms
tactic execution of Lean.Parser.Tactic.tacticSeq1Indented took 0.00329ms
tactic execution of Lean.Parser.Tactic.tacticSeq took 0.00318ms
tactic execution of Lean.Parser.Tactic.focus took 0.00562ms
tactic execution of Lean.Parser.Tactic.tacticRefine_lift_ took 0.0061ms
tactic execution of Lean.Parser.Tactic.tacticHave__ took 0.0158ms
tactic execution of Lean.Parser.Tactic.rewriteSeq took 0.653ms
tactic execution of Lean.Parser.Tactic.exact took 0.13ms
tactic execution of Lean.Parser.Tactic.exact took 0.101ms
tactic execution of Lean.Parser.Tactic.eqRefl took 0.0141ms
tactic execution of Lean.Parser.Tactic.tacticRfl took 0.0423ms
tactic execution of Lean.Parser.Tactic.tacticSeq1Indented took 0.00515ms
tactic execution of Lean.Parser.Tactic.tacticSeq took 0.00435ms
tactic execution of Lean.Parser.Tactic.withReducible took 0.00491ms
tactic execution of Lean.Parser.Tactic.tacticSeq1Indented took 0.00402ms
tactic execution of Lean.Parser.Tactic.tacticSeq took 0.00374ms
tactic execution of Lean.Parser.Tactic.paren took 0.00383ms
tactic execution of Lean.Parser.Tactic.tacticSeq1Indented took 0.00993ms
tactic execution of Lean.Parser.Tactic.tacticSeq took 0.00345ms
tactic execution of Lean.Parser.Tactic.first took 0.00458ms
tactic execution of Lean.Parser.Tactic.tacticTry_ took 0.00693ms
tactic execution of Lean.Parser.Tactic.tacticSeq1Indented took 0.004ms
tactic execution of Lean.Parser.Tactic.tacticSeq took 0.00896ms
tactic execution of Lean.Parser.Tactic.paren took 0.00403ms
tactic execution of Lean.Parser.Tactic.withAnnotateState took 0.084ms
tactic execution of Lean.Parser.Tactic.tacticSeq1Indented took 0.0358ms
tactic execution of Lean.Parser.Tactic.tacticSeq took 0.00613ms
tactic execution of Lean.Parser.Tactic.paren took 0.0071ms
tactic execution of Lean.Parser.Tactic.rwSeq took 0.062ms
tactic execution of Lean.Parser.Tactic.tacticSeq1Indented took 0.118ms
tactic execution of Lean.Parser.Tactic.tacticSeq took 0.0214ms
instantiate metavars took 0.603ms
instantiate metavars took 0.000521ms
instantiate metavars took 0.000111ms
instantiate metavars took 0.00015ms
instantiate metavars took 0.000111ms
share common exprs took 2.22ms
fix level params took 0.0945ms
let-to-have transformation took 0.0107ms
attribute application took 0.00324ms
attribute application took 0.000862ms
process pre-definitions took 1.55ms
elaboration took 2.53ms
type checking took 44.4ms
type checking took 8.15ms
overlappingInstancesLinter took 0.318ms
tacticAnalysis took 6.32ms
linting took 20.8ms
attribute application took 0.00315ms
typeclass inference of OfNat took 0.143ms
typeclass inference of OfNat took 0.0468ms
typeclass inference of HSub took 1.06ms
typeclass inference of HMul took 1.08ms
typeclass inference of HMul took 1.25ms
typeclass inference of HSub took 0.712ms
typeclass inference of OfNat took 0.724ms
typeclass inference of OfNat took 0.0722ms
typeclass inference of OfNat took 0.0411ms
typeclass inference of OfNat took 0.0371ms
typeclass inference of OfNat took 0.0297ms
typeclass inference of OfNat took 0.0377ms
typeclass inference of OfNat took 0.0311ms
typeclass inference of OfNat took 0.0276ms
typeclass inference of OfNat took 0.0283ms
typeclass inference of HSub took 0.00458ms
typeclass inference of HSub took 0.00241ms
typeclass inference of HMul took 0.00234ms
typeclass inference of HSub took 0.0435ms
typeclass inference of HPow took 0.177ms
typeclass inference of HMul took 0.0813ms
typeclass inference of HSub took 0.0544ms
typeclass inference of OfNat took 0.829ms
typeclass inference of OfNat took 0.0557ms
typeclass inference of OfNat took 0.00428ms
typeclass inference of HPow took 0.126ms
typeclass inference of HMul took 0.055ms
typeclass inference of HSub took 0.0504ms
typeclass inference of OfNat took 0.0414ms
typeclass inference of HPow took 0.104ms
typeclass inference of HMul took 0.0623ms
typeclass inference of HSub took 0.0443ms
typeclass inference of OfNat took 0.0579ms
typeclass inference of OfNat took 0.0712ms
typeclass inference of OfNat took 0.0524ms
typeclass inference of OfNat took 0.0433ms
typeclass inference of HPow took 0.134ms
typeclass inference of LE took 0.0318ms
typeclass inference of OfNat took 0.0359ms
typeclass inference of OfNat took 0.0456ms
typeclass inference of HPow took 0.112ms
typeclass inference of OfNat took 0.0378ms
typeclass inference of HPow took 0.115ms
typeclass inference of OfNat took 0.0571ms
typeclass inference of OfNat took 0.0422ms
typeclass inference of OfNat took 0.0334ms
typeclass inference of OfNat took 0.0306ms
typeclass inference of HPow took 0.151ms
typeclass inference of LT took 0.0326ms
typeclass inference of OfNat took 0.00345ms
typeclass inference of OfNat took 0.0558ms
typeclass inference of HPow took 0.118ms
typeclass inference of OfNat took 0.0475ms
typeclass inference of HPow took 0.109ms
typeclass inference of OfNat took 0.0554ms
typeclass inference of OfNat took 0.0419ms
typeclass inference of OfNat took 0.033ms
typeclass inference of OfNat took 0.0292ms
typeclass inference of HPow took 0.13ms
typeclass inference of LT took 0.00512ms
typeclass inference of OfNat took 0.00461ms
typeclass inference of OfNat took 0.0715ms
typeclass inference of HPow took 0.142ms
typeclass inference of OfNat took 0.0447ms
typeclass inference of HPow took 0.106ms
typeclass inference of OfNat took 0.0538ms
typeclass inference of OfNat took 0.0465ms
typeclass inference of OfNat took 0.0336ms
typeclass inference of OfNat took 0.0306ms
typeclass inference of HPow took 0.142ms
typeclass inference of LT took 0.00349ms
typeclass inference of OfNat took 0.00255ms
typeclass inference of OfNat took 0.047ms
typeclass inference of HPow took 0.112ms
typeclass inference of OfNat took 0.0364ms
typeclass inference of HPow took 0.711ms
typeclass inference of OfNat took 0.0956ms
typeclass inference of OfNat took 0.0536ms
typeclass inference of OfNat took 0.0614ms
typeclass inference of OfNat took 0.034ms
typeclass inference of HMul took 0.166ms
typeclass inference of HAdd took 0.217ms
typeclass inference of HMul took 0.00343ms
typeclass inference of HMul took 0.404ms
typeclass inference of HPow took 0.319ms
typeclass inference of HMul took 0.0756ms
typeclass inference of HAdd took 0.0606ms
typeclass inference of OfNat took 0.00394ms
typeclass inference of OfNat took 0.0533ms
typeclass inference of HPow took 0.128ms
typeclass inference of HMul took 0.0564ms
typeclass inference of HAdd took 0.0468ms
typeclass inference of OfNat took 0.0398ms
typeclass inference of HPow took 0.106ms
typeclass inference of HMul took 0.0604ms
typeclass inference of HAdd took 0.0627ms
typeclass inference of OfNat took 0.0451ms
typeclass inference of HPow took 0.121ms
typeclass inference of HMul took 0.0533ms
typeclass inference of HSub took 0.0582ms
typeclass inference of OfNat took 0.0415ms
typeclass inference of HPow took 0.133ms
typeclass inference of OfNat took 0.0399ms
typeclass inference of HPow took 0.125ms
typeclass inference of OfNat took 0.0382ms
typeclass inference of HPow took 0.117ms
typeclass inference of OfNat took 0.0475ms
typeclass inference of HPow took 0.112ms
typeclass inference of OfNat took 0.0357ms
typeclass inference of HPow took 0.108ms
typeclass inference of HMul took 0.0509ms
typeclass inference of HAdd took 0.0519ms
typeclass inference of OfNat took 0.0411ms
typeclass inference of HPow took 0.109ms
typeclass inference of HMul took 0.0531ms
typeclass inference of HSub took 0.0524ms
typeclass inference of OfNat took 0.0384ms
typeclass inference of HPow took 0.124ms
typeclass inference of OfNat took 0.109ms
typeclass inference of HPow took 0.229ms
typeclass inference of OfNat took 0.0417ms
typeclass inference of HPow took 0.113ms
typeclass inference of OfNat took 0.0356ms
typeclass inference of HPow took 0.107ms
typeclass inference of OfNat took 0.035ms
typeclass inference of HPow took 0.101ms
typeclass inference of HMul took 0.0474ms
typeclass inference of HAdd took 0.045ms
typeclass inference of Pow took 0.0442ms
typeclass inference of CategoryTheory.CartesianMonoidalCategory took 0.0639ms
typeclass inference of CategoryTheory.CartesianMonoidalCategory took 0.00469ms
typeclass inference of NPow took 2.24ms
typeclass inference of OfNat took 0.0446ms
typeclass inference of HMul took 0.0416ms
typeclass inference of HSub took 0.00479ms
typeclass inference of OfNat took 0.0545ms
typeclass inference of HPow took 0.117ms
typeclass inference of OfNat took 0.0391ms
typeclass inference of HPow took 0.107ms
typeclass inference of OfNat took 0.0374ms
typeclass inference of HPow took 0.104ms
typeclass inference of OfNat took 0.047ms
typeclass inference of HPow took 0.109ms
typeclass inference of OfNat took 0.0366ms
typeclass inference of HPow took 0.104ms
typeclass inference of HMul took 0.0505ms
typeclass inference of HAdd took 0.0453ms
typeclass inference of OfNat took 0.0386ms
typeclass inference of HPow took 0.103ms
typeclass inference of OfNat took 0.0362ms
typeclass inference of HPow took 0.113ms
typeclass inference of OfNat took 0.0417ms
typeclass inference of HPow took 0.162ms
typeclass inference of OfNat took 0.0518ms
typeclass inference of HPow took 0.126ms
typeclass inference of OfNat took 0.0364ms
typeclass inference of HPow took 0.102ms
typeclass inference of HMul took 0.0528ms
typeclass inference of HAdd took 0.0445ms
typeclass inference of OfNat took 0.0379ms
typeclass inference of HPow took 0.137ms
typeclass inference of OfNat took 0.0621ms
typeclass inference of HPow took 0.137ms
typeclass inference of OfNat took 0.0375ms
typeclass inference of HPow took 0.103ms
typeclass inference of OfNat took 0.046ms
typeclass inference of HPow took 0.118ms
typeclass inference of OfNat took 0.0363ms
typeclass inference of HPow took 0.111ms
typeclass inference of HMul took 0.0506ms
typeclass inference of HAdd took 0.0445ms
typeclass inference of Pow took 0.0365ms
typeclass inference of NPow took 0.0897ms
typeclass inference of OfNat took 0.0378ms
typeclass inference of OfNat took 0.0431ms
typeclass inference of HPow took 0.112ms
typeclass inference of OfNat took 0.0394ms
typeclass inference of HPow took 0.105ms
typeclass inference of OfNat took 0.044ms
typeclass inference of HPow took 0.106ms
typeclass inference of OfNat took 0.0363ms
typeclass inference of HPow took 0.103ms
typeclass inference of HMul took 0.0486ms
typeclass inference of HAdd took 0.0459ms
typeclass inference of OfNat took 0.0393ms
typeclass inference of HPow took 0.104ms
typeclass inference of OfNat took 0.038ms
typeclass inference of HPow took 0.1ms
typeclass inference of OfNat took 0.0354ms
typeclass inference of HPow took 0.0994ms
typeclass inference of OfNat took 0.0351ms
typeclass inference of HPow took 0.102ms
typeclass inference of HMul took 0.0801ms
typeclass inference of HAdd took 0.0478ms
typeclass inference of OfNat took 0.0418ms
typeclass inference of HPow took 0.106ms
typeclass inference of parsing took 0.0669ms
parsing took 0.000852ms
OfNat took 0.0376ms
typeclass inference of HPow took 0.105ms
typeclass inference of OfNat took 0.0373ms
typeclass inference of HPow took 0.105ms
typeclass inference of OfNat took 0.0372ms
typeclass inference of HPow took 0.102ms
typeclass inference of HMul took 0.0522ms
typeclass inference of HAdd took 0.0444ms
typeclass inference of Pow took 0.0372ms
typeclass inference of NPow took 0.00325ms
typeclass inference of OfNat took 0.00283ms
typeclass inference of OfNat took 0.0468ms
typeclass inference of HPow took 0.117ms
typeclass inference of OfNat took 0.0386ms
typeclass inference of HPow took 0.123ms
typeclass inference of OfNat took 0.0644ms
typeclass inference of HPow took 0.119ms
typeclass inference of HMul took 0.0528ms
typeclass inference of HAdd took 0.0455ms
typeclass inference of OfNat took 0.0403ms
typeclass inference of HPow took 0.106ms
typeclass inference of OfNat took 0.0373ms
typeclass inference of HPow took 0.118ms
typeclass inference of OfNat took 0.0443ms
typeclass inference of HPow took 0.117ms
typeclass inference of HMul took 0.05ms
typeclass inference of HAdd took 0.0443ms
typeclass inference of OfNat took 0.0388ms
typeclass inference of HPow took 0.132ms
typeclass inference of OfNat took 0.0494ms
typeclass inference of HPow took 0.106ms
typeclass inference of OfNat took 0.036ms
typeclass inference of HPow took 0.102ms
typeclass inference of HMul took 0.0525ms
typeclass inference of HAdd took 0.0465ms
typeclass inference of Pow took 0.0419ms
typeclass inference of NPow took 0.00325ms
typeclass inference of OfNat took 0.00279ms
typeclass inference of OfNat took 0.0666ms
typeclass inference of HPow took 0.111ms
typeclass inference of OfNat took 0.0399ms
typeclass inference of HPow took 0.105ms
typeclass inference of HMul took 0.0603ms
typeclass inference of HAdd took 0.0558ms
typeclass inference of OfNat took 0.0427ms
typeclass inference of HPow took 0.109ms
typeclass inference of OfNat took 0.205ms
typeclass inference of HPow took 0.323ms
typeclass inference of HMul took 0.0888ms
typeclass inference of HAdd took 0.0472ms
typeclass inference of OfNat took 0.0426ms
typeclass inference of HPow took 0.114ms
typeclass inference of OfNat took 0.0392ms
typeclass inference of HPow took 0.107ms
typeclass inference of HMul took 0.0498ms
typeclass inference of HAdd took 0.0449ms
typeclass inference of Pow took 0.0498ms
typeclass inference of NPow took 0.00348ms
typeclass inference of OfNat took 0.00387ms
typeclass inference of OfNat took 0.065ms
typeclass inference of HPow took 0.165ms
typeclass inference of HMul took 0.0598ms
typeclass inference of HAdd took 0.0856ms
typeclass inference of OfNat took 0.0559ms
typeclass inference of HPow took 0.112ms
typeclass inference of HMul took 0.053ms
typeclass inference of HAdd took 0.0504ms
typeclass inference of OfNat took 0.0393ms
typeclass inference of HPow took 0.106ms
typeclass inference of HMul took 0.0493ms
typeclass inference of HAdd took 0.0456ms
typeclass inference of Pow took 0.0383ms
typeclass inference of NPow took 0.00314ms
typeclass inference of OfNat took 0.00278ms
typeclass inference of HMul took 0.0321ms
typeclass inference of HAdd took 0.00484ms
instantiate metavars took 0.0707ms
instantiate metavars took 0.00022ms
let-to-have transformation took 0.032ms
attribute application took 0.00274ms
attribute application took 0.000521ms
elaboration took 8.19ms
typeclass inference of OfNat took 0.743ms
typeclass inference of OfNat took 0.137ms
typeclass inference of OfNat took 0.245ms
tactic execution of Lean.Parser.Tactic.refine took 0.9ms
tactic execution of Lean.Parser.Tactic.rotateRight took 0.012ms
tactic execution of Lean.Parser.Tactic.tacticSeq1Indented took 0.076ms
tactic execution of Lean.Parser.Tactic.tacticSeq took 0.00905ms
tactic execution of Lean.Parser.Tactic.paren took 0.0104ms
tactic execution of Lean.Parser.Tactic.tacticSeq1Indented took 0.0109ms
tactic execution of Lean.Parser.Tactic.tacticSeq took 0.00841ms
tactic execution of Lean.Parser.Tactic.focus took 0.017ms
tactic execution of Lean.Parser.Tactic.tacticRefine_lift_ took 0.015ms
tactic execution of Lean.Parser.Tactic.tacticHave__ took 0.0242ms
typeclass inference of HMul took 1.22ms
typeclass inference of HMul took 0.902ms
tactic execution of Lean.Parser.Tactic.refine took 0.694ms
typeclass inference of Add took 0.734ms
typeclass inference of AddRightCancelSemigroup took 1.57ms
typeclass inference of IsRightCancelAdd took 3.52ms
typeclass inference of AddGroup took 0.733ms
typeclass inference of CommSemiring took 0.624ms
typeclass inference of CommRing took 0.0544ms
typeclass inference of Semifield took 0.423ms
typeclass inference of Field took 0.417ms
typeclass inference of Field took 0.00336ms
typeclass inference of Field took 0.00345ms
typeclass inference of Field took 0.0028ms
typeclass inference of Field took 0.00146ms
typeclass inference of Field took 0.00146ms
typeclass inference of Field took 0.0012ms
typeclass inference of Field took 0.0013ms
typeclass inference of Field took 0.00107ms
typeclass inference of Field took 0.00106ms
typeclass inference of Field took 0.00114ms
typeclass inference of Field took 0.00106ms
typeclass inference of Field took 0.0022ms
typeclass inference of Field took 0.00123ms
typeclass inference of Field took 0.00122ms
typeclass inference of Field took 0.00118ms
typeclass inference of Field took 0.0011ms
typeclass inference of Field took 0.00112ms
typeclass inference of Field took 0.00112ms
typeclass inference of Field took 0.00102ms
typeclass inference of Field took 0.00436ms
typeclass inference of Field took 0.00119ms
typeclass inference of Field took 0.00119ms
typeclass inference of Field took 0.00109ms
typeclass inference of Field took 0.00122ms
typeclass inference of Field took 0.00107ms
typeclass inference of Field took 0.00103ms
typeclass inference of Field took 0.00184ms
typeclass inference of Field took 0.00116ms
typeclass inference of Field took 0.00115ms
typeclass inference of Semiring took 0.698ms
typeclass inference of RCLike took 0.0109ms
typeclass inference of RCLike took 0.00179ms
typeclass inference of RCLike took 0.0014ms
typeclass inference of RCLike took 0.00238ms
typeclass inference of RCLike took 0.00143ms
typeclass inference of RCLike took 0.00151ms
typeclass inference of RCLike took 0.00124ms
typeclass inference of RCLike took 0.00121ms
typeclass inference of RCLike took 0.00117ms
typeclass inference of RCLike took 0.00111ms
typeclass inference of RCLike took 0.00116ms
typeclass inference of RCLike took 0.00101ms
typeclass inference of RCLike took 0.00192ms
typeclass inference of RCLike took 0.00121ms
typeclass inference of RCLike took 0.00126ms
typeclass inference of RCLike took 0.00113ms
typeclass inference of RCLike took 0.0011ms
typeclass inference of RCLike took 0.00109ms
typeclass inference of RCLike took 0.00106ms
typeclass inference of RCLike took 0.00108ms
typeclass inference of RCLike took 0.00185ms
typeclass inference of RCLike took 0.00131ms
typeclass inference of RCLike took 0.00119ms
typeclass inference of RCLike took 0.00122ms
typeclass inference of RCLike took 0.00112ms
typeclass inference of RCLike took 0.00109ms
typeclass inference of RCLike took 0.00107ms
typeclass inference of RCLike took 0.00161ms
typeclass inference of RCLike took 0.00113ms
typeclass inference of RCLike took 0.00109ms
typeclass inference of Semiring took 0.00403ms
typeclass inference of NonAssocRing took 0.171ms
typeclass inference of Field took 0.00293ms
typeclass inference of Field took 0.00225ms
typeclass inference of Field took 0.00216ms
typeclass inference of Field took 0.00143ms
typeclass inference of Field took 0.00131ms
typeclass inference of Field took 0.00117ms
typeclass inference of Field took 0.00117ms
typeclass inference of Field took 0.00123ms
typeclass inference of Field took 0.00133ms
typeclass inference of Field took 0.00198ms
typeclass inference of Field took 0.00138ms
typeclass inference of Field took 0.00125ms
typeclass inference of Field took 0.00116ms
typeclass inference of Field took 0.00386ms
typeclass inference of Field took 0.00179ms
typeclass inference of Field took 0.00163ms
typeclass inference of Field took 0.00119ms
typeclass inference of Field took 0.00214ms
typeclass inference of Field took 0.00111ms
typeclass inference of Field took 0.00103ms
typeclass inference of Field took 0.00107ms
typeclass inference of Field took 0.00132ms
typeclass inference of Field took 0.00245ms
typeclass inference of Field took 0.00137ms
typeclass inference of Field took 0.0013ms
typeclass inference of Field took 0.00118ms
typeclass inference of Field took 0.00114ms
typeclass inference of Field took 0.00111ms
typeclass inference of Field took 0.0011ms
typeclass inference of Field took 0.00115ms
typeclass inference of Field took 0.00204ms
typeclass inference of Field took 0.00135ms
typeclass inference of Field took 0.00149ms
typeclass inference of Field took 0.0011ms
typeclass inference of Field took 0.00136ms
typeclass inference of Field took 0.00112ms
typeclass inference of Field took 0.00161ms
typeclass inference of Field took 0.00242ms
typeclass inference of Field took 0.00133ms
typeclass inference of Field took 0.0015ms
typeclass inference of Field took 0.00122ms
typeclass inference of Field took 0.00121ms
typeclass inference of Field took 0.00229ms
typeclass inference of Field took 0.00143ms
typeclass inference of Field took 0.00115ms
typeclass inference of Field took 0.00114ms
typeclass inference of Field took 0.00174ms
typeclass inference of Field took 0.00115ms
typeclass inference of Field took 0.00109ms
typeclass inference of Field took 0.00159ms
typeclass inference of Field took 0.00127ms
typeclass inference of Field took 0.00146ms
typeclass inference of Field took 0.00199ms
typeclass inference of Field took 0.00202ms
typeclass inference of Field took 0.00121ms
typeclass inference of Field took 0.00117ms
typeclass inference of Field took 0.00114ms
typeclass inference of Field took 0.00111ms
typeclass inference of Field took 0.00112ms
typeclass inference of Field took 0.00159ms
typeclass inference of Field took 0.00242ms
typeclass inference of Field took 0.00174ms
typeclass inference of Field took 0.00216ms
typeclass inference of Field took 0.00119ms
typeclass inference of Field took 0.00111ms
typeclass inference of Field took 0.00182ms
typeclass inference of Field took 0.00117ms
typeclass inference of Field took 0.00115ms
typeclass inference of Field took 0.00112ms
typeclass inference of Field took 0.00187ms
typeclass inference of Field took 0.00167ms
typeclass inference of Field took 0.00111ms
typeclass inference of Semiring took 0.0076ms
typeclass inference of CharZero took 20.5ms
norm_num took 0.151ms
norm_num took 0.00486ms
typeclass inference of AddMonoidWithOne took 0.688ms
norm_num took 0.38ms
norm_num took 0.00608ms
norm_num took 0.00418ms
norm_num took 0.00274ms
norm_num took 0.0038ms
typeclass inference of AddMonoidWithOne took 0.00468ms
norm_num took 0.259ms
ring took 1.85ms
tactic execution of Mathlib.Tactic.LinearCombination.linearCombination took 2ms
tactic execution of Lean.Parser.Tactic.tacticSeq1Indented took 0.00688ms
tactic execution of Lean.Parser.Tactic.tacticSeq took 0.0046ms
tactic execution of Lean.Parser.Tactic.paren took 0.00536ms
tactic execution of Lean.Parser.Tactic.withAnnotateState took 0.00803ms
tactic execution of Lean.Parser.Tactic.tacticSeq1Indented took 0.00538ms
tactic execution of Lean.Parser.Tactic.tacticSeq took 0.00435ms
tactic execution of Lean.Parser.Tactic.case took 0.053ms
tactic execution of Lean.Parser.Tactic.tacticSeq1Indented took 0.0148ms
tactic execution of Lean.Parser.Tactic.tacticSeq took 0.00925ms
tactic execution of Lean.Parser.Tactic.focus took 0.0106ms
tactic execution of Lean.Parser.Tactic.tacticHave__ took 0.0262ms
typeclass inference of OfNat took 0.112ms
typeclass inference of OfNat took 0.0542ms
typeclass inference of OfNat took 0.0449ms
typeclass inference of OfNat took 0.0372ms
typeclass inference of HAdd took 0.983ms
typeclass inference of HMul took 0.00403ms
typeclass inference of HPow took 0.17ms
typeclass inference of HMul took 0.0695ms
typeclass inference of HAdd took 0.0534ms
typeclass inference of OfNat took 0.852ms
typeclass inference of OfNat took 0.0635ms
typeclass inference of HPow took 0.132ms
typeclass inference of HMul took 0.0705ms
typeclass inference of HAdd took 0.0558ms
typeclass inference of OfNat took 0.0563ms
typeclass inference of HPow took 0.121ms
typeclass inference of HMul took 0.0772ms
typeclass inference of HAdd took 0.0494ms
typeclass inference of OfNat took 0.0433ms
typeclass inference of HPow took 0.12ms
typeclass inference of HMul took 0.055ms
typeclass inference of HAdd took 0.054ms
typeclass inference of OfNat took 0.0498ms
typeclass inference of HPow took 0.123ms
typeclass inference of HMul took 0.0676ms
typeclass inference of HAdd took 0.0734ms
typeclass inference of Pow took 0.0437ms
typeclass inference of CategoryTheory.CartesianMonoidalCategory took 0.0709ms
typeclass inference of CategoryTheory.CartesianMonoidalCategory took 0.00569ms
typeclass inference of NPow took 2.21ms
typeclass inference of OfNat took 0.0437ms
typeclass inference of HMul took 0.0413ms
typeclass inference of HAdd took 0.00333ms
tactic execution of Lean.Parser.Tactic.refine took 0.949ms
typeclass inference of Add took 0.00491ms
typeclass inference of IsRightCancelAdd took 0.0446ms
typeclass inference of AddGroup took 0.00664ms
typeclass inference of CommSemiring took 0.00324ms
typeclass inference of CommRing took 0.00301ms
typeclass inference of Semifield took 0.000942ms
typeclass inference of CharZero took 0.00517ms
norm_num took 0.0537ms
typeclass inference of AddMonoidWithOne took 0.0068ms
norm_num took 0.267ms
norm_num took 0.00567ms
typeclass inference of AddMonoidWithOne took 0.00535ms
norm_num took 0.148ms
typeclass inference of AddMonoidWithOne took 0.0412ms
norm_num took 0.0962ms
norm_num took 0.0134ms
norm_num took 0.00725ms
norm_num took 0.0023ms
typeclass inference of AddMonoidWithOne took 0.00366ms
norm_num took 0.115ms
typeclass inference of AddMonoidWithOne took 0.00378ms
norm_num took 0.0717ms
norm_num took 0.00422ms
typeclass inference of AddMonoidWithOne took 0.00333ms
norm_num took 0.148ms
ring took 2.7ms
tactic execution of Mathlib.Tactic.LinearCombination.linearCombination took 1.06ms
tactic execution of Lean.Parser.Tactic.tacticSeq1Indented took 0.00629ms
tactic execution of Lean.Parser.Tactic.tacticSeq took 0.00433ms
tactic execution of Lean.Parser.Tactic.paren took 0.00407ms
tactic execution of Lean.Parser.Tactic.withAnnotateState took 0.0118ms
tactic execution of Lean.Parser.Tactic.tacticSeq1Indented took 0.0155ms
tactic execution of Lean.Parser.Tactic.tacticSeq took 0.00446ms
tactic execution of Lean.Parser.Tactic.case took 0.0319ms
tactic execution of Lean.Parser.Tactic.tacticSeq1Indented took 0.0148ms
tactic execution of Lean.Parser.Tactic.tacticSeq took 0.00531ms
tactic execution of Lean.Parser.Tactic.focus took 0.0219ms
tactic execution of Lean.Parser.Tactic.tacticHave__ took 0.111ms
typeclass inference of OfNat took 0.0587ms
typeclass inference of OfNat took 0.112ms
typeclass inference of OfNat took 0.0437ms
typeclass inference of OfNat took 0.0451ms
typeclass inference of HPow took 0.184ms
typeclass inference of LT took 0.0269ms
typeclass inference of OfNat took 0.0535ms
typeclass inference of HPow took 0.138ms
typeclass inference of OfNat took 0.0483ms
typeclass inference of HPow took 0.116ms
typeclass inference of OfNat took 0.0403ms
typeclass inference of HPow took 0.116ms
typeclass inference of Pow took 0.0457ms
typeclass inference of NPow took 0.0959ms
typeclass inference of OfNat took 0.00392ms
tactic execution of Lean.Parser.Tactic.refine took 0.685ms
interpretation of Lean.Meta.Grind.reduceCtorEqCheap took 0.00897ms
interpretation of Lean.Meta.Grind.reduceSimpMatchDiscrsOnly took 0.00393ms
interpretation of Lean.Meta.Grind.reducePreMatchCond took 0.00333ms
interpretation of Lean.Meta.Grind.Arith.expandPow01 took 0.00248ms
interpretation of Lean.Meta.Grind.Arith.expandDiv took 0.00166ms
interpretation of Lean.Meta.Grind.Arith.normNatAddInst took 0.00205ms
interpretation of Lean.Meta.Grind.Arith.normNatMulInst took 0.00257ms
interpretation of Lean.Meta.Grind.Arith.normNatSubInst took 0.0019ms
interpretation of Lean.Meta.Grind.Arith.normNatDivInst took 0.00179ms
interpretation of Lean.Meta.Grind.Arith.normNatModInst took 0.00154ms
interpretation of Lean.Meta.Grind.Arith.normNatPowInst took 0.00209ms
interpretation of Lean.Meta.Grind.Arith.normNatOfNatInst took 0.00151ms
interpretation of Lean.Meta.Grind.Arith.normIntNegInst took 0.00165ms
interpretation of Lean.Meta.Grind.Arith.normIntAddInst took 0.0016ms
interpretation of Lean.Meta.Grind.Arith.normIntMulInst took 0.00174ms
interpretation of Lean.Meta.Grind.Arith.normIntSubInst took 0.00214ms
interpretation of Lean.Meta.Grind.Arith.normIntDivInst took 0.0018ms
interpretation of Lean.Meta.Grind.Arith.normIntModInst took 0.00158ms
interpretation of Lean.Meta.Grind.Arith.normIntPowInst took 0.00206ms
interpretation of Lean.Meta.Grind.Arith.normNatCastInst took 0.00204ms
interpretation of Lean.Meta.Grind.Arith.normIntOfNatInst took 0.00157ms
interpretation of Lean.Meta.Grind.Arith.normNatCastNum took 0.0015ms
interpretation of Lean.Meta.Grind.Arith.normIntCastNum took 0.00192ms
interpretation of Lean.Meta.Grind.Arith.normPowRatInt took 0.00156ms
interpretation of Lean.Meta.Grind.Arith.normFieldInv took 0.00176ms
interpretation of Lean.Meta.Grind.simpForall took 0.00283ms
interpretation of Lean.Meta.Grind.simpExists took 0.00144ms
interpretation of Lean.Meta.Grind.simpEq took 0.00138ms
interpretation of Lean.Meta.Grind.simpOr took 0.00194ms
interpretation of Lean.Meta.Grind.simpDIte took 0.00198ms
interpretation of Lean.Meta.Grind.pushNot took 0.00159ms
interpretation of Lean.Meta.Grind.unfoldReducibleSimproc took 0.00213ms
congr simp thm took 0.00654ms
congr simp thm took 0.0462ms
congr simp thm took 0.0907ms
grind simp took 0.615ms
grind mark subsingleton took 0.151ms
sym typeclass inference of HSub took 1.09ms
sym typeclass inference of HMul took 0.92ms
sym typeclass inference of OfNat took 0.776ms
sym canon took 0.257ms
sym typeclass inference of Lean.Grind.CommRing took 0.51ms
typeclass inference of Lean.Grind.Ring took 0.498ms
typeclass inference of Semiring took 0.759ms
typeclass inference of AddLeftCancelSemigroup took 0.899ms
sym typeclass inference of Lean.Grind.IsCharP took 8.64ms
sym typeclass inference of Lean.Grind.NatModule took 0.894ms
typeclass inference of AddCommMonoid took 0.73ms
typeclass inference of AddCommMonoid took 0.00498ms
typeclass inference of AddCommMonoid took 0.00434ms
typeclass inference of AddCancelMonoid took 0.59ms
typeclass inference of AddCommMonoid took 0.00482ms
typeclass inference of AddGroup took 0.505ms
typeclass inference of Field took 0.371ms
typeclass inference of Field took 0.00408ms
typeclass inference of Field took 0.00195ms
typeclass inference of Field took 0.0026ms
typeclass inference of Field took 0.00138ms
typeclass inference of Field took 0.0012ms
typeclass inference of Field took 0.00115ms
typeclass inference of Field took 0.00105ms
typeclass inference of Field took 0.00108ms
typeclass inference of Field took 0.001ms
typeclass inference of Field took 0.000992ms
typeclass inference of Field took 0.001ms
typeclass inference of Field took 0.00215ms
typeclass inference of Field took 0.00131ms
typeclass inference of Field took 0.0012ms
typeclass inference of Field took 0.00116ms
typeclass inference of Field took 0.00116ms
typeclass inference of Field took 0.00101ms
typeclass inference of Field took 0.00112ms
typeclass inference of Field took 0.00101ms
typeclass inference of Field took 0.00192ms
typeclass inference of Field took 0.00127ms
typeclass inference of Field took 0.00121ms
typeclass inference of Field took 0.00106ms
typeclass inference of Field took 0.00122ms
typeclass inference of Field took 0.00109ms
typeclass inference of Field took 0.00107ms
typeclass inference of Field took 0.00185ms
typeclass inference of Field took 0.0011ms
typeclass inference of Field took 0.00113ms
typeclass inference of Semiring took 0.00445ms
typeclass inference of RCLike took 0.0119ms
typeclass inference of RCLike took 0.00163ms
typeclass inference of RCLike took 0.00133ms
typeclass inference of RCLike took 0.00231ms
typeclass inference of RCLike took 0.00127ms
typeclass inference of RCLike took 0.00119ms
typeclass inference of RCLike took 0.00113ms
typeclass inference of RCLike took 0.00109ms
typeclass inference of RCLike took 0.0011ms
typeclass inference of RCLike took 0.00109ms
typeclass inference of RCLike took 0.00327ms
typeclass inference of RCLike took 0.00122ms
typeclass inference of RCLike took 0.00315ms
typeclass inference of RCLike took 0.00168ms
typeclass inference of RCLike took 0.0014ms
typeclass inference of RCLike took 0.00126ms
typeclass inference of RCLike took 0.00114ms
typeclass inference of RCLike took 0.00126ms
typeclass inference of RCLike took 0.00108ms
typeclass inference of RCLike took 0.00103ms
typeclass inference of RCLike took 0.00773ms
typeclass inference of RCLike took 0.0014ms
typeclass inference of RCLike took 0.00108ms
typeclass inference of RCLike took 0.00111ms
typeclass inference of RCLike took 0.00106ms
typeclass inference of RCLike took 0.00104ms
typeclass inference of RCLike took 0.001ms
typeclass inference of RCLike took 0.00332ms
typeclass inference of RCLike took 0.0011ms
typeclass inference of RCLike took 0.00104ms
typeclass inference of Semiring took 0.00446ms
typeclass inference of NonAssocRing took 0.226ms
typeclass inference of Field took 0.00287ms
typeclass inference of Field took 0.00185ms
typeclass inference of Field took 0.00182ms
typeclass inference of Field took 0.00126ms
typeclass inference of Field took 0.00126ms
typeclass inference of Field took 0.00109ms
typeclass inference of Field took 0.00107ms
typeclass inference of Field took 0.00115ms
typeclass inference of Field took 0.00118ms
typeclass inference of Field took 0.00163ms
typeclass inference of Field took 0.00133ms
typeclass inference of Field took 0.00129ms
typeclass inference of Field took 0.00107ms
typeclass inference of Field took 0.00222ms
typeclass inference of Field took 0.00128ms
typeclass inference of Field took 0.00122ms
typeclass inference of Field took 0.00119ms
typeclass inference of Field took 0.00117ms
typeclass inference of Field took 0.00109ms
typeclass inference of Field took 0.00105ms
typeclass inference of Field took 0.0011ms
typeclass inference of Field took 0.00101ms
typeclass inference of Field took 0.00229ms
typeclass inference of Field took 0.00111ms
typeclass inference of Field took 0.00112ms
typeclass inference of Field took 0.00114ms
typeclass inference of Field took 0.00116ms
typeclass inference of Field took 0.00109ms
typeclass inference of Field took 0.00104ms
typeclass inference of Field took 0.00115ms
typeclass inference of Field took 0.00183ms
typeclass inference of Field took 0.0011ms
typeclass inference of Field took 0.00113ms
typeclass inference of Field took 0.00125ms
typeclass inference of Field took 0.00112ms
typeclass inference of Field took 0.00107ms
typeclass inference of Field took 0.00103ms
typeclass inference of Field took 0.00187ms
typeclass inference of Field took 0.00121ms
typeclass inference of Field took 0.0013ms
typeclass inference of Field took 0.00119ms
typeclass inference of Field took 0.00112ms
typeclass inference of Field took 0.00172ms
typeclass inference of Field took 0.00119ms
typeclass inference of Field took 0.00111ms
typeclass inference of Field took 0.00106ms
typeclass inference of Field took 0.00142ms
typeclass inference of Field took 0.00114ms
typeclass inference of Field took 0.00109ms
typeclass inference of Field took 0.00143ms
typeclass inference of Field took 0.00147ms
typeclass inference of Field took 0.00136ms
typeclass inference of Field took 0.00139ms
typeclass inference of Field took 0.0016ms
typeclass inference of Field took 0.0011ms
typeclass inference of Field took 0.00125ms
typeclass inference of Field took 0.00108ms
typeclass inference of Field took 0.00115ms
typeclass inference of Field took 0.0011ms
typeclass inference of Field took 0.00135ms
typeclass inference of Field took 0.00278ms
typeclass inference of Field took 0.00323ms
typeclass inference of Field took 0.00121ms
typeclass inference of Field took 0.00118ms
typeclass inference of Field took 0.00159ms
typeclass inference of Field took 0.00255ms
typeclass inference of Field took 0.00214ms
typeclass inference of Field took 0.00126ms
typeclass inference of Field took 0.0041ms
typeclass inference of Field took 0.00268ms
typeclass inference of Field took 0.00137ms
typeclass inference of Field took 0.00142ms
typeclass inference of Semiring took 0.0113ms
typeclass inference of DivisionRing took 0.43ms
typeclass inference of DivisionRing took 0.00237ms
typeclass inference of DivisionRing took 0.00138ms
typeclass inference of DivisionRing took 0.00108ms
typeclass inference of DivisionRing took 0.00237ms
typeclass inference of DivisionRing took 0.00126ms
typeclass inference of DivisionRing took 0.00119ms
typeclass inference of DivisionRing took 0.00103ms
typeclass inference of DivisionRing took 0.00104ms
typeclass inference of DivisionRing took 0.00106ms
typeclass inference of DivisionRing took 0.00102ms
typeclass inference of DivisionRing took 0.00106ms
typeclass inference of DivisionRing took 0.00189ms
typeclass inference of DivisionRing took 0.0012ms
typeclass inference of DivisionRing took 0.00108ms
typeclass inference of DivisionRing took 0.0011ms
typeclass inference of DivisionRing took 0.00128ms
typeclass inference of DivisionRing took 0.00112ms
typeclass inference of DivisionRing took 0.0011ms
typeclass inference of DivisionRing took 0.00182ms
typeclass inference of DivisionRing took 0.00115ms
typeclass inference of DivisionRing took 0.00104ms
typeclass inference of DivisionRing took 0.00106ms
typeclass inference of DivisionRing took 0.00101ms
typeclass inference of DivisionRing took 0.001ms
typeclass inference of DivisionRing took 0.00164ms
typeclass inference of DivisionRing took 0.00106ms
typeclass inference of DivisionRing took 0.00107ms
typeclass inference of DivisionRing took 0.00102ms
typeclass inference of DivisionRing took 0.00102ms
typeclass inference of Semifield took 0.414ms
typeclass inference of Semifield took 0.00274ms
typeclass inference of Semifield took 0.00138ms
typeclass inference of Semifield took 0.00132ms
typeclass inference of Semifield took 0.00117ms
typeclass inference of Semifield took 0.00105ms
typeclass inference of Semifield took 0.00103ms
typeclass inference of Semifield took 0.00102ms
typeclass inference of Semifield took 0.000942ms
typeclass inference of Semifield took 0.0021ms
typeclass inference of Semifield took 0.00115ms
typeclass inference of Semifield took 0.00108ms
typeclass inference of Semifield took 0.00105ms
typeclass inference of Semifield took 0.00105ms
typeclass inference of Semifield took 0.00107ms
typeclass inference of Semifield took 0.001ms
typeclass inference of Field took 0.00215ms
typeclass inference of Field took 0.00118ms
typeclass inference of Field took 0.00102ms
typeclass inference of Field took 0.00211ms
typeclass inference of Field took 0.00121ms
typeclass inference of Field took 0.00132ms
typeclass inference of Field took 0.0011ms
typeclass inference of Field took 0.00103ms
typeclass inference of Field took 0.00104ms
typeclass inference of Field took 0.00109ms
typeclass inference of Field took 0.00105ms
typeclass inference of Field took 0.000992ms
typeclass inference of Field took 0.00195ms
typeclass inference of Field took 0.00113ms
typeclass inference of Field took 0.0011ms
typeclass inference of Field took 0.00114ms
typeclass inference of Field took 0.0011ms
typeclass inference of Field took 0.00102ms
typeclass inference of Field took 0.00168ms
typeclass inference of Field took 0.00335ms
typeclass inference of Field took 0.00262ms
typeclass inference of Field took 0.00141ms
typeclass inference of Field took 0.00122ms
typeclass inference of Field took 0.00111ms
typeclass inference of Field took 0.001ms
typeclass inference of Field took 0.00108ms
typeclass inference of Field took 0.00114ms
typeclass inference of DivisionRing took 0.00206ms
typeclass inference of DivisionRing took 0.00206ms
typeclass inference of DivisionRing took 0.00117ms
typeclass inference of DivisionRing took 0.00114ms
typeclass inference of DivisionRing took 0.00109ms
typeclass inference of DivisionRing took 0.00112ms
typeclass inference of DivisionRing took 0.00107ms
typeclass inference of DivisionRing took 0.00107ms
typeclass inference of DivisionRing took 0.000992ms
typeclass inference of DivisionRing took 0.0018ms
typeclass inference of DivisionRing took 0.00108ms
typeclass inference of DivisionRing took 0.00106ms
typeclass inference of DivisionRing took 0.00107ms
typeclass inference of DivisionRing took 0.00109ms
typeclass inference of DivisionRing took 0.00104ms
typeclass inference of DivisionRing took 0.00104ms
typeclass inference of EuclideanDomain took 0.384ms
typeclass inference of EuclideanDomain took 0.00247ms
typeclass inference of EuclideanDomain took 0.00129ms
typeclass inference of EuclideanDomain took 0.00117ms
typeclass inference of EuclideanDomain took 0.00118ms
typeclass inference of EuclideanDomain took 0.00112ms
typeclass inference of EuclideanDomain took 0.0011ms
typeclass inference of EuclideanDomain took 0.001ms
typeclass inference of EuclideanDomain took 0.00106ms
typeclass inference of EuclideanDomain took 0.0011ms
typeclass inference of EuclideanDomain took 0.00143ms
typeclass inference of EuclideanDomain took 0.00106ms
typeclass inference of EuclideanDomain took 0.000972ms
typeclass inference of EuclideanDomain took 0.00198ms
typeclass inference of EuclideanDomain took 0.00117ms
typeclass inference of EuclideanDomain took 0.00111ms
typeclass inference of EuclideanDomain took 0.00111ms
typeclass inference of EuclideanDomain took 0.000982ms
typeclass inference of EuclideanDomain took 0.00107ms
typeclass inference of EuclideanDomain took 0.00108ms
typeclass inference of EuclideanDomain took 0.00102ms
typeclass inference of EuclideanDomain took 0.00101ms
typeclass inference of EuclideanDomain took 0.00204ms
typeclass inference of EuclideanDomain took 0.00124ms
typeclass inference of EuclideanDomain took 0.0014ms
typeclass inference of EuclideanDomain took 0.00114ms
typeclass inference of EuclideanDomain took 0.00114ms
typeclass inference of EuclideanDomain took 0.00105ms
typeclass inference of EuclideanDomain took 0.00104ms
typeclass inference of EuclideanDomain took 0.00105ms
typeclass inference of EuclideanDomain took 0.00172ms
typeclass inference of EuclideanDomain took 0.00106ms
typeclass inference of EuclideanDomain took 0.00108ms
typeclass inference of EuclideanDomain took 0.00105ms
typeclass inference of EuclideanDomain took 0.00109ms
typeclass inference of EuclideanDomain took 0.00111ms
typeclass inference of EuclideanDomain took 0.00102ms
typeclass inference of CommMonoidWithZero took 0.898ms
typeclass inference of Semiring took 0.00486ms
typeclass inference of CommMonoidWithZero took 0.00495ms
typeclass inference of CommMonoidWithZero took 0.00383ms
typeclass inference of CommGroupWithZero took 0.459ms
typeclass inference of CommGroupWithZero took 0.0027ms
typeclass inference of CommGroupWithZero took 0.00148ms
typeclass inference of CommGroupWithZero took 0.00118ms
typeclass inference of CommGroupWithZero took 0.00105ms
typeclass inference of CommGroupWithZero took 0.00151ms
typeclass inference of CommGroupWithZero took 0.00107ms
typeclass inference of CommGroupWithZero took 0.00104ms
typeclass inference of LinearOrderedCommMonoidWithZero took 0.0567ms
typeclass inference of LinearOrderedCommMonoidWithZero took 0.00217ms
typeclass inference of LinearOrderedCommMonoidWithZero took 0.00202ms
typeclass inference of LinearOrderedCommMonoidWithZero took 0.0012ms
typeclass inference of LinearOrderedCommMonoidWithZero took 0.00114ms
typeclass inference of LinearOrderedCommMonoidWithZero took 0.00114ms
typeclass inference of LinearOrderedCommMonoidWithZero took 0.00108ms
typeclass inference of LinearOrderedCommMonoidWithZero took 0.00105ms
typeclass inference of LinearOrderedCommMonoidWithZero took 0.00103ms
typeclass inference of LinearOrderedCommMonoidWithZero took 0.00195ms
typeclass inference of LinearOrderedCommMonoidWithZero took 0.00381ms
typeclass inference of LinearOrderedCommMonoidWithZero took 0.00212ms
typeclass inference of LinearOrderedCommMonoidWithZero took 0.00925ms
typeclass inference of LinearOrderedCommMonoidWithZero took 0.00191ms
typeclass inference of LinearOrderedCommMonoidWithZero took 0.00225ms
typeclass inference of LinearOrderedCommMonoidWithZero took 0.00146ms
typeclass inference of LinearOrderedCommMonoidWithZero took 0.00106ms
typeclass inference of LinearOrderedCommMonoidWithZero took 0.00104ms
typeclass inference of LinearOrderedCommMonoidWithZero took 0.00106ms
typeclass inference of LinearOrderedCommMonoidWithZero took 0.00197ms
typeclass inference of LinearOrderedCommMonoidWithZero took 0.0012ms
typeclass inference of LinearOrderedCommMonoidWithZero took 0.00119ms
typeclass inference of LinearOrderedCommMonoidWithZero took 0.00114ms
typeclass inference of LinearOrderedCommMonoidWithZero took 0.00105ms
typeclass inference of LinearOrderedCommMonoidWithZero took 0.00101ms
typeclass inference of LinearOrderedCommMonoidWithZero took 0.00194ms
typeclass inference of LinearOrderedCommMonoidWithZero took 0.00108ms
typeclass inference of LinearOrderedCommMonoidWithZero took 0.00107ms
typeclass inference of LinearOrderedCommMonoidWithZero took 0.00111ms
typeclass inference of LinearOrderedCommMonoidWithZero took 0.00103ms
typeclass inference of LinearOrderedCommMonoidWithZero took 0.00264ms
typeclass inference of LinearOrderedCommMonoidWithZero took 0.00193ms
typeclass inference of LinearOrderedCommMonoidWithZero took 0.00112ms
typeclass inference of LinearOrderedCommMonoidWithZero took 0.00228ms
typeclass inference of LinearOrderedCommMonoidWithZero took 0.00129ms
typeclass inference of LinearOrderedCommMonoidWithZero took 0.00115ms
typeclass inference of LinearOrderedCommMonoidWithZero took 0.0011ms
typeclass inference of LinearOrderedCommMonoidWithZero took 0.00109ms
typeclass inference of LinearOrderedCommMonoidWithZero took 0.00101ms
typeclass inference of LinearOrderedCommMonoidWithZero took 0.001ms
typeclass inference of LinearOrderedCommMonoidWithZero took 0.00131ms
typeclass inference of LinearOrderedCommMonoidWithZero took 0.00113ms
typeclass inference of LinearOrderedCommMonoidWithZero took 0.001ms
typeclass inference of LinearOrderedCommMonoidWithZero took 0.00206ms
typeclass inference of LinearOrderedCommMonoidWithZero took 0.00118ms
typeclass inference of LinearOrderedCommMonoidWithZero took 0.00116ms
typeclass inference of LinearOrderedCommMonoidWithZero took 0.00113ms
typeclass inference of LinearOrderedCommMonoidWithZero took 0.0011ms
typeclass inference of LinearOrderedCommMonoidWithZero took 0.00105ms
typeclass inference of LinearOrderedCommMonoidWithZero took 0.000922ms
typeclass inference of LinearOrderedCommMonoidWithZero took 0.00169ms
typeclass inference of LinearOrderedCommMonoidWithZero took 0.00109ms
typeclass inference of LinearOrderedCommMonoidWithZero took 0.00105ms
typeclass inference of LinearOrderedCommMonoidWithZero took 0.0011ms
typeclass inference of LinearOrderedCommMonoidWithZero took 0.00105ms
typeclass inference of LinearOrderedCommMonoidWithZero took 0.000981ms
typeclass inference of LinearOrderedCommMonoidWithZero took 0.00182ms
typeclass inference of LinearOrderedCommMonoidWithZero took 0.00119ms
typeclass inference of LinearOrderedCommMonoidWithZero took 0.00125ms
typeclass inference of LinearOrderedCommMonoidWithZero took 0.00111ms
typeclass inference of LinearOrderedCommMonoidWithZero took 0.00102ms
typeclass inference of LinearOrderedCommMonoidWithZero took 0.00183ms
typeclass inference of LinearOrderedCommMonoidWithZero took 0.00126ms
typeclass inference of LinearOrderedCommMonoidWithZero took 0.00113ms
typeclass inference of LinearOrderedCommMonoidWithZero took 0.00275ms
typeclass inference of LinearOrderedCommMonoidWithZero took 0.00114ms
typeclass inference of LinearOrderedCommMonoidWithZero took 0.00184ms
typeclass inference of LinearOrderedCommMonoidWithZero took 0.00122ms
typeclass inference of LinearOrderedCommMonoidWithZero took 0.00122ms
typeclass inference of LinearOrderedCommMonoidWithZero took 0.00109ms
typeclass inference of LinearOrderedCommMonoidWithZero took 0.0016ms
typeclass inference of LinearOrderedCommMonoidWithZero took 0.0102ms
typeclass inference of LinearOrderedCommMonoidWithZero took 0.00166ms
typeclass inference of LinearOrderedCommMonoidWithZero took 0.0021ms
typeclass inference of LinearOrderedCommMonoidWithZero took 0.004ms
typeclass inference of LinearOrderedCommMonoidWithZero took 0.00165ms
typeclass inference of LinearOrderedCommMonoidWithZero took 0.00329ms
typeclass inference of LinearOrderedCommMonoidWithZero took 0.00168ms
typeclass inference of LinearOrderedCommMonoidWithZero took 0.00227ms
typeclass inference of LinearOrderedCommMonoidWithZero took 0.00204ms
typeclass inference of LinearOrderedCommMonoidWithZero took 0.00392ms
typeclass inference of LinearOrderedCommMonoidWithZero took 0.00141ms
typeclass inference of LinearOrderedCommMonoidWithZero took 0.00146ms
typeclass inference of LinearOrderedCommMonoidWithZero took 0.00317ms
typeclass inference of LinearOrderedCommMonoidWithZero took 0.00133ms
typeclass inference of LinearOrderedCommMonoidWithZero took 0.00248ms
typeclass inference of LinearOrderedCommMonoidWithZero took 0.00205ms
typeclass inference of LinearOrderedCommMonoidWithZero took 0.00204ms
typeclass inference of LinearOrderedCommMonoidWithZero took 0.00114ms
typeclass inference of LinearOrderedCommMonoidWithZero took 0.0028ms
typeclass inference of LinearOrderedCommMonoidWithZero took 0.00142ms
typeclass inference of LinearOrderedCommMonoidWithZero took 0.00112ms
typeclass inference of LinearOrderedCommMonoidWithZero took 0.00106ms
typeclass inference of LinearOrderedCommMonoidWithZero took 0.00101ms
typeclass inference of LinearOrderedCommMonoidWithZero took 0.00158ms
typeclass inference of LinearOrderedCommMonoidWithZero took 0.00117ms
typeclass inference of LinearOrderedCommMonoidWithZero took 0.000972ms
typeclass inference of LinearOrderedCommMonoidWithZero took 0.00267ms
typeclass inference of LinearOrderedCommMonoidWithZero took 0.00105ms
typeclass inference of LinearOrderedCommMonoidWithZero took 0.00104ms
typeclass inference of LinearOrderedCommMonoidWithZero took 0.00107ms
typeclass inference of LinearOrderedCommMonoidWithZero took 0.00106ms
typeclass inference of LinearOrderedCommMonoidWithZero took 0.00105ms
typeclass inference of LinearOrderedCommMonoidWithZero took 0.000982ms
typeclass inference of LinearOrderedCommMonoidWithZero took 0.00129ms
typeclass inference of LinearOrderedCommMonoidWithZero took 0.00101ms
typeclass inference of LinearOrderedCommMonoidWithZero took 0.001ms
typeclass inference of LinearOrderedCommMonoidWithZero took 0.00297ms
typeclass inference of LinearOrderedCommMonoidWithZero took 0.0012ms
typeclass inference of LinearOrderedCommMonoidWithZero took 0.00126ms
typeclass inference of LinearOrderedCommMonoidWithZero took 0.00121ms
typeclass inference of LinearOrderedCommMonoidWithZero took 0.00106ms
typeclass inference of LinearOrderedCommMonoidWithZero took 0.00102ms
typeclass inference of LinearOrderedCommMonoidWithZero took 0.000911ms
typeclass inference of LinearOrderedCommMonoidWithZero took 0.00275ms
typeclass inference of LinearOrderedCommMonoidWithZero took 0.00136ms
typeclass inference of LinearOrderedCommMonoidWithZero took 0.00109ms
typeclass inference of LinearOrderedCommMonoidWithZero took 0.00104ms
typeclass inference of LinearOrderedCommMonoidWithZero took 0.00104ms
typeclass inference of LinearOrderedCommMonoidWithZero took 0.00101ms
typeclass inference of LinearOrderedCommMonoidWithZero took 0.00155ms
typeclass inference of LinearOrderedCommMonoidWithZero took 0.00112ms
typeclass inference of LinearOrderedCommMonoidWithZero took 0.00108ms
typeclass inference of LinearOrderedCommMonoidWithZero took 0.00103ms
typeclass inference of LinearOrderedCommMonoidWithZero took 0.000981ms
typeclass inference of LinearOrderedCommMonoidWithZero took 0.00148ms
typeclass inference of LinearOrderedCommMonoidWithZero took 0.00111ms
typeclass inference of LinearOrderedCommMonoidWithZero took 0.00103ms
typeclass inference of LinearOrderedCommMonoidWithZero took 0.00255ms
typeclass inference of LinearOrderedCommMonoidWithZero took 0.00218ms
typeclass inference of LinearOrderedCommMonoidWithZero took 0.00163ms
typeclass inference of LinearOrderedCommMonoidWithZero took 0.00244ms
typeclass inference of LinearOrderedCommMonoidWithZero took 0.00116ms
typeclass inference of LinearOrderedCommMonoidWithZero took 0.00108ms
typeclass inference of LinearOrderedCommMonoidWithZero took 0.00125ms
typeclass inference of LinearOrderedCommMonoidWithZero took 0.00101ms
typeclass inference of LinearOrderedCommMonoidWithZero took 0.00102ms
typeclass inference of LinearOrderedCommMonoidWithZero took 0.000982ms
typeclass inference of LinearOrderedCommMonoidWithZero took 0.00117ms
typeclass inference of LinearOrderedCommMonoidWithZero took 0.00111ms
typeclass inference of LinearOrderedCommMonoidWithZero took 0.00128ms
typeclass inference of LinearOrderedCommMonoidWithZero took 0.00309ms
typeclass inference of LinearOrderedCommMonoidWithZero took 0.00109ms
typeclass inference of LinearOrderedCommMonoidWithZero took 0.00113ms
typeclass inference of LinearOrderedCommMonoidWithZero took 0.00105ms
typeclass inference of LinearOrderedCommMonoidWithZero took 0.001ms
typeclass inference of LinearOrderedCommMonoidWithZero took 0.001ms
typeclass inference of LinearOrderedCommMonoidWithZero took 0.000972ms
typeclass inference of LinearOrderedCommMonoidWithZero took 0.00185ms
typeclass inference of LinearOrderedCommMonoidWithZero took 0.00145ms
typeclass inference of LinearOrderedCommMonoidWithZero took 0.00125ms
typeclass inference of LinearOrderedCommMonoidWithZero took 0.00104ms
typeclass inference of LinearOrderedCommMonoidWithZero took 0.00102ms
typeclass inference of LinearOrderedCommMonoidWithZero took 0.00102ms
typeclass inference of LinearOrderedCommMonoidWithZero took 0.00161ms
typeclass inference of LinearOrderedCommMonoidWithZero took 0.00147ms
typeclass inference of LinearOrderedCommMonoidWithZero took 0.00125ms
typeclass inference of LinearOrderedCommMonoidWithZero took 0.00104ms
typeclass inference of LinearOrderedCommMonoidWithZero took 0.00128ms
typeclass inference of LinearOrderedCommMonoidWithZero took 0.00222ms
typeclass inference of LinearOrderedCommMonoidWithZero took 0.00108ms
typeclass inference of LinearOrderedCommMonoidWithZero took 0.00113ms
typeclass inference of LinearOrderedCommMonoidWithZero took 0.00101ms
typeclass inference of LinearOrderedCommMonoidWithZero took 0.00153ms
typeclass inference of LinearOrderedCommMonoidWithZero took 0.00112ms
typeclass inference of LinearOrderedCommMonoidWithZero took 0.00104ms
typeclass inference of NonUnitalNonAssocRing took 0.61ms
typeclass inference of NormedRing took 0.484ms
typeclass inference of NormedRing took 0.00332ms
typeclass inference of NormedRing took 0.00269ms
typeclass inference of NormedRing took 0.00152ms
typeclass inference of NormedRing took 0.00132ms
typeclass inference of NormedRing took 0.00105ms
typeclass inference of NormedRing took 0.00101ms
typeclass inference of NormedRing took 0.00103ms
typeclass inference of NormedRing took 0.00118ms
typeclass inference of NormedRing took 0.0018ms
typeclass inference of NormedRing took 0.00127ms
typeclass inference of NormedRing took 0.00107ms
typeclass inference of NormedRing took 0.00128ms
typeclass inference of NormedRing took 0.00307ms
typeclass inference of NormedRing took 0.00147ms
typeclass inference of NormedRing took 0.00128ms
typeclass inference of NormedRing took 0.00179ms
typeclass inference of NormedRing took 0.00106ms
typeclass inference of NormedRing took 0.00106ms
typeclass inference of NormedRing took 0.00103ms
typeclass inference of NormedRing took 0.00111ms
typeclass inference of NormedRing took 0.00335ms
typeclass inference of NormedRing took 0.00117ms
typeclass inference of NormedRing took 0.00113ms
typeclass inference of NormedRing took 0.00108ms
typeclass inference of NormedRing took 0.00145ms
typeclass inference of NormedRing took 0.00104ms
typeclass inference of NormedRing took 0.00104ms
typeclass inference of NormedRing took 0.00168ms
typeclass inference of NormedRing took 0.00106ms
typeclass inference of NormedRing took 0.00107ms
typeclass inference of NormedRing took 0.00105ms
typeclass inference of NormedRing took 0.00101ms
typeclass inference of NormedRing took 0.00131ms
typeclass inference of NormedRing took 0.00104ms
typeclass inference of NormedRing took 0.00126ms
typeclass inference of NormedRing took 0.00102ms
typeclass inference of NormedRing took 0.00159ms
typeclass inference of NormedRing took 0.0014ms
typeclass inference of NormedRing took 0.000982ms
typeclass inference of Semiring took 0.00638ms
typeclass inference of Semiring took 0.00603ms
typeclass inference of GroupWithZero took 0.655ms
typeclass inference of GroupWithZero took 0.0026ms
typeclass inference of GroupWithZero took 0.00193ms
typeclass inference of GroupWithZero took 0.00126ms
typeclass inference of GroupWithZero took 0.00112ms
typeclass inference of GroupWithZero took 0.00105ms
typeclass inference of GroupWithZero took 0.00108ms
typeclass inference of GroupWithZero took 0.00157ms
typeclass inference of GroupWithZero took 0.00128ms
typeclass inference of GroupWithZero took 0.00114ms
typeclass inference of GroupWithZero took 0.00104ms
typeclass inference of GroupWithZero took 0.00135ms
typeclass inference of GroupWithZero took 0.00111ms
typeclass inference of GroupWithZero took 0.00104ms
typeclass inference of MulZeroClass took 0.764ms
typeclass inference of Semiring took 0.00505ms
typeclass inference of CommMonoidWithZero took 0.00628ms
typeclass inference of CommMonoidWithZero took 0.0044ms
typeclass inference of LinearOrderedCommMonoidWithZero took 0.00286ms
typeclass inference of LinearOrderedCommMonoidWithZero took 0.00266ms
typeclass inference of LinearOrderedCommMonoidWithZero took 0.00145ms
typeclass inference of LinearOrderedCommMonoidWithZero took 0.00129ms
typeclass inference of LinearOrderedCommMonoidWithZero took 0.00269ms
typeclass inference of LinearOrderedCommMonoidWithZero took 0.00198ms
typeclass inference of LinearOrderedCommMonoidWithZero took 0.00165ms
typeclass inference of LinearOrderedCommMonoidWithZero took 0.0013ms
typeclass inference of LinearOrderedCommMonoidWithZero took 0.00117ms
typeclass inference of LinearOrderedCommMonoidWithZero took 0.00108ms
typeclass inference of LinearOrderedCommMonoidWithZero took 0.00134ms
typeclass inference of LinearOrderedCommMonoidWithZero took 0.00105ms
typeclass inference of LinearOrderedCommMonoidWithZero took 0.00103ms
typeclass inference of NonUnitalNonAssocRing took 0.00411ms
typeclass inference of GroupWithZero took 0.00254ms
typeclass inference of GroupWithZero took 0.00136ms
typeclass inference of GroupWithZero took 0.00174ms
typeclass inference of GroupWithZero took 0.00119ms
typeclass inference of GroupWithZero took 0.00133ms
typeclass inference of GroupWithZero took 0.00153ms
typeclass inference of GroupWithZero took 0.00105ms
typeclass inference of GroupWithZero took 0.00169ms
typeclass inference of GroupWithZero took 0.00131ms
typeclass inference of GroupWithZero took 0.00111ms
typeclass inference of GroupWithZero took 0.00105ms
typeclass inference of GroupWithZero took 0.00132ms
typeclass inference of GroupWithZero took 0.00109ms
typeclass inference of GroupWithZero took 0.00127ms
typeclass inference of MulZeroClass took 0.00314ms
typeclass inference of GroupWithZero took 0.00255ms
typeclass inference of GroupWithZero took 0.00139ms
typeclass inference of GroupWithZero took 0.00253ms
typeclass inference of GroupWithZero took 0.00131ms
typeclass inference of GroupWithZero took 0.0011ms
typeclass inference of GroupWithZero took 0.00124ms
typeclass inference of GroupWithZero took 0.0011ms
typeclass inference of GroupWithZero took 0.00104ms
typeclass inference of GroupWithZero took 0.00148ms
typeclass inference of GroupWithZero took 0.00113ms
typeclass inference of GroupWithZero took 0.0012ms
typeclass inference of GroupWithZero took 0.00203ms
typeclass inference of GroupWithZero took 0.00119ms
typeclass inference of GroupWithZero took 0.00129ms
typeclass inference of GroupWithZero took 0.00113ms
typeclass inference of GroupWithZero took 0.00125ms
typeclass inference of GroupWithZero took 0.00117ms
typeclass inference of GroupWithZero took 0.00255ms
typeclass inference of GroupWithZero took 0.00129ms
typeclass inference of GroupWithZero took 0.00114ms
typeclass inference of GroupWithZero took 0.00109ms
typeclass inference of GroupWithZero took 0.00109ms
typeclass inference of GroupWithZero took 0.00148ms
typeclass inference of GroupWithZero took 0.00109ms
typeclass inference of GroupWithZero took 0.00113ms
typeclass inference of GroupWithZero took 0.00217ms
typeclass inference of GroupWithZero took 0.00128ms
typeclass inference of GroupWithZero took 0.00327ms
typeclass inference of GroupWithZero took 0.00142ms
typeclass inference of GroupWithZero took 0.00166ms
typeclass inference of GroupWithZero took 0.00156ms
typeclass inference of GroupWithZero took 0.00126ms
typeclass inference of GroupWithZero took 0.00153ms
typeclass inference of GroupWithZero took 0.00194ms
typeclass inference of GroupWithZero took 0.00104ms
typeclass inference of GroupWithZero took 0.00121ms
typeclass inference of GroupWithZero took 0.00278ms
typeclass inference of GroupWithZero took 0.00125ms
typeclass inference of GroupWithZero took 0.00124ms
typeclass inference of GroupWithZero took 0.00122ms
typeclass inference of GroupWithZero took 0.00105ms
typeclass inference of GroupWithZero took 0.00118ms
typeclass inference of GroupWithZero took 0.00183ms
typeclass inference of GroupWithZero took 0.00115ms
typeclass inference of GroupWithZero took 0.00117ms
typeclass inference of GroupWithZero took 0.00112ms
typeclass inference of GroupWithZero took 0.00104ms
typeclass inference of GroupWithZero took 0.00172ms
typeclass inference of GroupWithZero took 0.00113ms
typeclass inference of GroupWithZero took 0.00106ms
typeclass inference of GroupWithZero took 0.00166ms
typeclass inference of GroupWithZero took 0.00105ms
typeclass inference of GroupWithZero took 0.000992ms
typeclass inference of GroupWithZero took 0.00217ms
typeclass inference of GroupWithZero took 0.0012ms
typeclass inference of GroupWithZero took 0.00112ms
typeclass inference of GroupWithZero took 0.00113ms
typeclass inference of GroupWithZero took 0.00114ms
typeclass inference of GroupWithZero took 0.00103ms
typeclass inference of GroupWithZero took 0.00211ms
typeclass inference of GroupWithZero took 0.00116ms
typeclass inference of GroupWithZero took 0.00121ms
typeclass inference of GroupWithZero took 0.00117ms
typeclass inference of GroupWithZero took 0.00101ms
typeclass inference of GroupWithZero took 0.00182ms
typeclass inference of GroupWithZero took 0.00108ms
typeclass inference of GroupWithZero took 0.00138ms
typeclass inference of GroupWithZero took 0.00107ms
typeclass inference of GroupWithZero took 0.00137ms
typeclass inference of GroupWithZero took 0.00112ms
typeclass inference of GroupWithZero took 0.00104ms
typeclass inference of CommMonoidWithZero took 0.00532ms
typeclass inference of LinearOrderedCommMonoidWithZero took 0.00266ms
typeclass inference of LinearOrderedCommMonoidWithZero took 0.0022ms
typeclass inference of LinearOrderedCommMonoidWithZero took 0.00141ms
typeclass inference of LinearOrderedCommMonoidWithZero took 0.00115ms
typeclass inference of LinearOrderedCommMonoidWithZero took 0.00109ms
typeclass inference of LinearOrderedCommMonoidWithZero took 0.00103ms
typeclass inference of LinearOrderedCommMonoidWithZero took 0.0021ms
typeclass inference of LinearOrderedCommMonoidWithZero took 0.0011ms
typeclass inference of LinearOrderedCommMonoidWithZero took 0.00113ms
typeclass inference of LinearOrderedCommMonoidWithZero took 0.00114ms
typeclass inference of LinearOrderedCommMonoidWithZero took 0.00169ms
typeclass inference of LinearOrderedCommMonoidWithZero took 0.00123ms
typeclass inference of LinearOrderedCommMonoidWithZero took 0.00146ms
typeclass inference of NonUnitalNonAssocRing took 0.00635ms
typeclass inference of GroupWithZero took 0.00329ms
typeclass inference of GroupWithZero took 0.00138ms
typeclass inference of GroupWithZero took 0.00166ms
typeclass inference of GroupWithZero took 0.0011ms
typeclass inference of GroupWithZero took 0.0015ms
typeclass inference of GroupWithZero took 0.00174ms
typeclass inference of GroupWithZero took 0.00107ms
typeclass inference of GroupWithZero took 0.00229ms
typeclass inference of GroupWithZero took 0.0012ms
typeclass inference of GroupWithZero took 0.00117ms
typeclass inference of GroupWithZero took 0.00119ms
typeclass inference of GroupWithZero took 0.00161ms
typeclass inference of GroupWithZero took 0.00132ms
typeclass inference of GroupWithZero took 0.00102ms
sym typeclass inference of Lean.Grind.NoNatZeroDivisors took 63.1ms
sym typeclass inference of Lean.Grind.Field took 0.568ms
typeclass inference of Lean.Grind.CommSemiring took 0.978ms
typeclass inference of Field took 0.00617ms
typeclass inference of Field took 0.0209ms
typeclass inference of Field took 0.00153ms
typeclass inference of Field took 0.00169ms
typeclass inference of Field took 0.00148ms
typeclass inference of Field took 0.00139ms
typeclass inference of Field took 0.00161ms
typeclass inference of Field took 0.00146ms
typeclass inference of Field took 0.00181ms
typeclass inference of Field took 0.00134ms
typeclass inference of Field took 0.00218ms
typeclass inference of Field took 0.00138ms
typeclass inference of Field took 0.004ms
typeclass inference of Field took 0.00152ms
typeclass inference of Field took 0.0016ms
typeclass inference of Field took 0.00141ms
typeclass inference of Field took 0.00155ms
typeclass inference of Field took 0.00151ms
typeclass inference of Field took 0.00161ms
typeclass inference of Field took 0.00146ms
typeclass inference of Field took 0.00108ms
typeclass inference of Field took 0.00463ms
typeclass inference of Field took 0.00176ms
typeclass inference of Field took 0.00151ms
typeclass inference of Field took 0.00164ms
typeclass inference of Field took 0.00119ms
typeclass inference of Field took 0.00167ms
typeclass inference of Field took 0.00117ms
typeclass inference of Field took 0.0015ms
typeclass inference of Field took 0.00386ms
typeclass inference of Field took 0.00181ms
typeclass inference of Field took 0.00123ms
typeclass inference of Field took 0.00157ms
typeclass inference of Field took 0.00124ms
typeclass inference of Field took 0.00105ms
typeclass inference of Field took 0.00108ms
typeclass inference of Field took 0.00329ms
typeclass inference of Field took 0.0013ms
typeclass inference of Field took 0.00161ms
typeclass inference of Field took 0.00146ms
typeclass inference of Field took 0.00148ms
typeclass inference of Field took 0.00132ms
typeclass inference of Field took 0.00148ms
typeclass inference of Field took 0.00136ms
typeclass inference of Field took 0.0012ms
typeclass inference of Field took 0.00313ms
typeclass inference of Field took 0.00123ms
typeclass inference of Field took 0.00122ms
typeclass inference of Field took 0.00132ms
typeclass inference of Field took 0.00117ms
typeclass inference of Field took 0.00105ms
typeclass inference of Field took 0.00103ms
typeclass inference of Field took 0.00102ms
typeclass inference of Field took 0.00255ms
typeclass inference of Field took 0.00129ms
typeclass inference of Field took 0.00107ms
typeclass inference of Field took 0.00114ms
typeclass inference of Field took 0.00115ms
typeclass inference of Field took 0.00109ms
typeclass inference of Field took 0.00108ms
typeclass inference of Field took 0.00211ms
typeclass inference of Field took 0.00156ms
typeclass inference of Field took 0.0013ms
typeclass inference of Field took 0.0014ms
typeclass inference of Field took 0.00184ms
typeclass inference of Field took 0.00105ms
typeclass inference of Field took 0.00255ms
typeclass inference of Field took 0.00133ms
typeclass inference of Field took 0.00118ms
typeclass inference of Field took 0.00127ms
typeclass inference of Field took 0.00113ms
typeclass inference of Field took 0.00238ms
typeclass inference of Field took 0.00121ms
typeclass inference of Field took 0.00143ms
typeclass inference of Field took 0.00144ms
typeclass inference of Field took 0.00162ms
typeclass inference of Field took 0.00143ms
typeclass inference of Field took 0.00139ms
typeclass inference of Field took 0.00315ms
typeclass inference of Field took 0.00239ms
typeclass inference of Field took 0.00132ms
typeclass inference of Field took 0.00175ms
typeclass inference of Field took 0.00155ms
typeclass inference of Field took 0.00131ms
typeclass inference of Field took 0.00116ms
typeclass inference of Field took 0.00138ms
typeclass inference of Field took 0.00123ms
typeclass inference of Field took 0.000992ms
typeclass inference of Field took 0.00157ms
typeclass inference of Field took 0.00107ms
typeclass inference of Field took 0.00218ms
typeclass inference of Field took 0.00124ms
typeclass inference of Field took 0.00149ms
typeclass inference of Field took 0.00203ms
typeclass inference of Field took 0.00155ms
typeclass inference of Field took 0.0016ms
typeclass inference of Field took 0.000992ms
typeclass inference of Field took 0.00113ms
typeclass inference of Field took 0.001ms
typeclass inference of Field took 0.00216ms
typeclass inference of Field took 0.0011ms
typeclass inference of Field took 0.00122ms
typeclass inference of Field took 0.0011ms
typeclass inference of Field took 0.00107ms
typeclass inference of Field took 0.00121ms
typeclass inference of Field took 0.00158ms
typeclass inference of Field took 0.00135ms
typeclass inference of Field took 0.00142ms
typeclass inference of Field took 0.00129ms
typeclass inference of Field took 0.00136ms
typeclass inference of Field took 0.00111ms
typeclass inference of Field took 0.00104ms
typeclass inference of Field took 0.00105ms
typeclass inference of Field took 0.00122ms
typeclass inference of Field took 0.00218ms
typeclass inference of Field took 0.00112ms
typeclass inference of Field took 0.00136ms
typeclass inference of Field took 0.0013ms
typeclass inference of Field took 0.00125ms
typeclass inference of Field took 0.00109ms
typeclass inference of Field took 0.00104ms
typeclass inference of Field took 0.00104ms
typeclass inference of Field took 0.00104ms
typeclass inference of Field took 0.00198ms
typeclass inference of Field took 0.00138ms
typeclass inference of Field took 0.00108ms
typeclass inference of Field took 0.00107ms
typeclass inference of Field took 0.00104ms
typeclass inference of Field took 0.00104ms
typeclass inference of Field took 0.00103ms
typeclass inference of Field took 0.0012ms
typeclass inference of Field took 0.00186ms
typeclass inference of Field took 0.00117ms
typeclass inference of Field took 0.0011ms
typeclass inference of Field took 0.00107ms
typeclass inference of Field took 0.00127ms
typeclass inference of Field took 0.00158ms
typeclass inference of Field took 0.00149ms
typeclass inference of Field took 0.00269ms
typeclass inference of Field took 0.00123ms
typeclass inference of Field took 0.00155ms
typeclass inference of Field took 0.00157ms
typeclass inference of Field took 0.00105ms
typeclass inference of Field took 0.00105ms
typeclass inference of Field took 0.00162ms
typeclass inference of Field took 0.00117ms
typeclass inference of Field took 0.00107ms
typeclass inference of Field took 0.00105ms
typeclass inference of Field took 0.00107ms
typeclass inference of Field took 0.00147ms
typeclass inference of Field took 0.00125ms
typeclass inference of Field took 0.00111ms
typeclass inference of Field took 0.00101ms
typeclass inference of Field took 0.00144ms
typeclass inference of Field took 0.00139ms
typeclass inference of Field took 0.001ms
sym typeclass inference of Lean.Grind.PowIdentity took 15.4ms
sym typeclass inference of HSub took 0.0122ms
sym canon took 0.0158ms
sym typeclass inference of HMul took 0.00639ms
sym canon took 0.0185ms
sym typeclass inference of Lean.Grind.ToInt took 0.0453ms
sym typeclass inference of LE took 3.45ms
sym typeclass inference of LT took 2.68ms
sym typeclass inference of LE took 0.0026ms
congr simp thm took 0.00168ms
congr simp thm took 0.000411ms
congr simp thm took 0.00032ms
congr simp thm took 0.000431ms
congr simp thm took 0.00497ms
grind simp took 0.456ms
grind mark subsingleton took 0.164ms
typeclass inference of CategoryTheory.CartesianMonoidalCategory took 0.0559ms
typeclass inference of CategoryTheory.CartesianMonoidalCategory took 0.00458ms
sym typeclass inference of HPow took 2.29ms
sym typeclass inference of OfNat took 0.847ms
sym typeclass inference of OfNat took 0.0435ms
sym canon took 0.224ms
grind mark subsingleton took 0.00227ms
sym canon took 0.000441ms
grind mark subsingleton took 0.000852ms
sym canon took 0.00024ms
grind mark subsingleton took 0.00046ms
sym canon took 0.00015ms
grind mark subsingleton took 0.0191ms
sym typeclass inference of Pow took 0.157ms
sym canon took 0.196ms
grind mark subsingleton took 0.00151ms
sym canon took 0.000411ms
grind mark subsingleton took 0.000611ms
sym canon took 0.00022ms
grind mark subsingleton took 0.000531ms
sym canon took 0.000171ms
grind mark subsingleton took 0.00556ms
sym canon took 0.00031ms
sym typeclass inference of Lean.Grind.CommRing took 0.69ms
sym typeclass inference of Lean.Grind.CommSemiring took 0.0291ms
sym typeclass inference of Lean.Grind.Semiring took 0.108ms
sym canon took 0.0501ms
typeclass inference of Lean.Grind.CommSemiring took 0.0236ms
sym typeclass inference of Lean.Grind.CommRing took 0.121ms
sym typeclass inference of Lean.Grind.IsCharP took 0.548ms
typeclass inference of Lean.Grind.CommSemiring took 0.00744ms
sym typeclass inference of Lean.Grind.NatModule took 5.89ms
sym typeclass inference of Lean.Grind.NoNatZeroDivisors took 0.348ms
sym typeclass inference of Lean.Grind.Field took 0.392ms
typeclass inference of Lean.Grind.CommSemiring took 0.0203ms
typeclass inference of Lean.Grind.CommSemiring took 0.121ms
typeclass inference of Field took 0.28ms
typeclass inference of Field took 0.00285ms
typeclass inference of Field took 0.00139ms
typeclass inference of Field took 0.00114ms
typeclass inference of Field took 0.00292ms
typeclass inference of Field took 0.00175ms
typeclass inference of Field took 0.00119ms
typeclass inference of Field took 0.00103ms
sym typeclass inference of Lean.Grind.PowIdentity took 1.33ms
sym typeclass inference of Lean.Grind.CommRing took 0.0485ms
sym typeclass inference of Lean.Grind.IsCharP took 0.144ms
sym typeclass inference of Lean.Grind.NatModule took 0.124ms
sym typeclass inference of Lean.Grind.NoNatZeroDivisors took 0.885ms
sym typeclass inference of Lean.Grind.Field took 0.339ms
typeclass inference of Lean.Grind.CommSemiring took 0.0766ms
typeclass inference of Field took 0.261ms
typeclass inference of Field took 0.00281ms
typeclass inference of Field took 0.00149ms
typeclass inference of Field took 0.00216ms
typeclass inference of Field took 0.00178ms
typeclass inference of Field took 0.00128ms
sym typeclass inference of Lean.Grind.PowIdentity took 0.855ms
sym typeclass inference of NatCast took 0.0367ms
sym typeclass inference of NatCast took 0.00459ms
sym canon took 0.0558ms
sym typeclass inference of LE took 0.000421ms
typeclass inference of Preorder took 0.985ms
typeclass inference of Std.IsPreorder took 0.34ms
typeclass inference of PartialOrder took 0.765ms
typeclass inference of Std.IsPartialOrder took 0.15ms
typeclass inference of Std.LinearPreorderPackage took 0.0555ms
typeclass inference of Std.LinearPreorderPackage took 0.00247ms
typeclass inference of Std.LinearPreorderPackage took 0.00145ms
typeclass inference of Std.IsLinearPreorder took 0.33ms
sym typeclass inference of LT took 0.000361ms
sym typeclass inference of LE took 0.00027ms
sym canon took 0.0365ms
typeclass inference of Std.LawfulOrderLT took 0.0443ms
sym typeclass inference of LT took 0.00023ms
sym canon took 0.229ms
sym typeclass inference of Lean.Grind.OrderedRing took 0.128ms
typeclass inference of OfNat took 0.0495ms
typeclass inference of OfNat took 0.0366ms
sym typeclass inference of HAdd took 0.000251ms
sym typeclass inference of HAdd took 0.000321ms
sym canon took 0.0584ms
typeclass inference of OfNat took 0.00347ms
sym typeclass inference of IntCast took 0.0305ms
sym typeclass inference of IntCast took 0.00375ms
sym canon took 0.0367ms
typeclass inference of OfNat took 0.00476ms
typeclass inference of OfNat took 0.0459ms
typeclass inference of OfNat took 0.00217ms
sym typeclass inference of HPow took 0.00465ms
sym canon took 0.00947ms
congr simp thm took 0.00481ms
congr simp thm took 0.00265ms
congr simp thm took 0.000742ms
congr simp thm took 0.000691ms
grind simp took 0.524ms
grind mark subsingleton took 0.0207ms
sym typeclass inference of LE took 0.000902ms
sym typeclass inference of OfNat took 0.0672ms
sym canon took 0.114ms
typeclass inference of OfNat took 0.0873ms
typeclass inference of OfNat took 0.0488ms
typeclass inference of OfNat took 0.00227ms
typeclass inference of OfNat took 0.00157ms
congr simp thm took 0.00652ms
congr simp thm took 0.000321ms
congr simp thm took 0.000611ms
congr simp thm took 0.000692ms
congr simp thm took 0.00379ms
typeclass inference of Decidable took 0.412ms
congr simp thm took 0.000651ms
grind simp took 0.89ms
grind mark subsingleton took 0.0165ms
sym typeclass inference of OfNat took 0.0532ms
sym canon took 0.0882ms
typeclass inference of OfNat took 0.0536ms
typeclass inference of OfNat took 0.0366ms
typeclass inference of OfNat took 0.00233ms
typeclass inference of OfNat took 0.00148ms
congr simp thm took 0.000541ms
congr simp thm took 0.00023ms
congr simp thm took 0.000601ms
congr simp thm took 0.000321ms
typeclass inference of Decidable took 0.113ms
congr simp thm took 0.000601ms
grind simp took 0.297ms
grind mark subsingleton took 0.0142ms
sym canon took 0.0606ms
typeclass inference of OfNat took 0.0627ms
typeclass inference of OfNat took 0.0365ms
typeclass inference of OfNat took 0.00255ms
typeclass inference of OfNat took 0.00164ms
congr simp thm took 0.000531ms
congr simp thm took 0.0002ms
congr simp thm took 0.000531ms
congr simp thm took 0.00025ms
typeclass inference of Decidable took 0.111ms
congr simp thm took 0.000641ms
grind simp took 0.325ms
grind mark subsingleton took 0.0136ms
sym typeclass inference of OfNat took 0.0464ms
sym canon took 0.0761ms
typeclass inference of OfNat took 0.0654ms
typeclass inference of OfNat took 0.0378ms
typeclass inference of OfNat took 0.00236ms
typeclass inference of OfNat took 0.00163ms
congr simp thm took 0.000912ms
grind simp took 0.144ms
grind mark subsingleton took 0.0127ms
sym typeclass inference of OfNat took 0.0593ms
sym canon took 0.028ms
typeclass inference of OfNat took 0.0598ms
typeclass inference of OfNat took 0.0387ms
typeclass inference of OfNat took 0.0029ms
congr simp thm took 0.000651ms
grind simp took 0.118ms
grind mark subsingleton took 0.0282ms
sym canon took 0.0597ms
congr simp thm took 0.000702ms
congr simp thm took 0.00038ms
grind simp took 0.163ms
grind mark subsingleton took 0.105ms
sym typeclass inference of HAdd took 1.15ms
sym canon took 0.0844ms
sym typeclass inference of HAdd took 0.00441ms
sym canon took 0.00846ms
congr simp thm took 0.0248ms
congr simp thm took 0.000671ms
congr simp thm took 0.000661ms
congr simp thm took 0.0003ms
congr simp thm took 0.000581ms
congr simp thm took 0.000681ms
grind simp took 0.434ms
grind mark subsingleton took 0.013ms
sym typeclass inference of OfNat took 0.0492ms
sym canon took 0.0232ms
typeclass inference of OfNat took 0.0542ms
typeclass inference of OfNat took 0.0446ms
typeclass inference of OfNat took 0.00248ms
typeclass inference of OfNat took 0.0016ms
grind took 9.22ms
instantiate metavars took 0.0132ms
tactic execution of Lean.Parser.Tactic.grind took 0.537ms
tactic execution of Lean.Parser.Tactic.tacticSeq1Indented took 0.012ms
tactic execution of Lean.Parser.Tactic.tacticSeq took 0.00535ms
tactic execution of Lean.Parser.Tactic.paren took 0.00442ms
tactic execution of Lean.Parser.Tactic.withAnnotateState took 0.0139ms
tactic execution of Lean.Parser.Tactic.tacticSeq1Indented took 0.00526ms
tactic execution of Lean.Parser.Tactic.tacticSeq took 0.00464ms
tactic execution of Lean.Parser.Tactic.case took 0.0563ms
tactic execution of Lean.Parser.Tactic.tacticSeq1Indented took 0.013ms
tactic execution of Lean.Parser.Tactic.tacticSeq took 0.00458ms
tactic execution of Lean.Parser.Tactic.focus took 0.00787ms
tactic execution of Lean.Parser.Tactic.tacticHave__ took 0.856ms
typeclass inference of OfNat took 0.989ms
typeclass inference of OfNat took 0.112ms
typeclass inference of OfNat took 0.0427ms
typeclass inference of HPow took 0.174ms
typeclass inference of OfNat took 0.0627ms
typeclass inference of HPow took 0.125ms
typeclass inference of OfNat took 0.0551ms
typeclass inference of OfNat took 0.053ms
typeclass inference of OfNat took 0.0371ms
typeclass inference of HPow took 0.117ms
typeclass inference of OfNat took 0.0393ms
typeclass inference of OfNat took 0.0347ms
typeclass inference of HPow took 0.163ms
typeclass inference of OfNat took 0.0588ms
typeclass inference of HPow took 0.134ms
typeclass inference of OfNat took 0.0396ms
typeclass inference of OfNat took 0.047ms
typeclass inference of HPow took 0.119ms
typeclass inference of OfNat took 0.043ms
typeclass inference of HPow took 0.116ms
typeclass inference of OfNat took 0.0397ms
typeclass inference of HPow took 0.11ms
typeclass inference of OfNat took 0.0405ms
typeclass inference of HPow took 0.112ms
typeclass inference of OfNat took 0.0395ms
typeclass inference of HPow took 0.11ms
typeclass inference of OfNat took 0.0381ms
typeclass inference of HPow took 0.114ms
typeclass inference of OfNat took 0.0375ms
typeclass inference of HPow took 0.113ms
typeclass inference of Pow took 0.0414ms
typeclass inference of CategoryTheory.CartesianMonoidalCategory took 0.0515ms
typeclass inference of CategoryTheory.CartesianMonoidalCategory took 0.00469ms
typeclass inference of NPow took 1.96ms
typeclass inference of OfNat took 0.0412ms
typeclass inference of OfNat took 0.0492ms
typeclass inference of HPow took 0.129ms
typeclass inference of OfNat took 0.0406ms
typeclass inference of HPow took 0.127ms
typeclass inference of OfNat took 0.0392ms
typeclass inference of HPow took 0.112ms
typeclass inference of Pow took 0.0397ms
typeclass inference of NPow took 0.0851ms
typeclass inference of OfNat took 0.00372ms
tactic execution of Lean.Parser.Tactic.refine took 2.99ms
tactic execution of Lean.Parser.Tactic.rotateRight took 0.0346ms
tactic execution of Lean.Parser.Tactic.tacticSeq1Indented took 0.046ms
tactic execution of Lean.Parser.Tactic.tacticSeq took 0.0111ms
tactic execution of Lean.Parser.Tactic.paren took 0.00971ms
tactic execution of Lean.Parser.Tactic.tacticSeq1Indented took 0.0147ms
tactic execution of Lean.Parser.Tactic.tacticSeq took 0.0151ms
tactic execution of Lean.Parser.Tactic.focus took 0.0273ms
tactic execution of Lean.Parser.Tactic.tacticRefine_lift_ took 0.0161ms
tactic execution of Lean.Parser.Tactic.tacticHave__ took 0.0629ms
typeclass inference of OfNat took 0.12ms
typeclass inference of OfNat took 0.16ms
typeclass inference of OfNat took 0.0631ms
typeclass inference of OfNat took 0.0411ms
typeclass inference of OfNat took 0.0511ms
typeclass inference of OfNat took 0.0389ms
typeclass inference of HMul took 0.202ms
typeclass inference of HPow took 0.147ms
typeclass inference of HMul took 0.0644ms
typeclass inference of LT took 0.0334ms
typeclass inference of OfNat took 0.00417ms
typeclass inference of OfNat took 0.0824ms
typeclass inference of HPow took 0.182ms
typeclass inference of HMul took 0.0618ms
typeclass inference of OfNat took 0.0439ms
typeclass inference of HPow took 0.12ms
typeclass inference of HMul took 0.0541ms
typeclass inference of OfNat took 0.0432ms
typeclass inference of HPow took 0.112ms
typeclass inference of HMul took 0.0521ms
typeclass inference of OfNat took 0.0406ms
typeclass inference of HPow took 0.112ms
typeclass inference of HMul took 0.0525ms
typeclass inference of Pow took 0.0481ms
typeclass inference of NPow took 0.00424ms
typeclass inference of OfNat took 0.00351ms
typeclass inference of HMul took 0.00284ms
tactic execution of Lean.Parser.Tactic.refine took 1.1ms
interpretation of Lean.Meta.Grind.reduceCtorEqCheap took 0.00248ms
interpretation of Lean.Meta.Grind.reduceSimpMatchDiscrsOnly took 0.0012ms
interpretation of Lean.Meta.Grind.reducePreMatchCond took 0.00118ms
interpretation of Lean.Meta.Grind.Arith.expandPow01 took 0.000892ms
interpretation of Lean.Meta.Grind.Arith.expandDiv took 0.000621ms
interpretation of Lean.Meta.Grind.Arith.normNatAddInst took 0.000671ms
interpretation of Lean.Meta.Grind.Arith.normNatMulInst took 0.000732ms
interpretation of Lean.Meta.Grind.Arith.normNatSubInst took 0.000832ms
interpretation of Lean.Meta.Grind.Arith.normNatDivInst took 0.000491ms
interpretation of Lean.Meta.Grind.Arith.normNatModInst took 0.000561ms
interpretation of Lean.Meta.Grind.Arith.normNatPowInst took 0.000751ms
interpretation of Lean.Meta.Grind.Arith.normNatOfNatInst took 0.000591ms
interpretation of Lean.Meta.Grind.Arith.normIntNegInst took 0.000661ms
interpretation of Lean.Meta.Grind.Arith.normIntAddInst took 0.000751ms
interpretation of Lean.Meta.Grind.Arith.normIntMulInst took 0.000751ms
interpretation of Lean.Meta.Grind.Arith.normIntSubInst took 0.000761ms
interpretation of Lean.Meta.Grind.Arith.normIntDivInst took 0.000962ms
interpretation of Lean.Meta.Grind.Arith.normIntModInst took 0.000641ms
interpretation of Lean.Meta.Grind.Arith.normIntPowInst took 0.000771ms
interpretation of Lean.Meta.Grind.Arith.normNatCastInst took 0.000882ms
interpretation of Lean.Meta.Grind.Arith.normIntOfNatInst took 0.000982ms
interpretation of Lean.Meta.Grind.Arith.normNatCastNum took 0.000771ms
interpretation of Lean.Meta.Grind.Arith.normIntCastNum took 0.000822ms
interpretation of Lean.Meta.Grind.Arith.normPowRatInt took 0.000521ms
interpretation of Lean.Meta.Grind.Arith.normFieldInv took 0.000661ms
interpretation of Lean.Meta.Grind.simpForall took 0.000812ms
interpretation of Lean.Meta.Grind.simpExists took 0.000582ms
interpretation of Lean.Meta.Grind.simpEq took 0.000912ms
interpretation of Lean.Meta.Grind.simpOr took 0.000691ms
interpretation of Lean.Meta.Grind.simpDIte took 0.000751ms
interpretation of Lean.Meta.Grind.pushNot took 0.000671ms
interpretation of Lean.Meta.Grind.unfoldReducibleSimproc took 0.000611ms
congr simp thm took 0.00734ms
congr simp thm took 0.00441ms
congr simp thm took 0.00351ms
grind simp took 0.403ms
grind mark subsingleton took 0.0672ms
sym typeclass inference of HSub took 1.01ms
sym typeclass inference of HMul took 0.969ms
sym typeclass inference of OfNat took 0.785ms
sym canon took 0.165ms
sym typeclass inference of Lean.Grind.CommRing took 0.501ms
typeclass inference of Lean.Grind.Ring took 0.468ms
typeclass inference of Semiring took 0.652ms
typeclass inference of AddLeftCancelSemigroup took 0.945ms
sym typeclass inference of Lean.Grind.IsCharP took 7.12ms
sym typeclass inference of Lean.Grind.NatModule took 1.06ms
typeclass inference of AddCommMonoid took 0.754ms
typeclass inference of AddCommMonoid took 0.00498ms
typeclass inference of AddCommMonoid took 0.00389ms
typeclass inference of AddCancelMonoid took 0.808ms
typeclass inference of AddCommMonoid took 0.00419ms
typeclass inference of AddGroup took 0.509ms
typeclass inference of Field took 0.326ms
typeclass inference of Field took 0.00319ms
typeclass inference of Field took 0.00203ms
typeclass inference of Field took 0.00261ms
typeclass inference of Field took 0.00164ms
typeclass inference of Field took 0.00191ms
typeclass inference of Field took 0.00119ms
typeclass inference of Field took 0.00111ms
typeclass inference of Field took 0.00106ms
typeclass inference of Field took 0.00106ms
typeclass inference of Field took 0.00108ms
typeclass inference of Field took 0.00102ms
typeclass inference of Field took 0.00227ms
typeclass inference of Field took 0.00252ms
typeclass inference of Field took 0.00117ms
typeclass inference of Field took 0.00118ms
typeclass inference of Field took 0.00114ms
typeclass inference of Field took 0.00109ms
typeclass inference of Field took 0.00112ms
typeclass inference of Field took 0.0011ms
typeclass inference of Field took 0.00222ms
typeclass inference of Field took 0.00121ms
typeclass inference of Field took 0.00117ms
typeclass inference of Field took 0.00113ms
typeclass inference of Field took 0.00109ms
typeclass inference of Field took 0.00112ms
typeclass inference of Field took 0.00103ms
typeclass inference of Field took 0.00181ms
typeclass inference of Field took 0.0012ms
typeclass inference of Field took 0.00108ms
typeclass inference of Semiring took 0.0042ms
typeclass inference of RCLike took 0.0113ms
typeclass inference of RCLike took 0.00165ms
typeclass inference of RCLike took 0.00125ms
typeclass inference of RCLike took 0.00217ms
typeclass inference of RCLike took 0.0012ms
typeclass inference of RCLike took 0.0014ms
typeclass inference of RCLike took 0.00153ms
typeclass inference of RCLike took 0.00123ms
typeclass inference of RCLike took 0.0011ms
typeclass inference of RCLike took 0.00115ms
typeclass inference of RCLike took 0.00109ms
typeclass inference of RCLike took 0.00104ms
typeclass inference of RCLike took 0.00186ms
typeclass inference of RCLike took 0.00119ms
typeclass inference of RCLike took 0.00347ms
typeclass inference of RCLike took 0.00231ms
typeclass inference of RCLike took 0.00152ms
typeclass inference of RCLike took 0.0015ms
typeclass inference of RCLike took 0.00277ms
typeclass inference of RCLike took 0.00128ms
typeclass inference of RCLike took 0.00344ms
typeclass inference of RCLike took 0.00111ms
typeclass inference of RCLike took 0.00125ms
typeclass inference of RCLike took 0.00116ms
typeclass inference of RCLike took 0.00113ms
typeclass inference of RCLike took 0.00111ms
typeclass inference of RCLike took 0.00108ms
typeclass inference of RCLike took 0.00178ms
typeclass inference of RCLike took 0.00121ms
typeclass inference of RCLike took 0.0011ms
typeclass inference of Semiring took 0.00603ms
typeclass inference of NonAssocRing took 0.375ms
typeclass inference of Field took 0.00313ms
typeclass inference of Field took 0.00186ms
typeclass inference of Field took 0.00186ms
typeclass inference of Field took 0.00137ms
typeclass inference of Field took 0.00299ms
typeclass inference of Field took 0.00121ms
typeclass inference of Field took 0.00107ms
typeclass inference of Field took 0.00106ms
typeclass inference of Field took 0.00146ms
typeclass inference of Field took 0.00177ms
typeclass inference of Field took 0.00125ms
typeclass inference of Field took 0.00121ms
typeclass inference of Field took 0.000992ms
typeclass inference of Field took 0.00209ms
typeclass inference of Field took 0.00117ms
typeclass inference of Field took 0.00122ms
typeclass inference of Field took 0.00116ms
typeclass inference of Field took 0.00113ms
typeclass inference of Field took 0.00106ms
typeclass inference of Field took 0.00106ms
typeclass inference of Field took 0.00103ms
typeclass inference of Field took 0.000962ms
typeclass inference of Field took 0.00211ms
typeclass inference of Field took 0.00114ms
typeclass inference of Field took 0.00113ms
typeclass inference of Field took 0.0011ms
typeclass inference of Field took 0.00109ms
typeclass inference of Field took 0.00127ms
typeclass inference of Field took 0.00153ms
typeclass inference of Field took 0.00149ms
typeclass inference of Field took 0.00184ms
typeclass inference of Field took 0.00113ms
typeclass inference of Field took 0.00111ms
typeclass inference of Field took 0.00129ms
typeclass inference of Field took 0.00107ms
typeclass inference of Field took 0.00104ms
typeclass inference of Field took 0.00116ms
typeclass inference of Field took 0.00295ms
typeclass inference of Field took 0.00131ms
typeclass inference of Field took 0.0014ms
typeclass inference of Field took 0.00113ms
typeclass inference of Field took 0.00112ms
typeclass inference of Field took 0.00234ms
typeclass inference of Field took 0.00138ms
typeclass inference of Field took 0.00139ms
typeclass inference of Field took 0.00106ms
typeclass inference of Field took 0.00194ms
typeclass inference of Field took 0.00113ms
typeclass inference of Field took 0.00108ms
typeclass inference of Field took 0.00163ms
typeclass inference of Field took 0.00128ms
typeclass inference of Field took 0.00135ms
typeclass inference of Field took 0.00139ms
typeclass inference of Field took 0.00172ms
typeclass inference of Field took 0.00119ms
typeclass inference of Field took 0.00116ms
typeclass inference of Field took 0.00114ms
typeclass inference of Field took 0.00113ms
typeclass inference of Field took 0.00106ms
typeclass inference of Field took 0.00118ms
typeclass inference of Field took 0.00253ms
typeclass inference of Field took 0.00124ms
typeclass inference of Field took 0.00116ms
typeclass inference of Field took 0.00107ms
typeclass inference of Field took 0.00105ms
typeclass inference of Field took 0.00182ms
typeclass inference of Field took 0.00129ms
typeclass inference of Field took 0.00119ms
typeclass inference of Field took 0.00123ms
typeclass inference of Field took 0.00157ms
typeclass inference of Field took 0.00119ms
typeclass inference of Field took 0.00107ms
typeclass inference of Semiring took 0.00599ms
typeclass inference of DivisionRing took 0.405ms
typeclass inference of DivisionRing took 0.00223ms
typeclass inference of DivisionRing took 0.00149ms
typeclass inference of DivisionRing took 0.00107ms
typeclass inference of DivisionRing took 0.00233ms
typeclass inference of DivisionRing took 0.00142ms
typeclass inference of DivisionRing took 0.00121ms
typeclass inference of DivisionRing took 0.00117ms
typeclass inference of DivisionRing took 0.00112ms
typeclass inference of DivisionRing took 0.00103ms
typeclass inference of DivisionRing took 0.00101ms
typeclass inference of DivisionRing took 0.00102ms
typeclass inference of DivisionRing took 0.00202ms
typeclass inference of DivisionRing took 0.00127ms
typeclass inference of DivisionRing took 0.00113ms
typeclass inference of DivisionRing took 0.00112ms
typeclass inference of DivisionRing took 0.00121ms
typeclass inference of DivisionRing took 0.00114ms
typeclass inference of DivisionRing took 0.00109ms
typeclass inference of DivisionRing took 0.00181ms
typeclass inference of DivisionRing took 0.00112ms
typeclass inference of DivisionRing took 0.00106ms
typeclass inference of DivisionRing took 0.00106ms
typeclass inference of DivisionRing took 0.001ms
typeclass inference of DivisionRing took 0.00127ms
typeclass inference of DivisionRing took 0.00185ms
typeclass inference of DivisionRing took 0.00113ms
typeclass inference of DivisionRing took 0.00116ms
typeclass inference of DivisionRing took 0.00186ms
typeclass inference of DivisionRing took 0.00206ms
typeclass inference of Semifield took 0.538ms
typeclass inference of Semifield took 0.00363ms
typeclass inference of Semifield took 0.00125ms
typeclass inference of Semifield took 0.00126ms
typeclass inference of Semifield took 0.00109ms
typeclass inference of Semifield took 0.00117ms
typeclass inference of Semifield took 0.000992ms
typeclass inference of Semifield took 0.00103ms
typeclass inference of Semifield took 0.00104ms
typeclass inference of Semifield took 0.00207ms
typeclass inference of Semifield took 0.00124ms
typeclass inference of Semifield took 0.00107ms
typeclass inference of Semifield took 0.00111ms
typeclass inference of Semifield took 0.00104ms
typeclass inference of Semifield took 0.00103ms
typeclass inference of Semifield took 0.00105ms
typeclass inference of Field took 0.00209ms
typeclass inference of Field took 0.00119ms
typeclass inference of Field took 0.0015ms
typeclass inference of Field took 0.0021ms
typeclass inference of Field took 0.00126ms
typeclass inference of Field took 0.00115ms
typeclass inference of Field took 0.00108ms
typeclass inference of Field took 0.0011ms
typeclass inference of Field took 0.00111ms
typeclass inference of Field took 0.00109ms
typeclass inference of Field took 0.00104ms
typeclass inference of Field took 0.000951ms
typeclass inference of Field took 0.00196ms
typeclass inference of Field took 0.00124ms
typeclass inference of Field took 0.00323ms
typeclass inference of Field took 0.0011ms
typeclass inference of Field took 0.00109ms
typeclass inference of Field took 0.00106ms
typeclass inference of Field took 0.00108ms
typeclass inference of Field took 0.00102ms
typeclass inference of Field took 0.00222ms
typeclass inference of Field took 0.0012ms
typeclass inference of Field took 0.00112ms
typeclass inference of Field took 0.00107ms
typeclass inference of Field took 0.00128ms
typeclass inference of Field took 0.00111ms
typeclass inference of Field took 0.00115ms
typeclass inference of DivisionRing took 0.00199ms
typeclass inference of DivisionRing took 0.00205ms
typeclass inference of DivisionRing took 0.00118ms
typeclass inference of DivisionRing took 0.00112ms
typeclass inference of DivisionRing took 0.00102ms
typeclass inference of DivisionRing took 0.00108ms
typeclass inference of DivisionRing took 0.00105ms
typeclass inference of DivisionRing took 0.00101ms
typeclass inference of DivisionRing took 0.00101ms
typeclass inference of DivisionRing took 0.00204ms
typeclass inference of DivisionRing took 0.00119ms
typeclass inference of DivisionRing took 0.00114ms
typeclass inference of DivisionRing took 0.00107ms
typeclass inference of DivisionRing took 0.00106ms
typeclass inference of DivisionRing took 0.00102ms
typeclass inference of DivisionRing took 0.000942ms
typeclass inference of EuclideanDomain took 0.615ms
typeclass inference of EuclideanDomain took 0.00233ms
typeclass inference of EuclideanDomain took 0.00178ms
typeclass inference of EuclideanDomain took 0.0014ms
typeclass inference of EuclideanDomain took 0.00169ms
typeclass inference of EuclideanDomain took 0.00161ms
typeclass inference of EuclideanDomain took 0.00136ms
typeclass inference of EuclideanDomain took 0.00108ms
typeclass inference of EuclideanDomain took 0.00179ms
typeclass inference of EuclideanDomain took 0.00131ms
typeclass inference of EuclideanDomain took 0.00134ms
typeclass inference of EuclideanDomain took 0.00136ms
typeclass inference of EuclideanDomain took 0.00107ms
typeclass inference of EuclideanDomain took 0.00215ms
typeclass inference of EuclideanDomain took 0.00114ms
typeclass inference of EuclideanDomain took 0.00114ms
typeclass inference of EuclideanDomain took 0.00108ms
typeclass inference of EuclideanDomain took 0.00104ms
typeclass inference of EuclideanDomain took 0.00107ms
typeclass inference of EuclideanDomain took 0.001ms
typeclass inference of EuclideanDomain took 0.000961ms
typeclass inference of EuclideanDomain took 0.000932ms
typeclass inference of EuclideanDomain took 0.00208ms
typeclass inference of EuclideanDomain took 0.00118ms
typeclass inference of EuclideanDomain took 0.0011ms
typeclass inference of EuclideanDomain took 0.00106ms
typeclass inference of EuclideanDomain took 0.00103ms
typeclass inference of EuclideanDomain took 0.001ms
typeclass inference of EuclideanDomain took 0.00101ms
typeclass inference of EuclideanDomain took 0.001ms
typeclass inference of EuclideanDomain took 0.00174ms
typeclass inference of EuclideanDomain took 0.0012ms
typeclass inference of EuclideanDomain took 0.0011ms
typeclass inference of EuclideanDomain took 0.00102ms
typeclass inference of EuclideanDomain took 0.00103ms
typeclass inference of EuclideanDomain took 0.001ms
typeclass inference of EuclideanDomain took 0.00101ms
typeclass inference of CommMonoidWithZero took 0.978ms
typeclass inference of Semiring took 0.0049ms
typeclass inference of CommMonoidWithZero took 0.00405ms
typeclass inference of CommMonoidWithZero took 0.00374ms
typeclass inference of CommGroupWithZero took 0.405ms
typeclass inference of CommGroupWithZero took 0.00277ms
typeclass inference of CommGroupWithZero took 0.00143ms
typeclass inference of CommGroupWithZero took 0.00128ms
typeclass inference of CommGroupWithZero took 0.00112ms
typeclass inference of CommGroupWithZero took 0.00134ms
typeclass inference of CommGroupWithZero took 0.00105ms
typeclass inference of CommGroupWithZero took 0.000971ms
typeclass inference of LinearOrderedCommMonoidWithZero took 0.0455ms
typeclass inference of LinearOrderedCommMonoidWithZero took 0.00213ms
typeclass inference of LinearOrderedCommMonoidWithZero took 0.00208ms
typeclass inference of LinearOrderedCommMonoidWithZero took 0.00115ms
typeclass inference of LinearOrderedCommMonoidWithZero took 0.00116ms
typeclass inference of LinearOrderedCommMonoidWithZero took 0.00105ms
typeclass inference of LinearOrderedCommMonoidWithZero took 0.00156ms
typeclass inference of LinearOrderedCommMonoidWithZero took 0.00113ms
typeclass inference of LinearOrderedCommMonoidWithZero took 0.00106ms
typeclass inference of LinearOrderedCommMonoidWithZero took 0.00138ms
typeclass inference of LinearOrderedCommMonoidWithZero took 0.00114ms
typeclass inference of LinearOrderedCommMonoidWithZero took 0.00107ms
typeclass inference of LinearOrderedCommMonoidWithZero took 0.00199ms
typeclass inference of LinearOrderedCommMonoidWithZero took 0.00259ms
typeclass inference of LinearOrderedCommMonoidWithZero took 0.00111ms
typeclass inference of LinearOrderedCommMonoidWithZero took 0.00104ms
typeclass inference of LinearOrderedCommMonoidWithZero took 0.00105ms
typeclass inference of LinearOrderedCommMonoidWithZero took 0.00128ms
typeclass inference of LinearOrderedCommMonoidWithZero took 0.00116ms
typeclass inference of LinearOrderedCommMonoidWithZero took 0.00186ms
typeclass inference of LinearOrderedCommMonoidWithZero took 0.00113ms
typeclass inference of LinearOrderedCommMonoidWithZero took 0.00117ms
typeclass inference of LinearOrderedCommMonoidWithZero took 0.00145ms
typeclass inference of LinearOrderedCommMonoidWithZero took 0.00107ms
typeclass inference of LinearOrderedCommMonoidWithZero took 0.00103ms
typeclass inference of LinearOrderedCommMonoidWithZero took 0.0018ms
typeclass inference of LinearOrderedCommMonoidWithZero took 0.00117ms
typeclass inference of LinearOrderedCommMonoidWithZero took 0.00114ms
typeclass inference of LinearOrderedCommMonoidWithZero took 0.00105ms
typeclass inference of LinearOrderedCommMonoidWithZero took 0.00103ms
typeclass inference of LinearOrderedCommMonoidWithZero took 0.00209ms
typeclass inference of LinearOrderedCommMonoidWithZero took 0.00152ms
typeclass inference of LinearOrderedCommMonoidWithZero took 0.000992ms
typeclass inference of LinearOrderedCommMonoidWithZero took 0.00194ms
typeclass inference of LinearOrderedCommMonoidWithZero took 0.00623ms
typeclass inference of LinearOrderedCommMonoidWithZero took 0.0011ms
typeclass inference of LinearOrderedCommMonoidWithZero took 0.00103ms
typeclass inference of LinearOrderedCommMonoidWithZero took 0.000992ms
typeclass inference of LinearOrderedCommMonoidWithZero took 0.001ms
typeclass inference of LinearOrderedCommMonoidWithZero took 0.000932ms
typeclass inference of LinearOrderedCommMonoidWithZero took 0.0011ms
typeclass inference of LinearOrderedCommMonoidWithZero took 0.00108ms
typeclass inference of LinearOrderedCommMonoidWithZero took 0.000922ms
typeclass inference of LinearOrderedCommMonoidWithZero took 0.00195ms
typeclass inference of LinearOrderedCommMonoidWithZero took 0.00131ms
typeclass inference of LinearOrderedCommMonoidWithZero took 0.00127ms
typeclass inference of LinearOrderedCommMonoidWithZero took 0.00103ms
typeclass inference of LinearOrderedCommMonoidWithZero took 0.00111ms
typeclass inference of LinearOrderedCommMonoidWithZero took 0.000992ms
typeclass inference of LinearOrderedCommMonoidWithZero took 0.00102ms
typeclass inference of LinearOrderedCommMonoidWithZero took 0.00232ms
typeclass inference of LinearOrderedCommMonoidWithZero took 0.00116ms
typeclass inference of LinearOrderedCommMonoidWithZero took 0.00126ms
typeclass inference of LinearOrderedCommMonoidWithZero took 0.00113ms
typeclass inference of LinearOrderedCommMonoidWithZero took 0.00101ms
typeclass inference of LinearOrderedCommMonoidWithZero took 0.000982ms
typeclass inference of LinearOrderedCommMonoidWithZero took 0.00175ms
typeclass inference of LinearOrderedCommMonoidWithZero took 0.00109ms
typeclass inference of LinearOrderedCommMonoidWithZero took 0.0014ms
typeclass inference of LinearOrderedCommMonoidWithZero took 0.001ms
typeclass inference of LinearOrderedCommMonoidWithZero took 0.00116ms
typeclass inference of LinearOrderedCommMonoidWithZero took 0.00245ms
typeclass inference of LinearOrderedCommMonoidWithZero took 0.00162ms
typeclass inference of LinearOrderedCommMonoidWithZero took 0.00107ms
typeclass inference of LinearOrderedCommMonoidWithZero took 0.00199ms
typeclass inference of LinearOrderedCommMonoidWithZero took 0.0012ms
typeclass inference of LinearOrderedCommMonoidWithZero took 0.00207ms
typeclass inference of LinearOrderedCommMonoidWithZero took 0.00159ms
typeclass inference of LinearOrderedCommMonoidWithZero took 0.00149ms
typeclass inference of LinearOrderedCommMonoidWithZero took 0.00107ms
typeclass inference of LinearOrderedCommMonoidWithZero took 0.00104ms
typeclass inference of LinearOrderedCommMonoidWithZero took 0.00101ms
typeclass inference of LinearOrderedCommMonoidWithZero took 0.000942ms
typeclass inference of LinearOrderedCommMonoidWithZero took 0.00135ms
typeclass inference of LinearOrderedCommMonoidWithZero took 0.0013ms
typeclass inference of LinearOrderedCommMonoidWithZero took 0.000952ms
typeclass inference of LinearOrderedCommMonoidWithZero took 0.00234ms
typeclass inference of LinearOrderedCommMonoidWithZero took 0.00126ms
typeclass inference of LinearOrderedCommMonoidWithZero took 0.00223ms
typeclass inference of LinearOrderedCommMonoidWithZero took 0.00129ms
typeclass inference of LinearOrderedCommMonoidWithZero took 0.00124ms
typeclass inference of LinearOrderedCommMonoidWithZero took 0.00106ms
typeclass inference of LinearOrderedCommMonoidWithZero took 0.000952ms
typeclass inference of LinearOrderedCommMonoidWithZero took 0.00205ms
typeclass inference of LinearOrderedCommMonoidWithZero took 0.00125ms
typeclass inference of LinearOrderedCommMonoidWithZero took 0.00112ms
typeclass inference of LinearOrderedCommMonoidWithZero took 0.00105ms
typeclass inference of LinearOrderedCommMonoidWithZero took 0.000992ms
typeclass inference of LinearOrderedCommMonoidWithZero took 0.00117ms
typeclass inference of LinearOrderedCommMonoidWithZero took 0.00198ms
typeclass inference of LinearOrderedCommMonoidWithZero took 0.00112ms
typeclass inference of LinearOrderedCommMonoidWithZero took 0.0017ms
typeclass inference of LinearOrderedCommMonoidWithZero took 0.00132ms
typeclass inference of LinearOrderedCommMonoidWithZero took 0.000992ms
typeclass inference of LinearOrderedCommMonoidWithZero took 0.0014ms
typeclass inference of LinearOrderedCommMonoidWithZero took 0.0014ms
typeclass inference of LinearOrderedCommMonoidWithZero took 0.00141ms
typeclass inference of LinearOrderedCommMonoidWithZero took 0.00245ms
typeclass inference of LinearOrderedCommMonoidWithZero took 0.00149ms
typeclass inference of LinearOrderedCommMonoidWithZero took 0.00143ms
typeclass inference of LinearOrderedCommMonoidWithZero took 0.00112ms
typeclass inference of LinearOrderedCommMonoidWithZero took 0.00101ms
typeclass inference of LinearOrderedCommMonoidWithZero took 0.00102ms
typeclass inference of LinearOrderedCommMonoidWithZero took 0.001ms
typeclass inference of LinearOrderedCommMonoidWithZero took 0.00125ms
typeclass inference of LinearOrderedCommMonoidWithZero took 0.000982ms
typeclass inference of LinearOrderedCommMonoidWithZero took 0.00104ms
typeclass inference of LinearOrderedCommMonoidWithZero took 0.00209ms
typeclass inference of LinearOrderedCommMonoidWithZero took 0.00129ms
typeclass inference of LinearOrderedCommMonoidWithZero took 0.00121ms
typeclass inference of LinearOrderedCommMonoidWithZero took 0.00107ms
typeclass inference of LinearOrderedCommMonoidWithZero took 0.00107ms
typeclass inference of LinearOrderedCommMonoidWithZero took 0.00116ms
typeclass inference of LinearOrderedCommMonoidWithZero took 0.000952ms
typeclass inference of LinearOrderedCommMonoidWithZero took 0.00187ms
typeclass inference of LinearOrderedCommMonoidWithZero took 0.00111ms
typeclass inference of LinearOrderedCommMonoidWithZero took 0.00108ms
typeclass inference of LinearOrderedCommMonoidWithZero took 0.00105ms
typeclass inference of LinearOrderedCommMonoidWithZero took 0.00119ms
typeclass inference of LinearOrderedCommMonoidWithZero took 0.00104ms
typeclass inference of LinearOrderedCommMonoidWithZero took 0.00159ms
typeclass inference of LinearOrderedCommMonoidWithZero took 0.00108ms
typeclass inference of LinearOrderedCommMonoidWithZero took 0.00116ms
typeclass inference of LinearOrderedCommMonoidWithZero took 0.00118ms
typeclass inference of LinearOrderedCommMonoidWithZero took 0.00105ms
typeclass inference of LinearOrderedCommMonoidWithZero took 0.00161ms
typeclass inference of LinearOrderedCommMonoidWithZero took 0.00118ms
typeclass inference of LinearOrderedCommMonoidWithZero took 0.00109ms
typeclass inference of LinearOrderedCommMonoidWithZero took 0.00161ms
typeclass inference of LinearOrderedCommMonoidWithZero took 0.0014ms
typeclass inference of LinearOrderedCommMonoidWithZero took 0.000992ms
typeclass inference of LinearOrderedCommMonoidWithZero took 0.00178ms
typeclass inference of LinearOrderedCommMonoidWithZero took 0.00101ms
typeclass inference of LinearOrderedCommMonoidWithZero took 0.0011ms
typeclass inference of LinearOrderedCommMonoidWithZero took 0.00137ms
typeclass inference of LinearOrderedCommMonoidWithZero took 0.00107ms
typeclass inference of LinearOrderedCommMonoidWithZero took 0.00102ms
typeclass inference of LinearOrderedCommMonoidWithZero took 0.00103ms
typeclass inference of LinearOrderedCommMonoidWithZero took 0.00118ms
typeclass inference of LinearOrderedCommMonoidWithZero took 0.000992ms
typeclass inference of LinearOrderedCommMonoidWithZero took 0.000972ms
typeclass inference of LinearOrderedCommMonoidWithZero took 0.00192ms
typeclass inference of LinearOrderedCommMonoidWithZero took 0.00105ms
typeclass inference of LinearOrderedCommMonoidWithZero took 0.00111ms
typeclass inference of LinearOrderedCommMonoidWithZero took 0.00102ms
typeclass inference of LinearOrderedCommMonoidWithZero took 0.00101ms
typeclass inference of LinearOrderedCommMonoidWithZero took 0.00104ms
typeclass inference of LinearOrderedCommMonoidWithZero took 0.000972ms
typeclass inference of LinearOrderedCommMonoidWithZero took 0.0018ms
typeclass inference of LinearOrderedCommMonoidWithZero took 0.00127ms
typeclass inference of LinearOrderedCommMonoidWithZero took 0.00112ms
typeclass inference of LinearOrderedCommMonoidWithZero took 0.00104ms
typeclass inference of LinearOrderedCommMonoidWithZero took 0.00117ms
typeclass inference of LinearOrderedCommMonoidWithZero took 0.00107ms
typeclass inference of LinearOrderedCommMonoidWithZero took 0.00181ms
typeclass inference of LinearOrderedCommMonoidWithZero took 0.00107ms
typeclass inference of LinearOrderedCommMonoidWithZero took 0.0011ms
typeclass inference of LinearOrderedCommMonoidWithZero took 0.00106ms
typeclass inference of LinearOrderedCommMonoidWithZero took 0.000952ms
typeclass inference of LinearOrderedCommMonoidWithZero took 0.0017ms
typeclass inference of LinearOrderedCommMonoidWithZero took 0.00112ms
typeclass inference of LinearOrderedCommMonoidWithZero took 0.00106ms
typeclass inference of LinearOrderedCommMonoidWithZero took 0.00114ms
typeclass inference of LinearOrderedCommMonoidWithZero took 0.00156ms
typeclass inference of LinearOrderedCommMonoidWithZero took 0.00114ms
typeclass inference of LinearOrderedCommMonoidWithZero took 0.00116ms
typeclass inference of NonUnitalNonAssocRing took 0.436ms
typeclass inference of NormedRing took 0.417ms
typeclass inference of NormedRing took 0.00275ms
typeclass inference of NormedRing took 0.00197ms
typeclass inference of NormedRing took 0.00128ms
typeclass inference of NormedRing took 0.00123ms
typeclass inference of NormedRing took 0.00111ms
typeclass inference of NormedRing took 0.00106ms
typeclass inference of NormedRing took 0.00104ms
typeclass inference of NormedRing took 0.0012ms
typeclass inference of NormedRing took 0.00146ms
typeclass inference of NormedRing took 0.00105ms
typeclass inference of NormedRing took 0.0022ms
typeclass inference of NormedRing took 0.00136ms
typeclass inference of NormedRing took 0.00274ms
typeclass inference of NormedRing took 0.00146ms
typeclass inference of NormedRing took 0.00117ms
typeclass inference of NormedRing took 0.00113ms
typeclass inference of NormedRing took 0.00124ms
typeclass inference of NormedRing took 0.00123ms
typeclass inference of NormedRing took 0.00116ms
typeclass inference of NormedRing took 0.00101ms
typeclass inference of NormedRing took 0.00229ms
typeclass inference of NormedRing took 0.00137ms
typeclass inference of NormedRing took 0.00132ms
typeclass inference of NormedRing took 0.00105ms
typeclass inference of NormedRing took 0.00105ms
typeclass inference of NormedRing took 0.00106ms
typeclass inference of NormedRing took 0.00105ms
typeclass inference of NormedRing took 0.0019ms
typeclass inference of NormedRing took 0.00137ms
typeclass inference of NormedRing took 0.0011ms
typeclass inference of NormedRing took 0.00107ms
typeclass inference of NormedRing took 0.00109ms
typeclass inference of NormedRing took 0.00154ms
typeclass inference of NormedRing took 0.0012ms
typeclass inference of NormedRing took 0.0012ms
typeclass inference of NormedRing took 0.00102ms
typeclass inference of NormedRing took 0.00142ms
typeclass inference of NormedRing took 0.0011ms
typeclass inference of NormedRing took 0.00103ms
typeclass inference of Semiring took 0.00539ms
typeclass inference of Semiring took 0.00414ms
typeclass inference of GroupWithZero took 0.634ms
typeclass inference of GroupWithZero took 0.00239ms
typeclass inference of GroupWithZero took 0.00204ms
typeclass inference of GroupWithZero took 0.00128ms
typeclass inference of GroupWithZero took 0.00119ms
typeclass inference of GroupWithZero took 0.00112ms
typeclass inference of GroupWithZero took 0.00108ms
typeclass inference of GroupWithZero took 0.00157ms
typeclass inference of GroupWithZero took 0.00114ms
typeclass inference of GroupWithZero took 0.0015ms
typeclass inference of GroupWithZero took 0.00106ms
typeclass inference of GroupWithZero took 0.00152ms
typeclass inference of GroupWithZero took 0.00137ms
typeclass inference of GroupWithZero took 0.0012ms
typeclass inference of MulZeroClass took 0.797ms
typeclass inference of Semiring took 0.00541ms
typeclass inference of CommMonoidWithZero took 0.00788ms
typeclass inference of CommMonoidWithZero took 0.00432ms
typeclass inference of LinearOrderedCommMonoidWithZero took 0.00347ms
typeclass inference of LinearOrderedCommMonoidWithZero took 0.00245ms
typeclass inference of LinearOrderedCommMonoidWithZero took 0.00192ms
typeclass inference of LinearOrderedCommMonoidWithZero took 0.00213ms
typeclass inference of LinearOrderedCommMonoidWithZero took 0.00134ms
typeclass inference of LinearOrderedCommMonoidWithZero took 0.00111ms
typeclass inference of LinearOrderedCommMonoidWithZero took 0.00171ms
typeclass inference of LinearOrderedCommMonoidWithZero took 0.00228ms
typeclass inference of LinearOrderedCommMonoidWithZero took 0.00112ms
typeclass inference of LinearOrderedCommMonoidWithZero took 0.00102ms
typeclass inference of LinearOrderedCommMonoidWithZero took 0.00184ms
typeclass inference of LinearOrderedCommMonoidWithZero took 0.00106ms
typeclass inference of LinearOrderedCommMonoidWithZero took 0.00125ms
typeclass inference of NonUnitalNonAssocRing took 0.00481ms
typeclass inference of GroupWithZero took 0.00509ms
typeclass inference of GroupWithZero took 0.00157ms
typeclass inference of GroupWithZero took 0.0018ms
typeclass inference of GroupWithZero took 0.00124ms
typeclass inference of GroupWithZero took 0.00133ms
typeclass inference of GroupWithZero took 0.00106ms
typeclass inference of GroupWithZero took 0.0011ms
typeclass inference of GroupWithZero took 0.00159ms
typeclass inference of GroupWithZero took 0.00146ms
typeclass inference of GroupWithZero took 0.00115ms
typeclass inference of GroupWithZero took 0.00107ms
typeclass inference of GroupWithZero took 0.00181ms
typeclass inference of GroupWithZero took 0.00121ms
typeclass inference of GroupWithZero took 0.00117ms
typeclass inference of MulZeroClass took 0.00446ms
typeclass inference of GroupWithZero took 0.00294ms
typeclass inference of GroupWithZero took 0.00135ms
typeclass inference of GroupWithZero took 0.00262ms
typeclass inference of GroupWithZero took 0.00138ms
typeclass inference of GroupWithZero took 0.00135ms
typeclass inference of GroupWithZero took 0.00105ms
typeclass inference of GroupWithZero took 0.00122ms
typeclass inference of GroupWithZero took 0.000971ms
typeclass inference of GroupWithZero took 0.00272ms
typeclass inference of GroupWithZero took 0.00196ms
typeclass inference of GroupWithZero took 0.00118ms
typeclass inference of GroupWithZero took 0.00297ms
typeclass inference of GroupWithZero took 0.00119ms
typeclass inference of GroupWithZero took 0.00124ms
typeclass inference of GroupWithZero took 0.00145ms
typeclass inference of GroupWithZero took 0.00113ms
typeclass inference of GroupWithZero took 0.00104ms
typeclass inference of GroupWithZero took 0.00187ms
typeclass inference of GroupWithZero took 0.00122ms
typeclass inference of GroupWithZero took 0.00135ms
typeclass inference of GroupWithZero took 0.00108ms
typeclass inference of GroupWithZero took 0.00108ms
typeclass inference of GroupWithZero took 0.00215ms
typeclass inference of GroupWithZero took 0.00122ms
typeclass inference of GroupWithZero took 0.00109ms
typeclass inference of GroupWithZero took 0.00205ms
typeclass inference of GroupWithZero took 0.00115ms
typeclass inference of GroupWithZero took 0.00212ms
typeclass inference of GroupWithZero took 0.00119ms
typeclass inference of GroupWithZero took 0.00235ms
typeclass inference of GroupWithZero took 0.0022ms
typeclass inference of GroupWithZero took 0.00109ms
typeclass inference of GroupWithZero took 0.000982ms
typeclass inference of GroupWithZero took 0.00167ms
typeclass inference of GroupWithZero took 0.00166ms
typeclass inference of GroupWithZero took 0.00105ms
typeclass inference of GroupWithZero took 0.00197ms
typeclass inference of GroupWithZero took 0.00116ms
typeclass inference of GroupWithZero took 0.00123ms
typeclass inference of GroupWithZero took 0.00119ms
typeclass inference of GroupWithZero took 0.00111ms
typeclass inference of GroupWithZero took 0.000992ms
typeclass inference of GroupWithZero took 0.0018ms
typeclass inference of GroupWithZero took 0.00125ms
typeclass inference of GroupWithZero took 0.0012ms
typeclass inference of GroupWithZero took 0.0011ms
typeclass inference of GroupWithZero took 0.00104ms
typeclass inference of GroupWithZero took 0.00147ms
typeclass inference of GroupWithZero took 0.00111ms
typeclass inference of GroupWithZero took 0.00115ms
typeclass inference of GroupWithZero took 0.0016ms
typeclass inference of GroupWithZero took 0.00104ms
typeclass inference of GroupWithZero took 0.00105ms
typeclass inference of GroupWithZero took 0.00196ms
typeclass inference of GroupWithZero took 0.00116ms
typeclass inference of GroupWithZero took 0.00118ms
typeclass inference of GroupWithZero took 0.00107ms
typeclass inference of GroupWithZero took 0.00104ms
typeclass inference of GroupWithZero took 0.000992ms
typeclass inference of GroupWithZero took 0.00171ms
typeclass inference of GroupWithZero took 0.00111ms
typeclass inference of GroupWithZero took 0.0011ms
typeclass inference of GroupWithZero took 0.0011ms
typeclass inference of GroupWithZero took 0.00101ms
typeclass inference of GroupWithZero took 0.00157ms
typeclass inference of GroupWithZero took 0.00122ms
typeclass inference of GroupWithZero took 0.00134ms
typeclass inference of GroupWithZero took 0.001ms
typeclass inference of GroupWithZero took 0.00168ms
typeclass inference of GroupWithZero took 0.00108ms
typeclass inference of GroupWithZero took 0.00118ms
typeclass inference of CommMonoidWithZero took 0.00508ms
typeclass inference of LinearOrderedCommMonoidWithZero took 0.00333ms
typeclass inference of LinearOrderedCommMonoidWithZero took 0.00198ms
typeclass inference of LinearOrderedCommMonoidWithZero took 0.00123ms
typeclass inference of LinearOrderedCommMonoidWithZero took 0.00118ms
typeclass inference of LinearOrderedCommMonoidWithZero took 0.00104ms
typeclass inference of LinearOrderedCommMonoidWithZero took 0.00108ms
typeclass inference of LinearOrderedCommMonoidWithZero took 0.00191ms
typeclass inference of LinearOrderedCommMonoidWithZero took 0.00109ms
typeclass inference of LinearOrderedCommMonoidWithZero took 0.00121ms
typeclass inference of LinearOrderedCommMonoidWithZero took 0.00101ms
typeclass inference of LinearOrderedCommMonoidWithZero took 0.00183ms
typeclass inference of LinearOrderedCommMonoidWithZero took 0.00113ms
typeclass inference of LinearOrderedCommMonoidWithZero took 0.00121ms
typeclass inference of NonUnitalNonAssocRing took 0.00449ms
typeclass inference of GroupWithZero took 0.00289ms
typeclass inference of GroupWithZero took 0.00125ms
typeclass inference of GroupWithZero took 0.00301ms
typeclass inference of GroupWithZero took 0.0019ms
typeclass inference of GroupWithZero took 0.00206ms
typeclass inference of GroupWithZero took 0.00166ms
typeclass inference of GroupWithZero took 0.00133ms
typeclass inference of GroupWithZero took 0.00161ms
typeclass inference of GroupWithZero took 0.00124ms
typeclass inference of GroupWithZero took 0.00108ms
typeclass inference of GroupWithZero took 0.00106ms
typeclass inference of GroupWithZero took 0.00179ms
typeclass inference of GroupWithZero took 0.00123ms
typeclass inference of GroupWithZero took 0.0011ms
sym typeclass inference of Lean.Grind.NoNatZeroDivisors took 62.4ms
sym typeclass inference of Lean.Grind.Field took 0.453ms
typeclass inference of Lean.Grind.CommSemiring took 0.486ms
typeclass inference of Field took 0.00279ms
typeclass inference of Field took 0.00223ms
typeclass inference of Field took 0.00129ms
typeclass inference of Field took 0.00128ms
typeclass inference of Field took 0.00112ms
typeclass inference of Field took 0.00109ms
typeclass inference of Field took 0.00108ms
typeclass inference of Field took 0.00118ms
typeclass inference of Field took 0.00104ms
typeclass inference of Field took 0.00117ms
typeclass inference of Field took 0.00156ms
typeclass inference of Field took 0.00109ms
typeclass inference of Field took 0.00189ms
typeclass inference of Field took 0.00116ms
typeclass inference of Field took 0.00116ms
typeclass inference of Field took 0.00104ms
typeclass inference of Field took 0.00103ms
typeclass inference of Field took 0.00103ms
typeclass inference of Field took 0.00103ms
typeclass inference of Field took 0.00101ms
typeclass inference of Field took 0.000992ms
typeclass inference of Field took 0.00212ms
typeclass inference of Field took 0.00118ms
typeclass inference of Field took 0.00119ms
typeclass inference of Field took 0.0011ms
typeclass inference of Field took 0.00112ms
typeclass inference of Field took 0.00103ms
typeclass inference of Field took 0.00107ms
typeclass inference of Field took 0.00113ms
typeclass inference of Field took 0.0014ms
typeclass inference of Field took 0.00114ms
typeclass inference of Field took 0.00101ms
typeclass inference of Field took 0.001ms
typeclass inference of Field took 0.00102ms
typeclass inference of Field took 0.00101ms
typeclass inference of Field took 0.00102ms
typeclass inference of Field took 0.00195ms
typeclass inference of Field took 0.00127ms
typeclass inference of Field took 0.00114ms
typeclass inference of Field took 0.00109ms
typeclass inference of Field took 0.00108ms
typeclass inference of Field took 0.00106ms
typeclass inference of Field took 0.00107ms
typeclass inference of Field took 0.00109ms
typeclass inference of Field took 0.000962ms
typeclass inference of Field took 0.00197ms
typeclass inference of Field took 0.00117ms
typeclass inference of Field took 0.00111ms
typeclass inference of Field took 0.00123ms
typeclass inference of Field took 0.00112ms
typeclass inference of Field took 0.0011ms
typeclass inference of Field took 0.00105ms
typeclass inference of Field took 0.00102ms
typeclass inference of Field took 0.00201ms
typeclass inference of Field took 0.00113ms
typeclass inference of Field took 0.00116ms
typeclass inference of Field took 0.00113ms
typeclass inference of Field took 0.00108ms
typeclass inference of Field took 0.00104ms
typeclass inference of Field took 0.00102ms
typeclass inference of Field took 0.00198ms
typeclass inference of Field took 0.00117ms
typeclass inference of Field took 0.00108ms
typeclass inference of Field took 0.00123ms
typeclass inference of Field took 0.00109ms
typeclass inference of Field took 0.00115ms
typeclass inference of Field took 0.00208ms
typeclass inference of Field took 0.00122ms
typeclass inference of Field took 0.00111ms
typeclass inference of Field took 0.00105ms
typeclass inference of Field took 0.00101ms
typeclass inference of Field took 0.00537ms
typeclass inference of Field took 0.00114ms
typeclass inference of Field took 0.00111ms
typeclass inference of Field took 0.00102ms
typeclass inference of Field took 0.0015ms
typeclass inference of Field took 0.00107ms
typeclass inference of Field took 0.00103ms
typeclass inference of Field took 0.0021ms
typeclass inference of Field took 0.00217ms
typeclass inference of Field took 0.00131ms
typeclass inference of Field took 0.00125ms
typeclass inference of Field took 0.00117ms
typeclass inference of Field took 0.00158ms
typeclass inference of Field took 0.00108ms
typeclass inference of Field took 0.00129ms
typeclass inference of Field took 0.00102ms
typeclass inference of Field took 0.00105ms
typeclass inference of Field took 0.0014ms
typeclass inference of Field took 0.00101ms
typeclass inference of Field took 0.00328ms
typeclass inference of Field took 0.00111ms
typeclass inference of Field took 0.00159ms
typeclass inference of Field took 0.00112ms
typeclass inference of Field took 0.00109ms
typeclass inference of Field took 0.00195ms
typeclass inference of Field took 0.00109ms
typeclass inference of Field took 0.00105ms
typeclass inference of Field took 0.000972ms
typeclass inference of Field took 0.00355ms
typeclass inference of Field took 0.00117ms
typeclass inference of Field took 0.00109ms
typeclass inference of Field took 0.0011ms
typeclass inference of Field took 0.00104ms
typeclass inference of Field took 0.00104ms
typeclass inference of Field took 0.00108ms
typeclass inference of Field took 0.001ms
typeclass inference of Field took 0.00238ms
typeclass inference of Field took 0.00106ms
typeclass inference of Field took 0.00104ms
typeclass inference of Field took 0.00124ms
typeclass inference of Field took 0.00101ms
typeclass inference of Field took 0.00101ms
typeclass inference of Field took 0.000952ms
typeclass inference of Field took 0.00479ms
typeclass inference of Field took 0.00319ms
typeclass inference of Field took 0.00136ms
typeclass inference of Field took 0.00108ms
typeclass inference of Field took 0.00151ms
typeclass inference of Field took 0.00104ms
typeclass inference of Field took 0.00106ms
typeclass inference of Field took 0.00107ms
typeclass inference of Field took 0.000992ms
typeclass inference of Field took 0.00227ms
typeclass inference of Field took 0.00115ms
typeclass inference of Field took 0.00119ms
typeclass inference of Field took 0.00111ms
typeclass inference of Field took 0.00118ms
typeclass inference of Field took 0.00108ms
typeclass inference of Field took 0.00105ms
typeclass inference of Field took 0.00101ms
typeclass inference of Field took 0.00189ms
typeclass inference of Field took 0.00111ms
typeclass inference of Field took 0.00117ms
typeclass inference of Field took 0.00109ms
typeclass inference of Field took 0.00126ms
typeclass inference of Field took 0.00132ms
typeclass inference of Field took 0.00104ms
typeclass inference of Field took 0.00227ms
typeclass inference of Field took 0.00174ms
typeclass inference of Field took 0.00107ms
typeclass inference of Field took 0.00162ms
typeclass inference of Field took 0.00105ms
typeclass inference of Field took 0.00102ms
typeclass inference of Field took 0.00198ms
typeclass inference of Field took 0.00123ms
typeclass inference of Field took 0.00127ms
typeclass inference of Field took 0.00121ms
typeclass inference of Field took 0.00101ms
typeclass inference of Field took 0.00188ms
typeclass inference of Field took 0.00113ms
typeclass inference of Field took 0.00133ms
typeclass inference of Field took 0.001ms
typeclass inference of Field took 0.00162ms
typeclass inference of Field took 0.00117ms
typeclass inference of Field took 0.000992ms
sym typeclass inference of Lean.Grind.PowIdentity took 12.5ms
sym typeclass inference of HSub took 0.0097ms
sym canon took 0.0149ms
sym typeclass inference of HMul took 0.00598ms
sym canon took 0.00504ms
sym typeclass inference of Lean.Grind.ToInt took 0.0476ms
sym typeclass inference of LE took 2.57ms
sym typeclass inference of LT took 2.07ms
sym typeclass inference of LE took 0.00197ms
congr simp thm took 0.00152ms
congr simp thm took 0.000391ms
congr simp thm took 0.000291ms
congr simp thm took 0.00026ms
congr simp thm took 0.0049ms
grind simp took 0.465ms
grind mark subsingleton took 0.131ms
typeclass inference of CategoryTheory.CartesianMonoidalCategory took 0.0594ms
typeclass inference of CategoryTheory.CartesianMonoidalCategory took 0.00451ms
sym typeclass inference of HPow took 2.2ms
sym typeclass inference of OfNat took 0.834ms
sym typeclass inference of OfNat took 0.0564ms
sym canon took 0.189ms
grind mark subsingleton took 0.00165ms
sym canon took 0.00159ms
grind mark subsingleton took 0.000651ms
sym canon took 0.000251ms
grind mark subsingleton took 0.000471ms
sym canon took 0.000171ms
grind mark subsingleton took 0.0176ms
sym typeclass inference of Pow took 0.159ms
sym canon took 0.19ms
grind mark subsingleton took 0.00244ms
sym canon took 0.000481ms
grind mark subsingleton took 0.000551ms
sym canon took 0.0002ms
grind mark subsingleton took 0.00045ms
sym canon took 0.00016ms
grind mark subsingleton took 0.00563ms
sym canon took 0.000411ms
sym typeclass inference of Lean.Grind.CommRing took 0.985ms
sym typeclass inference of Lean.Grind.CommSemiring took 0.0712ms
sym typeclass inference of Lean.Grind.Semiring took 0.157ms
sym canon took 0.0466ms
typeclass inference of Lean.Grind.CommSemiring took 0.0415ms
sym typeclass inference of Lean.Grind.CommRing took 0.175ms
sym typeclass inference of Lean.Grind.IsCharP took 1.12ms
typeclass inference of Lean.Grind.CommSemiring took 0.00606ms
sym typeclass inference of Lean.Grind.NatModule took 6.24ms
sym typeclass inference of Lean.Grind.NoNatZeroDivisors took 0.32ms
sym typeclass inference of Lean.Grind.Field took 0.271ms
typeclass inference of Lean.Grind.CommSemiring took 0.019ms
typeclass inference of Lean.Grind.CommSemiring took 0.107ms
typeclass inference of Field took 0.246ms
typeclass inference of Field took 0.00214ms
typeclass inference of Field took 0.00143ms
typeclass inference of Field took 0.00103ms
typeclass inference of Field took 0.00233ms
typeclass inference of Field took 0.0015ms
typeclass inference of Field took 0.00117ms
typeclass inference of Field took 0.00105ms
sym typeclass inference of Lean.Grind.PowIdentity took 1.16ms
sym typeclass inference of Lean.Grind.CommRing took 0.0366ms
sym typeclass inference of Lean.Grind.IsCharP took 0.12ms
sym typeclass inference of Lean.Grind.NatModule took 0.116ms
sym typeclass inference of Lean.Grind.NoNatZeroDivisors took 0.693ms
sym typeclass inference of Lean.Grind.Field took 0.316ms
typeclass inference of Lean.Grind.CommSemiring took 0.0724ms
typeclass inference of Field took 0.24ms
typeclass inference of Field took 0.00227ms
typeclass inference of Field took 0.00138ms
typeclass inference of Field took 0.00206ms
typeclass inference of Field took 0.00149ms
typeclass inference of Field took 0.00107ms
sym typeclass inference of Lean.Grind.PowIdentity took 0.812ms
sym typeclass inference of NatCast took 0.0308ms
sym typeclass inference of NatCast took 0.00313ms
sym canon took 0.0203ms
sym typeclass inference of LE took 0.000391ms
typeclass inference of Preorder took 0.999ms
typeclass inference of Std.IsPreorder took 0.34ms
typeclass inference of PartialOrder took 0.657ms
typeclass inference of Std.IsPartialOrder took 0.124ms
typeclass inference of Std.LinearPreorderPackage took 0.0557ms
typeclass inference of Std.LinearPreorderPackage took 0.00226ms
typeclass inference of Std.LinearPreorderPackage took 0.00137ms
typeclass inference of Std.IsLinearPreorder took 0.312ms
sym typeclass inference of LT took 0.00037ms
sym typeclass inference of LE took 0.000221ms
sym canon took 0.0131ms
typeclass inference of Std.LawfulOrderLT took 0.0389ms
sym typeclass inference of LT took 0.000211ms
sym canon took 0.0122ms
sym typeclass inference of Lean.Grind.OrderedRing took 0.119ms
typeclass inference of OfNat took 0.0718ms
typeclass inference of OfNat took 0.0475ms
sym typeclass inference of HAdd took 0.00023ms
sym typeclass inference of HAdd took 0.000241ms
sym canon took 0.0268ms
typeclass inference of OfNat took 0.0031ms
sym typeclass inference of IntCast took 0.0294ms
sym typeclass inference of IntCast took 0.00284ms
sym canon took 0.0121ms
typeclass inference of OfNat took 0.00584ms
typeclass inference of OfNat took 0.0538ms
typeclass inference of OfNat took 0.00306ms
sym typeclass inference of HPow took 0.00553ms
sym canon took 0.00954ms
congr simp thm took 0.00554ms
congr simp thm took 0.00423ms
congr simp thm took 0.000801ms
congr simp thm took 0.000652ms
grind simp took 0.504ms
grind mark subsingleton took 0.0177ms
sym typeclass inference of LE took 0.000331ms
sym typeclass inference of OfNat took 0.0568ms
sym canon took 0.121ms
typeclass inference of OfNat took 0.055ms
typeclass inference of OfNat took 0.0344ms
typeclass inference of OfNat took 0.00278ms
typeclass inference of OfNat took 0.00164ms
congr simp thm took 0.00427ms
congr simp thm took 0.00026ms
congr simp thm took 0.000762ms
congr simp thm took 0.000742ms
congr simp thm took 0.00313ms
typeclass inference of Decidable took 0.133ms
congr simp thm took 0.000731ms
grind simp took 0.654ms
grind mark subsingleton took 0.0153ms
sym typeclass inference of OfNat took 0.0496ms
sym canon took 0.0807ms
typeclass inference of OfNat took 0.0485ms
typeclass inference of OfNat took 0.035ms
typeclass inference of OfNat took 0.00256ms
typeclass inference of OfNat took 0.00159ms
congr simp thm took 0.000711ms
congr simp thm took 0.000231ms
congr simp thm took 0.000872ms
congr simp thm took 0.000271ms
typeclass inference of Decidable took 0.112ms
congr simp thm took 0.000662ms
grind simp took 0.342ms
grind mark subsingleton took 0.0144ms
sym canon took 0.0607ms
typeclass inference of OfNat took 0.0504ms
typeclass inference of OfNat took 0.0329ms
typeclass inference of OfNat took 0.00236ms
typeclass inference of OfNat took 0.00152ms
congr simp thm took 0.000531ms
congr simp thm took 0.0002ms
congr simp thm took 0.000551ms
congr simp thm took 0.00026ms
typeclass inference of Decidable took 0.146ms
congr simp thm took 0.000601ms
grind simp took 0.293ms
grind mark subsingleton took 0.0156ms
sym typeclass inference of OfNat took 0.0449ms
sym canon took 0.0765ms
typeclass inference of OfNat took 0.0461ms
typeclass inference of OfNat took 0.0347ms
typeclass inference of OfNat took 0.00214ms
typeclass inference of OfNat took 0.00164ms
congr simp thm took 0.00105ms
grind simp took 0.142ms
grind mark subsingleton took 0.011ms
sym typeclass inference of OfNat took 0.045ms
sym canon took 0.0212ms
typeclass inference of OfNat took 0.0463ms
typeclass inference of OfNat took 0.0403ms
typeclass inference of OfNat took 0.00227ms
congr simp thm took 0.000771ms
grind simp took 0.103ms
grind mark subsingleton took 0.0347ms
sym canon took 0.0646ms
congr simp thm took 0.000662ms
congr simp thm took 0.000381ms
grind simp took 0.163ms
grind mark subsingleton took 0.1ms
sym typeclass inference of HAdd took 1.13ms
sym canon took 0.099ms
sym typeclass inference of HAdd took 0.00422ms
sym canon took 0.00668ms
congr simp thm took 0.000852ms
congr simp thm took 0.000631ms
congr simp thm took 0.000301ms
congr simp thm took 0.000611ms
grind simp took 0.279ms
grind mark subsingleton took 0.0195ms
sym typeclass inference of OfNat took 0.0468ms
sym canon took 0.0252ms
typeclass inference of OfNat took 0.0487ms
typeclass inference of OfNat took 0.0311ms
typeclass inference of OfNat took 0.00218ms
congr simp thm took 0.000822ms
congr simp thm took 0.00032ms
congr simp thm took 0.000591ms
grind simp took 0.221ms
grind mark subsingleton took 0.0844ms
sym typeclass inference of OfNat took 0.0476ms
sym canon took 0.0919ms
typeclass inference of OfNat took 0.0636ms
typeclass inference of OfNat took 0.0437ms
typeclass inference of OfNat took 0.00304ms
congr simp thm took 0.00485ms
congr simp thm took 0.000471ms
congr simp thm took 0.00035ms
congr simp thm took 0.000401ms
congr simp thm took 0.000541ms
congr simp thm took 0.0003ms
congr simp thm took 0.0003ms
congr simp thm took 0.000722ms
congr simp thm took 0.000421ms
grind simp took 0.506ms
grind mark subsingleton took 0.0254ms
sym typeclass inference of HMul took 0.000311ms
sym canon took 0.03ms
sym typeclass inference of HMul took 0.000451ms
sym typeclass inference of HMul took 0.00113ms
sym canon took 0.0276ms
typeclass inference of OfNat took 0.0497ms
typeclass inference of OfNat took 0.00269ms
typeclass inference of OfNat took 0.00147ms
typeclass inference of OfNat took 0.00127ms
grind ring took 0.0729ms
grind cutsat took 0.147ms
grind took 8.67ms
instantiate metavars took 0.0166ms
tactic execution of Lean.Parser.Tactic.grind took 0.578ms
tactic execution of Lean.Parser.Tactic.tacticSeq1Indented took 0.0101ms
tactic execution of Lean.Parser.Tactic.tacticSeq took 0.005ms
tactic execution of Lean.Parser.Tactic.paren took 0.00531ms
tactic execution of Lean.Parser.Tactic.withAnnotateState took 0.00839ms
tactic execution of Lean.Parser.Tactic.tacticSeq1Indented took 0.00505ms
tactic execution of Lean.Parser.Tactic.tacticSeq took 0.00524ms
tactic execution of Lean.Parser.Tactic.case took 0.071ms
tactic execution of Lean.Parser.Tactic.tacticSeq1Indented took 0.0185ms
tactic execution of Lean.Parser.Tactic.tacticSeq took 0.0107ms
tactic execution of Lean.Parser.Tactic.focus took 0.0223ms
tactic execution of Lean.Parser.Tactic.tacticHave__ took 0.248ms
typeclass inference of OfNat took 1.02ms
typeclass inference of OfNat took 0.112ms
typeclass inference of OfNat took 0.0547ms
typeclass inference of HMul took 0.92ms
typeclass inference of HPow took 0.195ms
typeclass inference of HMul took 0.0685ms
typeclass inference of OfNat took 0.0649ms
typeclass inference of HPow took 0.119ms
typeclass inference of HMul took 0.0556ms
typeclass inference of OfNat took 0.0575ms
typeclass inference of OfNat took 0.0439ms
typeclass inference of OfNat took 0.0494ms
typeclass inference of HPow took 0.126ms
typeclass inference of HMul took 0.0739ms
typeclass inference of OfNat took 0.0424ms
typeclass inference of OfNat took 0.0337ms
typeclass inference of HMul took 0.173ms
typeclass inference of HPow took 0.162ms
typeclass inference of HMul took 0.0579ms
typeclass inference of OfNat took 0.0477ms
typeclass inference of HPow took 0.148ms
typeclass inference of HMul took 0.133ms
typeclass inference of OfNat took 0.0739ms
typeclass inference of OfNat took 0.0853ms
typeclass inference of HPow took 0.159ms
typeclass inference of HMul took 0.0562ms
typeclass inference of OfNat took 0.0558ms
typeclass inference of HPow took 0.138ms
typeclass inference of HMul took 0.062ms
typeclass inference of OfNat took 0.051ms
typeclass inference of HPow took 0.122ms
typeclass inference of HMul took 0.0589ms
typeclass inference of OfNat took 0.0466ms
typeclass inference of HPow took 0.113ms
typeclass inference of HMul took 0.0593ms
typeclass inference of OfNat took 0.0421ms
typeclass inference of HPow took 0.122ms
typeclass inference of HMul took 0.0565ms
typeclass inference of OfNat took 0.0399ms
typeclass inference of HPow took 0.139ms
typeclass inference of HMul took 0.0593ms
typeclass inference of OfNat took 0.0564ms
typeclass inference of HPow took 0.106ms
typeclass inference of HMul took 0.0473ms
typeclass inference of Pow took 0.0401ms
typeclass inference of CategoryTheory.CartesianMonoidalCategory took 0.0515ms
typeclass inference of CategoryTheory.CartesianMonoidalCategory took 0.0051ms
typeclass inference of NPow took 1.98ms
typeclass inference of OfNat took 0.0449ms
typeclass inference of HMul took 0.00431ms
typeclass inference of OfNat took 0.0565ms
typeclass inference of HPow took 0.128ms
typeclass inference of HMul took 0.0526ms
typeclass inference of OfNat took 0.04ms
typeclass inference of HPow took 0.113ms
typeclass inference of HMul took 0.0499ms
typeclass inference of OfNat took 0.0473ms
typeclass inference of HPow took 0.107ms
typeclass inference of HMul took 0.0485ms
typeclass inference of Pow took 0.0381ms
typeclass inference of NPow took 0.0846ms
typeclass inference of OfNat took 0.00348ms
typeclass inference of HMul took 0.00237ms
tactic execution of Lean.Parser.Tactic.refine took 1.74ms
tactic execution of Lean.Parser.Tactic.rewriteSeq took 0.174ms
tactic execution of Lean.Parser.Tactic.exact took 0.142ms
tactic execution of Lean.Parser.Tactic.exact took 0.0988ms
tactic execution of Lean.Parser.Tactic.eqRefl took 0.0124ms
tactic execution of Lean.Parser.Tactic.applyRfl took 0.0432ms
tactic execution of Lean.Parser.Tactic.tacticRfl took 0.0653ms
tactic execution of Lean.Parser.Tactic.tacticSeq1Indented took 0.00742ms
tactic execution of Lean.Parser.Tactic.tacticSeq took 0.00574ms
tactic execution of Lean.Parser.Tactic.withReducible took 0.00922ms
tactic execution of Lean.Parser.Tactic.tacticSeq1Indented took 0.00558ms
tactic execution of Lean.Parser.Tactic.tacticSeq took 0.0051ms
tactic execution of Lean.Parser.Tactic.paren took 0.00575ms
tactic execution of Lean.Parser.Tactic.tacticSeq1Indented took 0.00929ms
tactic execution of Lean.Parser.Tactic.tacticSeq took 0.00531ms
tactic execution of Lean.Parser.Tactic.skip took 0.00261ms
tactic execution of Lean.Parser.Tactic.tacticSeq1Indented took 0.00363ms
tactic execution of Lean.Parser.Tactic.tacticSeq took 0.00355ms
tactic execution of Lean.Parser.Tactic.first took 0.0104ms
tactic execution of Lean.Parser.Tactic.tacticTry_ took 0.00821ms
tactic execution of Lean.Parser.Tactic.tacticSeq1Indented took 0.00866ms
tactic execution of Lean.Parser.Tactic.tacticSeq took 0.00294ms
tactic execution of Lean.Parser.Tactic.paren took 0.00374ms
tactic execution of Lean.Parser.Tactic.withAnnotateState took 0.00958ms
tactic execution of Lean.Parser.Tactic.tacticSeq1Indented took 0.0135ms
tactic execution of Lean.Parser.Tactic.tacticSeq took 0.00504ms
tactic execution of Lean.Parser.Tactic.paren took 0.00372ms
tactic execution of Lean.Parser.Tactic.rwSeq took 0.00765ms
tactic execution of Lean.Parser.Tactic.exact took 0.0525ms
tactic execution of Lean.Parser.Tactic.tacticSeq1Indented took 0.00952ms
tactic execution of Lean.Parser.Tactic.tacticSeq took 0.008ms
tactic execution of Lean.Parser.Tactic.rewriteSeq took 2.44ms
tactic execution of Lean.Parser.Tactic.exact took 0.1ms
tactic execution of Lean.Parser.Tactic.exact took 0.121ms
tactic execution of Lean.Parser.Tactic.eqRefl took 0.0111ms
tactic execution of Lean.Parser.Tactic.tacticRfl took 0.0425ms
tactic execution of Lean.Parser.Tactic.tacticSeq1Indented took 0.00345ms
tactic execution of Lean.Parser.Tactic.tacticSeq took 0.00293ms
tactic execution of Lean.Parser.Tactic.withReducible took 0.00315ms
tactic execution of Lean.Parser.Tactic.tacticSeq1Indented took 0.00295ms
tactic execution of Lean.Parser.Tactic.tacticSeq took 0.00245ms
tactic execution of Lean.Parser.Tactic.paren took 0.00246ms
tactic execution of Lean.Parser.Tactic.tacticSeq1Indented took 0.00319ms
tactic execution of Lean.Parser.Tactic.tacticSeq took 0.00289ms
tactic execution of Lean.Parser.Tactic.first took 0.00366ms
tactic execution of Lean.Parser.Tactic.tacticTry_ took 0.0056ms
tactic execution of Lean.Parser.Tactic.tacticSeq1Indented took 0.00298ms
tactic execution of Lean.Parser.Tactic.tacticSeq took 0.00316ms
tactic execution of Lean.Parser.Tactic.paren took 0.00293ms
tactic execution of Lean.Parser.Tactic.withAnnotateState took 0.0134ms
tactic execution of Lean.Parser.Tactic.tacticSeq1Indented took 0.0112ms
tactic execution of Lean.Parser.Tactic.tacticSeq took 0.00506ms
tactic execution of Lean.Parser.Tactic.paren took 0.00372ms
tactic execution of Lean.Parser.Tactic.rwSeq took 0.0142ms
tactic execution of Lean.Parser.Tactic.tacticSeq1Indented took 0.00413ms
tactic execution of Lean.Parser.Tactic.tacticSeq took 0.00312ms
tactic execution of Lean.Parser.Tactic.paren took 0.0034ms
tactic execution of Lean.Parser.Tactic.withAnnotateState took 0.00671ms
tactic execution of Lean.Parser.Tactic.tacticSeq1Indented took 0.00438ms
tactic execution of Lean.Parser.Tactic.tacticSeq took 0.00437ms
tactic execution of Lean.Parser.Tactic.case took 0.153ms
tactic execution of Lean.Parser.Tactic.tacticSeq1Indented took 0.0172ms
tactic execution of Lean.Parser.Tactic.tacticSeq took 0.00591ms
tactic execution of Lean.Parser.Tactic.focus took 0.0101ms
tactic execution of Lean.Parser.Tactic.tacticHave__ took 0.0357ms
typeclass inference of OfNat took 0.0932ms
typeclass inference of OfNat took 0.0531ms
typeclass inference of OfNat took 0.0502ms
typeclass inference of OfNat took 0.0337ms
typeclass inference of OfNat took 0.0446ms
typeclass inference of OfNat took 0.033ms
typeclass inference of HAdd took 0.152ms
typeclass inference of HMul took 0.131ms
typeclass inference of HPow took 0.141ms
typeclass inference of HMul took 0.0563ms
typeclass inference of HAdd took 0.0512ms
typeclass inference of LT took 0.0302ms
typeclass inference of OfNat took 0.0496ms
typeclass inference of OfNat took 0.0802ms
typeclass inference of HPow took 0.136ms
typeclass inference of HMul took 0.0506ms
typeclass inference of HAdd took 0.0443ms
typeclass inference of OfNat took 0.045ms
typeclass inference of HPow took 0.104ms
typeclass inference of HMul took 0.0626ms
typeclass inference of HAdd took 0.0455ms
typeclass inference of OfNat took 0.0396ms
typeclass inference of HPow took 0.104ms
typeclass inference of HMul took 0.0475ms
typeclass inference of HAdd took 0.0421ms
typeclass inference of OfNat took 0.0372ms
typeclass inference of HPow took 0.102ms
typeclass inference of HMul took 0.0576ms
typeclass inference of HAdd took 0.0432ms
typeclass inference of Pow took 0.0373ms
typeclass inference of NPow took 0.0933ms
typeclass inference of OfNat took 0.0365ms
typeclass inference of HMul took 0.139ms
typeclass inference of HAdd took 0.00327ms
tactic execution of Lean.Parser.Tactic.refine took 1.01ms
interpretation of Lean.Meta.Grind.reduceCtorEqCheap took 0.00412ms
interpretation of Lean.Meta.Grind.reduceSimpMatchDiscrsOnly took 0.000791ms
interpretation of Lean.Meta.Grind.reducePreMatchCond took 0.000731ms
interpretation of Lean.Meta.Grind.Arith.expandPow01 took 0.000731ms
interpretation of Lean.Meta.Grind.Arith.expandDiv took 0.000591ms
interpretation of Lean.Meta.Grind.Arith.normNatAddInst took 0.000661ms
interpretation of Lean.Meta.Grind.Arith.normNatMulInst took 0.000591ms
interpretation of Lean.Meta.Grind.Arith.normNatSubInst took 0.000591ms
interpretation of Lean.Meta.Grind.Arith.normNatDivInst took 0.000461ms
interpretation of Lean.Meta.Grind.Arith.normNatModInst took 0.000491ms
interpretation of Lean.Meta.Grind.Arith.normNatPowInst took 0.000741ms
interpretation of Lean.Meta.Grind.Arith.normNatOfNatInst took 0.000751ms
interpretation of Lean.Meta.Grind.Arith.normIntNegInst took 0.000611ms
interpretation of Lean.Meta.Grind.Arith.normIntAddInst took 0.000591ms
interpretation of Lean.Meta.Grind.Arith.normIntMulInst took 0.000832ms
interpretation of Lean.Meta.Grind.Arith.normIntSubInst took 0.000772ms
interpretation of Lean.Meta.Grind.Arith.normIntDivInst took 0.000582ms
interpretation of Lean.Meta.Grind.Arith.normIntModInst took 0.00046ms
interpretation of Lean.Meta.Grind.Arith.normIntPowInst took 0.000672ms
interpretation of Lean.Meta.Grind.Arith.normNatCastInst took 0.000591ms
interpretation of Lean.Meta.Grind.Arith.normIntOfNatInst took 0.000481ms
interpretation of Lean.Meta.Grind.Arith.normNatCastNum took 0.000621ms
interpretation of Lean.Meta.Grind.Arith.normIntCastNum took 0.000742ms
interpretation of Lean.Meta.Grind.Arith.normPowRatInt took 0.000461ms
interpretation of Lean.Meta.Grind.Arith.normFieldInv took 0.000511ms
interpretation of Lean.Meta.Grind.simpForall took 0.000942ms
interpretation of Lean.Meta.Grind.simpExists took 0.00049ms
interpretation of Lean.Meta.Grind.simpEq took 0.000782ms
interpretation of Lean.Meta.Grind.simpOr took 0.000581ms
interpretation of Lean.Meta.Grind.simpDIte took 0.000671ms
interpretation of Lean.Meta.Grind.pushNot took 0.000551ms
interpretation of Lean.Meta.Grind.unfoldReducibleSimproc took 0.000562ms
congr simp thm took 0.00739ms
congr simp thm took 0.00363ms
congr simp thm took 0.00249ms
grind simp took 0.369ms
grind mark subsingleton took 0.0648ms
sym typeclass inference of HSub took 1.15ms
sym typeclass inference of HMul took 1.18ms
sym typeclass inference of OfNat took 1.22ms
sym canon took 0.196ms
sym typeclass inference of Lean.Grind.CommRing took 0.519ms
typeclass inference of Lean.Grind.Ring took 0.569ms
typeclass inference of Semiring took 0.712ms
typeclass inference of AddLeftCancelSemigroup took 0.852ms
sym typeclass inference of Lean.Grind.IsCharP took 6.74ms
sym typeclass inference of Lean.Grind.NatModule took 0.883ms
typeclass inference of AddCommMonoid took 0.757ms
typeclass inference of AddCommMonoid took 0.0043ms
typeclass inference of AddCommMonoid took 0.00384ms
typeclass inference of AddCancelMonoid took 0.613ms
typeclass inference of AddCommMonoid took 0.00467ms
typeclass inference of AddGroup took 0.516ms
typeclass inference of Field took 0.432ms
typeclass inference of Field took 0.00232ms
typeclass inference of Field took 0.0016ms
typeclass inference of Field took 0.0026ms
typeclass inference of Field took 0.00132ms
typeclass inference of Field took 0.00136ms
typeclass inference of Field took 0.00119ms
typeclass inference of Field took 0.00106ms
typeclass inference of Field took 0.00105ms
typeclass inference of Field took 0.00189ms
typeclass inference of Field took 0.00102ms
typeclass inference of Field took 0.00101ms
typeclass inference of Field took 0.00206ms
typeclass inference of Field took 0.00131ms
typeclass inference of Field took 0.00114ms
typeclass inference of Field took 0.00107ms
typeclass inference of Field took 0.00103ms
typeclass inference of Field took 0.00103ms
typeclass inference of Field took 0.00104ms
typeclass inference of Field took 0.00102ms
typeclass inference of Field took 0.00209ms
typeclass inference of Field took 0.0013ms
typeclass inference of Field took 0.00111ms
typeclass inference of Field took 0.00111ms
typeclass inference of Field took 0.00106ms
typeclass inference of Field took 0.00104ms
typeclass inference of Field took 0.00101ms
typeclass inference of Field took 0.0018ms
typeclass inference of Field took 0.00121ms
typeclass inference of Field took 0.00116ms
typeclass inference of Semiring took 0.00471ms
typeclass inference of RCLike took 0.0122ms
typeclass inference of RCLike took 0.00161ms
typeclass inference of RCLike took 0.0012ms
typeclass inference of RCLike took 0.00217ms
typeclass inference of RCLike took 0.00116ms
typeclass inference of RCLike took 0.00134ms
typeclass inference of RCLike took 0.00656ms
typeclass inference of RCLike took 0.00127ms
typeclass inference of RCLike took 0.00231ms
typeclass inference of RCLike took 0.00115ms
typeclass inference of RCLike took 0.0016ms
typeclass inference of RCLike took 0.00105ms
typeclass inference of RCLike took 0.00191ms
typeclass inference of RCLike took 0.00115ms
typeclass inference of RCLike took 0.00124ms
typeclass inference of RCLike took 0.00108ms
typeclass inference of RCLike took 0.00104ms
typeclass inference of RCLike took 0.00115ms
typeclass inference of RCLike took 0.00112ms
typeclass inference of RCLike took 0.000952ms
typeclass inference of RCLike took 0.00172ms
typeclass inference of RCLike took 0.00124ms
typeclass inference of RCLike took 0.00122ms
typeclass inference of RCLike took 0.00118ms
typeclass inference of RCLike took 0.00113ms
typeclass inference of RCLike took 0.00109ms
typeclass inference of RCLike took 0.00102ms
typeclass inference of RCLike took 0.00176ms
typeclass inference of RCLike took 0.00109ms
typeclass inference of RCLike took 0.00109ms
typeclass inference of Semiring took 0.00408ms
typeclass inference of NonAssocRing took 0.176ms
typeclass inference of Field took 0.00272ms
typeclass inference of Field took 0.0018ms
typeclass inference of Field took 0.00201ms
typeclass inference of Field took 0.0014ms
typeclass inference of Field took 0.00131ms
typeclass inference of Field took 0.00123ms
typeclass inference of Field took 0.00109ms
typeclass inference of Field took 0.00126ms
typeclass inference of Field took 0.00136ms
typeclass inference of Field took 0.00178ms
typeclass inference of Field took 0.00126ms
typeclass inference of Field took 0.00131ms
typeclass inference of Field took 0.00109ms
typeclass inference of Field took 0.0022ms
typeclass inference of Field took 0.0013ms
typeclass inference of Field took 0.00123ms
typeclass inference of Field took 0.00116ms
typeclass inference of Field took 0.00106ms
typeclass inference of Field took 0.00106ms
typeclass inference of Field took 0.00106ms
typeclass inference of Field took 0.00107ms
typeclass inference of Field took 0.00102ms
typeclass inference of Field took 0.0021ms
typeclass inference of Field took 0.00135ms
typeclass inference of Field took 0.00122ms
typeclass inference of Field took 0.00113ms
typeclass inference of Field took 0.00107ms
typeclass inference of Field took 0.00103ms
typeclass inference of Field took 0.00109ms
typeclass inference of Field took 0.00106ms
typeclass inference of Field took 0.00173ms
typeclass inference of Field took 0.00111ms
typeclass inference of Field took 0.00112ms
typeclass inference of Field took 0.00105ms
typeclass inference of Field took 0.00105ms
typeclass inference of Field took 0.00109ms
typeclass inference of Field took 0.00108ms
typeclass inference of Field took 0.00228ms
typeclass inference of Field took 0.00132ms
typeclass inference of Field took 0.00119ms
typeclass inference of Field took 0.00111ms
typeclass inference of Field took 0.00105ms
typeclass inference of Field took 0.00173ms
typeclass inference of Field took 0.00111ms
typeclass inference of Field took 0.00117ms
typeclass inference of Field took 0.00113ms
typeclass inference of Field took 0.00148ms
typeclass inference of Field took 0.00108ms
typeclass inference of Field took 0.00761ms
typeclass inference of Field took 0.00159ms
typeclass inference of Field took 0.00122ms
typeclass inference of Field took 0.0013ms
typeclass inference of Field took 0.00262ms
typeclass inference of Field took 0.00168ms
typeclass inference of Field took 0.00125ms
typeclass inference of Field took 0.00148ms
typeclass inference of Field took 0.00126ms
typeclass inference of Field took 0.00112ms
typeclass inference of Field took 0.00115ms
typeclass inference of Field took 0.00126ms
typeclass inference of Field took 0.0023ms
typeclass inference of Field took 0.00138ms
typeclass inference of Field took 0.00125ms
typeclass inference of Field took 0.0011ms
typeclass inference of Field took 0.00106ms
typeclass inference of Field took 0.00202ms
typeclass inference of Field took 0.00124ms
typeclass inference of Field took 0.00119ms
typeclass inference of Field took 0.00113ms
typeclass inference of Field took 0.00208ms
typeclass inference of Field took 0.00133ms
typeclass inference of Field took 0.00115ms
typeclass inference of Semiring took 0.00488ms
typeclass inference of DivisionRing took 0.527ms
typeclass inference of DivisionRing took 0.00298ms
typeclass inference of DivisionRing took 0.00162ms
typeclass inference of DivisionRing took 0.00144ms
typeclass inference of DivisionRing took 0.00364ms
typeclass inference of DivisionRing took 0.00216ms
typeclass inference of DivisionRing took 0.00135ms
typeclass inference of DivisionRing took 0.00126ms
typeclass inference of DivisionRing took 0.00114ms
typeclass inference of DivisionRing took 0.00119ms
typeclass inference of DivisionRing took 0.00106ms
typeclass inference of DivisionRing took 0.00117ms
typeclass inference of DivisionRing took 0.00198ms
typeclass inference of DivisionRing took 0.00123ms
typeclass inference of DivisionRing took 0.00125ms
typeclass inference of DivisionRing took 0.0012ms
typeclass inference of DivisionRing took 0.00146ms
typeclass inference of DivisionRing took 0.00119ms
typeclass inference of DivisionRing took 0.00114ms
typeclass inference of DivisionRing took 0.00185ms
typeclass inference of DivisionRing took 0.00135ms
typeclass inference of DivisionRing took 0.00119ms
typeclass inference of DivisionRing took 0.00119ms
typeclass inference of DivisionRing took 0.00123ms
typeclass inference of DivisionRing took 0.00117ms
typeclass inference of DivisionRing took 0.00178ms
typeclass inference of DivisionRing took 0.00114ms
typeclass inference of DivisionRing took 0.00105ms
typeclass inference of DivisionRing took 0.00115ms
typeclass inference of DivisionRing took 0.00111ms
typeclass inference of Semifield took 0.412ms
typeclass inference of Semifield took 0.00264ms
typeclass inference of Semifield took 0.00144ms
typeclass inference of Semifield took 0.00149ms
typeclass inference of Semifield took 0.0013ms
typeclass inference of Semifield took 0.00108ms
typeclass inference of Semifield took 0.00103ms
typeclass inference of Semifield took 0.00111ms
typeclass inference of Semifield took 0.00104ms
typeclass inference of Semifield took 0.00205ms
typeclass inference of Semifield took 0.00125ms
typeclass inference of Semifield took 0.00118ms
typeclass inference of Semifield took 0.00116ms
typeclass inference of Semifield took 0.00111ms
typeclass inference of Semifield took 0.00111ms
typeclass inference of Semifield took 0.00124ms
typeclass inference of Field took 0.00235ms
typeclass inference of Field took 0.00111ms
typeclass inference of Field took 0.00118ms
typeclass inference of Field took 0.00214ms
typeclass inference of Field took 0.00118ms
typeclass inference of Field took 0.00119ms
typeclass inference of Field took 0.00106ms
typeclass inference of Field took 0.00104ms
typeclass inference of Field took 0.00103ms
typeclass inference of Field took 0.00105ms
typeclass inference of Field took 0.00102ms
typeclass inference of Field took 0.000972ms
typeclass inference of Field took 0.00199ms
typeclass inference of Field took 0.00131ms
typeclass inference of Field took 0.00128ms
typeclass inference of Field took 0.00116ms
typeclass inference of Field took 0.0011ms
typeclass inference of Field took 0.00119ms
typeclass inference of Field took 0.00126ms
typeclass inference of Field took 0.00127ms
typeclass inference of Field took 0.00183ms
typeclass inference of Field took 0.00118ms
typeclass inference of Field took 0.00105ms
typeclass inference of Field took 0.00117ms
typeclass inference of Field took 0.00103ms
typeclass inference of Field took 0.00105ms
typeclass inference of Field took 0.00102ms
typeclass inference of DivisionRing took 0.00291ms
typeclass inference of DivisionRing took 0.00204ms
typeclass inference of DivisionRing took 0.00184ms
typeclass inference of DivisionRing took 0.00142ms
typeclass inference of DivisionRing took 0.00105ms
typeclass inference of DivisionRing took 0.00104ms
typeclass inference of DivisionRing took 0.00105ms
typeclass inference of DivisionRing took 0.00101ms
typeclass inference of DivisionRing took 0.00121ms
typeclass inference of DivisionRing took 0.00241ms
typeclass inference of DivisionRing took 0.00121ms
typeclass inference of DivisionRing took 0.00108ms
typeclass inference of DivisionRing took 0.00106ms
typeclass inference of DivisionRing took 0.00106ms
typeclass inference of DivisionRing took 0.00102ms
typeclass inference of DivisionRing took 0.00128ms
typeclass inference of EuclideanDomain took 0.443ms
typeclass inference of EuclideanDomain took 0.00274ms
typeclass inference of EuclideanDomain took 0.0015ms
typeclass inference of EuclideanDomain took 0.0013ms
typeclass inference of EuclideanDomain took 0.00117ms
typeclass inference of EuclideanDomain took 0.00111ms
typeclass inference of EuclideanDomain took 0.00104ms
typeclass inference of EuclideanDomain took 0.00105ms
typeclass inference of EuclideanDomain took 0.00116ms
typeclass inference of EuclideanDomain took 0.00101ms
typeclass inference of EuclideanDomain took 0.00137ms
typeclass inference of EuclideanDomain took 0.00111ms
typeclass inference of EuclideanDomain took 0.00112ms
typeclass inference of EuclideanDomain took 0.00184ms
typeclass inference of EuclideanDomain took 0.00116ms
typeclass inference of EuclideanDomain took 0.00139ms
typeclass inference of EuclideanDomain took 0.00112ms
typeclass inference of EuclideanDomain took 0.00163ms
typeclass inference of EuclideanDomain took 0.00114ms
typeclass inference of EuclideanDomain took 0.00103ms
typeclass inference of EuclideanDomain took 0.00104ms
typeclass inference of EuclideanDomain took 0.00103ms
typeclass inference of EuclideanDomain took 0.00202ms
typeclass inference of EuclideanDomain took 0.00304ms
typeclass inference of EuclideanDomain took 0.00206ms
typeclass inference of EuclideanDomain took 0.00108ms
typeclass inference of EuclideanDomain took 0.00107ms
typeclass inference of EuclideanDomain took 0.00126ms
typeclass inference of EuclideanDomain took 0.00112ms
typeclass inference of EuclideanDomain took 0.00112ms
typeclass inference of EuclideanDomain took 0.0019ms
typeclass inference of EuclideanDomain took 0.00117ms
typeclass inference of EuclideanDomain took 0.00117ms
typeclass inference of EuclideanDomain took 0.00113ms
typeclass inference of EuclideanDomain took 0.00124ms
typeclass inference of EuclideanDomain took 0.00111ms
typeclass inference of EuclideanDomain took 0.00109ms
typeclass inference of CommMonoidWithZero took 1.01ms
typeclass inference of Semiring took 0.00577ms
typeclass inference of CommMonoidWithZero took 0.00575ms
typeclass inference of CommMonoidWithZero took 0.00364ms
typeclass inference of CommGroupWithZero took 0.425ms
typeclass inference of CommGroupWithZero took 0.00244ms
typeclass inference of CommGroupWithZero took 0.00145ms
typeclass inference of CommGroupWithZero took 0.00122ms
typeclass inference of CommGroupWithZero took 0.00111ms
typeclass inference of CommGroupWithZero took 0.00107ms
typeclass inference of CommGroupWithZero took 0.00104ms
typeclass inference of CommGroupWithZero took 0.00102ms
typeclass inference of LinearOrderedCommMonoidWithZero took 0.045ms
typeclass inference of LinearOrderedCommMonoidWithZero took 0.00174ms
typeclass inference of LinearOrderedCommMonoidWithZero took 0.00214ms
typeclass inference of LinearOrderedCommMonoidWithZero took 0.00127ms
typeclass inference of LinearOrderedCommMonoidWithZero took 0.00116ms
typeclass inference of LinearOrderedCommMonoidWithZero took 0.00111ms
typeclass inference of LinearOrderedCommMonoidWithZero took 0.00111ms
typeclass inference of LinearOrderedCommMonoidWithZero took 0.00104ms
typeclass inference of LinearOrderedCommMonoidWithZero took 0.00102ms
typeclass inference of LinearOrderedCommMonoidWithZero took 0.00148ms
typeclass inference of LinearOrderedCommMonoidWithZero took 0.00113ms
typeclass inference of LinearOrderedCommMonoidWithZero took 0.00111ms
typeclass inference of LinearOrderedCommMonoidWithZero took 0.00187ms
typeclass inference of LinearOrderedCommMonoidWithZero took 0.00109ms
typeclass inference of LinearOrderedCommMonoidWithZero took 0.00111ms
typeclass inference of LinearOrderedCommMonoidWithZero took 0.00109ms
typeclass inference of LinearOrderedCommMonoidWithZero took 0.0011ms
typeclass inference of LinearOrderedCommMonoidWithZero took 0.00104ms
typeclass inference of LinearOrderedCommMonoidWithZero took 0.00108ms
typeclass inference of LinearOrderedCommMonoidWithZero took 0.00208ms
typeclass inference of LinearOrderedCommMonoidWithZero took 0.00119ms
typeclass inference of LinearOrderedCommMonoidWithZero took 0.00103ms
typeclass inference of LinearOrderedCommMonoidWithZero took 0.00107ms
typeclass inference of LinearOrderedCommMonoidWithZero took 0.00102ms
typeclass inference of LinearOrderedCommMonoidWithZero took 0.00103ms
typeclass inference of LinearOrderedCommMonoidWithZero took 0.00171ms
typeclass inference of LinearOrderedCommMonoidWithZero took 0.00191ms
typeclass inference of LinearOrderedCommMonoidWithZero took 0.00105ms
typeclass inference of LinearOrderedCommMonoidWithZero took 0.00103ms
typeclass inference of LinearOrderedCommMonoidWithZero took 0.00104ms
typeclass inference of LinearOrderedCommMonoidWithZero took 0.0018ms
typeclass inference of LinearOrderedCommMonoidWithZero took 0.00133ms
typeclass inference of LinearOrderedCommMonoidWithZero took 0.00103ms
typeclass inference of LinearOrderedCommMonoidWithZero took 0.00333ms
typeclass inference of LinearOrderedCommMonoidWithZero took 0.00115ms
typeclass inference of LinearOrderedCommMonoidWithZero took 0.00124ms
typeclass inference of LinearOrderedCommMonoidWithZero took 0.00106ms
typeclass inference of LinearOrderedCommMonoidWithZero took 0.00106ms
typeclass inference of LinearOrderedCommMonoidWithZero took 0.00102ms
typeclass inference of LinearOrderedCommMonoidWithZero took 0.000982ms
typeclass inference of LinearOrderedCommMonoidWithZero took 0.00125ms
typeclass inference of LinearOrderedCommMonoidWithZero took 0.00105ms
typeclass inference of LinearOrderedCommMonoidWithZero took 0.000982ms
typeclass inference of LinearOrderedCommMonoidWithZero took 0.0017ms
typeclass inference of LinearOrderedCommMonoidWithZero took 0.00105ms
typeclass inference of LinearOrderedCommMonoidWithZero took 0.0011ms
typeclass inference of LinearOrderedCommMonoidWithZero took 0.0011ms
typeclass inference of LinearOrderedCommMonoidWithZero took 0.00111ms
typeclass inference of LinearOrderedCommMonoidWithZero took 0.00104ms
typeclass inference of LinearOrderedCommMonoidWithZero took 0.000962ms
typeclass inference of LinearOrderedCommMonoidWithZero took 0.00206ms
typeclass inference of LinearOrderedCommMonoidWithZero took 0.00152ms
typeclass inference of LinearOrderedCommMonoidWithZero took 0.00111ms
typeclass inference of LinearOrderedCommMonoidWithZero took 0.00107ms
typeclass inference of LinearOrderedCommMonoidWithZero took 0.00105ms
typeclass inference of LinearOrderedCommMonoidWithZero took 0.0011ms
typeclass inference of LinearOrderedCommMonoidWithZero took 0.00172ms
typeclass inference of LinearOrderedCommMonoidWithZero took 0.00108ms
typeclass inference of LinearOrderedCommMonoidWithZero took 0.0011ms
typeclass inference of LinearOrderedCommMonoidWithZero took 0.00105ms
typeclass inference of LinearOrderedCommMonoidWithZero took 0.00103ms
typeclass inference of LinearOrderedCommMonoidWithZero took 0.00194ms
typeclass inference of LinearOrderedCommMonoidWithZero took 0.00122ms
typeclass inference of LinearOrderedCommMonoidWithZero took 0.00111ms
typeclass inference of LinearOrderedCommMonoidWithZero took 0.00187ms
typeclass inference of LinearOrderedCommMonoidWithZero took 0.00112ms
typeclass inference of LinearOrderedCommMonoidWithZero took 0.00174ms
typeclass inference of LinearOrderedCommMonoidWithZero took 0.00117ms
typeclass inference of LinearOrderedCommMonoidWithZero took 0.00118ms
typeclass inference of LinearOrderedCommMonoidWithZero took 0.00142ms
typeclass inference of LinearOrderedCommMonoidWithZero took 0.00105ms
typeclass inference of LinearOrderedCommMonoidWithZero took 0.00101ms
typeclass inference of LinearOrderedCommMonoidWithZero took 0.000972ms
typeclass inference of LinearOrderedCommMonoidWithZero took 0.00128ms
typeclass inference of LinearOrderedCommMonoidWithZero took 0.00117ms
typeclass inference of LinearOrderedCommMonoidWithZero took 0.00104ms
typeclass inference of LinearOrderedCommMonoidWithZero took 0.00184ms
typeclass inference of LinearOrderedCommMonoidWithZero took 0.00119ms
typeclass inference of LinearOrderedCommMonoidWithZero took 0.00112ms
typeclass inference of LinearOrderedCommMonoidWithZero took 0.00106ms
typeclass inference of LinearOrderedCommMonoidWithZero took 0.00105ms
typeclass inference of LinearOrderedCommMonoidWithZero took 0.00102ms
typeclass inference of LinearOrderedCommMonoidWithZero took 0.000992ms
typeclass inference of LinearOrderedCommMonoidWithZero took 0.00175ms
typeclass inference of LinearOrderedCommMonoidWithZero took 0.00108ms
typeclass inference of LinearOrderedCommMonoidWithZero took 0.00109ms
typeclass inference of LinearOrderedCommMonoidWithZero took 0.00104ms
typeclass inference of LinearOrderedCommMonoidWithZero took 0.00104ms
typeclass inference of LinearOrderedCommMonoidWithZero took 0.00101ms
typeclass inference of LinearOrderedCommMonoidWithZero took 0.00159ms
typeclass inference of LinearOrderedCommMonoidWithZero took 0.00109ms
typeclass inference of LinearOrderedCommMonoidWithZero took 0.0011ms
typeclass inference of LinearOrderedCommMonoidWithZero took 0.00104ms
typeclass inference of LinearOrderedCommMonoidWithZero took 0.00102ms
typeclass inference of LinearOrderedCommMonoidWithZero took 0.00135ms
typeclass inference of LinearOrderedCommMonoidWithZero took 0.00115ms
typeclass inference of LinearOrderedCommMonoidWithZero took 0.00105ms
typeclass inference of LinearOrderedCommMonoidWithZero took 0.00264ms
typeclass inference of LinearOrderedCommMonoidWithZero took 0.00141ms
typeclass inference of LinearOrderedCommMonoidWithZero took 0.00139ms
typeclass inference of LinearOrderedCommMonoidWithZero took 0.00156ms
typeclass inference of LinearOrderedCommMonoidWithZero took 0.00144ms
typeclass inference of LinearOrderedCommMonoidWithZero took 0.00133ms
typeclass inference of LinearOrderedCommMonoidWithZero took 0.00132ms
typeclass inference of LinearOrderedCommMonoidWithZero took 0.00205ms
typeclass inference of LinearOrderedCommMonoidWithZero took 0.00286ms
typeclass inference of LinearOrderedCommMonoidWithZero took 0.00101ms
typeclass inference of LinearOrderedCommMonoidWithZero took 0.0017ms
typeclass inference of LinearOrderedCommMonoidWithZero took 0.00114ms
typeclass inference of LinearOrderedCommMonoidWithZero took 0.00126ms
typeclass inference of LinearOrderedCommMonoidWithZero took 0.00116ms
typeclass inference of LinearOrderedCommMonoidWithZero took 0.00145ms
typeclass inference of LinearOrderedCommMonoidWithZero took 0.00103ms
typeclass inference of LinearOrderedCommMonoidWithZero took 0.00103ms
typeclass inference of LinearOrderedCommMonoidWithZero took 0.00202ms
typeclass inference of LinearOrderedCommMonoidWithZero took 0.00117ms
typeclass inference of LinearOrderedCommMonoidWithZero took 0.00109ms
typeclass inference of LinearOrderedCommMonoidWithZero took 0.00112ms
typeclass inference of LinearOrderedCommMonoidWithZero took 0.00107ms
typeclass inference of LinearOrderedCommMonoidWithZero took 0.00113ms
typeclass inference of LinearOrderedCommMonoidWithZero took 0.00186ms
typeclass inference of LinearOrderedCommMonoidWithZero took 0.0011ms
typeclass inference of LinearOrderedCommMonoidWithZero took 0.00109ms
typeclass inference of LinearOrderedCommMonoidWithZero took 0.00106ms
typeclass inference of LinearOrderedCommMonoidWithZero took 0.00102ms
typeclass inference of LinearOrderedCommMonoidWithZero took 0.00159ms
typeclass inference of LinearOrderedCommMonoidWithZero took 0.00109ms
typeclass inference of LinearOrderedCommMonoidWithZero took 0.00105ms
typeclass inference of LinearOrderedCommMonoidWithZero took 0.00157ms
typeclass inference of LinearOrderedCommMonoidWithZero took 0.00119ms
typeclass inference of LinearOrderedCommMonoidWithZero took 0.00106ms
typeclass inference of LinearOrderedCommMonoidWithZero took 0.00195ms
typeclass inference of LinearOrderedCommMonoidWithZero took 0.00114ms
typeclass inference of LinearOrderedCommMonoidWithZero took 0.00108ms
typeclass inference of LinearOrderedCommMonoidWithZero took 0.00109ms
typeclass inference of LinearOrderedCommMonoidWithZero took 0.00107ms
typeclass inference of LinearOrderedCommMonoidWithZero took 0.00108ms
typeclass inference of LinearOrderedCommMonoidWithZero took 0.00103ms
typeclass inference of LinearOrderedCommMonoidWithZero took 0.00129ms
typeclass inference of LinearOrderedCommMonoidWithZero took 0.00132ms
typeclass inference of LinearOrderedCommMonoidWithZero took 0.00109ms
typeclass inference of LinearOrderedCommMonoidWithZero took 0.00167ms
typeclass inference of LinearOrderedCommMonoidWithZero took 0.00118ms
typeclass inference of LinearOrderedCommMonoidWithZero took 0.00113ms
typeclass inference of LinearOrderedCommMonoidWithZero took 0.00106ms
typeclass inference of LinearOrderedCommMonoidWithZero took 0.00107ms
typeclass inference of LinearOrderedCommMonoidWithZero took 0.00101ms
typeclass inference of LinearOrderedCommMonoidWithZero took 0.000962ms
typeclass inference of LinearOrderedCommMonoidWithZero took 0.00179ms
typeclass inference of LinearOrderedCommMonoidWithZero took 0.00222ms
typeclass inference of LinearOrderedCommMonoidWithZero took 0.00109ms
typeclass inference of LinearOrderedCommMonoidWithZero took 0.00105ms
typeclass inference of LinearOrderedCommMonoidWithZero took 0.00112ms
typeclass inference of LinearOrderedCommMonoidWithZero took 0.00104ms
typeclass inference of LinearOrderedCommMonoidWithZero took 0.00157ms
typeclass inference of LinearOrderedCommMonoidWithZero took 0.00109ms
typeclass inference of LinearOrderedCommMonoidWithZero took 0.00107ms
typeclass inference of LinearOrderedCommMonoidWithZero took 0.00108ms
typeclass inference of LinearOrderedCommMonoidWithZero took 0.00113ms
typeclass inference of LinearOrderedCommMonoidWithZero took 0.00195ms
typeclass inference of LinearOrderedCommMonoidWithZero took 0.00121ms
typeclass inference of LinearOrderedCommMonoidWithZero took 0.00119ms
typeclass inference of LinearOrderedCommMonoidWithZero took 0.00106ms
typeclass inference of LinearOrderedCommMonoidWithZero took 0.00147ms
typeclass inference of LinearOrderedCommMonoidWithZero took 0.00107ms
typeclass inference of LinearOrderedCommMonoidWithZero took 0.00109ms
typeclass inference of NonUnitalNonAssocRing took 0.409ms
typeclass inference of NormedRing took 0.366ms
typeclass inference of NormedRing took 0.00229ms
typeclass inference of NormedRing took 0.00203ms
typeclass inference of NormedRing took 0.00126ms
typeclass inference of NormedRing took 0.00111ms
typeclass inference of NormedRing took 0.00104ms
typeclass inference of NormedRing took 0.00102ms
typeclass inference of NormedRing took 0.001ms
typeclass inference of NormedRing took 0.00113ms
typeclass inference of NormedRing took 0.0015ms
typeclass inference of NormedRing took 0.00102ms
typeclass inference of NormedRing took 0.001ms
typeclass inference of NormedRing took 0.00104ms
typeclass inference of NormedRing took 0.00211ms
typeclass inference of NormedRing took 0.00142ms
typeclass inference of NormedRing took 0.00126ms
typeclass inference of NormedRing took 0.0016ms
typeclass inference of NormedRing took 0.00112ms
typeclass inference of NormedRing took 0.00136ms
typeclass inference of NormedRing took 0.0015ms
typeclass inference of NormedRing took 0.000942ms
typeclass inference of NormedRing took 0.00198ms
typeclass inference of NormedRing took 0.00229ms
typeclass inference of NormedRing took 0.00108ms
typeclass inference of NormedRing took 0.00116ms
typeclass inference of NormedRing took 0.00114ms
typeclass inference of NormedRing took 0.00103ms
typeclass inference of NormedRing took 0.0011ms
typeclass inference of NormedRing took 0.0025ms
typeclass inference of NormedRing took 0.00112ms
typeclass inference of NormedRing took 0.00185ms
typeclass inference of NormedRing took 0.00122ms
typeclass inference of NormedRing took 0.000992ms
typeclass inference of NormedRing took 0.00145ms
typeclass inference of NormedRing took 0.0011ms
typeclass inference of NormedRing took 0.00104ms
typeclass inference of NormedRing took 0.001ms
typeclass inference of NormedRing took 0.00138ms
typeclass inference of NormedRing took 0.00117ms
typeclass inference of NormedRing took 0.00105ms
typeclass inference of Semiring took 0.0107ms
typeclass inference of Semiring took 0.00454ms
typeclass inference of GroupWithZero took 1.27ms
typeclass inference of GroupWithZero took 0.0039ms
typeclass inference of GroupWithZero took 0.00247ms
typeclass inference of GroupWithZero took 0.00127ms
typeclass inference of GroupWithZero took 0.0012ms
typeclass inference of GroupWithZero took 0.00109ms
typeclass inference of GroupWithZero took 0.00105ms
typeclass inference of GroupWithZero took 0.00165ms
typeclass inference of GroupWithZero took 0.00138ms
typeclass inference of GroupWithZero took 0.00107ms
typeclass inference of GroupWithZero took 0.0014ms
typeclass inference of GroupWithZero took 0.0014ms
typeclass inference of GroupWithZero took 0.00136ms
typeclass inference of GroupWithZero took 0.0015ms
typeclass inference of MulZeroClass took 1.18ms
typeclass inference of Semiring took 0.00457ms
typeclass inference of CommMonoidWithZero took 0.00849ms
typeclass inference of CommMonoidWithZero took 0.00498ms
typeclass inference of LinearOrderedCommMonoidWithZero took 0.00274ms
typeclass inference of LinearOrderedCommMonoidWithZero took 0.00217ms
typeclass inference of LinearOrderedCommMonoidWithZero took 0.00133ms
typeclass inference of LinearOrderedCommMonoidWithZero took 0.00109ms
typeclass inference of LinearOrderedCommMonoidWithZero took 0.00108ms
typeclass inference of LinearOrderedCommMonoidWithZero took 0.000992ms
typeclass inference of LinearOrderedCommMonoidWithZero took 0.0017ms
typeclass inference of LinearOrderedCommMonoidWithZero took 0.00137ms
typeclass inference of LinearOrderedCommMonoidWithZero took 0.00106ms
typeclass inference of LinearOrderedCommMonoidWithZero took 0.00117ms
typeclass inference of LinearOrderedCommMonoidWithZero took 0.00149ms
typeclass inference of LinearOrderedCommMonoidWithZero took 0.00109ms
typeclass inference of LinearOrderedCommMonoidWithZero took 0.00107ms
typeclass inference of NonUnitalNonAssocRing took 0.00499ms
typeclass inference of GroupWithZero took 0.00295ms
typeclass inference of GroupWithZero took 0.00127ms
typeclass inference of GroupWithZero took 0.00187ms
typeclass inference of GroupWithZero took 0.00122ms
typeclass inference of GroupWithZero took 0.00115ms
typeclass inference of GroupWithZero took 0.0011ms
typeclass inference of GroupWithZero took 0.00108ms
typeclass inference of GroupWithZero took 0.00169ms
typeclass inference of GroupWithZero took 0.00107ms
typeclass inference of GroupWithZero took 0.00125ms
typeclass inference of GroupWithZero took 0.00105ms
typeclass inference of GroupWithZero took 0.00148ms
typeclass inference of GroupWithZero took 0.00115ms
typeclass inference of GroupWithZero took 0.00107ms
typeclass inference of MulZeroClass took 0.00364ms
typeclass inference of GroupWithZero took 0.00331ms
typeclass inference of GroupWithZero took 0.00126ms
typeclass inference of GroupWithZero took 0.00208ms
typeclass inference of GroupWithZero took 0.00125ms
typeclass inference of GroupWithZero took 0.00124ms
typeclass inference of GroupWithZero took 0.00121ms
typeclass inference of GroupWithZero took 0.00113ms
typeclass inference of GroupWithZero took 0.00109ms
typeclass inference of GroupWithZero took 0.00142ms
typeclass inference of GroupWithZero took 0.00121ms
typeclass inference of GroupWithZero took 0.00111ms
typeclass inference of GroupWithZero took 0.0018ms
typeclass inference of GroupWithZero took 0.00116ms
typeclass inference of GroupWithZero took 0.00121ms
typeclass inference of GroupWithZero took 0.00114ms
typeclass inference of GroupWithZero took 0.00115ms
typeclass inference of GroupWithZero took 0.00102ms
typeclass inference of GroupWithZero took 0.00186ms
typeclass inference of GroupWithZero took 0.00118ms
typeclass inference of GroupWithZero took 0.00118ms
typeclass inference of GroupWithZero took 0.00117ms
typeclass inference of GroupWithZero took 0.00111ms
typeclass inference of GroupWithZero took 0.00149ms
typeclass inference of GroupWithZero took 0.00113ms
typeclass inference of GroupWithZero took 0.00114ms
typeclass inference of GroupWithZero took 0.00169ms
typeclass inference of GroupWithZero took 0.00119ms
typeclass inference of GroupWithZero took 0.00198ms
typeclass inference of GroupWithZero took 0.00115ms
typeclass inference of GroupWithZero took 0.00113ms
typeclass inference of GroupWithZero took 0.00111ms
typeclass inference of GroupWithZero took 0.00109ms
typeclass inference of GroupWithZero took 0.00103ms
typeclass inference of GroupWithZero took 0.00133ms
typeclass inference of GroupWithZero took 0.00107ms
typeclass inference of GroupWithZero took 0.00108ms
typeclass inference of GroupWithZero took 0.00176ms
typeclass inference of GroupWithZero took 0.00111ms
typeclass inference of GroupWithZero took 0.00117ms
typeclass inference of GroupWithZero took 0.00107ms
typeclass inference of GroupWithZero took 0.00103ms
typeclass inference of GroupWithZero took 0.000972ms
typeclass inference of GroupWithZero took 0.00166ms
typeclass inference of GroupWithZero took 0.00111ms
typeclass inference of GroupWithZero took 0.00121ms
typeclass inference of GroupWithZero took 0.00112ms
typeclass inference of GroupWithZero took 0.00107ms
typeclass inference of GroupWithZero took 0.00422ms
typeclass inference of GroupWithZero took 0.00115ms
typeclass inference of GroupWithZero took 0.00103ms
typeclass inference of GroupWithZero took 0.00139ms
typeclass inference of GroupWithZero took 0.00107ms
typeclass inference of GroupWithZero took 0.00104ms
typeclass inference of GroupWithZero took 0.00244ms
typeclass inference of GroupWithZero took 0.00108ms
typeclass inference of GroupWithZero took 0.0011ms
typeclass inference of GroupWithZero took 0.00109ms
typeclass inference of GroupWithZero took 0.00111ms
typeclass inference of GroupWithZero took 0.00105ms
typeclass inference of GroupWithZero took 0.00175ms
typeclass inference of GroupWithZero took 0.00111ms
typeclass inference of GroupWithZero took 0.00108ms
typeclass inference of GroupWithZero took 0.00104ms
typeclass inference of GroupWithZero took 0.00111ms
typeclass inference of GroupWithZero took 0.0016ms
typeclass inference of GroupWithZero took 0.00109ms
typeclass inference of GroupWithZero took 0.00113ms
typeclass inference of GroupWithZero took 0.00106ms
typeclass inference of GroupWithZero took 0.00141ms
typeclass inference of GroupWithZero took 0.00107ms
typeclass inference of GroupWithZero took 0.00105ms
typeclass inference of CommMonoidWithZero took 0.00427ms
typeclass inference of LinearOrderedCommMonoidWithZero took 0.00231ms
typeclass inference of LinearOrderedCommMonoidWithZero took 0.00198ms
typeclass inference of LinearOrderedCommMonoidWithZero took 0.00126ms
typeclass inference of LinearOrderedCommMonoidWithZero took 0.00114ms
typeclass inference of LinearOrderedCommMonoidWithZero took 0.0011ms
typeclass inference of LinearOrderedCommMonoidWithZero took 0.00102ms
typeclass inference of LinearOrderedCommMonoidWithZero took 0.00153ms
typeclass inference of LinearOrderedCommMonoidWithZero took 0.00115ms
typeclass inference of LinearOrderedCommMonoidWithZero took 0.00105ms
typeclass inference of LinearOrderedCommMonoidWithZero took 0.00102ms
typeclass inference of LinearOrderedCommMonoidWithZero took 0.00147ms
typeclass inference of LinearOrderedCommMonoidWithZero took 0.00113ms
typeclass inference of LinearOrderedCommMonoidWithZero took 0.00103ms
typeclass inference of NonUnitalNonAssocRing took 0.00523ms
typeclass inference of GroupWithZero took 0.00218ms
typeclass inference of GroupWithZero took 0.00125ms
typeclass inference of GroupWithZero took 0.00174ms
typeclass inference of GroupWithZero took 0.00115ms
typeclass inference of GroupWithZero took 0.00112ms
typeclass inference of GroupWithZero took 0.00109ms
typeclass inference of GroupWithZero took 0.00106ms
typeclass inference of GroupWithZero took 0.00147ms
typeclass inference of GroupWithZero took 0.00117ms
typeclass inference of GroupWithZero took 0.00109ms
typeclass inference of GroupWithZero took 0.00112ms
typeclass inference of GroupWithZero took 0.00152ms
typeclass inference of GroupWithZero took 0.00111ms
typeclass inference of GroupWithZero took 0.00108ms
sym typeclass inference of Lean.Grind.NoNatZeroDivisors took 59.9ms
sym typeclass inference of Lean.Grind.Field took 0.402ms
typeclass inference of Lean.Grind.CommSemiring took 0.551ms
typeclass inference of Field took 0.00266ms
typeclass inference of Field took 0.00255ms
typeclass inference of Field took 0.00133ms
typeclass inference of Field took 0.00123ms
typeclass inference of Field took 0.00121ms
typeclass inference of Field took 0.00126ms
typeclass inference of Field took 0.00107ms
typeclass inference of Field took 0.00111ms
typeclass inference of Field took 0.00109ms
typeclass inference of Field took 0.00102ms
typeclass inference of Field took 0.0018ms
typeclass inference of Field took 0.00143ms
typeclass inference of Field took 0.0023ms
typeclass inference of Field took 0.00125ms
typeclass inference of Field took 0.00119ms
typeclass inference of Field took 0.00118ms
typeclass inference of Field took 0.0011ms
typeclass inference of Field took 0.00104ms
typeclass inference of Field took 0.00107ms
typeclass inference of Field took 0.00132ms
typeclass inference of Field took 0.00117ms
typeclass inference of Field took 0.00207ms
typeclass inference of Field took 0.0011ms
typeclass inference of Field took 0.0011ms
typeclass inference of Field took 0.00111ms
typeclass inference of Field took 0.00108ms
typeclass inference of Field took 0.00111ms
typeclass inference of Field took 0.00112ms
typeclass inference of Field took 0.00104ms
typeclass inference of Field took 0.00455ms
typeclass inference of Field took 0.00111ms
typeclass inference of Field took 0.00233ms
typeclass inference of Field took 0.00265ms
typeclass inference of Field took 0.00195ms
typeclass inference of Field took 0.000982ms
typeclass inference of Field took 0.000992ms
typeclass inference of Field took 0.00274ms
typeclass inference of Field took 0.00127ms
typeclass inference of Field took 0.00142ms
typeclass inference of Field took 0.00117ms
typeclass inference of Field took 0.00103ms
typeclass inference of Field took 0.0011ms
typeclass inference of Field took 0.00107ms
typeclass inference of Field took 0.00113ms
typeclass inference of Field took 0.0017ms
typeclass inference of Field took 0.00227ms
typeclass inference of Field took 0.00113ms
typeclass inference of Field took 0.00108ms
typeclass inference of Field took 0.00125ms
typeclass inference of Field took 0.00105ms
typeclass inference of Field took 0.00104ms
typeclass inference of Field took 0.00133ms
typeclass inference of Field took 0.001ms
typeclass inference of Field took 0.00176ms
typeclass inference of Field took 0.00115ms
typeclass inference of Field took 0.00151ms
typeclass inference of Field took 0.00125ms
typeclass inference of Field took 0.00109ms
typeclass inference of Field took 0.00158ms
typeclass inference of Field took 0.00125ms
typeclass inference of Field took 0.00195ms
typeclass inference of Field took 0.00115ms
typeclass inference of Field took 0.00104ms
typeclass inference of Field took 0.00107ms
typeclass inference of Field took 0.00107ms
typeclass inference of Field took 0.00102ms
typeclass inference of Field took 0.00186ms
typeclass inference of Field took 0.00121ms
typeclass inference of Field took 0.0011ms
typeclass inference of Field took 0.00101ms
typeclass inference of Field took 0.00101ms
typeclass inference of Field took 0.00162ms
typeclass inference of Field took 0.00204ms
typeclass inference of Field took 0.00178ms
typeclass inference of Field took 0.00109ms
typeclass inference of Field took 0.00142ms
typeclass inference of Field took 0.00107ms
typeclass inference of Field took 0.00107ms
typeclass inference of Field took 0.00192ms
typeclass inference of Field took 0.00211ms
typeclass inference of Field took 0.0012ms
typeclass inference of Field took 0.00135ms
typeclass inference of Field took 0.00121ms
typeclass inference of Field took 0.00109ms
typeclass inference of Field took 0.00107ms
typeclass inference of Field took 0.00108ms
typeclass inference of Field took 0.00101ms
typeclass inference of Field took 0.00103ms
typeclass inference of Field took 0.0014ms
typeclass inference of Field took 0.00105ms
typeclass inference of Field took 0.00202ms
typeclass inference of Field took 0.00122ms
typeclass inference of Field took 0.00111ms
typeclass inference of Field took 0.00107ms
typeclass inference of Field took 0.00121ms
typeclass inference of Field took 0.00109ms
typeclass inference of Field took 0.00101ms
typeclass inference of Field took 0.00102ms
typeclass inference of Field took 0.000971ms
typeclass inference of Field took 0.00183ms
typeclass inference of Field took 0.0012ms
typeclass inference of Field took 0.0011ms
typeclass inference of Field took 0.00113ms
typeclass inference of Field took 0.00134ms
typeclass inference of Field took 0.00105ms
typeclass inference of Field took 0.00105ms
typeclass inference of Field took 0.001ms
typeclass inference of Field took 0.00161ms
typeclass inference of Field took 0.00132ms
typeclass inference of Field took 0.00105ms
typeclass inference of Field took 0.00103ms
typeclass inference of Field took 0.00101ms
typeclass inference of Field took 0.000962ms
typeclass inference of Field took 0.001ms
typeclass inference of Field took 0.00232ms
typeclass inference of Field took 0.00123ms
typeclass inference of Field took 0.00124ms
typeclass inference of Field took 0.00116ms
typeclass inference of Field took 0.00112ms
typeclass inference of Field took 0.00111ms
typeclass inference of Field took 0.00109ms
typeclass inference of Field took 0.00107ms
typeclass inference of Field took 0.00103ms
typeclass inference of Field took 0.00189ms
typeclass inference of Field took 0.00114ms
typeclass inference of Field took 0.00111ms
typeclass inference of Field took 0.00112ms
typeclass inference of Field took 0.00116ms
typeclass inference of Field took 0.00109ms
typeclass inference of Field took 0.00108ms
typeclass inference of Field took 0.00113ms
typeclass inference of Field took 0.00168ms
typeclass inference of Field took 0.0012ms
typeclass inference of Field took 0.00114ms
typeclass inference of Field took 0.00114ms
typeclass inference of Field took 0.00108ms
typeclass inference of Field took 0.00107ms
typeclass inference of Field took 0.00107ms
typeclass inference of Field took 0.00164ms
typeclass inference of Field took 0.00117ms
typeclass inference of Field took 0.00111ms
typeclass inference of Field took 0.00108ms
typeclass inference of Field took 0.00109ms
typeclass inference of Field took 0.00116ms
typeclass inference of Field took 0.00171ms
typeclass inference of Field took 0.00116ms
typeclass inference of Field took 0.0011ms
typeclass inference of Field took 0.00109ms
typeclass inference of Field took 0.00102ms
typeclass inference of Field took 0.00158ms
typeclass inference of Field took 0.0011ms
typeclass inference of Field took 0.00115ms
typeclass inference of Field took 0.00102ms
typeclass inference of Field took 0.00144ms
typeclass inference of Field took 0.00109ms
typeclass inference of Field took 0.00107ms
sym typeclass inference of Lean.Grind.PowIdentity took 14.4ms
sym typeclass inference of HSub took 0.00996ms
sym canon took 0.0166ms
sym typeclass inference of HMul took 0.00547ms
sym canon took 0.00618ms
sym typeclass inference of Lean.Grind.ToInt took 0.0429ms
sym typeclass inference of LE took 3.04ms
sym typeclass inference of LT took 3.26ms
sym typeclass inference of LE took 0.00325ms
congr simp thm took 0.002ms
congr simp thm took 0.000671ms
congr simp thm took 0.00032ms
congr simp thm took 0.00043ms
congr simp thm took 0.00481ms
grind simp took 0.484ms
grind mark subsingleton took 0.151ms
typeclass inference of CategoryTheory.CartesianMonoidalCategory took 0.0641ms
typeclass inference of CategoryTheory.CartesianMonoidalCategory took 0.00484ms
sym typeclass inference of HPow took 2.36ms
sym typeclass inference of OfNat took 0.909ms
sym typeclass inference of OfNat took 0.0404ms
sym canon took 0.198ms
grind mark subsingleton took 0.0018ms
sym canon took 0.000431ms
grind mark subsingleton took 0.000712ms
sym canon took 0.00025ms
grind mark subsingleton took 0.000481ms
sym canon took 0.000161ms
grind mark subsingleton took 0.0187ms
sym typeclass inference of Pow took 0.152ms
sym canon took 0.193ms
grind mark subsingleton took 0.00175ms
sym canon took 0.000441ms
grind mark subsingleton took 0.000651ms
sym canon took 0.000231ms
grind mark subsingleton took 0.000541ms
sym canon took 0.00024ms
grind mark subsingleton took 0.00658ms
sym canon took 0.00031ms
sym typeclass inference of Lean.Grind.CommRing took 0.674ms
sym typeclass inference of Lean.Grind.CommSemiring took 0.0285ms
sym typeclass inference of Lean.Grind.Semiring took 0.0923ms
sym canon took 0.0226ms
typeclass inference of Lean.Grind.CommSemiring took 0.0184ms
sym typeclass inference of Lean.Grind.CommRing took 0.0837ms
sym typeclass inference of Lean.Grind.IsCharP took 0.578ms
typeclass inference of Lean.Grind.CommSemiring took 0.00939ms
sym typeclass inference of Lean.Grind.NatModule took 5.56ms
sym typeclass inference of Lean.Grind.NoNatZeroDivisors took 0.515ms
sym typeclass inference of Lean.Grind.Field took 0.352ms
typeclass inference of Lean.Grind.CommSemiring took 0.0217ms
typeclass inference of Lean.Grind.CommSemiring took 0.148ms
typeclass inference of Field took 0.347ms
typeclass inference of Field took 0.00298ms
typeclass inference of Field took 0.00126ms
typeclass inference of Field took 0.00109ms
typeclass inference of Field took 0.00742ms
typeclass inference of Field took 0.00168ms
typeclass inference of Field took 0.00123ms
typeclass inference of Field took 0.00116ms
sym typeclass inference of Lean.Grind.PowIdentity took 1.34ms
sym typeclass inference of Lean.Grind.CommRing took 0.042ms
sym typeclass inference of Lean.Grind.IsCharP took 0.138ms
sym typeclass inference of Lean.Grind.NatModule took 0.113ms
sym typeclass inference of Lean.Grind.NoNatZeroDivisors took 0.713ms
sym typeclass inference of Lean.Grind.Field took 0.327ms
typeclass inference of Lean.Grind.CommSemiring took 0.0757ms
typeclass inference of Field took 0.261ms
typeclass inference of Field took 0.00224ms
typeclass inference of Field took 0.00139ms
typeclass inference of Field took 0.00212ms
typeclass inference of Field took 0.00159ms
typeclass inference of Field took 0.00116ms
sym typeclass inference of Lean.Grind.PowIdentity took 0.925ms
sym typeclass inference of NatCast took 0.0357ms
sym typeclass inference of NatCast took 0.00309ms
sym canon took 0.0247ms
sym typeclass inference of LE took 0.000531ms
typeclass inference of Preorder took 0.989ms
typeclass inference of Std.IsPreorder took 0.364ms
typeclass inference of PartialOrder took 0.79ms
typeclass inference of Std.IsPartialOrder took 0.136ms
typeclass inference of Std.LinearPreorderPackage took 0.0498ms
typeclass inference of Std.LinearPreorderPackage took 0.0022ms
typeclass inference of Std.LinearPreorderPackage took 0.0013ms
typeclass inference of Std.IsLinearPreorder took 0.268ms
sym typeclass inference of LT took 0.000391ms
sym typeclass inference of LE took 0.000191ms
sym canon took 0.0131ms
typeclass inference of Std.LawfulOrderLT took 0.0376ms
sym typeclass inference of LT took 0.00018ms
sym canon took 0.0125ms
sym typeclass inference of Lean.Grind.OrderedRing took 0.0969ms
typeclass inference of OfNat took 0.046ms
typeclass inference of OfNat took 0.0304ms
sym typeclass inference of HAdd took 0.000191ms
sym typeclass inference of HAdd took 0.000181ms
sym canon took 0.0182ms
typeclass inference of OfNat took 0.00287ms
sym typeclass inference of IntCast took 0.0285ms
sym typeclass inference of IntCast took 0.00261ms
sym canon took 0.0117ms
typeclass inference of OfNat took 0.00444ms
typeclass inference of OfNat took 0.0447ms
typeclass inference of OfNat took 0.00217ms
sym typeclass inference of HPow took 0.00512ms
sym canon took 0.0106ms
congr simp thm took 0.00475ms
congr simp thm took 0.0038ms
congr simp thm took 0.000771ms
congr simp thm took 0.000701ms
grind simp took 0.483ms
grind mark subsingleton took 0.02ms
sym typeclass inference of LE took 0.000331ms
sym typeclass inference of OfNat took 0.0522ms
sym canon took 0.101ms
typeclass inference of OfNat took 0.0516ms
typeclass inference of OfNat took 0.0331ms
typeclass inference of OfNat took 0.00211ms
typeclass inference of OfNat took 0.00155ms
congr simp thm took 0.00456ms
congr simp thm took 0.00031ms
congr simp thm took 0.000822ms
congr simp thm took 0.000761ms
congr simp thm took 0.00325ms
typeclass inference of Decidable took 0.124ms
congr simp thm took 0.000611ms
grind simp took 0.626ms
grind mark subsingleton took 0.0142ms
sym typeclass inference of OfNat took 0.0464ms
sym canon took 0.0775ms
typeclass inference of OfNat took 0.0448ms
typeclass inference of OfNat took 0.0318ms
typeclass inference of OfNat took 0.00217ms
typeclass inference of OfNat took 0.00157ms
congr simp thm took 0.000591ms
congr simp thm took 0.000251ms
congr simp thm took 0.000561ms
congr simp thm took 0.000291ms
typeclass inference of Decidable took 0.105ms
congr simp thm took 0.000671ms
grind simp took 0.289ms
grind mark subsingleton took 0.0138ms
sym canon took 0.0598ms
typeclass inference of OfNat took 0.0507ms
typeclass inference of OfNat took 0.032ms
typeclass inference of OfNat took 0.00244ms
typeclass inference of OfNat took 0.00146ms
congr simp thm took 0.000521ms
congr simp thm took 0.000261ms
congr simp thm took 0.000561ms
congr simp thm took 0.0003ms
typeclass inference of Decidable took 0.114ms
congr simp thm took 0.000601ms
grind simp took 0.282ms
grind mark subsingleton took 0.0136ms
sym typeclass inference of OfNat took 0.0436ms
sym canon took 0.0736ms
typeclass inference of OfNat took 0.0452ms
typeclass inference of OfNat took 0.0307ms
typeclass inference of OfNat took 0.00221ms
typeclass inference of OfNat took 0.00142ms
congr simp thm took 0.000862ms
grind simp took 0.132ms
grind mark subsingleton took 0.0112ms
sym typeclass inference of OfNat took 0.0448ms
sym canon took 0.0279ms
typeclass inference of OfNat took 0.0449ms
typeclass inference of OfNat took 0.0559ms
typeclass inference of OfNat took 0.00235ms
congr simp thm took 0.000701ms
grind simp took 0.154ms
grind mark subsingleton took 0.0334ms
sym canon took 0.0596ms
congr simp thm took 0.000591ms
congr simp thm took 0.000401ms
grind simp took 0.23ms
grind mark subsingleton took 0.118ms
sym typeclass inference of HAdd took 1.95ms
sym canon took 0.106ms
sym typeclass inference of HAdd took 0.00512ms
sym canon took 0.00805ms
congr simp thm took 0.000942ms
congr simp thm took 0.000661ms
congr simp thm took 0.000341ms
congr simp thm took 0.000891ms
grind simp took 0.39ms
grind mark subsingleton took 0.0151ms
sym typeclass inference of OfNat took 0.0617ms
sym canon took 0.0369ms
typeclass inference of OfNat took 0.0668ms
typeclass inference of OfNat took 0.0365ms
typeclass inference of OfNat took 0.00243ms
congr simp thm took 0.00131ms
congr simp thm took 0.000491ms
congr simp thm took 0.000551ms
grind simp took 0.289ms
grind mark subsingleton took 0.0899ms
sym typeclass inference of OfNat took 0.0493ms
sym canon took 0.0928ms
typeclass inference of OfNat took 0.0483ms
typeclass inference of OfNat took 0.033ms
typeclass inference of OfNat took 0.00241ms
congr simp thm took 0.000671ms
congr simp thm took 0.000541ms
congr simp thm took 0.000491ms
congr simp thm took 0.000631ms
congr simp thm took 0.000321ms
congr simp thm took 0.000351ms
grind simp took 0.356ms
grind mark subsingleton took 0.0371ms
sym typeclass inference of HAdd took 0.00029ms
sym typeclass inference of HMul took 0.000151ms
sym typeclass inference of OfNat took 0.0452ms
sym canon took 0.0642ms
sym typeclass inference of HMul took 0.000421ms
sym typeclass inference of HMul took 0.00027ms
sym canon took 0.0136ms
typeclass inference of OfNat took 0.0442ms
typeclass inference of OfNat took 0.00266ms
typeclass inference of OfNat took 0.0332ms
typeclass inference of OfNat took 0.00184ms
congr simp thm took 0.000722ms
congr simp thm took 0.00035ms
congr simp thm took 0.000381ms
congr simp thm took 0.000401ms
congr simp thm took 0.000621ms
congr simp thm took 0.000361ms
grind simp took 0.413ms
grind mark subsingleton took 0.107ms
sym canon took 0.0753ms
sym typeclass inference of HMul took 0.0004ms
sym canon took 0.00666ms
congr simp thm took 0.00494ms
congr simp thm took 0.000521ms
congr simp thm took 0.00036ms
congr simp thm took 0.000411ms
congr simp thm took 0.00034ms
congr simp thm took 0.000281ms
congr simp thm took 0.000291ms
congr simp thm took 0.000582ms
congr simp thm took 0.000271ms
congr simp thm took 0.0002ms
congr simp thm took 0.00029ms
congr simp thm took 0.000731ms
congr simp thm took 0.000351ms
congr simp thm took 0.00032ms
grind simp took 0.658ms
grind mark subsingleton took 0.0388ms
sym canon took 0.0219ms
typeclass inference of OfNat took 0.0534ms
typeclass inference of OfNat took 0.00285ms
typeclass inference of OfNat took 0.00167ms
typeclass inference of OfNat took 0.00151ms
grind ring took 0.0586ms
grind cutsat took 0.156ms
grind took 10.5ms
instantiate metavars took 0.0208ms
tactic execution of Lean.Parser.Tactic.grind took 1.22ms
tactic execution of Lean.Parser.Tactic.tacticSeq1Indented took 0.00877ms
tactic execution of Lean.Parser.Tactic.tacticSeq took 0.00476ms
tactic execution of Lean.Parser.Tactic.paren took 0.00447ms
tactic execution of Lean.Parser.Tactic.withAnnotateState took 0.00629ms
tactic execution of Lean.Parser.Tactic.tacticSeq1Indented took 0.00465ms
tactic execution of Lean.Parser.Tactic.tacticSeq took 0.0135ms
tactic execution of Lean.Parser.Tactic.case took 0.0679ms
tactic execution of Lean.Parser.Tactic.tacticSeq1Indented took 0.0127ms
tactic execution of Lean.Parser.Tactic.tacticSeq took 0.00464ms
tactic execution of Lean.Parser.Tactic.focus took 0.007ms
tactic execution of Lean.Parser.Tactic.tacticHave__ took 0.0289ms
typeclass inference of OfNat took 1.14ms
typeclass inference of OfNat took 0.114ms
typeclass inference of OfNat took 0.0491ms
typeclass inference of HAdd took 1.2ms
typeclass inference of HMul took 1.03ms
typeclass inference of HPow took 0.204ms
typeclass inference of HMul took 0.0712ms
typeclass inference of HAdd took 0.0582ms
typeclass inference of OfNat took 0.0734ms
typeclass inference of HPow took 0.156ms
typeclass inference of HMul took 0.0892ms
typeclass inference of HAdd took 0.0729ms
typeclass inference of OfNat took 0.0709ms
typeclass inference of OfNat took 0.047ms
typeclass inference of OfNat took 0.049ms
typeclass inference of HPow took 0.129ms
typeclass inference of HMul took 0.0673ms
typeclass inference of HAdd took 0.0508ms
typeclass inference of OfNat took 0.0418ms
typeclass inference of OfNat took 0.0345ms
typeclass inference of HAdd took 0.14ms
typeclass inference of HMul took 0.149ms
typeclass inference of HPow took 0.156ms
typeclass inference of HMul took 0.059ms
typeclass inference of HAdd took 0.0692ms
typeclass inference of OfNat took 0.0702ms
typeclass inference of HPow took 0.124ms
typeclass inference of HMul took 0.0614ms
typeclass inference of HAdd took 0.0515ms
typeclass inference of OfNat took 0.0429ms
typeclass inference of OfNat took 0.0505ms
typeclass inference of HPow took 0.174ms
typeclass inference of HMul took 0.085ms
typeclass inference of HAdd took 0.056ms
typeclass inference of OfNat took 0.0497ms
typeclass inference of HPow took 0.125ms
typeclass inference of HMul took 0.0671ms
typeclass inference of HAdd took 0.0568ms
typeclass inference of OfNat took 0.0459ms
typeclass inference of HPow took 0.12ms
typeclass inference of HMul took 0.0573ms
typeclass inference of HAdd took 0.0522ms
typeclass inference of OfNat took 0.0496ms
typeclass inference of HPow took 0.141ms
typeclass inference of HMul took 0.0628ms
typeclass inference of HAdd took 0.0598ms
typeclass inference of OfNat took 0.0531ms
typeclass inference of HPow took 0.14ms
typeclass inference of HMul took 0.0579ms
typeclass inference of HAdd took 0.0555ms
typeclass inference of OfNat took 0.0442ms
typeclass inference of HPow took 0.133ms
typeclass inference of HMul took 0.0654ms
typeclass inference of HAdd took 0.0485ms
typeclass inference of OfNat took 0.0421ms
typeclass inference of HPow took 0.126ms
typeclass inference of HMul took 0.0641ms
typeclass inference of HAdd took 0.0601ms
typeclass inference of Pow took 0.045ms
typeclass inference of CategoryTheory.CartesianMonoidalCategory took 0.0778ms
typeclass inference of CategoryTheory.CartesianMonoidalCategory took 0.00558ms
typeclass inference of NPow took 2.41ms
typeclass inference of OfNat took 0.0428ms
typeclass inference of HMul took 0.898ms
typeclass inference of HAdd took 0.00365ms
typeclass inference of OfNat took 0.0647ms
typeclass inference of HPow took 0.138ms
typeclass inference of HMul took 0.0558ms
typeclass inference of HAdd took 0.0497ms
typeclass inference of OfNat took 0.0447ms
typeclass inference of HPow took 0.115ms
typeclass inference of HMul took 0.0504ms
typeclass inference of HAdd took 0.047ms
typeclass inference of OfNat took 0.0414ms
typeclass inference of HPow took 0.109ms
typeclass inference of HMul took 0.0487ms
typeclass inference of HAdd took 0.0452ms
typeclass inference of Pow took 0.0391ms
typeclass inference of NPow took 0.0886ms
typeclass inference of OfNat took 0.00331ms
typeclass inference of HMul took 0.152ms
typeclass inference of HAdd took 0.00283ms
tactic execution of Lean.Parser.Tactic.refine took 2.28ms
tactic execution of Lean.Parser.Tactic.rewriteSeq took 0.201ms
tactic execution of Lean.Parser.Tactic.exact took 0.172ms
tactic execution of Lean.Parser.Tactic.exact took 0.105ms
tactic execution of Lean.Parser.Tactic.eqRefl took 0.0152ms
tactic execution of Lean.Parser.Tactic.applyRfl took 0.0474ms
tactic execution of Lean.Parser.Tactic.tacticRfl took 0.0717ms
tactic execution of Lean.Parser.Tactic.tacticSeq1Indented took 0.00741ms
tactic execution of Lean.Parser.Tactic.tacticSeq took 0.00448ms
tactic execution of Lean.Parser.Tactic.withReducible took 0.0118ms
tactic execution of Lean.Parser.Tactic.tacticSeq1Indented took 0.00654ms
tactic execution of Lean.Parser.Tactic.tacticSeq took 0.00479ms
tactic execution of Lean.Parser.Tactic.paren took 0.00448ms
tactic execution of Lean.Parser.Tactic.tacticSeq1Indented took 0.00447ms
tactic execution of Lean.Parser.Tactic.tacticSeq took 0.00549ms
tactic execution of Lean.Parser.Tactic.skip took 0.00242ms
tactic execution of Lean.Parser.Tactic.tacticSeq1Indented took 0.00342ms
tactic execution of Lean.Parser.Tactic.tacticSeq took 0.00327ms
tactic execution of Lean.Parser.Tactic.first took 0.0132ms
tactic execution of Lean.Parser.Tactic.tacticTry_ took 0.0129ms
tactic execution of Lean.Parser.Tactic.tacticSeq1Indented took 0.00548ms
tactic execution of Lean.Parser.Tactic.tacticSeq took 0.00303ms
tactic execution of Lean.Parser.Tactic.paren took 0.00374ms
tactic execution of Lean.Parser.Tactic.withAnnotateState took 0.0126ms
tactic execution of Lean.Parser.Tactic.tacticSeq1Indented took 0.0145ms
tactic execution of Lean.Parser.Tactic.tacticSeq took 0.00466ms
tactic execution of Lean.Parser.Tactic.paren took 0.00531ms
tactic execution of Lean.Parser.Tactic.rwSeq took 0.0139ms
tactic execution of Lean.Parser.Tactic.exact took 0.0482ms
tactic execution of Lean.Parser.Tactic.tacticSeq1Indented took 0.0115ms
tactic execution of Lean.Parser.Tactic.tacticSeq took 0.0152ms
tactic execution of Lean.Parser.Tactic.rewriteSeq took 3.48ms
tactic execution of Lean.Parser.Tactic.exact took 0.0898ms
tactic execution of Lean.Parser.Tactic.exact took 0.0808ms
tactic execution of Lean.Parser.Tactic.eqRefl took 0.012ms
tactic execution of Lean.Parser.Tactic.tacticRfl took 0.0326ms
tactic execution of Lean.Parser.Tactic.tacticSeq1Indented took 0.00371ms
tactic execution of Lean.Parser.Tactic.tacticSeq took 0.00322ms
tactic execution of Lean.Parser.Tactic.withReducible took 0.00293ms
tactic execution of Lean.Parser.Tactic.tacticSeq1Indented took 0.00303ms
tactic execution of Lean.Parser.Tactic.tacticSeq took 0.00241ms
tactic execution of Lean.Parser.Tactic.paren took 0.00226ms
tactic execution of Lean.Parser.Tactic.tacticSeq1Indented took 0.00271ms
tactic execution of Lean.Parser.Tactic.tacticSeq took 0.00267ms
tactic execution of Lean.Parser.Tactic.first took 0.00365ms
tactic execution of Lean.Parser.Tactic.tacticTry_ took 0.00487ms
tactic execution of Lean.Parser.Tactic.tacticSeq1Indented took 0.00288ms
tactic execution of Lean.Parser.Tactic.tacticSeq took 0.00267ms
tactic execution of Lean.Parser.Tactic.paren took 0.00287ms
tactic execution of Lean.Parser.Tactic.withAnnotateState took 0.0126ms
tactic execution of Lean.Parser.Tactic.tacticSeq1Indented took 0.0119ms
tactic execution of Lean.Parser.Tactic.tacticSeq took 0.00485ms
tactic execution of Lean.Parser.Tactic.paren took 0.00303ms
tactic execution of Lean.Parser.Tactic.rwSeq took 0.0139ms
tactic execution of Lean.Parser.Tactic.tacticSeq1Indented took 0.00411ms
tactic execution of Lean.Parser.Tactic.tacticSeq took 0.00259ms
tactic execution of Lean.Parser.Tactic.paren took 0.00385ms
tactic execution of Lean.Parser.Tactic.withAnnotateState took 0.00646ms
tactic execution of Lean.Parser.Tactic.tacticSeq1Indented took 0.00417ms
tactic execution of Lean.Parser.Tactic.tacticSeq took 0.00521ms
tactic execution of Lean.Parser.Tactic.case took 0.129ms
tactic execution of Lean.Parser.Tactic.tacticSeq1Indented took 0.0177ms
tactic execution of Lean.Parser.Tactic.tacticSeq took 0.00531ms
tactic execution of Lean.Parser.Tactic.focus took 0.00997ms
tactic execution of Lean.Parser.Tactic.tacticHave__ took 0.0377ms
typeclass inference of OfNat took 0.0808ms
typeclass inference of OfNat took 0.0486ms
typeclass inference of OfNat took 0.0478ms
typeclass inference of OfNat took 0.0416ms
typeclass inference of OfNat took 0.0348ms
typeclass inference of OfNat took 0.032ms
typeclass inference of OfNat took 0.0299ms
typeclass inference of OfNat took 0.0297ms
typeclass inference of HMul took 0.143ms
typeclass inference of HMul took 0.00336ms
typeclass inference of HMul took 0.14ms
typeclass inference of HPow took 0.145ms
typeclass inference of HPow took 0.157ms
typeclass inference of HMul took 0.0727ms
typeclass inference of LT took 0.03ms
typeclass inference of OfNat took 0.0466ms
typeclass inference of OfNat took 0.0503ms
typeclass inference of OfNat took 0.00303ms
typeclass inference of OfNat took 0.052ms
typeclass inference of HPow took 0.12ms
typeclass inference of HPow took 0.112ms
typeclass inference of HMul took 0.0502ms
typeclass inference of OfNat took 0.0498ms
typeclass inference of OfNat took 0.0332ms
typeclass inference of HPow took 0.11ms
typeclass inference of HPow took 0.125ms
typeclass inference of HMul took 0.0461ms
typeclass inference of OfNat took 0.0627ms
typeclass inference of OfNat took 0.033ms
typeclass inference of HPow took 0.128ms
typeclass inference of HPow took 0.132ms
typeclass inference of HMul took 0.0469ms
typeclass inference of OfNat took 0.0462ms
typeclass inference of OfNat took 0.033ms
typeclass inference of HPow took 0.131ms
typeclass inference of HPow took 0.134ms
typeclass inference of HMul took 0.0462ms
typeclass inference of Pow took 0.0386ms
typeclass inference of NPow took 0.122ms
typeclass inference of OfNat took 0.0742ms
typeclass inference of OfNat took 0.0804ms
typeclass inference of HPow took 0.193ms
typeclass inference of HMul took 0.0868ms
typeclass inference of OfNat took 0.0489ms
typeclass inference of HPow took 0.156ms
typeclass inference of HMul took 0.0768ms
typeclass inference of OfNat took 0.0431ms
typeclass inference of HPow took 0.134ms
typeclass inference of HMul took 0.105ms
typeclass inference of Pow took 0.0554ms
typeclass inference of NPow took 0.00528ms
typeclass inference of OfNat took 0.0388ms
typeclass inference of HMul took 0.00298ms
typeclass inference of OfNat took 0.0652ms
typeclass inference of OfNat took 0.0474ms
typeclass inference of OfNat took 0.0565ms
typeclass inference of OfNat took 0.0403ms
typeclass inference of HMul took 0.00391ms
typeclass inference of HMul took 0.00223ms
typeclass inference of HMul took 0.0343ms
typeclass inference of HPow took 0.201ms
typeclass inference of HMul took 0.0702ms
typeclass inference of LE took 0.0339ms
typeclass inference of OfNat took 0.00414ms
typeclass inference of OfNat took 0.0587ms
typeclass inference of HPow took 0.141ms
typeclass inference of HMul took 0.0539ms
typeclass inference of OfNat took 0.0426ms
typeclass inference of HPow took 0.129ms
typeclass inference of HMul took 0.0561ms
typeclass inference of OfNat took 0.059ms
typeclass inference of OfNat took 0.0455ms
typeclass inference of OfNat took 0.0482ms
typeclass inference of OfNat took 0.05ms
typeclass inference of OfNat took 0.0437ms
typeclass inference of OfNat took 0.032ms
typeclass inference of OfNat took 0.0311ms
typeclass inference of OfNat took 0.031ms
typeclass inference of HMul took 0.00381ms
typeclass inference of HPow took 0.162ms
typeclass inference of HPow took 0.144ms
typeclass inference of HMul took 0.0714ms
typeclass inference of LT took 0.00457ms
typeclass inference of OfNat took 0.0037ms
typeclass inference of OfNat took 0.0685ms
typeclass inference of OfNat took 0.00308ms
typeclass inference of OfNat took 0.0533ms
typeclass inference of HPow took 0.15ms
typeclass inference of HPow took 0.131ms
typeclass inference of HMul took 0.0516ms
typeclass inference of OfNat took 0.0466ms
typeclass inference of OfNat took 0.0361ms
typeclass inference of HPow took 0.111ms
typeclass inference of HPow took 0.11ms
typeclass inference of HMul took 0.0458ms
typeclass inference of OfNat took 0.00485ms
typeclass inference of HPow took 0.258ms
typeclass inference of HMul took 0.00285ms
typeclass inference of OfNat took 0.00232ms
typeclass inference of OfNat took 0.00176ms
typeclass inference of HPow took 0.00176ms
typeclass inference of HPow took 0.00141ms
typeclass inference of HMul took 0.00165ms
typeclass inference of Trans took 0.238ms
typeclass inference of LE took 0.231ms
typeclass inference of LE took 0.0784ms
typeclass inference of Zero took 0.115ms
typeclass inference of PartialOrder took 0.0461ms
typeclass inference of Ring took 0.99ms
typeclass inference of AddMonoidWithOne took 0.0396ms
norm_num took 0.273ms
typeclass inference of Semiring took 0.0325ms
typeclass inference of PartialOrder took 0.00361ms
typeclass inference of CommSemiring took 0.0292ms
typeclass inference of IsOrderedRing took 0.993ms
typeclass inference of Nontrivial took 0.0468ms
typeclass inference of Semiring took 0.00286ms
typeclass inference of IsStrictOrderedRing took 0.0289ms
tactic execution of Mathlib.Tactic.Positivity.positivity took 1.11ms
tactic execution of Lean.Parser.Tactic.tacticSeq1Indented took 0.00763ms
tactic execution of Lean.Parser.Tactic.tacticSeq took 0.0138ms
tactic execution of Lean.Parser.Tactic.refine took 6.02ms
tactic execution of Lean.Parser.Tactic.rotateRight took 0.00693ms
tactic execution of Lean.Parser.Tactic.tacticSeq1Indented took 0.0123ms
tactic execution of Lean.Parser.Tactic.tacticSeq took 0.00537ms
tactic execution of Lean.Parser.Tactic.paren took 0.00533ms
tactic execution of Lean.Parser.Tactic.tacticSeq1Indented took 0.00599ms
tactic execution of Lean.Parser.Tactic.tacticSeq took 0.00533ms
tactic execution of Lean.Parser.Tactic.focus took 0.00775ms
tactic execution of Lean.Parser.Tactic.tacticRefine_lift_ took 0.0109ms
tactic execution of Lean.Parser.Tactic.tacticHave__ took 0.0286ms
typeclass inference of HMul took 0.148ms
typeclass inference of HMul took 0.143ms
typeclass inference of LT took 0.0291ms
tactic execution of Lean.Parser.Tactic.refine took 0.464ms
interpretation of Lean.Meta.Grind.reduceCtorEqCheap took 0.00238ms
interpretation of Lean.Meta.Grind.reduceSimpMatchDiscrsOnly took 0.000952ms
interpretation of Lean.Meta.Grind.reducePreMatchCond took 0.000791ms
interpretation of Lean.Meta.Grind.Arith.expandPow01 took 0.000812ms
interpretation of Lean.Meta.Grind.Arith.expandDiv took 0.000651ms
interpretation of Lean.Meta.Grind.Arith.normNatAddInst took 0.000592ms
interpretation of Lean.Meta.Grind.Arith.normNatMulInst took 0.000701ms
interpretation of Lean.Meta.Grind.Arith.normNatSubInst took 0.000692ms
interpretation of Lean.Meta.Grind.Arith.normNatDivInst took 0.000551ms
interpretation of Lean.Meta.Grind.Arith.normNatModInst took 0.000571ms
interpretation of Lean.Meta.Grind.Arith.normNatPowInst took 0.000761ms
interpretation of Lean.Meta.Grind.Arith.normNatOfNatInst took 0.000551ms
interpretation of Lean.Meta.Grind.Arith.normIntNegInst took 0.000681ms
interpretation of Lean.Meta.Grind.Arith.normIntAddInst took 0.000571ms
interpretation of Lean.Meta.Grind.Arith.normIntMulInst took 0.000581ms
interpretation of Lean.Meta.Grind.Arith.normIntSubInst took 0.000682ms
interpretation of Lean.Meta.Grind.Arith.normIntDivInst took 0.000691ms
interpretation of Lean.Meta.Grind.Arith.normIntModInst took 0.000781ms
interpretation of Lean.Meta.Grind.Arith.normIntPowInst took 0.000791ms
interpretation of Lean.Meta.Grind.Arith.normNatCastInst took 0.000711ms
interpretation of Lean.Meta.Grind.Arith.normIntOfNatInst took 0.000581ms
interpretation of Lean.Meta.Grind.Arith.normNatCastNum took 0.000611ms
interpretation of Lean.Meta.Grind.Arith.normIntCastNum took 0.000922ms
interpretation of Lean.Meta.Grind.Arith.normPowRatInt took 0.000511ms
interpretation of Lean.Meta.Grind.Arith.normFieldInv took 0.000581ms
interpretation of Lean.Meta.Grind.simpForall took 0.000822ms
interpretation of Lean.Meta.Grind.simpExists took 0.000561ms
interpretation of Lean.Meta.Grind.simpEq took 0.00167ms
interpretation of Lean.Meta.Grind.simpOr took 0.00128ms
interpretation of Lean.Meta.Grind.simpDIte took 0.000651ms
interpretation of Lean.Meta.Grind.pushNot took 0.000701ms
interpretation of Lean.Meta.Grind.unfoldReducibleSimproc took 0.000842ms
congr simp thm took 0.00675ms
congr simp thm took 0.00288ms
congr simp thm took 0.00322ms
grind simp took 0.366ms
grind mark subsingleton took 0.0656ms
sym typeclass inference of HSub took 1ms
sym typeclass inference of HMul took 1.26ms
sym typeclass inference of OfNat took 0.885ms
sym canon took 0.165ms
sym typeclass inference of Lean.Grind.CommRing took 0.476ms
typeclass inference of Lean.Grind.Ring took 0.572ms
typeclass inference of Semiring took 0.993ms
typeclass inference of AddLeftCancelSemigroup took 1.16ms
sym typeclass inference of Lean.Grind.IsCharP took 10ms
sym typeclass inference of Lean.Grind.NatModule took 1.03ms
typeclass inference of AddCommMonoid took 1.34ms
typeclass inference of AddCommMonoid took 0.00605ms
typeclass inference of AddCommMonoid took 0.00423ms
typeclass inference of AddCancelMonoid took 0.64ms
typeclass inference of AddCommMonoid took 0.00519ms
typeclass inference of AddGroup took 0.517ms
typeclass inference of Field took 0.405ms
typeclass inference of Field took 0.00255ms
typeclass inference of Field took 0.00158ms
typeclass inference of Field took 0.00315ms
typeclass inference of Field took 0.00153ms
typeclass inference of Field took 0.00122ms
typeclass inference of Field took 0.00112ms
typeclass inference of Field took 0.00111ms
typeclass inference of Field took 0.00111ms
typeclass inference of Field took 0.00108ms
typeclass inference of Field took 0.00102ms
typeclass inference of Field took 0.00108ms
typeclass inference of Field took 0.00245ms
typeclass inference of Field took 0.00123ms
typeclass inference of Field took 0.00228ms
typeclass inference of Field took 0.0011ms
typeclass inference of Field took 0.00112ms
typeclass inference of Field took 0.00103ms
typeclass inference of Field took 0.00104ms
typeclass inference of Field took 0.00106ms
typeclass inference of Field took 0.002ms
typeclass inference of Field took 0.00115ms
typeclass inference of Field took 0.00113ms
typeclass inference of Field took 0.00121ms
typeclass inference of Field took 0.00105ms
typeclass inference of Field took 0.00103ms
typeclass inference of Field took 0.00104ms
typeclass inference of Field took 0.00185ms
typeclass inference of Field took 0.00191ms
typeclass inference of Field took 0.00107ms
typeclass inference of Semiring took 0.00515ms
typeclass inference of RCLike took 0.0128ms
typeclass inference of RCLike took 0.00161ms
typeclass inference of RCLike took 0.00136ms
typeclass inference of RCLike took 0.00233ms
typeclass inference of RCLike took 0.00138ms
typeclass inference of RCLike took 0.00163ms
typeclass inference of RCLike took 0.00114ms
typeclass inference of RCLike took 0.00122ms
typeclass inference of RCLike took 0.00119ms
typeclass inference of RCLike took 0.00115ms
typeclass inference of RCLike took 0.00125ms
typeclass inference of RCLike took 0.00119ms
typeclass inference of RCLike took 0.00205ms
typeclass inference of RCLike took 0.00124ms
typeclass inference of RCLike took 0.00122ms
typeclass inference of RCLike took 0.00121ms
typeclass inference of RCLike took 0.0012ms
typeclass inference of RCLike took 0.00117ms
typeclass inference of RCLike took 0.00105ms
typeclass inference of RCLike took 0.00112ms
typeclass inference of RCLike took 0.0047ms
typeclass inference of RCLike took 0.00134ms
typeclass inference of RCLike took 0.00131ms
typeclass inference of RCLike took 0.00123ms
typeclass inference of RCLike took 0.00118ms
typeclass inference of RCLike took 0.00115ms
typeclass inference of RCLike took 0.00114ms
typeclass inference of RCLike took 0.00167ms
typeclass inference of RCLike took 0.00127ms
typeclass inference of RCLike took 0.00116ms
typeclass inference of Semiring took 0.00431ms
typeclass inference of NonAssocRing took 0.208ms
typeclass inference of Field took 0.00411ms
typeclass inference of Field took 0.00288ms
typeclass inference of Field took 0.00232ms
typeclass inference of Field took 0.00153ms
typeclass inference of Field took 0.00143ms
typeclass inference of Field took 0.00122ms
typeclass inference of Field took 0.00136ms
typeclass inference of Field took 0.00123ms
typeclass inference of Field took 0.00184ms
typeclass inference of Field took 0.00223ms
typeclass inference of Field took 0.00155ms
typeclass inference of Field took 0.00136ms
typeclass inference of Field took 0.0021ms
typeclass inference of Field took 0.00529ms
typeclass inference of Field took 0.00296ms
typeclass inference of Field took 0.00183ms
typeclass inference of Field took 0.00146ms
typeclass inference of Field took 0.00185ms
typeclass inference of Field took 0.0038ms
typeclass inference of Field took 0.00107ms
typeclass inference of Field took 0.00244ms
typeclass inference of Field took 0.00209ms
typeclass inference of Field took 0.00336ms
typeclass inference of Field took 0.00165ms
typeclass inference of Field took 0.00139ms
typeclass inference of Field took 0.00253ms
typeclass inference of Field took 0.00136ms
typeclass inference of Field took 0.00134ms
typeclass inference of Field took 0.0013ms
typeclass inference of Field took 0.00142ms
typeclass inference of Field took 0.00286ms
typeclass inference of Field took 0.00112ms
typeclass inference of Field took 0.00137ms
typeclass inference of Field took 0.00133ms
typeclass inference of Field took 0.00105ms
typeclass inference of Field took 0.00131ms
typeclass inference of Field took 0.00129ms
typeclass inference of Field took 0.00222ms
typeclass inference of Field took 0.00172ms
typeclass inference of Field took 0.00157ms
typeclass inference of Field took 0.0014ms
typeclass inference of Field took 0.00141ms
typeclass inference of Field took 0.0019ms
typeclass inference of Field took 0.00147ms
typeclass inference of Field took 0.00137ms
typeclass inference of Field took 0.00139ms
typeclass inference of Field took 0.00179ms
typeclass inference of Field took 0.00114ms
typeclass inference of Field took 0.00109ms
typeclass inference of Field took 0.00191ms
typeclass inference of Field took 0.00134ms
typeclass inference of Field took 0.00145ms
typeclass inference of Field took 0.00147ms
typeclass inference of Field took 0.00167ms
typeclass inference of Field took 0.00144ms
typeclass inference of Field took 0.00121ms
typeclass inference of Field took 0.00117ms
typeclass inference of Field took 0.00136ms
typeclass inference of Field took 0.00134ms
typeclass inference of Field took 0.00122ms
typeclass inference of Field took 0.00248ms
typeclass inference of Field took 0.00141ms
typeclass inference of Field took 0.00115ms
typeclass inference of Field took 0.00126ms
typeclass inference of Field took 0.00111ms
typeclass inference of Field took 0.00185ms
typeclass inference of Field took 0.00116ms
typeclass inference of Field took 0.00142ms
typeclass inference of Field took 0.00141ms
typeclass inference of Field took 0.00182ms
typeclass inference of Field took 0.00143ms
typeclass inference of Field took 0.00112ms
typeclass inference of Semiring took 0.00726ms
typeclass inference of DivisionRing took 0.463ms
typeclass inference of DivisionRing took 0.00218ms
typeclass inference of DivisionRing took 0.00135ms
typeclass inference of DivisionRing took 0.00119ms
typeclass inference of DivisionRing took 0.0022ms
typeclass inference of DivisionRing took 0.00134ms
typeclass inference of DivisionRing took 0.00135ms
typeclass inference of DivisionRing took 0.0012ms
typeclass inference of DivisionRing took 0.00108ms
typeclass inference of DivisionRing took 0.00114ms
typeclass inference of DivisionRing took 0.00101ms
typeclass inference of DivisionRing took 0.00104ms
typeclass inference of DivisionRing took 0.00207ms
typeclass inference of DivisionRing took 0.00122ms
typeclass inference of DivisionRing took 0.00147ms
typeclass inference of DivisionRing took 0.00107ms
typeclass inference of DivisionRing took 0.00104ms
typeclass inference of DivisionRing took 0.00103ms
typeclass inference of DivisionRing took 0.00108ms
typeclass inference of DivisionRing took 0.00168ms
typeclass inference of DivisionRing took 0.00119ms
typeclass inference of DivisionRing took 0.00111ms
typeclass inference of DivisionRing took 0.00106ms
typeclass inference of DivisionRing took 0.00107ms
typeclass inference of DivisionRing took 0.000992ms
typeclass inference of DivisionRing took 0.00185ms
typeclass inference of DivisionRing took 0.00225ms
typeclass inference of DivisionRing took 0.00117ms
typeclass inference of DivisionRing took 0.00109ms
typeclass inference of DivisionRing took 0.00138ms
typeclass inference of Semifield took 0.455ms
typeclass inference of Semifield took 0.00252ms
typeclass inference of Semifield took 0.00135ms
typeclass inference of Semifield took 0.0012ms
typeclass inference of Semifield took 0.00109ms
typeclass inference of Semifield took 0.00178ms
typeclass inference of Semifield took 0.00105ms
typeclass inference of Semifield took 0.00105ms
typeclass inference of Semifield took 0.0015ms
typeclass inference of Semifield took 0.00223ms
typeclass inference of Semifield took 0.00122ms
typeclass inference of Semifield took 0.00112ms
typeclass inference of Semifield took 0.00107ms
typeclass inference of Semifield took 0.0015ms
typeclass inference of Semifield took 0.00108ms
typeclass inference of Semifield took 0.000992ms
typeclass inference of Field took 0.00279ms
typeclass inference of Field took 0.00123ms
typeclass inference of Field took 0.000982ms
typeclass inference of Field took 0.00206ms
typeclass inference of Field took 0.00117ms
typeclass inference of Field took 0.00112ms
typeclass inference of Field took 0.00128ms
typeclass inference of Field took 0.00115ms
typeclass inference of Field took 0.00112ms
typeclass inference of Field took 0.00105ms
typeclass inference of Field took 0.00104ms
typeclass inference of Field took 0.000962ms
typeclass inference of Field took 0.00235ms
typeclass inference of Field took 0.00125ms
typeclass inference of Field took 0.00119ms
typeclass inference of Field took 0.00113ms
typeclass inference of Field took 0.00119ms
typeclass inference of Field took 0.00109ms
typeclass inference of Field took 0.00108ms
typeclass inference of Field took 0.00116ms
typeclass inference of Field took 0.00207ms
typeclass inference of Field took 0.00129ms
typeclass inference of Field took 0.00143ms
typeclass inference of Field took 0.0015ms
typeclass inference of Field took 0.0011ms
typeclass inference of Field took 0.00106ms
typeclass inference of Field took 0.00103ms
typeclass inference of DivisionRing took 0.00291ms
typeclass inference of DivisionRing took 0.00266ms
typeclass inference of DivisionRing took 0.00184ms
typeclass inference of DivisionRing took 0.0012ms
typeclass inference of DivisionRing took 0.0011ms
typeclass inference of DivisionRing took 0.00105ms
typeclass inference of DivisionRing took 0.00113ms
typeclass inference of DivisionRing took 0.00104ms
typeclass inference of DivisionRing took 0.001ms
typeclass inference of DivisionRing took 0.00197ms
typeclass inference of DivisionRing took 0.00115ms
typeclass inference of DivisionRing took 0.00111ms
typeclass inference of DivisionRing took 0.00101ms
typeclass inference of DivisionRing took 0.00106ms
typeclass inference of DivisionRing took 0.00109ms
typeclass inference of DivisionRing took 0.00101ms
typeclass inference of EuclideanDomain took 0.444ms
typeclass inference of EuclideanDomain took 0.00383ms
typeclass inference of EuclideanDomain took 0.00244ms
typeclass inference of EuclideanDomain took 0.0017ms
typeclass inference of EuclideanDomain took 0.00169ms
typeclass inference of EuclideanDomain took 0.00148ms
typeclass inference of EuclideanDomain took 0.00114ms
typeclass inference of EuclideanDomain took 0.00128ms
typeclass inference of EuclideanDomain took 0.00105ms
typeclass inference of EuclideanDomain took 0.001ms
typeclass inference of EuclideanDomain took 0.00143ms
typeclass inference of EuclideanDomain took 0.00111ms
typeclass inference of EuclideanDomain took 0.00113ms
typeclass inference of EuclideanDomain took 0.00497ms
typeclass inference of EuclideanDomain took 0.00196ms
typeclass inference of EuclideanDomain took 0.00213ms
typeclass inference of EuclideanDomain took 0.00287ms
typeclass inference of EuclideanDomain took 0.00208ms
typeclass inference of EuclideanDomain took 0.00195ms
typeclass inference of EuclideanDomain took 0.00168ms
typeclass inference of EuclideanDomain took 0.00186ms
typeclass inference of EuclideanDomain took 0.00165ms
typeclass inference of EuclideanDomain took 0.00779ms
typeclass inference of EuclideanDomain took 0.00197ms
typeclass inference of EuclideanDomain took 0.00274ms
typeclass inference of EuclideanDomain took 0.0022ms
typeclass inference of EuclideanDomain took 0.00197ms
typeclass inference of EuclideanDomain took 0.00148ms
typeclass inference of EuclideanDomain took 0.00251ms
typeclass inference of EuclideanDomain took 0.00179ms
typeclass inference of EuclideanDomain took 0.00521ms
typeclass inference of EuclideanDomain took 0.00168ms
typeclass inference of EuclideanDomain took 0.00164ms
typeclass inference of EuclideanDomain took 0.00145ms
typeclass inference of EuclideanDomain took 0.00155ms
typeclass inference of EuclideanDomain took 0.00137ms
typeclass inference of EuclideanDomain took 0.00152ms
typeclass inference of CommMonoidWithZero took 1.55ms
typeclass inference of Semiring took 0.0122ms
typeclass inference of CommMonoidWithZero took 0.0129ms
typeclass inference of CommMonoidWithZero took 0.00879ms
typeclass inference of CommGroupWithZero took 0.704ms
typeclass inference of CommGroupWithZero took 0.0186ms
typeclass inference of CommGroupWithZero took 0.00207ms
typeclass inference of CommGroupWithZero took 0.00135ms
typeclass inference of CommGroupWithZero took 0.00136ms
typeclass inference of CommGroupWithZero took 0.00215ms
typeclass inference of CommGroupWithZero took 0.00128ms
typeclass inference of CommGroupWithZero took 0.000972ms
typeclass inference of LinearOrderedCommMonoidWithZero took 0.104ms
typeclass inference of LinearOrderedCommMonoidWithZero took 0.0029ms
typeclass inference of LinearOrderedCommMonoidWithZero took 0.00287ms
typeclass inference of LinearOrderedCommMonoidWithZero took 0.00185ms
typeclass inference of LinearOrderedCommMonoidWithZero took 0.00146ms
typeclass inference of LinearOrderedCommMonoidWithZero took 0.00307ms
typeclass inference of LinearOrderedCommMonoidWithZero took 0.00114ms
typeclass inference of LinearOrderedCommMonoidWithZero took 0.00106ms
typeclass inference of LinearOrderedCommMonoidWithZero took 0.00101ms
typeclass inference of LinearOrderedCommMonoidWithZero took 0.00134ms
typeclass inference of LinearOrderedCommMonoidWithZero took 0.00134ms
typeclass inference of LinearOrderedCommMonoidWithZero took 0.00182ms
typeclass inference of LinearOrderedCommMonoidWithZero took 0.0027ms
typeclass inference of LinearOrderedCommMonoidWithZero took 0.00134ms
typeclass inference of LinearOrderedCommMonoidWithZero took 0.00115ms
typeclass inference of LinearOrderedCommMonoidWithZero took 0.00105ms
typeclass inference of LinearOrderedCommMonoidWithZero took 0.00128ms
typeclass inference of LinearOrderedCommMonoidWithZero took 0.00112ms
typeclass inference of LinearOrderedCommMonoidWithZero took 0.001ms
typeclass inference of LinearOrderedCommMonoidWithZero took 0.00251ms
typeclass inference of LinearOrderedCommMonoidWithZero took 0.00134ms
typeclass inference of LinearOrderedCommMonoidWithZero took 0.00126ms
typeclass inference of LinearOrderedCommMonoidWithZero took 0.00121ms
typeclass inference of LinearOrderedCommMonoidWithZero took 0.00104ms
typeclass inference of LinearOrderedCommMonoidWithZero took 0.00119ms
typeclass inference of LinearOrderedCommMonoidWithZero took 0.00205ms
typeclass inference of LinearOrderedCommMonoidWithZero took 0.00118ms
typeclass inference of LinearOrderedCommMonoidWithZero took 0.00121ms
typeclass inference of LinearOrderedCommMonoidWithZero took 0.00104ms
typeclass inference of LinearOrderedCommMonoidWithZero took 0.00112ms
typeclass inference of LinearOrderedCommMonoidWithZero took 0.00203ms
typeclass inference of LinearOrderedCommMonoidWithZero took 0.00126ms
typeclass inference of LinearOrderedCommMonoidWithZero took 0.000962ms
typeclass inference of LinearOrderedCommMonoidWithZero took 0.0019ms
typeclass inference of LinearOrderedCommMonoidWithZero took 0.00122ms
typeclass inference of LinearOrderedCommMonoidWithZero took 0.00124ms
typeclass inference of LinearOrderedCommMonoidWithZero took 0.00124ms
typeclass inference of LinearOrderedCommMonoidWithZero took 0.00131ms
typeclass inference of LinearOrderedCommMonoidWithZero took 0.00111ms
typeclass inference of LinearOrderedCommMonoidWithZero took 0.00101ms
typeclass inference of LinearOrderedCommMonoidWithZero took 0.00113ms
typeclass inference of LinearOrderedCommMonoidWithZero took 0.00107ms
typeclass inference of LinearOrderedCommMonoidWithZero took 0.001ms
typeclass inference of LinearOrderedCommMonoidWithZero took 0.00188ms
typeclass inference of LinearOrderedCommMonoidWithZero took 0.00129ms
typeclass inference of LinearOrderedCommMonoidWithZero took 0.00118ms
typeclass inference of LinearOrderedCommMonoidWithZero took 0.00111ms
typeclass inference of LinearOrderedCommMonoidWithZero took 0.00108ms
typeclass inference of LinearOrderedCommMonoidWithZero took 0.00112ms
typeclass inference of LinearOrderedCommMonoidWithZero took 0.000952ms
typeclass inference of LinearOrderedCommMonoidWithZero took 0.0018ms
typeclass inference of LinearOrderedCommMonoidWithZero took 0.00111ms
typeclass inference of LinearOrderedCommMonoidWithZero took 0.00108ms
typeclass inference of LinearOrderedCommMonoidWithZero took 0.00102ms
typeclass inference of LinearOrderedCommMonoidWithZero took 0.00103ms
typeclass inference of LinearOrderedCommMonoidWithZero took 0.001ms
typeclass inference of LinearOrderedCommMonoidWithZero took 0.00168ms
typeclass inference of LinearOrderedCommMonoidWithZero took 0.00105ms
typeclass inference of LinearOrderedCommMonoidWithZero took 0.00113ms
typeclass inference of LinearOrderedCommMonoidWithZero took 0.000982ms
typeclass inference of LinearOrderedCommMonoidWithZero took 0.00107ms
typeclass inference of LinearOrderedCommMonoidWithZero took 0.00189ms
typeclass inference of LinearOrderedCommMonoidWithZero took 0.0012ms
typeclass inference of LinearOrderedCommMonoidWithZero took 0.00112ms
typeclass inference of LinearOrderedCommMonoidWithZero took 0.00326ms
typeclass inference of LinearOrderedCommMonoidWithZero took 0.00105ms
typeclass inference of LinearOrderedCommMonoidWithZero took 0.00181ms
typeclass inference of LinearOrderedCommMonoidWithZero took 0.00103ms
typeclass inference of LinearOrderedCommMonoidWithZero took 0.00116ms
typeclass inference of LinearOrderedCommMonoidWithZero took 0.00107ms
typeclass inference of LinearOrderedCommMonoidWithZero took 0.0011ms
typeclass inference of LinearOrderedCommMonoidWithZero took 0.00115ms
typeclass inference of LinearOrderedCommMonoidWithZero took 0.000972ms
typeclass inference of LinearOrderedCommMonoidWithZero took 0.00122ms
typeclass inference of LinearOrderedCommMonoidWithZero took 0.00101ms
typeclass inference of LinearOrderedCommMonoidWithZero took 0.000922ms
typeclass inference of LinearOrderedCommMonoidWithZero took 0.00176ms
typeclass inference of LinearOrderedCommMonoidWithZero took 0.00101ms
typeclass inference of LinearOrderedCommMonoidWithZero took 0.00109ms
typeclass inference of LinearOrderedCommMonoidWithZero took 0.00111ms
typeclass inference of LinearOrderedCommMonoidWithZero took 0.00103ms
typeclass inference of LinearOrderedCommMonoidWithZero took 0.00103ms
typeclass inference of LinearOrderedCommMonoidWithZero took 0.000921ms
typeclass inference of LinearOrderedCommMonoidWithZero took 0.00199ms
typeclass inference of LinearOrderedCommMonoidWithZero took 0.00109ms
typeclass inference of LinearOrderedCommMonoidWithZero took 0.00114ms
typeclass inference of LinearOrderedCommMonoidWithZero took 0.00103ms
typeclass inference of LinearOrderedCommMonoidWithZero took 0.00107ms
typeclass inference of LinearOrderedCommMonoidWithZero took 0.00104ms
typeclass inference of LinearOrderedCommMonoidWithZero took 0.00163ms
typeclass inference of LinearOrderedCommMonoidWithZero took 0.00109ms
typeclass inference of LinearOrderedCommMonoidWithZero took 0.00104ms
typeclass inference of LinearOrderedCommMonoidWithZero took 0.00105ms
typeclass inference of LinearOrderedCommMonoidWithZero took 0.000952ms
typeclass inference of LinearOrderedCommMonoidWithZero took 0.00162ms
typeclass inference of LinearOrderedCommMonoidWithZero took 0.00119ms
typeclass inference of LinearOrderedCommMonoidWithZero took 0.000992ms
typeclass inference of LinearOrderedCommMonoidWithZero took 0.00267ms
typeclass inference of LinearOrderedCommMonoidWithZero took 0.00237ms
typeclass inference of LinearOrderedCommMonoidWithZero took 0.00108ms
typeclass inference of LinearOrderedCommMonoidWithZero took 0.00109ms
typeclass inference of LinearOrderedCommMonoidWithZero took 0.00107ms
typeclass inference of LinearOrderedCommMonoidWithZero took 0.00105ms
typeclass inference of LinearOrderedCommMonoidWithZero took 0.000962ms
typeclass inference of LinearOrderedCommMonoidWithZero took 0.00115ms
typeclass inference of LinearOrderedCommMonoidWithZero took 0.00108ms
typeclass inference of LinearOrderedCommMonoidWithZero took 0.00102ms
typeclass inference of LinearOrderedCommMonoidWithZero took 0.00178ms
typeclass inference of LinearOrderedCommMonoidWithZero took 0.0011ms
typeclass inference of LinearOrderedCommMonoidWithZero took 0.00169ms
typeclass inference of LinearOrderedCommMonoidWithZero took 0.0011ms
typeclass inference of LinearOrderedCommMonoidWithZero took 0.00108ms
typeclass inference of LinearOrderedCommMonoidWithZero took 0.00107ms
typeclass inference of LinearOrderedCommMonoidWithZero took 0.000972ms
typeclass inference of LinearOrderedCommMonoidWithZero took 0.00169ms
typeclass inference of LinearOrderedCommMonoidWithZero took 0.00107ms
typeclass inference of LinearOrderedCommMonoidWithZero took 0.00201ms
typeclass inference of LinearOrderedCommMonoidWithZero took 0.00109ms
typeclass inference of LinearOrderedCommMonoidWithZero took 0.00107ms
typeclass inference of LinearOrderedCommMonoidWithZero took 0.00106ms
typeclass inference of LinearOrderedCommMonoidWithZero took 0.00155ms
typeclass inference of LinearOrderedCommMonoidWithZero took 0.00116ms
typeclass inference of LinearOrderedCommMonoidWithZero took 0.00114ms
typeclass inference of LinearOrderedCommMonoidWithZero took 0.00106ms
typeclass inference of LinearOrderedCommMonoidWithZero took 0.00107ms
typeclass inference of LinearOrderedCommMonoidWithZero took 0.00163ms
typeclass inference of LinearOrderedCommMonoidWithZero took 0.00113ms
typeclass inference of LinearOrderedCommMonoidWithZero took 0.00104ms
typeclass inference of LinearOrderedCommMonoidWithZero took 0.00188ms
typeclass inference of LinearOrderedCommMonoidWithZero took 0.0013ms
typeclass inference of LinearOrderedCommMonoidWithZero took 0.000992ms
typeclass inference of LinearOrderedCommMonoidWithZero took 0.00182ms
typeclass inference of LinearOrderedCommMonoidWithZero took 0.0011ms
typeclass inference of LinearOrderedCommMonoidWithZero took 0.00122ms
typeclass inference of LinearOrderedCommMonoidWithZero took 0.00108ms
typeclass inference of LinearOrderedCommMonoidWithZero took 0.00104ms
typeclass inference of LinearOrderedCommMonoidWithZero took 0.00105ms
typeclass inference of LinearOrderedCommMonoidWithZero took 0.000951ms
typeclass inference of LinearOrderedCommMonoidWithZero took 0.00125ms
typeclass inference of LinearOrderedCommMonoidWithZero took 0.00107ms
typeclass inference of LinearOrderedCommMonoidWithZero took 0.000952ms
typeclass inference of LinearOrderedCommMonoidWithZero took 0.00195ms
typeclass inference of LinearOrderedCommMonoidWithZero took 0.00123ms
typeclass inference of LinearOrderedCommMonoidWithZero took 0.00114ms
typeclass inference of LinearOrderedCommMonoidWithZero took 0.00111ms
typeclass inference of LinearOrderedCommMonoidWithZero took 0.00106ms
typeclass inference of LinearOrderedCommMonoidWithZero took 0.001ms
typeclass inference of LinearOrderedCommMonoidWithZero took 0.000962ms
typeclass inference of LinearOrderedCommMonoidWithZero took 0.00214ms
typeclass inference of LinearOrderedCommMonoidWithZero took 0.0012ms
typeclass inference of LinearOrderedCommMonoidWithZero took 0.00115ms
typeclass inference of LinearOrderedCommMonoidWithZero took 0.00109ms
typeclass inference of LinearOrderedCommMonoidWithZero took 0.00104ms
typeclass inference of LinearOrderedCommMonoidWithZero took 0.00103ms
typeclass inference of LinearOrderedCommMonoidWithZero took 0.00164ms
typeclass inference of LinearOrderedCommMonoidWithZero took 0.00109ms
typeclass inference of LinearOrderedCommMonoidWithZero took 0.00105ms
typeclass inference of LinearOrderedCommMonoidWithZero took 0.00103ms
typeclass inference of LinearOrderedCommMonoidWithZero took 0.000992ms
typeclass inference of LinearOrderedCommMonoidWithZero took 0.00168ms
typeclass inference of LinearOrderedCommMonoidWithZero took 0.0011ms
typeclass inference of LinearOrderedCommMonoidWithZero took 0.00109ms
typeclass inference of LinearOrderedCommMonoidWithZero took 0.00101ms
typeclass inference of LinearOrderedCommMonoidWithZero took 0.00144ms
typeclass inference of LinearOrderedCommMonoidWithZero took 0.00113ms
typeclass inference of LinearOrderedCommMonoidWithZero took 0.00105ms
typeclass inference of NonUnitalNonAssocRing took 0.434ms
typeclass inference of NormedRing took 0.446ms
typeclass inference of NormedRing took 0.00279ms
typeclass inference of NormedRing took 0.00193ms
typeclass inference of NormedRing took 0.00128ms
typeclass inference of NormedRing took 0.0013ms
typeclass inference of NormedRing took 0.00109ms
typeclass inference of NormedRing took 0.00106ms
typeclass inference of NormedRing took 0.00105ms
typeclass inference of NormedRing took 0.00121ms
typeclass inference of NormedRing took 0.0016ms
typeclass inference of NormedRing took 0.00107ms
typeclass inference of NormedRing took 0.00102ms
typeclass inference of NormedRing took 0.001ms
typeclass inference of NormedRing took 0.00198ms
typeclass inference of NormedRing took 0.00116ms
typeclass inference of NormedRing took 0.00117ms
typeclass inference of NormedRing took 0.00115ms
typeclass inference of NormedRing took 0.00116ms
typeclass inference of NormedRing took 0.00108ms
typeclass inference of NormedRing took 0.00113ms
typeclass inference of NormedRing took 0.00104ms
typeclass inference of NormedRing took 0.00208ms
typeclass inference of NormedRing took 0.00115ms
typeclass inference of NormedRing took 0.00122ms
typeclass inference of NormedRing took 0.00111ms
typeclass inference of NormedRing took 0.00114ms
typeclass inference of NormedRing took 0.00109ms
typeclass inference of NormedRing took 0.00106ms
typeclass inference of NormedRing took 0.00162ms
typeclass inference of NormedRing took 0.00118ms
typeclass inference of NormedRing took 0.00109ms
typeclass inference of NormedRing took 0.00108ms
typeclass inference of NormedRing took 0.00102ms
typeclass inference of NormedRing took 0.0015ms
typeclass inference of NormedRing took 0.0011ms
typeclass inference of NormedRing took 0.00109ms
typeclass inference of NormedRing took 0.00104ms
typeclass inference of NormedRing took 0.00141ms
typeclass inference of NormedRing took 0.00116ms
typeclass inference of NormedRing took 0.00105ms
typeclass inference of Semiring took 0.0052ms
typeclass inference of Semiring took 0.00403ms
typeclass inference of GroupWithZero took 0.599ms
typeclass inference of GroupWithZero took 0.00219ms
typeclass inference of GroupWithZero took 0.00186ms
typeclass inference of GroupWithZero took 0.00127ms
typeclass inference of GroupWithZero took 0.00122ms
typeclass inference of GroupWithZero took 0.00111ms
typeclass inference of GroupWithZero took 0.00104ms
typeclass inference of GroupWithZero took 0.0016ms
typeclass inference of GroupWithZero took 0.00109ms
typeclass inference of GroupWithZero took 0.00111ms
typeclass inference of GroupWithZero took 0.00105ms
typeclass inference of GroupWithZero took 0.00156ms
typeclass inference of GroupWithZero took 0.0011ms
typeclass inference of GroupWithZero took 0.00106ms
typeclass inference of MulZeroClass took 0.902ms
typeclass inference of Semiring took 0.00429ms
typeclass inference of CommMonoidWithZero took 0.00547ms
typeclass inference of CommMonoidWithZero took 0.00408ms
typeclass inference of LinearOrderedCommMonoidWithZero took 0.00295ms
typeclass inference of LinearOrderedCommMonoidWithZero took 0.00209ms
typeclass inference of LinearOrderedCommMonoidWithZero took 0.00132ms
typeclass inference of LinearOrderedCommMonoidWithZero took 0.00126ms
typeclass inference of LinearOrderedCommMonoidWithZero took 0.00107ms
typeclass inference of LinearOrderedCommMonoidWithZero took 0.00101ms
typeclass inference of LinearOrderedCommMonoidWithZero took 0.0017ms
typeclass inference of LinearOrderedCommMonoidWithZero took 0.00114ms
typeclass inference of LinearOrderedCommMonoidWithZero took 0.00106ms
typeclass inference of LinearOrderedCommMonoidWithZero took 0.00118ms
typeclass inference of LinearOrderedCommMonoidWithZero took 0.00153ms
typeclass inference of LinearOrderedCommMonoidWithZero took 0.0011ms
typeclass inference of LinearOrderedCommMonoidWithZero took 0.00122ms
typeclass inference of NonUnitalNonAssocRing took 0.00434ms
typeclass inference of GroupWithZero took 0.00251ms
typeclass inference of GroupWithZero took 0.00127ms
typeclass inference of GroupWithZero took 0.00171ms
typeclass inference of GroupWithZero took 0.0012ms
typeclass inference of GroupWithZero took 0.00113ms
typeclass inference of GroupWithZero took 0.00143ms
typeclass inference of GroupWithZero took 0.00105ms
typeclass inference of GroupWithZero took 0.00156ms
typeclass inference of GroupWithZero took 0.00113ms
typeclass inference of GroupWithZero took 0.0015ms
typeclass inference of GroupWithZero took 0.00106ms
typeclass inference of GroupWithZero took 0.00138ms
typeclass inference of GroupWithZero took 0.00136ms
typeclass inference of GroupWithZero took 0.00198ms
typeclass inference of MulZeroClass took 0.00346ms
typeclass inference of GroupWithZero took 0.00253ms
typeclass inference of GroupWithZero took 0.00131ms
typeclass inference of GroupWithZero took 0.00208ms
typeclass inference of GroupWithZero took 0.00125ms
typeclass inference of GroupWithZero took 0.00122ms
typeclass inference of GroupWithZero took 0.00114ms
typeclass inference of GroupWithZero took 0.00106ms
typeclass inference of GroupWithZero took 0.000982ms
typeclass inference of GroupWithZero took 0.00146ms
typeclass inference of GroupWithZero took 0.00116ms
typeclass inference of GroupWithZero took 0.00106ms
typeclass inference of GroupWithZero took 0.00217ms
typeclass inference of GroupWithZero took 0.00122ms
typeclass inference of GroupWithZero took 0.00121ms
typeclass inference of GroupWithZero took 0.00113ms
typeclass inference of GroupWithZero took 0.00113ms
typeclass inference of GroupWithZero took 0.000981ms
typeclass inference of GroupWithZero took 0.00187ms
typeclass inference of GroupWithZero took 0.00112ms
typeclass inference of GroupWithZero took 0.00116ms
typeclass inference of GroupWithZero took 0.00107ms
typeclass inference of GroupWithZero took 0.00107ms
typeclass inference of GroupWithZero took 0.00151ms
typeclass inference of GroupWithZero took 0.00108ms
typeclass inference of GroupWithZero took 0.00107ms
typeclass inference of GroupWithZero took 0.00164ms
typeclass inference of GroupWithZero took 0.00112ms
typeclass inference of GroupWithZero took 0.00187ms
typeclass inference of GroupWithZero took 0.0013ms
typeclass inference of GroupWithZero took 0.00117ms
typeclass inference of GroupWithZero took 0.00116ms
typeclass inference of GroupWithZero took 0.0011ms
typeclass inference of GroupWithZero took 0.000992ms
typeclass inference of GroupWithZero took 0.00138ms
typeclass inference of GroupWithZero took 0.00119ms
typeclass inference of GroupWithZero took 0.00106ms
typeclass inference of GroupWithZero took 0.0019ms
typeclass inference of GroupWithZero took 0.00115ms
typeclass inference of GroupWithZero took 0.00117ms
typeclass inference of GroupWithZero took 0.00115ms
typeclass inference of GroupWithZero took 0.00107ms
typeclass inference of GroupWithZero took 0.000952ms
typeclass inference of GroupWithZero took 0.00175ms
typeclass inference of GroupWithZero took 0.00113ms
typeclass inference of GroupWithZero took 0.00121ms
typeclass inference of GroupWithZero took 0.00123ms
typeclass inference of GroupWithZero took 0.00101ms
typeclass inference of GroupWithZero took 0.00152ms
typeclass inference of GroupWithZero took 0.00131ms
typeclass inference of GroupWithZero took 0.00103ms
typeclass inference of GroupWithZero took 0.00155ms
typeclass inference of GroupWithZero took 0.00114ms
typeclass inference of GroupWithZero took 0.000972ms
typeclass inference of GroupWithZero took 0.00236ms
typeclass inference of GroupWithZero took 0.00115ms
typeclass inference of GroupWithZero took 0.00115ms
typeclass inference of GroupWithZero took 0.00122ms
typeclass inference of GroupWithZero took 0.00119ms
typeclass inference of GroupWithZero took 0.00102ms
typeclass inference of GroupWithZero took 0.00182ms
typeclass inference of GroupWithZero took 0.00109ms
typeclass inference of GroupWithZero took 0.00116ms
typeclass inference of GroupWithZero took 0.00109ms
typeclass inference of GroupWithZero took 0.00102ms
typeclass inference of GroupWithZero took 0.00154ms
typeclass inference of GroupWithZero took 0.00107ms
typeclass inference of GroupWithZero took 0.00113ms
typeclass inference of GroupWithZero took 0.00107ms
typeclass inference of GroupWithZero took 0.00137ms
typeclass inference of GroupWithZero took 0.0021ms
typeclass inference of GroupWithZero took 0.00105ms
typeclass inference of CommMonoidWithZero took 0.00403ms
typeclass inference of LinearOrderedCommMonoidWithZero took 0.00215ms
typeclass inference of LinearOrderedCommMonoidWithZero took 0.00184ms
typeclass inference of LinearOrderedCommMonoidWithZero took 0.00124ms
typeclass inference of LinearOrderedCommMonoidWithZero took 0.00115ms
typeclass inference of LinearOrderedCommMonoidWithZero took 0.00113ms
typeclass inference of LinearOrderedCommMonoidWithZero took 0.001ms
typeclass inference of LinearOrderedCommMonoidWithZero took 0.00156ms
typeclass inference of LinearOrderedCommMonoidWithZero took 0.00126ms
typeclass inference of LinearOrderedCommMonoidWithZero took 0.0011ms
typeclass inference of LinearOrderedCommMonoidWithZero took 0.00106ms
typeclass inference of LinearOrderedCommMonoidWithZero took 0.00138ms
typeclass inference of LinearOrderedCommMonoidWithZero took 0.00108ms
typeclass inference of LinearOrderedCommMonoidWithZero took 0.00102ms
typeclass inference of NonUnitalNonAssocRing took 0.00398ms
typeclass inference of GroupWithZero took 0.00245ms
typeclass inference of GroupWithZero took 0.0012ms
typeclass inference of GroupWithZero took 0.00164ms
typeclass inference of GroupWithZero took 0.00112ms
typeclass inference of GroupWithZero took 0.00111ms
typeclass inference of GroupWithZero took 0.00108ms
typeclass inference of GroupWithZero took 0.00105ms
typeclass inference of GroupWithZero took 0.00152ms
typeclass inference of GroupWithZero took 0.00107ms
typeclass inference of GroupWithZero took 0.00112ms
typeclass inference of GroupWithZero took 0.00107ms
typeclass inference of GroupWithZero took 0.00139ms
typeclass inference of GroupWithZero took 0.00106ms
typeclass inference of GroupWithZero took 0.00106ms
sym typeclass inference of Lean.Grind.NoNatZeroDivisors took 66ms
sym typeclass inference of Lean.Grind.Field took 0.411ms
typeclass inference of Lean.Grind.CommSemiring took 0.53ms
typeclass inference of Field took 0.00258ms
typeclass inference of Field took 0.00274ms
typeclass inference of Field took 0.0013ms
typeclass inference of Field took 0.00158ms
typeclass inference of Field took 0.00114ms
typeclass inference of Field took 0.0011ms
typeclass inference of Field took 0.00128ms
typeclass inference of Field took 0.00108ms
typeclass inference of Field took 0.00103ms
typeclass inference of Field took 0.00104ms
typeclass inference of Field took 0.0017ms
typeclass inference of Field took 0.00108ms
typeclass inference of Field took 0.0021ms
typeclass inference of Field took 0.00122ms
typeclass inference of Field took 0.00112ms
typeclass inference of Field took 0.00112ms
typeclass inference of Field took 0.00106ms
typeclass inference of Field took 0.00104ms
typeclass inference of Field took 0.00104ms
typeclass inference of Field took 0.00102ms
typeclass inference of Field took 0.00102ms
typeclass inference of Field took 0.00209ms
typeclass inference of Field took 0.00119ms
typeclass inference of Field took 0.00119ms
typeclass inference of Field took 0.0011ms
typeclass inference of Field took 0.00165ms
typeclass inference of Field took 0.00109ms
typeclass inference of Field took 0.00107ms
typeclass inference of Field took 0.00104ms
typeclass inference of Field took 0.00149ms
typeclass inference of Field took 0.00111ms
typeclass inference of Field took 0.00103ms
typeclass inference of Field took 0.000982ms
typeclass inference of Field took 0.001ms
typeclass inference of Field took 0.00101ms
typeclass inference of Field took 0.000982ms
typeclass inference of Field took 0.00198ms
typeclass inference of Field took 0.00113ms
typeclass inference of Field took 0.00128ms
typeclass inference of Field took 0.00112ms
typeclass inference of Field took 0.00104ms
typeclass inference of Field took 0.0011ms
typeclass inference of Field took 0.00106ms
typeclass inference of Field took 0.00116ms
typeclass inference of Field took 0.00104ms
typeclass inference of Field took 0.00186ms
typeclass inference of Field took 0.0011ms
typeclass inference of Field took 0.00109ms
typeclass inference of Field took 0.00109ms
typeclass inference of Field took 0.00108ms
typeclass inference of Field took 0.00107ms
typeclass inference of Field took 0.00105ms
typeclass inference of Field took 0.00136ms
typeclass inference of Field took 0.00193ms
typeclass inference of Field took 0.00114ms
typeclass inference of Field took 0.0011ms
typeclass inference of Field took 0.00106ms
typeclass inference of Field took 0.00108ms
typeclass inference of Field took 0.00111ms
typeclass inference of Field took 0.000992ms
typeclass inference of Field took 0.00169ms
typeclass inference of Field took 0.00107ms
typeclass inference of Field took 0.00115ms
typeclass inference of Field took 0.00111ms
typeclass inference of Field took 0.00104ms
typeclass inference of Field took 0.00102ms
typeclass inference of Field took 0.0017ms
typeclass inference of Field took 0.00118ms
typeclass inference of Field took 0.00124ms
typeclass inference of Field took 0.00104ms
typeclass inference of Field took 0.000982ms
typeclass inference of Field took 0.0053ms
typeclass inference of Field took 0.00114ms
typeclass inference of Field took 0.00109ms
typeclass inference of Field took 0.00107ms
typeclass inference of Field took 0.00141ms
typeclass inference of Field took 0.00116ms
typeclass inference of Field took 0.00104ms
typeclass inference of Field took 0.00222ms
typeclass inference of Field took 0.00206ms
typeclass inference of Field took 0.00118ms
typeclass inference of Field took 0.00141ms
typeclass inference of Field took 0.00111ms
typeclass inference of Field took 0.00113ms
typeclass inference of Field took 0.00107ms
typeclass inference of Field took 0.00105ms
typeclass inference of Field took 0.00108ms
typeclass inference of Field took 0.00103ms
typeclass inference of Field took 0.00165ms
typeclass inference of Field took 0.0011ms
typeclass inference of Field took 0.00199ms
typeclass inference of Field took 0.00112ms
typeclass inference of Field took 0.00143ms
typeclass inference of Field took 0.00108ms
typeclass inference of Field took 0.00102ms
typeclass inference of Field took 0.00103ms
typeclass inference of Field took 0.00103ms
typeclass inference of Field took 0.00102ms
typeclass inference of Field took 0.00119ms
typeclass inference of Field took 0.0042ms
typeclass inference of Field took 0.00115ms
typeclass inference of Field took 0.0015ms
typeclass inference of Field took 0.00102ms
typeclass inference of Field took 0.00108ms
typeclass inference of Field took 0.00101ms
typeclass inference of Field took 0.00162ms
typeclass inference of Field took 0.00101ms
typeclass inference of Field took 0.00131ms
typeclass inference of Field took 0.00107ms
typeclass inference of Field took 0.00103ms
typeclass inference of Field took 0.00102ms
typeclass inference of Field took 0.00102ms
typeclass inference of Field took 0.001ms
typeclass inference of Field took 0.000942ms
typeclass inference of Field took 0.00261ms
typeclass inference of Field took 0.00123ms
typeclass inference of Field took 0.00112ms
typeclass inference of Field took 0.00114ms
typeclass inference of Field took 0.000992ms
typeclass inference of Field took 0.00106ms
typeclass inference of Field took 0.00129ms
typeclass inference of Field took 0.00109ms
typeclass inference of Field took 0.00126ms
typeclass inference of Field took 0.00283ms
typeclass inference of Field took 0.00113ms
typeclass inference of Field took 0.0011ms
typeclass inference of Field took 0.00103ms
typeclass inference of Field took 0.00103ms
typeclass inference of Field took 0.00117ms
typeclass inference of Field took 0.00105ms
typeclass inference of Field took 0.00108ms
typeclass inference of Field took 0.00198ms
typeclass inference of Field took 0.0011ms
typeclass inference of Field took 0.00109ms
typeclass inference of Field took 0.00105ms
typeclass inference of Field took 0.00101ms
typeclass inference of Field took 0.00105ms
typeclass inference of Field took 0.000992ms
typeclass inference of Field took 0.00237ms
typeclass inference of Field took 0.00111ms
typeclass inference of Field took 0.00104ms
typeclass inference of Field took 0.00105ms
typeclass inference of Field took 0.001ms
typeclass inference of Field took 0.00118ms
typeclass inference of Field took 0.00186ms
typeclass inference of Field took 0.00111ms
typeclass inference of Field took 0.00133ms
typeclass inference of Field took 0.00103ms
typeclass inference of Field took 0.00101ms
typeclass inference of Field took 0.00153ms
typeclass inference of Field took 0.00105ms
typeclass inference of Field took 0.00106ms
typeclass inference of Field took 0.00104ms
typeclass inference of Field took 0.0014ms
typeclass inference of Field took 0.0012ms
typeclass inference of Field took 0.00104ms
sym typeclass inference of Lean.Grind.PowIdentity took 12.5ms
sym typeclass inference of HSub took 0.0154ms
sym canon took 0.0252ms
sym typeclass inference of HMul took 0.00771ms
sym canon took 0.00639ms
sym typeclass inference of Lean.Grind.ToInt took 0.0741ms
sym typeclass inference of LE took 4.12ms
sym typeclass inference of LT took 3.24ms
sym typeclass inference of LE took 0.00365ms
congr simp thm took 0.00307ms
congr simp thm took 0.000732ms
congr simp thm took 0.000311ms
congr simp thm took 0.000641ms
congr simp thm took 0.00852ms
grind simp took 0.679ms
grind mark subsingleton took 0.154ms
typeclass inference of CategoryTheory.CartesianMonoidalCategory took 0.0633ms
typeclass inference of CategoryTheory.CartesianMonoidalCategory took 0.00504ms
sym typeclass inference of HPow took 2.42ms
sym typeclass inference of OfNat took 0.941ms
sym typeclass inference of OfNat took 0.0437ms
sym canon took 0.237ms
grind mark subsingleton took 0.00176ms
sym canon took 0.000411ms
grind mark subsingleton took 0.000631ms
sym canon took 0.000221ms
grind mark subsingleton took 0.000441ms
sym canon took 0.000161ms
grind mark subsingleton took 0.0189ms
sym typeclass inference of Pow took 0.179ms
sym canon took 0.215ms
grind mark subsingleton took 0.00135ms
sym canon took 0.000451ms
grind mark subsingleton took 0.000591ms
sym canon took 0.0002ms
grind mark subsingleton took 0.000421ms
sym canon took 0.00015ms
grind mark subsingleton took 0.00557ms
sym canon took 0.00033ms
sym typeclass inference of Lean.Grind.CommRing took 0.742ms
sym typeclass inference of Lean.Grind.CommSemiring took 0.03ms
sym typeclass inference of Lean.Grind.Semiring took 0.0846ms
sym canon took 0.0242ms
typeclass inference of Lean.Grind.CommSemiring took 0.0184ms
sym typeclass inference of Lean.Grind.CommRing took 0.0849ms
sym typeclass inference of Lean.Grind.IsCharP took 0.566ms
typeclass inference of Lean.Grind.CommSemiring took 0.0151ms
sym typeclass inference of Lean.Grind.NatModule took 5.54ms
sym typeclass inference of Lean.Grind.NoNatZeroDivisors took 0.384ms
sym typeclass inference of Lean.Grind.Field took 0.411ms
typeclass inference of Lean.Grind.CommSemiring took 0.0224ms
typeclass inference of Lean.Grind.CommSemiring took 0.126ms
typeclass inference of Field took 0.32ms
typeclass inference of Field took 0.00274ms
typeclass inference of Field took 0.00155ms
typeclass inference of Field took 0.00121ms
typeclass inference of Field took 0.00244ms
typeclass inference of Field took 0.0015ms
typeclass inference of Field took 0.00126ms
typeclass inference of Field took 0.00103ms
sym typeclass inference of Lean.Grind.PowIdentity took 1.42ms
sym typeclass inference of Lean.Grind.CommRing took 0.0389ms
sym typeclass inference of Lean.Grind.IsCharP took 0.13ms
sym typeclass inference of Lean.Grind.NatModule took 0.111ms
sym typeclass inference of Lean.Grind.NoNatZeroDivisors took 1ms
sym typeclass inference of Lean.Grind.Field took 0.354ms
typeclass inference of Lean.Grind.CommSemiring took 0.0843ms
typeclass inference of Field took 0.422ms
typeclass inference of Field took 0.00242ms
typeclass inference of Field took 0.00161ms
typeclass inference of Field took 0.00233ms
typeclass inference of Field took 0.00161ms
typeclass inference of Field took 0.00116ms
sym typeclass inference of Lean.Grind.PowIdentity took 0.844ms
sym typeclass inference of NatCast took 0.0393ms
sym typeclass inference of NatCast took 0.00322ms
sym canon took 0.0291ms
sym typeclass inference of LE took 0.000281ms
typeclass inference of Preorder took 1.23ms
typeclass inference of Std.IsPreorder took 0.545ms
typeclass inference of PartialOrder took 1.11ms
typeclass inference of Std.IsPartialOrder took 0.154ms
typeclass inference of Std.LinearPreorderPackage took 0.0639ms
typeclass inference of Std.LinearPreorderPackage took 0.00217ms
typeclass inference of Std.LinearPreorderPackage took 0.00137ms
typeclass inference of Std.IsLinearPreorder took 0.345ms
sym typeclass inference of LT took 0.00033ms
sym typeclass inference of LE took 0.00024ms
sym canon took 0.0211ms
typeclass inference of Std.LawfulOrderLT took 0.0548ms
sym typeclass inference of LT took 0.00021ms
sym canon took 0.0182ms
sym typeclass inference of Lean.Grind.OrderedRing took 0.11ms
typeclass inference of OfNat took 0.0566ms
typeclass inference of OfNat took 0.0319ms
sym typeclass inference of HAdd took 0.00022ms
sym typeclass inference of HAdd took 0.00022ms
sym canon took 0.0253ms
typeclass inference of OfNat took 0.00311ms
sym typeclass inference of IntCast took 0.0365ms
sym typeclass inference of IntCast took 0.00264ms
sym canon took 0.0165ms
typeclass inference of OfNat took 0.00453ms
typeclass inference of OfNat took 0.047ms
typeclass inference of OfNat took 0.00209ms
sym typeclass inference of HPow took 0.00651ms
sym canon took 0.0123ms
congr simp thm took 0.00729ms
congr simp thm took 0.00589ms
congr simp thm took 0.000811ms
congr simp thm took 0.000631ms
grind simp took 0.65ms
grind mark subsingleton took 0.0261ms
sym typeclass inference of LE took 0.000712ms
sym typeclass inference of OfNat took 0.0719ms
sym canon took 0.149ms
typeclass inference of OfNat took 0.0659ms
typeclass inference of OfNat took 0.039ms
typeclass inference of OfNat took 0.0028ms
typeclass inference of OfNat took 0.00185ms
congr simp thm took 0.00511ms
congr simp thm took 0.00033ms
congr simp thm took 0.000701ms
congr simp thm took 0.000701ms
congr simp thm took 0.00426ms
typeclass inference of Decidable took 0.13ms
congr simp thm took 0.000631ms
grind simp took 0.781ms
grind mark subsingleton took 0.0145ms
sym typeclass inference of OfNat took 0.0516ms
sym canon took 0.0807ms
typeclass inference of OfNat took 0.0463ms
typeclass inference of OfNat took 0.0383ms
typeclass inference of OfNat took 0.0024ms
typeclass inference of OfNat took 0.00154ms
congr simp thm took 0.000551ms
congr simp thm took 0.000221ms
congr simp thm took 0.000551ms
congr simp thm took 0.000311ms
typeclass inference of Decidable took 0.117ms
congr simp thm took 0.000731ms
grind simp took 0.313ms
grind mark subsingleton took 0.0139ms
sym canon took 0.0633ms
typeclass inference of OfNat took 0.0722ms
typeclass inference of OfNat took 0.0416ms
typeclass inference of OfNat took 0.00222ms
typeclass inference of OfNat took 0.00218ms
congr simp thm took 0.000551ms
congr simp thm took 0.0002ms
congr simp thm took 0.000681ms
congr simp thm took 0.00031ms
typeclass inference of Decidable took 0.139ms
congr simp thm took 0.000602ms
grind simp took 0.461ms
grind mark subsingleton took 0.0194ms
sym typeclass inference of OfNat took 0.0635ms
sym canon took 0.121ms
typeclass inference of OfNat took 0.0608ms
typeclass inference of OfNat took 0.0369ms
typeclass inference of OfNat took 0.00217ms
typeclass inference of OfNat took 0.00142ms
congr simp thm took 0.00189ms
grind simp took 0.261ms
grind mark subsingleton took 0.0156ms
sym typeclass inference of OfNat took 0.0477ms
sym canon took 0.0231ms
typeclass inference of OfNat took 0.05ms
typeclass inference of OfNat took 0.0355ms
typeclass inference of OfNat took 0.00219ms
congr simp thm took 0.000711ms
grind simp took 0.154ms
grind mark subsingleton took 0.0481ms
sym canon took 0.219ms
congr simp thm took 0.000592ms
congr simp thm took 0.000431ms
grind simp took 0.223ms
grind mark subsingleton took 0.193ms
sym typeclass inference of HAdd took 1.61ms
sym canon took 0.132ms
sym typeclass inference of HAdd took 0.00622ms
sym canon took 0.00957ms
congr simp thm took 0.00158ms
congr simp thm took 0.001ms
congr simp thm took 0.000481ms
congr simp thm took 0.000661ms
grind simp took 0.478ms
grind mark subsingleton took 0.0285ms
sym typeclass inference of OfNat took 0.0691ms
sym canon took 0.0316ms
typeclass inference of OfNat took 0.0628ms
typeclass inference of OfNat took 0.0442ms
typeclass inference of OfNat took 0.00379ms
congr simp thm took 0.000791ms
congr simp thm took 0.000551ms
congr simp thm took 0.000581ms
grind simp took 0.303ms
grind mark subsingleton took 0.113ms
sym typeclass inference of OfNat took 0.0814ms
sym canon took 0.184ms
typeclass inference of OfNat took 0.056ms
typeclass inference of OfNat took 0.0415ms
typeclass inference of OfNat took 0.00284ms
congr simp thm took 0.00117ms
congr simp thm took 0.000391ms
congr simp thm took 0.00049ms
congr simp thm took 0.000581ms
congr simp thm took 0.00032ms
congr simp thm took 0.000331ms
grind simp took 0.405ms
grind mark subsingleton took 0.0387ms
sym typeclass inference of HAdd took 0.00034ms
sym typeclass inference of HMul took 0.00015ms
sym typeclass inference of OfNat took 0.0589ms
sym canon took 0.0787ms
sym typeclass inference of HMul took 0.000421ms
sym typeclass inference of HMul took 0.00027ms
sym canon took 0.0138ms
typeclass inference of OfNat took 0.0466ms
typeclass inference of OfNat took 0.00248ms
typeclass inference of OfNat took 0.0372ms
typeclass inference of OfNat took 0.00192ms
congr simp thm took 0.000791ms
congr simp thm took 0.000371ms
congr simp thm took 0.0004ms
congr simp thm took 0.000461ms
congr simp thm took 0.000661ms
congr simp thm took 0.000331ms
grind simp took 0.715ms
grind mark subsingleton took 0.105ms
sym canon took 0.0781ms
sym typeclass inference of HMul took 0.000582ms
sym canon took 0.00657ms
congr simp thm took 0.00111ms
congr simp thm took 0.000421ms
congr simp thm took 0.00255ms
congr simp thm took 0.000381ms
congr simp thm took 0.000301ms
congr simp thm took 0.000291ms
congr simp thm took 0.000551ms
congr simp thm took 0.000241ms
congr simp thm took 0.0002ms
congr simp thm took 0.000241ms
grind simp took 0.528ms
grind mark subsingleton took 0.0394ms
sym canon took 0.0345ms
typeclass inference of OfNat took 0.064ms
typeclass inference of OfNat took 0.00276ms
typeclass inference of OfNat took 0.0374ms
typeclass inference of OfNat took 0.00196ms
congr simp thm took 0.000742ms
congr simp thm took 0.000331ms
congr simp thm took 0.000351ms
congr simp thm took 0.00039ms
congr simp thm took 0.000331ms
congr simp thm took 0.000291ms
congr simp thm took 0.00027ms
congr simp thm took 0.000661ms
congr simp thm took 0.000321ms
congr simp thm took 0.00032ms
grind simp took 0.645ms
grind mark subsingleton took 0.122ms
sym canon took 0.0832ms
sym typeclass inference of HAdd took 0.000491ms
sym canon took 0.00731ms
congr simp thm took 0.000712ms
congr simp thm took 0.000461ms
congr simp thm took 0.000441ms
congr simp thm took 0.000611ms
congr simp thm took 0.00033ms
congr simp thm took 0.000371ms
typeclass inference of Decidable took 0.134ms
congr simp thm took 0.000691ms
congr simp thm took 0.00033ms
grind simp took 0.508ms
grind mark subsingleton took 0.0253ms
sym typeclass inference of OfNat took 0.0616ms
sym canon took 0.0351ms
typeclass inference of OfNat took 0.0493ms
typeclass inference of OfNat took 0.0336ms
typeclass inference of OfNat took 0.0022ms
typeclass inference of OfNat took 0.00136ms
sym typeclass inference of Neg took 0.0575ms
sym typeclass inference of OfNat took 0.00497ms
sym canon took 0.127ms
sym typeclass inference of Neg took 0.00314ms
sym canon took 0.00328ms
typeclass inference of OfNat took 0.0038ms
grind mark subsingleton took 0.051ms
sym canon took 0.0013ms
sym canon took 0.00108ms
typeclass inference of OfNat took 0.00447ms
grind mark subsingleton took 0.0235ms
sym canon took 0.00131ms
congr simp thm took 0.00494ms
congr simp thm took 0.000471ms
congr simp thm took 0.000371ms
congr simp thm took 0.000681ms
congr simp thm took 0.000311ms
congr simp thm took 0.000351ms
congr simp thm took 0.000701ms
congr simp thm took 0.000311ms
grind simp took 0.483ms
grind mark subsingleton took 0.0212ms
sym canon took 0.0106ms
sym typeclass inference of OfNat took 0.0573ms
sym canon took 0.0838ms
typeclass inference of OfNat took 0.00346ms
grind mark subsingleton took 0.0395ms
sym canon took 0.00173ms
sym canon took 0.00114ms
typeclass inference of OfNat took 0.0057ms
grind mark subsingleton took 0.0379ms
sym canon took 0.00225ms
grind took 19.1ms
instantiate metavars took 0.0452ms
tactic execution of Lean.Parser.Tactic.grind took 1.52ms
tactic execution of Lean.Parser.Tactic.tacticSeq1Indented took 0.0165ms
tactic execution of Lean.Parser.Tactic.tacticSeq took 0.00948ms
tactic execution of Lean.Parser.Tactic.paren took 0.013ms
tactic execution of Lean.Parser.Tactic.withAnnotateState took 0.015ms
tactic execution of Lean.Parser.Tactic.tacticSeq1Indented took 0.014ms
tactic execution of Lean.Parser.Tactic.tacticSeq took 0.00726ms
tactic execution of Lean.Parser.Tactic.case took 0.0495ms
tactic execution of Lean.Parser.Tactic.tacticSeq1Indented took 0.0161ms
tactic execution of Lean.Parser.Tactic.tacticSeq took 0.00786ms
tactic execution of Lean.Parser.Tactic.focus took 0.0132ms
tactic execution of Lean.Parser.Tactic.tacticHave__ took 0.0605ms
typeclass inference of HMul took 1.37ms
typeclass inference of HMul took 1.26ms
typeclass inference of HMul took 0.172ms
typeclass inference of HMul took 0.155ms
tactic execution of Lean.Parser.Tactic.refine took 1.35ms
tactic execution of Lean.Parser.Tactic.rotateRight took 0.0124ms
tactic execution of Lean.Parser.Tactic.tacticSeq1Indented took 0.0205ms
tactic execution of Lean.Parser.Tactic.tacticSeq took 0.00681ms
tactic execution of Lean.Parser.Tactic.paren took 0.0118ms
tactic execution of Lean.Parser.Tactic.tacticSeq1Indented took 0.0113ms
tactic execution of Lean.Parser.Tactic.tacticSeq took 0.0165ms
tactic execution of Lean.Parser.Tactic.focus took 0.0288ms
tactic execution of Lean.Parser.Tactic.tacticRefine_lift_ took 0.0228ms
tactic execution of Lean.Parser.Tactic.tacticHave__ took 0.0968ms
tactic execution of Lean.Parser.Tactic.rewriteSeq took 1.11ms
tactic execution of Lean.Parser.Tactic.exact took 0.153ms
tactic execution of Lean.Parser.Tactic.exact took 0.133ms
tactic execution of Lean.Parser.Tactic.eqRefl took 0.0256ms
tactic execution of Lean.Parser.Tactic.tacticRfl took 0.0611ms
tactic execution of Lean.Parser.Tactic.tacticSeq1Indented took 0.00885ms
tactic execution of Lean.Parser.Tactic.tacticSeq took 0.00451ms
tactic execution of Lean.Parser.Tactic.withReducible took 0.0108ms
tactic execution of Lean.Parser.Tactic.tacticSeq1Indented took 0.00531ms
tactic execution of Lean.Parser.Tactic.tacticSeq took 0.00528ms
tactic execution of Lean.Parser.Tactic.paren took 0.00398ms
tactic execution of Lean.Parser.Tactic.tacticSeq1Indented took 0.00456ms
tactic execution of Lean.Parser.Tactic.tacticSeq took 0.00411ms
tactic execution of Lean.Parser.Tactic.first took 0.0104ms
tactic execution of Lean.Parser.Tactic.tacticTry_ took 0.0145ms
tactic execution of Lean.Parser.Tactic.tacticSeq1Indented took 0.00698ms
tactic execution of Lean.Parser.Tactic.tacticSeq took 0.0133ms
tactic execution of Lean.Parser.Tactic.paren took 0.00543ms
tactic execution of Lean.Parser.Tactic.withAnnotateState took 0.0362ms
tactic execution of Lean.Parser.Tactic.tacticSeq1Indented took 0.027ms
tactic execution of Lean.Parser.Tactic.tacticSeq took 0.0119ms
tactic execution of Lean.Parser.Tactic.paren took 0.0114ms
tactic execution of Lean.Parser.Tactic.rwSeq took 0.0862ms
tactic execution of Lean.Parser.Tactic.tacticSeq1Indented took 0.167ms
tactic execution of Lean.Parser.Tactic.tacticSeq took 0.0315ms
instantiate metavars took 0.498ms
instantiate metavars took 0.000742ms
instantiate metavars took 0.000381ms
instantiate metavars took 0.00013ms
instantiate metavars took 0.0001ms
share common exprs took 4.29ms
fix level params took 0.0858ms
let-to-have transformation took 0.0113ms
attribute application took 0.00661ms
attribute application took 0.00109ms
process pre-definitions took 1.52ms
elaboration took 3.01ms
type checking took 0.22ms
type checking took 6.02ms
type checking took 8ms
type checking took 9.55ms
type checking took 8.1ms
type checking took 8.16ms
overlappingInstancesLinter took 0.339ms
tacticAnalysis took 3.91ms
linting took 12.4ms
attribute application took 0.00228ms
typeclass inference of OfNat took 0.0695ms
typeclass inference of OfNat took 0.0469ms
typeclass inference of HSub took 0.994ms
typeclass inference of HMul took 0.902ms
typeclass inference of HMul took 0.848ms
typeclass inference of HSub took 0.737ms
typeclass inference of OfNat took 0.774ms
typeclass inference of OfNat took 0.0687ms
typeclass inference of OfNat took 0.0429ms
typeclass inference of OfNat took 0.0396ms
typeclass inference of OfNat took 0.0313ms
typeclass inference of OfNat took 0.0388ms
typeclass inference of OfNat took 0.0369ms
typeclass inference of OfNat took 0.0287ms
typeclass inference of OfNat took 0.0291ms
typeclass inference of HSub took 0.00422ms
typeclass inference of HSub took 0.00237ms
typeclass inference of HMul took 0.00269ms
typeclass inference of HSub took 0.0344ms
typeclass inference of HPow took 0.182ms
typeclass inference of HMul took 0.0824ms
typeclass inference of HSub took 0.0523ms
typeclass inference of OfNat took 0.871ms
typeclass inference of OfNat took 0.0532ms
typeclass inference of OfNat took 0.00414ms
typeclass inference of HPow took 0.146ms
typeclass inference of HMul took 0.0801ms
typeclass inference of HSub took 0.0599ms
typeclass inference of OfNat took 0.0546ms
typeclass inference of HPow took 0.112ms
typeclass inference of HMul took 0.0565ms
typeclass inference of HSub took 0.0434ms
typeclass inference of OfNat took 0.0651ms
typeclass inference of OfNat took 0.0575ms
typeclass inference of OfNat took 0.0378ms
typeclass inference of OfNat took 0.0402ms
typeclass inference of HPow took 0.171ms
typeclass inference of LE took 0.031ms
typeclass inference of OfNat took 0.0358ms
typeclass inference of OfNat took 0.0472ms
typeclass inference of HPow took 0.113ms
typeclass inference of OfNat took 0.0646ms
typeclass inference of HPow took 0.105ms
typeclass inference of OfNat took 0.0561ms
typeclass inference of OfNat took 0.0415ms
typeclass inference of OfNat took 0.0339ms
typeclass inference of OfNat took 0.031ms
typeclass inference of HPow took 0.133ms
typeclass inference of LT took 0.0551ms
typeclass inference of OfNat took 0.00428ms
typeclass inference of OfNat took 0.0538ms
typeclass inference of HPow took 0.141ms
typeclass inference of OfNat took 0.0855ms
typeclass inference of HPow took 0.216ms
typeclass inference of OfNat took 0.0629ms
typeclass inference of OfNat took 0.045ms
typeclass inference of OfNat took 0.0349ms
typeclass inference of OfNat took 0.03ms
typeclass inference of HPow took 0.133ms
typeclass inference of LT took 0.00427ms
typeclass inference of OfNat took 0.00279ms
typeclass inference of OfNat took 0.0497ms
typeclass inference of HPow took 0.118ms
typeclass inference of OfNat took 0.0459ms
typeclass inference of HPow took 0.113ms
typeclass inference of OfNat took 0.0559ms
typeclass inference of OfNat took 0.0425ms
typeclass inference of OfNat took 0.0333ms
typeclass inference of OfNat took 0.0299ms
typeclass inference of HPow took 0.145ms
typeclass inference of LT took 0.00396ms
typeclass inference of OfNat took 0.00272ms
typeclass inference of OfNat took 0.0478ms
typeclass inference of HPow took 0.11ms
typeclass inference of OfNat took 0.0366ms
typeclass inference of HPow took 0.119ms
typeclass inference of OfNat took 0.0696ms
typeclass inference of OfNat took 0.0657ms
typeclass inference of OfNat took 0.0508ms
typeclass inference of OfNat took 0.0353ms
typeclass inference of HMul took 0.134ms
typeclass inference of HAdd took 0.139ms
typeclass inference of HMul took 0.00321ms
typeclass inference of HMul took 0.154ms
typeclass inference of HPow took 0.156ms
typeclass inference of HMul took 0.0575ms
typeclass inference of HAdd took 0.0532ms
typeclass inference of OfNat took 0.00374ms
typeclass inference of OfNat took 0.0529ms
typeclass inference of HPow took 0.134ms
typeclass inference of HMul took 0.0871ms
typeclass inference of HAdd took 0.0836ms
typeclass inference of OfNat took 0.0702ms
typeclass inference of HPow took 0.112ms
typeclass inference of HMul took 0.0657ms
typeclass inference of HAdd took 0.0444ms
typeclass inference of OfNat took 0.0439ms
typeclass inference of HPow took 0.117ms
typeclass inference of HMul took 0.0518ms
typeclass inference of HSub took 0.0529ms
typeclass inference of OfNat took 0.0399ms
typeclass inference of HPow took 0.105ms
typeclass inference of OfNat took 0.037ms
typeclass inference of HPow took 0.115ms
typeclass inference of OfNat took 0.0364ms
typeclass inference of HPow took 0.103ms
typeclass inference of OfNat took 0.0362ms
typeclass inference of HPow took 0.103ms
typeclass inference of OfNat took 0.0362ms
typeclass inference of HPow took 0.103ms
typeclass inference of HMul took 0.048ms
typeclass inference of HAdd took 0.0433ms
typeclass inference of OfNat took 0.0367ms
typeclass inference of HPow took 0.104ms
typeclass inference of HMul took 0.0495ms
typeclass inference of HSub took 0.0454ms
typeclass inference of OfNat took 0.0374ms
typeclass inference of HPow took 0.114ms
typeclass inference of OfNat took 0.0362ms
typeclass inference of HPow took 0.103ms
typeclass inference of OfNat took 0.0358ms
typeclass inference of HPow took 0.101ms
typeclass inference of OfNat took 0.0359ms
typeclass inference of HPow took 0.0995ms
typeclass inference of OfNat took 0.035ms
typeclass inference of HPow took 0.0981ms
typeclass inference of HMul took 0.0473ms
typeclass inference of HAdd took 0.0473ms
typeclass inference of Pow took 0.039ms
typeclass inference of CategoryTheory.CartesianMonoidalCategory took 0.0655ms
typeclass inference of CategoryTheory.CartesianMonoidalCategory took 0.0045ms
typeclass inference of NPow took 2.04ms
typeclass inference of OfNat took 0.0469ms
typeclass inference of HMul took 0.0423ms
typeclass inference of HSub took 0.00516ms
typeclass inference of OfNat took 0.0524ms
typeclass inference of HPow took 0.121ms
typeclass inference of OfNat took 0.0387ms
typeclass inference of HPow took 0.124ms
typeclass inference of OfNat took 0.0379ms
typeclass inference of HPow took 0.122ms
typeclass inference of OfNat took 0.0537ms
typeclass inference of HPow took 0.107ms
typeclass inference of OfNat took 0.0365ms
typeclass inference of HPow took 0.113ms
typeclass inference of HMul took 0.0524ms
typeclass inference of HAdd took 0.0467ms
typeclass inference of OfNat took 0.038ms
typeclass inference of HPow took 0.119ms
typeclass inference of OfNat took 0.0525ms
typeclass inference of HPow took 0.106ms
typeclass inference of OfNat took 0.0366ms
typeclass inference of HPow took 0.113ms
typeclass inference of OfNat took 0.0614ms
typeclass inference of HPow took 0.133ms
typeclass inference of OfNat took 0.0362ms
typeclass inference of HPow took 0.107ms
typeclass inference of HMul took 0.0535ms
typeclass inference of HAdd took 0.0452ms
typeclass inference of OfNat took 0.0378ms
typeclass inference of HPow took 0.107ms
typeclass inference of OfNat took 0.0357ms
typeclass inference of HPow took 0.103ms
typeclass inference of OfNat took 0.0352ms
typeclass inference of HPow took 0.102ms
typeclass inference of OfNat took 0.0349ms
typeclass inference of HPow took 0.101ms
typeclass inference of OfNat took 0.0355ms
typeclass inference of HPow took 0.102ms
typeclass inference of HMul took 0.0488ms
typeclass inference of HAdd took 0.0458ms
typeclass inference of Pow took 0.0417ms
typeclass inference of NPow took 0.0891ms
typeclass inference of OfNat took 0.0368ms
typeclass inference of OfNat took 0.0413ms
typeclass inference of HPow took 0.111ms
typeclass inference of OfNat took 0.0379ms
typeclass inference of HPow took 0.104ms
typeclass inference of OfNat took 0.0366ms
typeclass inference of HPow took 0.104ms
typeclass inference of OfNat took 0.0365ms
typeclass inference of HPow took 0.103ms
typeclass inference of HMul took 0.0499ms
typeclass inference of HAdd took 0.0455ms
typeclass inference of OfNat took 0.0459ms
typeclass inference of HPow took 0.108ms
typeclass inference of OfNat took 0.0369ms
typeclass inference of HPow took 0.103ms
typeclass inference of OfNat took 0.0363ms
typeclass inference of HPow took 0.102ms
typeclass inference of OfNat took 0.0358ms
typeclass inference of HPow took 0.103ms
typeclass inference of HMul took 0.0498ms
typeclass inference of HAdd took 0.0451ms
typeclass inference of OfNat took 0.038ms
typeclass inference of HPow took 0.102ms
typeclass inference of OfNat took 0.036ms
typeclass inference of HPow took 0.107ms
typeclass inference of OfNat took 0.0442ms
typeclass inference of HPow took 0.112ms
typeclass inference of OfNat took 0.0658ms
typeclass inference of HPow took 0.125ms
typeclass inference of HMul took 0.0491ms
typeclass inference of HAdd took 0.0453ms
typeclass inference of Pow took 0.0376ms
typeclass inference of NPow took 0.00332ms
typeclass inference of OfNat took 0.00291ms
typeclass inference of OfNat took 0.0445ms
typeclass inference of HPow took 0.109ms
typeclass inference of OfNat took 0.0369ms
typeclass inference of HPow took 0.111ms
typeclass inference of OfNat took 0.0603ms
typeclass inference of HPow took 0.111ms
typeclass inference of HMul took 0.0506ms
typeclass inference of HAdd took 0.0462ms
typeclass inference of OfNat took 0.0405ms
typeclass inference of HPow took 0.106ms
typeclass inference of OfNat took 0.0399ms
typeclass inference of HPow took 0.105ms
typeclass inference of OfNat took 0.0369ms
typeclass inference of HPow took 0.122ms
typeclass inference of HMul took 0.0519ms
typeclass inference of HAdd took 0.0463ms
typeclass inference of OfNat took 0.0398ms
typeclass inference of HPow took 0.115ms
typeclass inference of OfNat took 0.0407ms
typeclass inference of HPow took 0.114ms
typeclass inference of OfNat took 0.0426ms
typeclass inference of HPow took 0.133ms
typeclass inference of HMul took 0.0693ms
typeclass inference of HAdd took 0.0465ms
typeclass inference of Pow took 0.054ms
typeclass inference of NPow took 0.00795ms
typeclass inference of OfNat took 0.00653ms
typeclass inference of OfNat took 0.0918ms
typeclass inference of HPow took 0.182ms
typeclass inference of OfNat took 0.0575ms
typeclass inference of HPow took 0.117ms
typeclass inference of HMul took 0.0661ms
typeclass inference of HAdd took 0.0543ms
typeclass inference of OfNat took 0.0436ms
typeclass inference of HPow took 0.11ms
typeclass inference of OfNat took 0.0436ms
typeclass inference of HPow took 0.108ms
typeclass inference of HMul took 0.052ms
typeclass inference of HAdd took 0.0451ms
typeclass inference of OfNat took 0.0387ms
typeclass inference of HPow took 0.107ms
typeclass inference of OfNat took 0.0459ms
typeclass inference of HPow took 0.132ms
typeclass inference of HMul took 0.0511ms
typeclass inference of HAdd took 0.0492ms
typeclass inference of Pow took 0.0454ms
typeclass inference of NPow took 0.00564ms
typeclass inference of OfNat took 0.00312ms
typeclass inference of OfNat took 0.044ms
typeclass inference of HPow took 0.111ms
typeclass inference of HMul took 0.0514ms
typeclass inference of HAdd took 0.0512ms
typeclass inference of OfNat took 0.0417ms
typeclass inference of HPow took 0.183ms
typeclass inference of HMul took 0.0985ms
typeclass inference of HAdd took 0.0986ms
typeclass inference of OfNat took 0.0604ms
typeclass inference of HPow took 0.116ms
typeclass inference of HMul took 0.0493ms
typeclass inference of HAdd took 0.055ms
typeclass inference of Pow took 0.0589ms
typeclass inference of NPow took 0.00454ms
typeclass inference of OfNat took 0.00403ms
typeclass inference of HMul took 0.047ms
typeclass inference of HAdd took 0.00626ms
instantiate metavars took 0.093ms
instantiate metavars took 0.00023ms
typeclass inference of AddMonoidWithOne took 0.06ms
norm_num took 0.428ms
typeclass inference of AddMonoidWithOne took 0.00504ms
norm_num took 0.0765ms
norm_num took 0.487ms
typeclass inference of Semiring took 0.0687ms
typeclass inference of AddMonoidWithOne took 0.0033ms
norm_num took 0.066ms
norm_num took 0.729ms
norm_num took 0.0127ms
norm_num took 0.318ms
congr simp thm took 0.0277ms
norm_num took 0.00539ms
norm_num took 0.00249ms
typeclass inference of AddMonoidWithOne took 0.00571ms
norm_num took 0.121ms
typeclass inference of AddMonoidWithOne took 0.00354ms
norm_num took 0.0435ms
norm_num took 0.139ms
typeclass inference of Semiring took 0.00333ms
typeclass inference of AddMonoidWithOne took 0.0028ms
norm_num took 0.044ms
norm_num took 0.189ms
norm_num took 0.00553ms
typeclass inference of Preorder took 0.145ms
typeclass inference of Preorder took 0.0536ms
typeclass inference of AddMonoidWithOne took 0.00487ms
norm_num took 0.105ms
typeclass inference of AddMonoidWithOne took 0.00333ms
norm_num took 0.0427ms
typeclass inference of LT took 0.0344ms
typeclass inference of Semiring took 0.00231ms
typeclass inference of PartialOrder took 0.0365ms
typeclass inference of CommSemiring took 0.0307ms
typeclass inference of IsOrderedRing took 1.16ms
typeclass inference of CharZero took 0.0405ms
norm_num took 0.238ms
tactic execution of Mathlib.Tactic.normNum took 2.35ms
tactic execution of Lean.Parser.Tactic.tacticSeq1Indented took 0.0133ms
tactic execution of Lean.Parser.Tactic.tacticSeq took 0.0238ms
typeclass inference of AddMonoidWithOne took 0.0491ms
norm_num took 0.129ms
typeclass inference of AddMonoidWithOne took 0.00413ms
norm_num took 0.0483ms
norm_num took 0.156ms
typeclass inference of Semiring took 0.0327ms
typeclass inference of AddMonoidWithOne took 0.00284ms
norm_num took 0.0494ms
norm_num took 0.335ms
norm_num took 0.0105ms
norm_num took 0.0856ms
congr simp thm took 0.00442ms
norm_num took 0.00502ms
norm_num took 0.00302ms
typeclass inference of AddMonoidWithOne took 0.00547ms
norm_num took 0.0866ms
typeclass inference of AddMonoidWithOne took 0.00346ms
norm_num took 0.0367ms
norm_num took 0.113ms
typeclass inference of Semiring took 0.00326ms
typeclass inference of AddMonoidWithOne took 0.00222ms
norm_num took 0.0413ms
norm_num took 0.143ms
norm_num took 0.00407ms
typeclass inference of Preorder took 0.135ms
typeclass inference of Preorder took 0.0935ms
typeclass inference of AddMonoidWithOne took 0.00497ms
norm_num took 0.113ms
typeclass inference of AddMonoidWithOne took 0.00354ms
norm_num took 0.0464ms
typeclass inference of LT took 0.0528ms
typeclass inference of Semiring took 0.00313ms
typeclass inference of PartialOrder took 0.0394ms
typeclass inference of CommSemiring took 0.0246ms
typeclass inference of IsOrderedRing took 1.11ms
typeclass inference of CharZero took 0.0419ms
norm_num took 0.315ms
tactic execution of Mathlib.Tactic.normNum took 0.916ms
tactic execution of Lean.Parser.Tactic.tacticSeq1Indented took 0.00935ms
tactic execution of Lean.Parser.Tactic.tacticSeq took 0.0143ms
instantiate metavars took 0.00553ms
instantiate metavars took 0.00034ms
instantiate metavars took 0.00013ms
instantiate metavars took 0.000181ms
instantiate metavars took 0.0001ms
share common exprs took 0.235ms
fix level params took 0.0392ms
attribute application took 0.00279ms
attribute application took 0.000841ms
process pre-definitions took 0.638ms
elaboration took 8.96ms
type checking took 2.71ms
overlappingInstancesLinter took 0.143ms
tacticAnalysis took 0.924ms
linting took 3.57ms
elaboration took 0.165ms
overlappingInstancesLinter took 0.04ms
tacticAnalysis took 0.19ms
linting took 1.39ms
'RmsNorm.carry_stage_lift' depends on axioms: [propext, Classical.choice, Quot.sound]
elaboration took 708ms
overlappingInstancesLinter took 0.0432ms
tacticAnalysis took 0.232ms
linting took 2.02ms
'RmsNorm.carry_stage_lift_production' depends on axioms: [propext, Classical.choice, Quot.sound]
elaboration took 1.2ms
overlappingInstancesLinter took 0.0599ms
tacticAnalysis took 0.103ms
linting took 0.829ms
elaboration took 0.018ms
overlappingInstancesLinter took 0.0138ms
tacticAnalysis took 0.13ms
linting took 0.791ms
module linting took 0.00131ms
cumulative profiling times:
	attribute application 0.0475ms
	congr simp thm 0.566ms
	elaboration 743ms
	fix level params 0.256ms
	grind 47.4ms
	grind cutsat 0.302ms
	grind mark subsingleton 3.11ms
	grind ring 0.131ms
	grind simp 21.1ms
	instantiate metavars 1.42ms
	interpretation 0.135ms
	let-to-have transformation 0.0905ms
	linting 65ms
	module linting 0.0011ms
	norm_num 10.8ms
	overlappingInstancesLinter 2.2ms
	parsing 6.35ms
	process pre-definitions 4.14ms
	ring 13.4ms
	share common exprs 6.96ms
	simp 1.64ms
	sym canon 7.05ms
	sym typeclass inference 453ms
	tactic execution 133ms
	tacticAnalysis 16.5ms
	type checking 97.4ms
	typeclass inference 357ms
PEAK_RSS_BYTES=688381952
EXIT=0 WALL=4.9s CAP=8G
