parsing took 0.0124ms
parsing took 0.489ms
parsing took 0.411ms
parsing took 0.554ms
overlappingInstancesLinter took 0.0628ms
tacticAnalysis took 0.792ms
linting took 3.31ms
elaboration took 0.305ms
overlappingInstancesLinter took 0.134ms
tacticAnalysis took 0.62ms
linting took 3.74ms
attribute application took 0.00412ms
typeclass inference of HAdd took 0.295ms
typeclass inference of HAdd took 0.133ms
typeclass inference of LT took 0.0303ms
typeclass inference of HAdd took 1.41ms
typeclass inference of HAdd took 0.806ms
typeclass inference of HAdd took 0.00457ms
typeclass inference of HAdd took 0.0333ms
instantiate metavars took 0.00439ms
instantiate metavars took 0.00024ms
let-to-have transformation took 0.00668ms
attribute application took 0.00327ms
attribute application took 0.000481ms
elaboration took 2.2ms
typeclass inference of NeZero took 0.141ms
typeclass inference of NeZero took 0.0405ms
typeclass inference of NeZero took 0.034ms
tactic execution of Lean.Parser.Tactic.rewriteSeq took 0.747ms
tactic execution of Lean.Parser.Tactic.exact took 0.11ms
tactic execution of Lean.Parser.Tactic.exact took 0.0814ms
tactic execution of Lean.Parser.Tactic.eqRefl took 0.0127ms
tactic execution of Lean.Parser.Tactic.tacticRfl took 0.0418ms
tactic execution of Lean.Parser.Tactic.tacticSeq1Indented took 0.00577ms
tactic execution of Lean.Parser.Tactic.tacticSeq took 0.00487ms
tactic execution of Lean.Parser.Tactic.withReducible took 0.00805ms
tactic execution of Lean.Parser.Tactic.tacticSeq1Indented took 0.0063ms
tactic execution of Lean.Parser.Tactic.tacticSeq took 0.00413ms
tactic execution of Lean.Parser.Tactic.paren took 0.00405ms
tactic execution of Lean.Parser.Tactic.tacticSeq1Indented took 0.00504ms
tactic execution of Lean.Parser.Tactic.tacticSeq took 0.00772ms
tactic execution of Lean.Parser.Tactic.first took 0.00688ms
tactic execution of Lean.Parser.Tactic.tacticTry_ took 0.00854ms
tactic execution of Lean.Parser.Tactic.tacticSeq1Indented took 0.00349ms
tactic execution of Lean.Parser.Tactic.tacticSeq took 0.004ms
tactic execution of Lean.Parser.Tactic.paren took 0.00386ms
tactic execution of Lean.Parser.Tactic.withAnnotateState took 0.0166ms
tactic execution of Lean.Parser.Tactic.tacticSeq1Indented took 0.0155ms
tactic execution of Lean.Parser.Tactic.tacticSeq took 0.00448ms
tactic execution of Lean.Parser.Tactic.paren took 0.00667ms
tactic execution of Lean.Parser.Tactic.rwSeq took 0.0216ms
tactic execution of Lean.Parser.Tactic.tacticSeq1Indented took 0.00961ms
tactic execution of Lean.Parser.Tactic.tacticSeq took 0.0178ms
instantiate metavars took 0.00548ms
instantiate metavars took 0.000231ms
instantiate metavars took 0.00013ms
instantiate metavars took 0.000121ms
instantiate metavars took 0.0001ms
share common exprs took 0.0491ms
fix level params took 0.0113ms
let-to-have transformation took 0.00367ms
attribute application took 0.0017ms
attribute application took 0.000651ms
process pre-definitions took 0.137ms
elaboration took 0.3ms
type checking took 0.235ms
overlappingInstancesLinter took 0.387ms
tacticAnalysis took 0.701ms
linting took 3.67ms
attribute application took 0.00162ms
typeclass inference of HMul took 0.215ms
typeclass inference of HMul took 0.152ms
typeclass inference of LT took 0.0286ms
typeclass inference of HMul took 1.13ms
typeclass inference of HMul took 1.14ms
typeclass inference of HMul took 0.00424ms
typeclass inference of HMul took 0.034ms
instantiate metavars took 0.00322ms
instantiate metavars took 0.00019ms
let-to-have transformation took 0.00342ms
attribute application took 0.00131ms
attribute application took 0.000591ms
elaboration took 1.31ms
tactic execution of Lean.Parser.Tactic.rewriteSeq took 0.602ms
tactic execution of Lean.Parser.Tactic.exact took 0.126ms
tactic execution of Lean.Parser.Tactic.exact took 0.104ms
tactic execution of Lean.Parser.Tactic.eqRefl took 0.0108ms
tactic execution of Lean.Parser.Tactic.tacticRfl took 0.0454ms
tactic execution of Lean.Parser.Tactic.tacticSeq1Indented took 0.00687ms
tactic execution of Lean.Parser.Tactic.tacticSeq took 0.00653ms
tactic execution of Lean.Parser.Tactic.withReducible took 0.0145ms
tactic execution of Lean.Parparsing took 1.75ms
ser.Tactic.tacticSeq1Indented took 0.00856ms
tactic execution of Lean.Parser.Tactic.tacticSeq took 0.00562ms
tactic execution of Lean.Parser.Tactic.paren took 0.00575ms
tactic execution of Lean.Parser.Tactic.tacticSeq1Indented took 0.00605ms
tactic execution of Lean.Parser.Tactic.tacticSeq took 0.00768ms
tactic execution of Lean.Parser.Tactic.first took 0.00639ms
tactic execution of Lean.Parser.Tactic.tacticTry_ took 0.00811ms
tactic execution of Lean.Parser.Tactic.tacticSeq1Indented took 0.00426ms
tactic execution of Lean.Parser.Tactic.tacticSeq took 0.00444ms
tactic execution of Lean.Parser.Tactic.paren took 0.00399ms
tactic execution of Lean.Parser.Tactic.withAnnotateState took 0.0139ms
tactic execution of Lean.Parser.Tactic.tacticSeq1Indented took 0.0166ms
tactic execution of Lean.Parser.Tactic.tacticSeq took 0.00639ms
tactic execution of Lean.Parser.Tactic.paren took 0.00801ms
tactic execution of Lean.Parser.Tactic.rwSeq took 0.0126ms
tactic execution of Lean.Parser.Tactic.tacticSeq1Indented took 0.0106ms
tactic execution of Lean.Parser.Tactic.tacticSeq took 0.0295ms
instantiate metavars took 0.00566ms
instantiate metavars took 0.000291ms
instantiate metavars took 0.00018ms
instantiate metavars took 0.00018ms
instantiate metavars took 0.000161ms
share common exprs took 0.0539ms
fix level params took 0.0101ms
let-to-have transformation took 0.00332ms
attribute application took 0.00159ms
attribute application took 0.000821ms
process pre-definitions took 0.0911ms
elaboration took 0.222ms
type checking took 0.369ms
overlappingInstancesLinter took 0.0748ms
tacticAnalysis took 0.458ms
linting took 2.73ms
attribute application took 0.00144ms
typeclass inference of OfNat took 0.125ms
typeclass inference of OfNat took 0.0384ms
typeclass inference of OfNat took 0.0361ms
typeclass inference of HPow took 0.417ms
typeclass inference of LT took 0.0315ms
typeclass inference of OfNat took 0.0535ms
typeclass inference of OfNat took 1.02ms
typeclass inference of CategoryTheory.CartesianMonoidalCategory took 0.0983ms
typeclass inference of CategoryTheory.CartesianMonoidalCategory took 0.00469ms
typeclass inference of HPow took 2.27ms
typeclass inference of OfNat took 0.0639ms
typeclass inference of OfNat took 0.0387ms
typeclass inference of HPow took 0.0354ms
typeclass inference of OfNat took 0.00327ms
instantiate metavars took 0.00392ms
instantiate metavars took 0.00017ms
let-to-have transformation took 0.0045ms
attribute application took 0.00138ms
attribute application took 0.000501ms
elaboration took 1.12ms
typeclass inference of OfNat took 1.33ms
typeclass inference of OfNat took 0.0738ms
typeclass inference of OfNat took 0.0422ms
typeclass inference of HPow took 0.282ms
typeclass inference of CoeT took 0.852ms
typeclass inference of OfNat took 0.0496ms
typeclass inference of CategoryTheory.CartesianMonoidalCategory took 0.0468ms
typeclass inference of CategoryTheory.CartesianMonoidalCategory took 0.00526ms
typeclass inference of HPow took 2.01ms
tactic execution of Lean.Parser.Tactic.refine took 1.19ms
congr simp thm took 0.0292ms
congr simp thm took 0.0328ms
congr simp thm took 0.0211ms
congr simp thm took 0.000591ms
typeclass inference of NatCast took 0.124ms
typeclass inference of NatCast took 0.0438ms
typeclass inference of FunLike took 1.41ms
typeclass inference of One took 0.636ms
typeclass inference of SMul took 0.423ms
typeclass inference of SMul took 0.73ms
typeclass inference of IsSMulApply took 0.0405ms
congr simp thm took 0.043ms
congr simp thm took 0.000441ms
typeclass inference of Semiring took 0.675ms
congr simp thm took 0.000841ms
congr simp thm took 0.00037ms
typeclass inference of Nat.AtLeastTwo took 0.178ms
congr simp thm took 0.000642ms
congr simp thm took 0.00046ms
simp took 1.67ms
simp took 0.004ms
tactic execution of Lean.Parser.Tactic.pushCast took 0.0724ms
tactic execution of Lean.Parser.Tactic.exact took 0.109ms
tactic execution of Lean.Parser.Tactic.exact took 0.0817ms
tactic execution of Lean.Parser.Tactic.eqRefl took 0.49ms
tactic execution of Lean.Parser.Tactic.tacticRfl took 0.0477ms
tactic executioparsing took 1.45ms
n of Lean.Parser.Tactic.tacticSeq1Indented took 0.0143ms
tactic execution of Lean.Parser.Tactic.tacticSeq took 0.00375ms
tactic execution of Lean.Parser.Tactic.paren took 0.00489ms
tactic execution of Lean.Parser.Tactic.withAnnotateState took 0.00783ms
tactic execution of Lean.Parser.Tactic.tacticSeq1Indented took 0.00475ms
tactic execution of Lean.Parser.Tactic.tacticSeq took 0.00551ms
tactic execution of Lean.Parser.Tactic.case took 0.0687ms
tactic execution of Lean.Parser.Tactic.tacticSeq1Indented took 0.021ms
tactic execution of Lean.Parser.Tactic.tacticSeq took 0.00921ms
tactic execution of Lean.Parser.Tactic.focus took 0.0149ms
tactic execution of Lean.Parser.Tactic.tacticHave__ took 0.0298ms
tactic execution of Lean.Parser.Tactic.rewriteSeq took 0.178ms
tactic execution of Lean.Parser.Tactic.exact took 0.102ms
tactic execution of Lean.Parser.Tactic.exact took 0.0789ms
tactic execution of Lean.Parser.Tactic.eqRefl took 0.0287ms
tactic execution of Lean.Parser.Tactic.applyRfl took 0.0185ms
tactic execution of Lean.Parser.Tactic.tacticRfl took 0.0322ms
tactic execution of Lean.Parser.Tactic.tacticSeq1Indented took 0.0128ms
tactic execution of Lean.Parser.Tactic.tacticSeq took 0.00344ms
tactic execution of Lean.Parser.Tactic.withReducible took 0.00503ms
tactic execution of Lean.Parser.Tactic.tacticSeq1Indented took 0.00322ms
tactic execution of Lean.Parser.Tactic.tacticSeq took 0.00266ms
tactic execution of Lean.Parser.Tactic.paren took 0.00304ms
tactic execution of Lean.Parser.Tactic.tacticSeq1Indented took 0.00308ms
tactic execution of Lean.Parser.Tactic.tacticSeq took 0.00277ms
tactic execution of Lean.Parser.Tactic.skip took 0.00297ms
tactic execution of Lean.Parser.Tactic.tacticSeq1Indented took 0.00337ms
tactic execution of Lean.Parser.Tactic.tacticSeq took 0.00327ms
tactic execution of Lean.Parser.Tactic.first took 0.00755ms
tactic execution of Lean.Parser.Tactic.tacticTry_ took 0.00724ms
tactic execution of Lean.Parser.Tactic.tacticSeq1Indented took 0.00288ms
tactic execution of Lean.Parser.Tactic.tacticSeq took 0.00254ms
tactic execution of Lean.Parser.Tactic.paren took 0.0027ms
tactic execution of Lean.Parser.Tactic.withAnnotateState took 0.0123ms
tactic execution of Lean.Parser.Tactic.tacticSeq1Indented took 0.00984ms
tactic execution of Lean.Parser.Tactic.tacticSeq took 0.00465ms
tactic execution of Lean.Parser.Tactic.paren took 0.00445ms
tactic execution of Lean.Parser.Tactic.rwSeq took 0.034ms
tactic execution of Lean.Parser.Tactic.exact took 0.197ms
tactic execution of Lean.Parser.Tactic.tacticSeq1Indented took 0.0256ms
tactic execution of Lean.Parser.Tactic.tacticSeq took 0.0187ms
instantiate metavars took 0.0359ms
instantiate metavars took 0.00026ms
instantiate metavars took 0.000121ms
instantiate metavars took 0.00016ms
instantiate metavars took 0.00011ms
share common exprs took 0.0744ms
fix level params took 0.0156ms
let-to-have transformation took 0.00652ms
attribute application took 0.00247ms
attribute application took 0.000682ms
process pre-definitions took 0.143ms
elaboration took 0.456ms
type checking took 1.71ms
overlappingInstancesLinter took 0.162ms
tacticAnalysis took 1.08ms
linting took 4.25ms
attribute application took 0.0016ms
typeclass inference of OfNat took 0.0633ms
typeclass inference of OfNat took 0.0366ms
typeclass inference of HSub took 0.927ms
typeclass inference of HMul took 1.07ms
typeclass inference of HMul took 0.755ms
typeclass inference of HSub took 0.885ms
typeclass inference of OfNat took 0.809ms
typeclass inference of OfNat took 0.073ms
typeclass inference of OfNat took 0.0409ms
typeclass inference of OfNat took 0.0418ms
typeclass inference of OfNat took 0.0415ms
typeclass inference of OfNat took 0.0451ms
typeclass inference of HSub took 0.00452ms
typeclass inference of HSub took 0.00245ms
typeclass inference of HMul took 0.00244ms
typeclass inference of HSub took 0.0388ms
typeclass inference of CategoryTheory.CartesianMonoidalCategory took 0.0571ms
typeclass inference of CategoryTheory.CartesianMonoidalCategory took 0.00508ms
typeclass inference of HPow took 2.1ms
typecparsing took 0.644ms
parsing took 0.035ms
parsing took 0.0445ms
lass inference of HMul took 0.0376ms
typeclass inference of HSub took 0.0289ms
typeclass inference of OfNat took 0.847ms
typeclass inference of OfNat took 0.00432ms
typeclass inference of OfNat took 0.0776ms
typeclass inference of OfNat took 0.04ms
typeclass inference of HPow took 0.253ms
typeclass inference of LE took 0.0325ms
typeclass inference of OfNat took 0.0561ms
typeclass inference of OfNat took 0.0551ms
typeclass inference of OfNat took 0.039ms
typeclass inference of HPow took 0.0338ms
typeclass inference of LT took 0.0309ms
typeclass inference of OfNat took 0.00277ms
typeclass inference of OfNat took 0.0672ms
typeclass inference of OfNat took 0.0646ms
typeclass inference of HPow took 0.0409ms
typeclass inference of LT took 0.00282ms
typeclass inference of OfNat took 0.00244ms
typeclass inference of OfNat took 0.0585ms
typeclass inference of OfNat took 0.039ms
typeclass inference of HPow took 0.0329ms
typeclass inference of LT took 0.00257ms
typeclass inference of OfNat took 0.00222ms
typeclass inference of OfNat took 0.0515ms
typeclass inference of OfNat took 0.044ms
typeclass inference of HAdd took 0.138ms
typeclass inference of HAdd took 0.142ms
typeclass inference of OfNat took 0.043ms
typeclass inference of OfNat took 0.0419ms
typeclass inference of HPow took 0.0396ms
typeclass inference of LT took 0.00288ms
typeclass inference of OfNat took 0.00252ms
typeclass inference of OfNat took 0.0647ms
typeclass inference of OfNat took 0.0582ms
typeclass inference of HAdd took 0.00599ms
typeclass inference of HAdd took 0.0449ms
typeclass inference of OfNat took 0.0769ms
typeclass inference of OfNat took 0.0549ms
typeclass inference of HPow took 0.0441ms
typeclass inference of LT took 0.00316ms
typeclass inference of OfNat took 0.00926ms
typeclass inference of OfNat took 0.057ms
typeclass inference of OfNat took 0.0435ms
typeclass inference of HMul took 0.142ms
typeclass inference of HAdd took 0.0037ms
typeclass inference of HMul took 0.00217ms
typeclass inference of HMul took 0.144ms
typeclass inference of HPow took 0.0311ms
typeclass inference of HMul took 0.0356ms
typeclass inference of HAdd took 0.0326ms
typeclass inference of OfNat took 0.00269ms
instantiate metavars took 0.0453ms
instantiate metavars took 0.00019ms
let-to-have transformation took 0.0107ms
attribute application took 0.00126ms
attribute application took 0.000451ms
elaboration took 4.89ms
typeclass inference of HMul took 1.47ms
typeclass inference of HMul took 0.815ms
tactic execution of Lean.Parser.Tactic.refine took 0.628ms
typeclass inference of Add took 0.838ms
typeclass inference of AddRightCancelSemigroup took 0.881ms
typeclass inference of IsRightCancelAdd took 5.08ms
typeclass inference of AddGroup took 0.548ms
typeclass inference of CommSemiring took 0.453ms
typeclass inference of CommRing took 0.0419ms
typeclass inference of Semifield took 0.303ms
typeclass inference of Field took 0.285ms
typeclass inference of Field took 0.00292ms
typeclass inference of Field took 0.0031ms
typeclass inference of Field took 0.00251ms
typeclass inference of Field took 0.00133ms
typeclass inference of Field took 0.00116ms
typeclass inference of Field took 0.00108ms
typeclass inference of Field took 0.00122ms
typeclass inference of Field took 0.00104ms
typeclass inference of Field took 0.000962ms
typeclass inference of Field took 0.000912ms
typeclass inference of Field took 0.00102ms
typeclass inference of Field took 0.00215ms
typeclass inference of Field took 0.00113ms
typeclass inference of Field took 0.00111ms
typeclass inference of Field took 0.00103ms
typeclass inference of Field took 0.00115ms
typeclass inference of Field took 0.00102ms
typeclass inference of Field took 0.00101ms
typeclass inference of Field took 0.00109ms
typeclass inference of Field took 0.0018ms
typeclass inference of Field took 0.00109ms
typeclass inference of Field took 0.00114ms
typeclass inference of Field took 0.00101ms
typeclass inference of Field took 0.00104ms
typeclass inference of Field took 0.00112ms
typeclass inference of Field took 0.00102ms
typeclass inference of Field took 0.00182ms
typeclass inference of Field took 0.00111ms
typeclass inference of Field took 0.000992ms
typeclass inference of Semiring took 0.659ms
typeclass inference of RCLike took 0.0105ms
typeclass inference of RCLike took 0.00177ms
typeclass inference of RCLike took 0.00161ms
typeclass inference of RCLike took 0.00232ms
typeclass inference of RCLike took 0.0012ms
typeclass inference of RCLike took 0.00116ms
typeclass inference of RCLike took 0.00112ms
typeclass inference of RCLike took 0.00106ms
typeclass inference of RCLike took 0.00107ms
typeclass inference of RCLike took 0.00104ms
typeclass inference of RCLike took 0.00105ms
typeclass inference of RCLike took 0.00104ms
typeclass inference of RCLike took 0.00171ms
typeclass inference of RCLike took 0.00121ms
typeclass inference of RCLike took 0.00123ms
typeclass inference of RCLike took 0.00109ms
typeclass inference of RCLike took 0.00106ms
typeclass inference of RCLike took 0.00151ms
typeclass inference of RCLike took 0.00116ms
typeclass inference of RCLike took 0.000962ms
typeclass inference of RCLike took 0.00178ms
typeclass inference of RCLike took 0.00115ms
typeclass inference of RCLike took 0.00119ms
typeclass inference of RCLike took 0.00118ms
typeclass inference of RCLike took 0.00124ms
typeclass inference of RCLike took 0.00103ms
typeclass inference of RCLike took 0.00116ms
typeclass inference of RCLike took 0.00154ms
typeclass inference of RCLike took 0.00115ms
typeclass inference of RCLike took 0.00108ms
typeclass inference of Semiring took 0.00426ms
typeclass inference of NonAssocRing took 0.234ms
typeclass inference of Field took 0.00338ms
typeclass inference of Field took 0.00275ms
typeclass inference of Field took 0.00206ms
typeclass inference of Field took 0.00148ms
typeclass inference of Field took 0.00121ms
typeclass inference of Field took 0.00118ms
typeclass inference of Field took 0.00107ms
typeclass inference of Field took 0.00111ms
typeclass inference of Field took 0.00115ms
typeclass inference of Field took 0.00257ms
typeclass inference of Field took 0.00211ms
typeclass inference of Field took 0.0021ms
typeclass inference of Field took 0.00109ms
typeclass inference of Field took 0.0021ms
typeclass inference of Field took 0.00123ms
typeclass inference of Field took 0.00123ms
typeclass inference of Field took 0.00115ms
typeclass inference of Field took 0.000962ms
typeclass inference of Field took 0.00103ms
typeclass inference of Field took 0.000992ms
typeclass inference of Field took 0.000922ms
typeclass inference of Field took 0.00103ms
typeclass inference of Field took 0.00206ms
typeclass inference of Field took 0.00114ms
typeclass inference of Field took 0.00108ms
typeclass inference of Field took 0.00112ms
typeclass inference of Field took 0.00103ms
typeclass inference of Field took 0.001ms
typeclass inference of Field took 0.000992ms
typeclass inference of Field took 0.000981ms
typeclass inference of Field took 0.00183ms
typeclass inference of Field took 0.001ms
typeclass inference of Field took 0.00148ms
typeclass inference of Field took 0.00156ms
typeclass inference of Field took 0.00133ms
typeclass inference of Field took 0.00124ms
typeclass inference of Field took 0.00118ms
typeclass inference of Field took 0.00258ms
typeclass inference of Field took 0.00174ms
typeclass inference of Field took 0.00149ms
typeclass inference of Field took 0.00167ms
typeclass inference of Field took 0.00121ms
typeclass inference of Field took 0.00519ms
typeclass inference of Field took 0.00118ms
typeclass inference of Field took 0.00108ms
typeclass inference of Field took 0.001ms
typeclass inference of Field took 0.00146ms
typeclass inference of Field took 0.00113ms
typeclass inference of Field took 0.00103ms
typeclass inference of Field took 0.00248ms
typeclass inference of Field took 0.00212ms
typeclass inference of Field took 0.00238ms
typeclass inference of Field took 0.00209ms
typeclass inference of Field took 0.00161ms
typeclass inference of Field took 0.0014ms
typeclass inference of Field took 0.00112ms
typeclass inference of Field took 0.00108ms
typeclass inference of Field took 0.00104ms
typeclass inference of Field took 0.001ms
typeclass inference of Field took 0.00105ms
typeclass inference of Field took 0.00304ms
typeclass inference of Field took 0.00125ms
typeclass inference of Field took 0.00108ms
typeclass inference of Field took 0.00168ms
typeclass inference of Field took 0.00105ms
typeclass inference of Field took 0.00292ms
typeclass inference of Field took 0.00151ms
typeclass inference of Field took 0.00134ms
typeclass inference of Field took 0.00128ms
typeclass inference of Field took 0.00158ms
typeclass inference of Field took 0.00179ms
typeclass inference of Field took 0.00129ms
typeclass inference of Semiring took 0.00518ms
typeclass inference of CharZero took 20.2ms
norm_num took 0.12ms
norm_num took 0.00496ms
typeclass inference of AddMonoidWithOne took 0.664ms
norm_num took 1.36ms
norm_num took 0.018ms
norm_num took 0.0046ms
norm_num took 0.00223ms
norm_num took 0.00279ms
typeclass inference of AddMonoidWithOne took 0.00504ms
norm_num took 0.294ms
ring took 3.23ms
tactic execution of Mathlib.Tactic.LinearCombination.linearCombination took 3.24ms
tactic execution of Lean.Parser.Tactic.tacticSeq1Indented took 0.00993ms
tactic execution of Lean.Parser.Tactic.tacticSeq took 0.0059ms
tactic execution of Lean.Parser.Tactic.paren took 0.00591ms
tactic execution of Lean.Parser.Tactic.withAnnotateState took 0.00851ms
tactic execution of Lean.Parser.Tactic.tacticSeq1Indented took 0.00505ms
tactic execution of Lean.Parser.Tactic.tacticSeq took 0.00398ms
tactic execution of Lean.Parser.Tactic.case took 0.0744ms
tactic execution of Lean.Parser.Tactic.tacticSeq1Indented took 0.0182ms
tactic execution of Lean.Parser.Tactic.tacticSeq took 0.0123ms
tactic execution of Lean.Parser.Tactic.focus took 0.0142ms
tactic execution of Lean.Parser.Tactic.tacticHave__ took 0.024ms
typeclass inference of OfNat took 0.0972ms
typeclass inference of OfNat took 0.051ms
typeclass inference of HAdd took 0.988ms
typeclass inference of HMul took 0.821ms
typeclass inference of CategoryTheory.CartesianMonoidalCategory took 0.0502ms
typeclass inference of CategoryTheory.CartesianMonoidalCategory took 0.0123ms
typeclass inference of HPow took 1.94ms
typeclass inference of HMul took 0.811ms
typeclass inference of HAdd took 0.818ms
typeclass inference of OfNat took 0.9ms
tactic execution of Lean.Parser.Tactic.refine took 0.711ms
typeclass inference of Add took 0.944ms
typeclass inference of AddRightCancelSemigroup took 0.758ms
typeclass inference of IsRightCancelAdd took 2.83ms
typeclass inference of AddGroup took 0.587ms
typeclass inference of CommSemiring took 0.45ms
typeclass inference of CommRing took 0.0411ms
typeclass inference of Semifield took 0.307ms
typeclass inference of Field took 0.326ms
typeclass inference of Field took 0.00217ms
typeclass inference of Field took 0.00168ms
typeclass inference of Field took 0.00225ms
typeclass inference of Field took 0.00126ms
typeclass inference of Field took 0.00123ms
typeclass inference of Field took 0.00117ms
typeclass inference of Field took 0.00119ms
typeclass inference of Field took 0.000992ms
typeclass inference of Field took 0.00103ms
typeclass inference of Field took 0.000992ms
typeclass inference of Field took 0.000942ms
typeclass inference of Field took 0.00225ms
typeclass inference of Field took 0.00119ms
typeclass inference of Field took 0.00127ms
typeclass inference of Field took 0.00114ms
typeclass inference of Field took 0.00104ms
typeclass inference of Field took 0.00103ms
typeclass inference of Field took 0.0011ms
typeclass inference of Field took 0.00103ms
typeclass inference of Field took 0.00189ms
typeclass inference of Field took 0.0012ms
typeclass inference of Field took 0.00115ms
typeclass inference of Field took 0.00107ms
typeclass inference of Field took 0.0011ms
typeclass inference of Field took 0.00108ms
typeclass inference of Field took 0.00104ms
typeclass inference of Field took 0.00194ms
typeclass inference of Field took 0.00123ms
typeclass inference of Field took 0.00116ms
typeclass inference of Semiring took 0.7ms
typeclass inference of RCLike took 0.0107ms
typeclass inference of RCLike took 0.00182ms
typeclass inference of RCLike took 0.00142ms
typeclass inference of RCLike took 0.00229ms
typeclass inference of RCLike took 0.00128ms
typeclass inference of RCLike took 0.00134ms
typeclass inference of RCLike took 0.00149ms
typeclass inference of RCLike took 0.00136ms
typeclass inference of RCLike took 0.00113ms
typeclass inference of RCLike took 0.0011ms
typeclass inference of RCLike took 0.00109ms
typeclass inference of RCLike took 0.00105ms
typeclass inference of RCLike took 0.00179ms
typeclass inference of RCLike took 0.00147ms
typeclass inference of RCLike took 0.00145ms
typeclass inference of RCLike took 0.00119ms
typeclass inference of RCLike took 0.00117ms
typeclass inference of RCLike took 0.00107ms
typeclass inference of RCLike took 0.00105ms
typeclass inference of RCLike took 0.000972ms
typeclass inference of RCLike took 0.00186ms
typeclass inference of RCLike took 0.00121ms
typeclass inference of RCLike took 0.00122ms
typeclass inference of RCLike took 0.00146ms
typeclass inference of RCLike took 0.00145ms
typeclass inference of RCLike took 0.00288ms
typeclass inference of RCLike took 0.00105ms
typeclass inference of RCLike took 0.00146ms
typeclass inference of RCLike took 0.00131ms
typeclass inference of RCLike took 0.00108ms
typeclass inference of Semiring took 0.0071ms
typeclass inference of NonAssocRing took 0.217ms
typeclass inference of Field took 0.00277ms
typeclass inference of Field took 0.00228ms
typeclass inference of Field took 0.00186ms
typeclass inference of Field took 0.00145ms
typeclass inference of Field took 0.00124ms
typeclass inference of Field took 0.00157ms
typeclass inference of Field took 0.0012ms
typeclass inference of Field took 0.00111ms
typeclass inference of Field took 0.00141ms
typeclass inference of Field took 0.00186ms
typeclass inference of Field took 0.00127ms
typeclass inference of Field took 0.00252ms
typeclass inference of Field took 0.00149ms
typeclass inference of Field took 0.00237ms
typeclass inference of Field took 0.00117ms
typeclass inference of Field took 0.00143ms
typeclass inference of Field took 0.00111ms
typeclass inference of Field took 0.00103ms
typeclass inference of Field took 0.00122ms
typeclass inference of Field took 0.00106ms
typeclass inference of Field took 0.000992ms
typeclass inference of Field took 0.00116ms
typeclass inference of Field took 0.0031ms
typeclass inference of Field took 0.00114ms
typeclass inference of Field took 0.00109ms
typeclass inference of Field took 0.00105ms
typeclass inference of Field took 0.0011ms
typeclass inference of Field took 0.00104ms
typeclass inference of Field took 0.00108ms
typeclass inference of Field took 0.00103ms
typeclass inference of Field took 0.00198ms
typeclass inference of Field took 0.00111ms
typeclass inference of Field took 0.00114ms
typeclass inference of Field took 0.00103ms
typeclass inference of Field took 0.00149ms
typeclass inference of Field took 0.00105ms
typeclass inference of Field took 0.00101ms
typeclass inference of Field took 0.0024ms
typeclass inference of Field took 0.00139ms
typeclass inference of Field took 0.00122ms
typeclass inference of Field took 0.00113ms
typeclass inference of Field took 0.00103ms
typeclass inference of Field took 0.00161ms
typeclass inference of Field took 0.00353ms
typeclass inference of Field took 0.00106ms
typeclass inference of Field took 0.00108ms
typeclass inference of Field took 0.00153ms
typeclass inference of Field took 0.00115ms
typeclass inference of Field took 0.00102ms
typeclass inference of Field took 0.00161ms
typeclass inference of Field took 0.00123ms
typeclass inference of Field took 0.00133ms
typeclass inference of Field took 0.00171ms
typeclass inference of Field took 0.00187ms
typeclass inference of Field took 0.00124ms
typeclass inference of Field took 0.00134ms
typeclass inference of Field took 0.00122ms
typeclass inference of Field took 0.00116ms
typeclass inference of Field took 0.00119ms
typeclass inference of Field took 0.00117ms
typeclass inference of Field took 0.00244ms
typeclass inference of Field took 0.00142ms
typeclass inference of Field took 0.00127ms
typeclass inference of Field took 0.00114ms
typeclass inference of Field took 0.00116ms
typeclass inference of Field took 0.0019ms
typeclass inference of Field took 0.00139ms
typeclass inference of Field took 0.00115ms
typeclass inference of Field took 0.00108ms
typeclass inference of Field took 0.00167ms
typeclass inference of Field took 0.0016ms
typeclass inference of Field took 0.00112ms
typeclass inference of Semiring took 0.00592ms
typeclass inference of CharZero took 19.9ms
norm_num took 0.0528ms
typeclass inference of AddMonoidWithOne took 0.862ms
norm_num took 0.481ms
norm_num took 0.00607ms
typeclass inference of AddMonoidWithOne took 0.00502ms
norm_num took 0.113ms
norm_num took 0.00489ms
norm_num took 0.00533ms
norm_num took 0.00467ms
norm_num took 0.00277ms
typeclass inference of AddMonoidWithOne took 0.00373ms
norm_num took 0.102ms
norm_num took 0.00381ms
norm_num took 0.00267ms
typeclass inference of AddMonoidWithOne took 0.0115ms
norm_num took 0.239ms
ring took 1.99ms
tactic execution of Mathlib.Tactic.LinearCombination.linearCombination took 1.75ms
tactic execution of Lean.Parser.Tactic.tacticSeq1Indented took 0.00688ms
tactic execution of Lean.Parser.Tactic.tacticSeq took 0.00472ms
tactic execution of Lean.Parser.Tactic.paren took 0.00628ms
tactic execution of Lean.Parser.Tactic.withAnnotateState took 0.00987ms
tactic execution of Lean.Parser.Tactic.tacticSeq1Indented took 0.00553ms
tactic execution of Lean.Parser.Tactic.tacticSeq took 0.00558ms
tactic execution of Lean.Parser.Tactic.case took 0.0782ms
tactic execution of Lean.Parser.Tactic.tacticSeq1Indented took 0.101ms
tactic execution of Lean.Parser.Tactic.tacticSeq took 0.00547ms
tactic execution of Lean.Parser.Tactic.focus took 0.00852ms
tactic execution of Lean.Parser.Tactic.tacticHave__ took 0.0262ms
typeclass inference of OfNat took 0.117ms
typeclass inference of OfNat took 0.0482ms
typeclass inference of OfNat took 0.0423ms
typeclass inference of HPow took 0.34ms
typeclass inference of LT took 0.0312ms
typeclass inference of OfNat took 0.0381ms
typeclass inference of Preorder took 0.219ms
typeclass inference of Preorder took 0.0281ms
typeclass inference of Preorder took 0.0299ms
typeclass inference of AddMonoidWithOne took 0.112ms
norm_num took 0.365ms
typeclass inference of AddMonoidWithOne took 0.00662ms
norm_num took 0.0658ms
typeclass inference of LT took 0.0477ms
typeclass inference of Semiring took 0.0519ms
typeclass inference of PartialOrder took 0.0862ms
typeclass inference of CommSemiring took 0.0824ms
typeclass inference of IsOrderedRing took 1.65ms
typeclass inference of CharZero took 0.0753ms
norm_num took 0.521ms
tactic execution of Mathlib.Tactic.normNum took 1.69ms
tactic execution of Lean.Parser.Tactic.tacticSeq1Indented took 0.0119ms
tactic execution of Lean.Parser.Tactic.tacticSeq took 0.0173ms
tactic execution of Lean.Parser.Tactic.refine took 3.98ms
tactic execution of Lean.Parser.Tactic.rotateRight took 0.0149ms
tactic execution of Lean.Parser.Tactic.tacticSeq1Indented took 0.0196ms
tactic execution of Lean.Parser.Tactic.tacticSeq took 0.00719ms
tactic execution of Lean.Parser.Tactic.paren took 0.00792ms
tactic execution of Lean.Parser.Tactic.tacticSeq1Indented took 0.0056ms
tactic execution of Lean.Parser.Tactic.tacticSeq took 0.00583ms
tactic execution of Lean.Parser.Tactic.focus took 0.00785ms
tactic execution of Lean.Parser.Tactic.tacticRefine_lift_ took 0.0108ms
tactic execution of Lean.Parser.Tactic.tacticHave__ took 1.3ms
typeclass inference of OfNat took 1.53ms
typeclass inference of CategoryTheory.CartesianMonoidalCategory took 0.0779ms
typeclass inference of CategoryTheory.CartesianMonoidalCategory took 0.00693ms
typeclass inference of HPow took 2.73ms
typeclass inference of OfNat took 0.153ms
typeclass inference of OfNat took 0.0502ms
typeclass inference of HPow took 0.363ms
typeclass inference of OfNat took 0.0572ms
tactic execution of Lean.Parser.Tactic.refine took 1.72ms
tactic execution of Lean.Parser.Tactic.rotateRight took 0.011ms
tactic execution of Lean.Parser.Tactic.tacticSeq1Indented took 0.0259ms
tactic execution of Lean.Parser.Tactic.tacticSeq took 0.00993ms
tactic execution of Lean.Parser.Tactic.paren took 0.0147ms
tactic execution of Lean.Parser.Tactic.tacticSeq1Indented took 0.028ms
tactic execution of Lean.Parser.Tactic.tacticSeq took 0.0262ms
tactic execution of Lean.Parser.Tactic.focus took 0.041ms
tactic execution of Lean.Parser.Tactic.tacticRefine_lift_ took 0.0412ms
tactic execution of Lean.Parser.Tactic.tacticHave__ took 0.0969ms
typeclass inference of OfNat took 0.127ms
typeclass inference of OfNat took 0.0732ms
typeclass inference of OfNat took 0.0547ms
typeclass inference of HMul took 0.228ms
typeclass inference of HPow took 0.0509ms
typeclass inference of HMul took 0.182ms
typeclass inference of LT took 0.0348ms
typeclass inference of OfNat took 0.00434ms
tactic execution of Lean.Parser.Tactic.refine took 0.83ms
typeclass inference of OfNat took 0.118ms
typeclass inference of OfNat took 0.0677ms
typeclass inference of OfNat took 0.0925ms
typeclass inference of OfNat took 0.0737ms
typeclass inference of OfNat took 0.0556ms
typeclass inference of OfNat took 0.0444ms
typeclass inference of OfNat took 0.0394ms
typeclass inference of HMul took 0.00783ms
typeclass inference of HMul took 0.00367ms
typeclass inference of HPow took 0.0621ms
typeclass inference of HMul took 0.052ms
typeclass inference of HPow took 0.0591ms
typeclass inference of HPow took 0.0773ms
typeclass inference of HMul took 0.0412ms
typeclass inference of LT took 0.00867ms
typeclass inference of OfNat took 0.00724ms
typeclass inference of OfNat took 0.00486ms
typeclass inference of OfNat took 0.00505ms
typeclass inference of OfNat took 0.197ms
typeclass inference of OfNat took 0.129ms
typeclass inference of HAdd took 0.333ms
typeclass inference of HAdd took 0.267ms
typeclass inference of OfNat took 0.119ms
typeclass inference of HPow took 0.073ms
typeclass inference of OfNat took 0.00669ms
typeclass inference of Trans took 0.482ms
typeclass inference of LT took 0.0074ms
typeclass inference of Trans took 0.241ms
typeclass inference of LE took 0.273ms
typeclass inference of LE took 0.0859ms
typeclass inference of Zero took 0.16ms
typeclass inference of PartialOrder took 0.0551ms
typeclass inference of Ring took 1.27ms
typeclass inference of AddMonoidWithOne took 0.0731ms
norm_num took 0.385ms
typeclass inference of Semiring took 0.049ms
typeclass inference of PartialOrder took 0.00513ms
typeclass inference of CommSemiring took 0.034ms
typeclass inference of IsOrderedRing took 1.22ms
typeclass inference of Nontrivial took 0.0641ms
typeclass inference of Semiring took 0.00738ms
typeclass inference of IsStrictOrderedRing took 0.0414ms
tactic execution of Mathlib.Tactic.Positivity.positivity took 1.78ms
tactic execution of Lean.Parser.Tactic.tacticSeq1Indented took 0.0147ms
tactic execution of Lean.Parser.Tactic.tacticSeq took 0.0172ms
typeclass inference of Monoid took 0.345ms
typeclass inference of Monoid took 0.19ms
typeclass inference of Monoid took 0.0513ms
typeclass inference of Monoid took 0.0456ms
tactic execution of Lean.Parser.Tactic.rewriteSeq took 0.846ms
tactic execution of Lean.Parser.Tactic.exact took 0.145ms
tactic execution of Lean.Parser.Tactic.exact took 0.09ms
tactic execution of Lean.Parser.Tactic.eqRefl took 0.21ms
tactic execution of Lean.Parser.Tactic.tacticRfl took 0.0495ms
tactic execution of Lean.Parser.Tactic.tacticSeq1Indented took 0.00771ms
tactic execution of Lean.Parser.Tactic.tacticSeq took 0.0054ms
tactic execution of Lean.Parser.Tactic.withReducible took 0.00631ms
tactic execution of Lean.Parser.Tactic.tacticSeq1Indented took 0.00641ms
tactic execution of Lean.Parser.Tactic.tacticSeq took 0.00635ms
tactic execution of Lean.Parser.Tactic.paren took 0.00611ms
tactic execution of Lean.Parser.Tactic.tacticSeq1Indented took 0.00593ms
tactic execution of Lean.Parser.Tactic.tacticSeq took 0.00893ms
tactic execution of Lean.Parser.Tactic.first took 0.00825ms
tactic execution of Lean.Parser.Tactic.tacticTry_ took 0.0186ms
tactic execution of Lean.Parser.Tactic.tacticSeq1Indented took 0.00499ms
tactic execution of Lean.Parser.Tactic.tacticSeq took 0.00639ms
tactic execution of Lean.Parser.Tactic.paren took 0.00541ms
tactic execution of Lean.Parser.Tactic.withAnnotateState took 0.0267ms
tactic execution of Lean.Parser.Tactic.tacticSeq1Indented took 0.0156ms
tactic execution of Lean.Parser.Tactic.tacticSeq took 0.00491ms
tactic execution of Lean.Parser.Tactic.paren took 0.00683ms
tactic execution of Lean.Parser.Tactic.rwSeq took 0.0168ms
tactic execution of Lean.Parser.Tactic.tacticSeq1Indented took 0.00862ms
tactic execution of Lean.Parser.Tactic.tacticSeq took 0.0227ms
tactic execution of Lean.calcTactic took 6.25ms
tactic execution of Lean.Parser.Tactic.tacticSeq1Indented took 0.00732ms
tactic execution of Lean.Parser.Tactic.tacticSeq took 0.00508ms
tactic execution of Lean.Parser.Tactic.paren took 0.00513ms
tactic execution of Lean.Parser.Tactic.withAnnotateState took 0.00809ms
tactic execution of Lean.Parser.Tactic.tacticSeq1Indented took 0.00701ms
tactic execution of Lean.Parser.Tactic.tacticSeq took 0.00724ms
tactic execution of Lean.Parser.Tactic.case took 0.0656ms
tactic execution of Lean.Parser.Tactic.tacticSeq1Indented took 0.0195ms
tactic execution of Lean.Parser.Tactic.tacticSeq took 0.00638ms
tactic execution of Lean.Parser.Tactic.focus took 0.0104ms
tactic execution of Lean.Parser.Tactic.tacticHave__ took 0.214ms
typeclass inference of OfNat took 1.31ms
typeclass inference of HMul took 1.42ms
typeclass inference of CategoryTheory.CartesianMonoidalCategory took 0.0662ms
typeclass inference of CategoryTheory.CartesianMonoidalCategory took 0.00701ms
typeclass inference of HPow took 2.83ms
typeclass inference of HMul took 0.975ms
typeclass inference of OfNat took 0.149ms
typeclass inference of OfNat took 0.0633ms
typeclass inference of HMul took 0.151ms
typeclass inference of HPow took 0.309ms
typeclass inference of HMul took 0.187ms
typeclass inference of OfNat took 0.0516ms
tactic execution of Lean.Parser.Tactic.refine took 1.48ms
tactic execution of Lean.Parser.Tactic.rewriteSeq took 0.185ms
tactic execution of Lean.Parser.Tactic.exact took 0.159ms
tactic execution of Lean.Parser.Tactic.exact took 0.102ms
tactic execution of Lean.Parser.Tactic.eqRefl took 0.0111ms
tactic execution of Lean.Parser.Tactic.applyRfl took 0.0285ms
tactic execution of Lean.Parser.Tactic.tacticRfl took 0.0618ms
tactic execution of Lean.Parser.Tactic.tacticSeq1Indented took 0.00722ms
tactic execution of Lean.Parser.Tactic.tacticSeq took 0.00491ms
tactic execution of Lean.Parser.Tactic.withReducible took 0.0072ms
tactic execution of Lean.Parser.Tactic.tacticSeq1Indented took 0.0052ms
tactic execution of Lean.Parser.Tactic.tacticSeq took 0.00509ms
tactic execution of Lean.Parser.Tactic.paren took 0.00491ms
tactic execution of Lean.Parser.Tactic.tacticSeq1Indented took 0.00449ms
tactic execution of Lean.Parser.Tactic.tacticSeq took 0.00476ms
tactic execution of Lean.Parser.Tactic.skip took 0.00325ms
tactic execution of Lean.Parser.Tactic.tacticSeq1Indented took 0.00406ms
tactic execution of Lean.Parser.Tactic.tacticSeq took 0.00433ms
tactic execution of Lean.Parser.Tactic.first took 0.00939ms
tactic execution of Lean.Parser.Tactic.tacticTry_ took 0.00956ms
tactic execution of Lean.Parser.Tactic.tacticSeq1Indented took 0.00549ms
tactic execution of Lean.Parser.Tactic.tacticSeq took 0.003ms
tactic execution of Lean.Parser.Tactic.paren took 0.00313ms
tactic execution of Lean.Parser.Tactic.withAnnotateState took 0.0286ms
tactic execution of Lean.Parser.Tactic.tacticSeq1Indented took 0.0162ms
tactic execution of Lean.Parser.Tactic.tacticSeq took 0.0056ms
tactic execution of Lean.Parser.Tactic.paren took 0.00597ms
tactic execution of Lean.Parser.Tactic.rwSeq took 0.0125ms
tactic execution of Lean.Parser.Tactic.exact took 0.0523ms
tactic execution of Lean.Parser.Tactic.tacticSeq1Indented took 0.0114ms
tactic execution of Lean.Parser.Tactic.tacticSeq took 0.0099ms
tactic execution of Lean.Parser.Tactic.rewriteSeq took 2.06ms
tactic execution of Lean.Parser.Tactic.exact took 0.0889ms
tactic execution of Lean.Parser.Tactic.exact took 0.0759ms
tactic execution of Lean.Parser.Tactic.eqRefl took 0.01ms
tactic execution of Lean.Parser.Tactic.tacticRfl took 0.0269ms
tactic execution of Lean.Parser.Tactic.tacticSeq1Indented took 0.0034ms
tactic execution of Lean.Parser.Tactic.tacticSeq took 0.00268ms
tactic execution of Lean.Parser.Tactic.withReducible took 0.0027ms
tactic execution of Lean.Parser.Tactic.tacticSeq1Indented took 0.00287ms
tactic execution of Lean.Parser.Tactic.tacticSeq took 0.00263ms
tactic execution of Lean.Parser.Tactic.paren took 0.00257ms
tactic execution of Lean.Parser.Tactic.tacticSeq1Indented took 0.00269ms
tactic execution of Lean.Parser.Tactic.tacticSeq took 0.00297ms
tactic execution of Lean.Parser.Tactic.first took 0.00303ms
tactic execution of Lean.Parser.Tactic.tacticTry_ took 0.00438ms
tactic execution of Lean.Parser.Tactic.tacticSeq1Indented took 0.00323ms
tactic execution of Lean.Parser.Tactic.tacticSeq took 0.00287ms
tactic execution of Lean.Parser.Tactic.paren took 0.00286ms
tactic execution of Lean.Parser.Tactic.withAnnotateState took 0.0117ms
tactic execution of Lean.Parser.Tactic.tacticSeq1Indented took 0.0144ms
tactic execution of Lean.Parser.Tactic.tacticSeq took 0.00655ms
tactic execution of Lean.Parser.Tactic.paren took 0.00602ms
tactic execution of Lean.Parser.Tactic.rwSeq took 0.019ms
tactic execution of Lean.Parser.Tactic.tacticSeq1Indented took 0.00406ms
tactic execution of Lean.Parser.Tactic.tacticSeq took 0.0033ms
tactic execution of Lean.Parser.Tactic.paren took 0.00377ms
tactic execution of Lean.Parser.Tactic.withAnnotateState took 0.00659ms
tactic execution of Lean.Parser.Tactic.tacticSeq1Indented took 0.0057ms
tactic execution of Lean.Parser.Tactic.tacticSeq took 0.0052ms
tactic execution of Lean.Parser.Tactic.case took 0.191ms
tactic execution of Lean.Parser.Tactic.tacticSeq1Indented took 0.0229ms
tactic execution of Lean.Parser.Tactic.tacticSeq took 0.00716ms
tactic execution of Lean.Parser.Tactic.focus took 0.0111ms
tactic execution of Lean.Parser.Tactic.tacticHave__ took 0.0416ms
typeclass inference of OfNat took 0.114ms
typeclass inference of OfNat took 0.0719ms
typeclass inference of OfNat took 0.0526ms
typeclass inference of HAdd took 0.166ms
typeclass inference of HMul took 0.144ms
typeclass inference of HPow took 0.367ms
typeclass inference of HMul took 0.16ms
typeclass inference of HAdd took 0.137ms
typeclass inference of LT took 0.0383ms
typeclass inference of OfNat took 0.0421ms
tactic execution of Lean.Parser.Tactic.refine took 0.772ms
typeclass inference of OfNat took 0.0651ms
typeclass inference of OfNat took 0.0613ms
typeclass inference of OfNat took 0.0428ms
typeclass inference of OfNat took 0.035ms
typeclass inference of OfNat took 0.051ms
typeclass inference of OfNat took 0.0555ms
typeclass inference of OfNat took 0.055ms
typeclass inference of OfNat took 0.033ms
typeclass inference of OfNat took 0.0304ms
typeclass inference of OfNat took 0.0305ms
typeclass inference of HAdd took 0.00372ms
typeclass inference of HMul took 0.00252ms
typeclass inference of HMul took 0.00238ms
typeclass inference of HPow took 0.0343ms
typeclass inference of HMul took 0.0294ms
typeclass inference of HPow took 0.0291ms
typeclass inference of HAdd took 0.0269ms
typeclass inference of HPow took 0.0283ms
typeclass inference of HPow took 0.0283ms
typeclass inference of HMul took 0.0261ms
typeclass inference of LE took 0.029ms
typeclass inference of OfNat took 0.00356ms
typeclass inference of OfNat took 0.00265ms
typeclass inference of OfNat took 0.00285ms
typeclass inference of OfNat took 0.00225ms
tactic execution of Lean.Parser.Tactic.refine took 0.997ms
typeclass inference of OfNat took 0.0704ms
typeclass inference of OfNat took 0.0497ms
typeclass inference of OfNat took 0.0541ms
typeclass inference of OfNat took 0.0477ms
typeclass inference of OfNat took 0.0338ms
typeclass inference of HAdd took 0.00365ms
typeclass inference of HAdd took 0.0449ms
typeclass inference of HPow took 0.0303ms
typeclass inference of LE took 0.00269ms
typeclass inference of OfNat took 0.0417ms
typeclass inference of OfNat took 0.00274ms
tactic execution of Lean.Parser.Tactic.refine took 0.666ms
tactic execution of Lean.Parser.Tactic.rotateRight took 0.00556ms
tactic execution of Lean.Parser.Tactic.tacticSeq1Indented took 0.0117ms
tactic execution of Lean.Parser.Tactic.tacticSeq took 0.00273ms
tactic execution of Lean.Parser.Tactic.paren took 0.00245ms
tactic execution of Lean.Parser.Tactic.tacticSeq1Indented took 0.003ms
tactic execution of Lean.Parser.Tactic.tacticSeq took 0.00253ms
tactic execution of Lean.Parser.Tactic.focus took 0.00378ms
tactic execution of Lean.Parser.Tactic.tacticRefine_lift_ took 0.00665ms
tactic execution of Lean.Parser.Tactic.tacticHave__ took 0.011ms
typeclass inference of OfNat took 0.0845ms
typeclass inference of OfNat took 0.0762ms
typeclass inference of OfNat took 0.0535ms
typeclass inference of OfNat took 0.0407ms
typeclass inference of OfNat took 0.0716ms
typeclass inference of OfNat took 0.0631ms
typeclass inference of OfNat took 0.0381ms
typeclass inference of OfNat took 0.0337ms
typeclass inference of OfNat took 0.0332ms
typeclass inference of OfNat took 0.0343ms
typeclass inference of HAdd took 0.00391ms
typeclass inference of HMul took 0.00236ms
typeclass inference of HMul took 0.00248ms
typeclass inference of HAdd took 0.00201ms
typeclass inference of HPow took 0.0385ms
typeclass inference of HMul took 0.0366ms
typeclass inference of HPow took 0.0353ms
typeclass inference of HAdd took 0.0406ms
typeclass inference of HPow took 0.0664ms
typeclass inference of HAdd took 0.0416ms
typeclass inference of HMul took 0.031ms
typeclass inference of OfNat took 0.0033ms
typeclass inference of OfNat took 0.00243ms
typeclass inference of OfNat took 0.00182ms
typeclass inference of OfNat took 0.0018ms
typeclass inference of OfNat took 0.0658ms
typeclass inference of OfNat took 0.0566ms
typeclass inference of OfNat took 0.0443ms
typeclass inference of OfNat took 0.0349ms
typeclass inference of HMul took 0.00403ms
typeclass inference of HPow took 0.034ms
typeclass inference of HPow took 0.0382ms
typeclass inference of HMul took 0.0394ms
typeclass inference of LE took 0.00316ms
typeclass inference of OfNat took 0.00289ms
typeclass inference of OfNat took 0.00239ms
typeclass inference of Trans took 0.254ms
typeclass inference of CommSemiring took 0.0452ms
typeclass inference of CommRing took 0.646ms
typeclass inference of Semifield took 0.265ms
typeclass inference of CharZero took 1.05ms
typeclass inference of AddMonoidWithOne took 0.0332ms
norm_num took 0.254ms
norm_num took 0.0243ms
norm_num took 0.00756ms
typeclass inference of AddMonoidWithOne took 0.00433ms
norm_num took 0.0897ms
norm_num took 0.00625ms
typeclass inference of AddMonoidWithOne took 0.00376ms
norm_num took 0.079ms
norm_num took 0.00407ms
norm_num took 0.0056ms
typeclass inference of AddMonoidWithOne took 0.0034ms
norm_num took 0.0772ms
ring took 1.93ms
tactic execution of Mathlib.Tactic.Ring.ring1 took 0.5ms
tactic execution of Lean.Parser.Tactic.tacticSeq1Indented took 0.00687ms
tactic execution of Lean.Parser.Tactic.tacticSeq took 0.00471ms
tactic execution of Lean.Parser.Tactic.first took 0.0106ms
tactic execution of Mathlib.Tactic.RingNF.ring took 0.215ms
tactic execution of Lean.Parser.Tactic.tacticSeq1Indented took 0.00636ms
tactic execution of Lean.Parser.Tactic.tacticSeq took 0.0127ms
tactic execution of Lean.calcTactic took 3.8ms
tactic execution of Lean.Parser.Tactic.tacticSeq1Indented took 0.00899ms
tactic execution of Lean.Parser.Tactic.tacticSeq took 0.00396ms
tactic execution of Lean.Parser.Tactic.paren took 0.00407ms
tactic execution of Lean.Parser.Tactic.withAnnotateState took 0.0056ms
tactic execution of Lean.Parser.Tactic.tacticSeq1Indented took 0.00535ms
tactic execution of Lean.Parser.Tactic.tacticSeq took 0.00509ms
tactic execution of Lean.Parser.Tactic.case took 0.0553ms
tactic execution of Lean.Parser.Tactic.tacticSeq1Indented took 0.0133ms
tactic execution of Lean.Parser.Tactic.tacticSeq took 0.00476ms
tactic execution of Lean.Parser.Tactic.focus took 0.00799ms
tactic execution of Lean.Parser.Tactic.tacticHave__ took 0.0147ms
typeclass inference of OfNat took 0.0691ms
typeclass inference of OfNat took 0.0535ms
typeclass inference of OfNat took 0.042ms
typeclass inference of OfNat took 0.0348ms
typeclass inference of OfNat took 0.0466ms
typeclass inference of OfNat took 0.0468ms
typeclass inference of OfNat took 0.0328ms
typeclass inference of OfNat took 0.03ms
typeclass inference of HAdd took 0.138ms
typeclass inference of HAdd took 0.148ms
typeclass inference of OfNat took 0.0467ms
typeclass inference of OfNat took 0.035ms
typeclass inference of OfNat took 0.032ms
typeclass inference of HPow took 0.059ms
typeclass inference of HPow took 0.0504ms
typeclass inference of HMul took 0.065ms
typeclass inference of HPow took 0.0512ms
typeclass inference of OfNat took 0.0482ms
typeclass inference of OfNat took 0.0388ms
typeclass inference of OfNat took 0.0354ms
typeclass inference of HPow took 0.0498ms
typeclass inference of HPow took 0.0437ms
typeclass inference of HMul took 0.0421ms
typeclass inference of HPow took 0.0423ms
typeclass inference of OfNat took 0.0442ms
typeclass inference of OfNat took 0.0327ms
typeclass inference of OfNat took 0.0293ms
typeclass inference of HPow took 0.0444ms
typeclass inference of HPow took 0.0411ms
typeclass inference of HMul took 0.0435ms
typeclass inference of HPow took 0.0425ms
typeclass inference of OfNat took 0.0371ms
typeclass inference of OfNat took 0.0309ms
typeclass inference of OfNat took 0.029ms
typeclass inference of HPow took 0.0411ms
typeclass inference of HPow took 0.0399ms
typeclass inference of HMul took 0.0405ms
typeclass inference of HPow took 0.0396ms
typeclass inference of Pow took 0.241ms
typeclass inference of NPow took 0.291ms
typeclass inference of HomogeneousPow took 0.0141ms
typeclass inference of NatPow took 0.033ms
typeclass inference of Pow took 0.106ms
typeclass inference of NPow took 0.136ms
typeclass inference of HomogeneousPow took 0.00184ms
typeclass inference of NatPow took 0.0252ms
typeclass inference of Mul took 0.369ms
typeclass inference of Pow took 0.0931ms
typeclass inference of NPow took 0.138ms
typeclass inference of HomogeneousPow took 0.00177ms
typeclass inference of NatPow took 0.0258ms
typeclass inference of OfNat took 0.0499ms
typeclass inference of OfNat took 0.0334ms
typeclass inference of HPow took 0.273ms
typeclass inference of HPow took 0.0626ms
typeclass inference of HMul took 0.0571ms
typeclass inference of HPow took 0.0472ms
typeclass inference of OfNat took 0.0437ms
typeclass inference of OfNat took 0.0329ms
typeclass inference of HPow took 0.046ms
typeclass inference of HMul took 0.0522ms
typeclass inference of HPow took 0.0473ms
typeclass inference of OfNat took 0.0389ms
typeclass inference of OfNat took 0.0324ms
typeclass inference of HPow took 0.045ms
typeclass inference of HMul took 0.0498ms
typeclass inference of HPow took 0.0462ms
typeclass inference of Pow took 0.101ms
typeclass inference of NPow took 0.147ms
typeclass inference of HomogeneousPow took 0.00204ms
typeclass inference of NatPow took 0.027ms
typeclass inference of Mul took 0.0291ms
typeclass inference of OfNat took 0.06ms
typeclass inference of OfNat took 0.0362ms
typeclass inference of HPow took 0.0518ms
typeclass inference of HPow took 0.0465ms
typeclass inference of OfNat took 0.038ms
typeclass inference of OfNat took 0.0482ms
typeclass inference of HPow took 0.0453ms
typeclass inference of HPow took 0.0433ms
typeclass inference of Pow took 0.138ms
typeclass inference of OfNat took 0.0501ms
typeclass inference of OfNat took 0.0664ms
typeclass inference of HPow took 0.0619ms
typeclass inference of OfNat took 0.0388ms
typeclass inference of HPow took 0.0796ms
typeclass inference of OfNat took 0.0587ms
typeclass inference of HPow took 0.0656ms
typeclass inference of Pow took 0.00438ms
typeclass inference of OfNat took 0.00295ms
tactic execution of Lean.Parser.Tactic.refine took 2.15ms
typeclass inference of Monoid took 0.419ms
typeclass inference of Monoid took 0.193ms
typeclass inference of Monoid took 0.0506ms
typeclass inference of Monoid took 0.0311ms
tactic execution of Lean.Parser.Tactic.rewriteSeq took 1.07ms
tactic execution of Lean.Parser.Tactic.exact took 0.139ms
tactic execution of Lean.Parser.Tactic.exact took 0.114ms
tactic execution of Lean.Parser.Tactic.eqRefl took 0.201ms
tactic execution of Lean.Parser.Tactic.tacticRfl took 0.0606ms
tactic execution of Lean.Parser.Tactic.tacticSeq1Indented took 0.0156ms
tactic execution of Lean.Parser.Tactic.tacticSeq took 0.00596ms
tactic execution of Lean.Parser.Tactic.withReducible took 0.00734ms
tactic execution of Lean.Parser.Tactic.tacticSeq1Indented took 0.00675ms
tactic execution of Lean.Parser.Tactic.tacticSeq took 0.00486ms
tactic execution of Lean.Parser.Tactic.paren took 0.00526ms
tactic execution of Lean.Parser.Tactic.tacticSeq1Indented took 0.00744ms
tactic execution of Lean.Parser.Tactic.tacticSeq took 0.00498ms
tactic execution of Lean.Parser.Tactic.first took 0.0077ms
tactic execution of Lean.Parser.Tactic.tacticTry_ took 0.0127ms
tactic execution of Lean.Parser.Tactic.tacticSeq1Indented took 0.00489ms
tactic execution of Lean.Parser.Tactic.tacticSeq took 0.00445ms
tactic execution of Lean.Parser.Tactic.paren took 0.00555ms
tactic execution of Lean.Parser.Tactic.withAnnotateState took 0.0399ms
tactic execution of Lean.Parser.Tactic.tacticSeq1Indented took 0.024ms
tactic execution of Lean.Parser.Tactic.tacticSeq took 0.011ms
tactic execution of Lean.Parser.Tactic.paren took 0.0103ms
tactic execution of Lean.Parser.Tactic.rwSeq took 0.0491ms
tactic execution of Lean.Parser.Tactic.tacticSeq1Indented took 0.0095ms
tactic execution of Lean.Parser.Tactic.tacticSeq took 0.00776ms
tactic execution of Lean.Parser.Tactic.paren took 0.00796ms
tactic execution of Lean.Parser.Tactic.withAnnotateState took 0.0155ms
tactic execution of Lean.Parser.Tactic.tacticSeq1Indented took 0.01ms
tactic execution of Lean.Parser.Tactic.tacticSeq took 0.00868ms
tactic execution of Lean.Parser.Tactic.case took 0.212ms
tactic execution of Lean.Parser.Tactic.tacticSeq1Indented took 0.0217ms
tactic execution of Lean.Parser.Tactic.tacticSeq took 0.00517ms
tactic execution of Lean.Parser.Tactic.focus took 0.00782ms
tactic execution of Lean.Parser.Tactic.tacticHave__ took 0.0284ms
typeclass inference of Decidable took 0.371ms
typeclass inference of LE took 0.0617ms
typeclass inference of LE took 0.00839ms
typeclass inference of LE took 0.00494ms
typeclass inference of LE took 0.0071ms
typeclass inference of Decidable took 0.18ms
typeclass inference of Decidable took 0.0038ms
instantiate metavars took 0.00196ms
tactic execution of Lean.Parser.Tactic.omega took 8.51ms
tactic execution of Lean.Parser.Tactic.tacticSeq1Indented took 0.029ms
tactic execution of Lean.Parser.Tactic.tacticSeq took 0.00667ms
tactic execution of Lean.Parser.Tactic.paren took 0.00712ms
tactic execution of Lean.Parser.Tactic.withAnnotateState took 0.00865ms
tactic execution of Lean.Parser.Tactic.tacticSeq1Indented took 0.00758ms
tactic execution of Lean.Parser.Tactic.tacticSeq took 0.00629ms
tactic execution of Lean.Parser.Tactic.case took 0.076ms
tactic execution of Lean.Parser.Tactic.tacticSeq1Indented took 0.015ms
tactic execution of Lean.Parser.Tactic.tacticSeq took 0.00488ms
tactic execution of Lean.Parser.Tactic.focus took 0.00795ms
tactic execution of Lean.Parser.Tactic.tacticHave__ took 0.0362ms
typeclass inference of OfNat took 1.27ms
typeclass inference of HAdd took 1.22ms
typeclass inference of HMul took 1.43ms
typeclass inference of CategoryTheory.CartesianMonoidalCategory took 0.115ms
typeclass inference of CategoryTheory.CartesianMonoidalCategory took 0.00679ms
typeclass inference of HPow took 2.64ms
typeclass inference of HMul took 0.928ms
typeclass inference of HAdd took 1.03ms
typeclass inference of OfNat took 0.136ms
typeclass inference of OfNat took 0.0554ms
typeclass inference of HAdd took 0.147ms
typeclass inference of HMul took 0.139ms
typeclass inference of HPow took 0.3ms
typeclass inference of HMul took 0.161ms
typeclass inference of HAdd took 0.169ms
typeclass inference of OfNat took 0.0484ms
tactic execution of Lean.Parser.Tactic.refine took 1.81ms
tactic execution of Lean.Parser.Tactic.rewriteSeq took 0.157ms
tactic execution of Lean.Parser.Tactic.exact took 0.121ms
tactic execution of Lean.Parser.Tactic.exact took 0.117ms
tactic execution of Lean.Parser.Tactic.eqRefl took 0.0118ms
tactic execution of Lean.Parser.Tactic.applyRfl took 0.03ms
tactic execution of Lean.Parser.Tactic.tacticRfl took 0.0487ms
tactic execution of Lean.Parser.Tactic.tacticSeq1Indented took 0.00599ms
tactic execution of Lean.Parser.Tactic.tacticSeq took 0.00444ms
tactic execution of Lean.Parser.Tactic.withReducible took 0.00696ms
tactic execution of Lean.Parser.Tactic.tacticSeq1Indented took 0.00486ms
tactic execution of Lean.Parser.Tactic.tacticSeq took 0.00429ms
tactic execution of Lean.Parser.Tactic.paren took 0.00392ms
tactic execution of Lean.Parser.Tactic.tacticSeq1Indented took 0.00408ms
tactic execution of Lean.Parser.Tactic.tacticSeq took 0.0045ms
tactic execution of Lean.Parser.Tactic.skip took 0.00367ms
tactic execution of Lean.Parser.Tactic.tacticSeq1Indented took 0.00405ms
tactic execution of Lean.Parser.Tactic.tacticSeq took 0.0044ms
tactic execution of Lean.Parser.Tactic.first took 0.00871ms
tactic execution of Lean.Parser.Tactic.tacticTry_ took 0.00856ms
tactic execution of Lean.Parser.Tactic.tacticSeq1Indented took 0.0035ms
tactic execution of Lean.Parser.Tactic.tacticSeq took 0.00292ms
tactic execution of Lean.Parser.Tactic.paren took 0.00288ms
tactic execution of Lean.Parser.Tactic.withAnnotateState took 0.0099ms
tactic execution of Lean.Parser.Tactic.tacticSeq1Indented took 0.0124ms
tactic execution of Lean.Parser.Tactic.tacticSeq took 0.00314ms
tactic execution of Lean.Parser.Tactic.paren took 0.0043ms
tactic execution of Lean.Parser.Tactic.rwSeq took 0.0091ms
tactic execution of Lean.Parser.Tactic.exact took 0.0515ms
tactic execution of Lean.Parser.Tactic.tacticSeq1Indented took 0.0101ms
tactic execution of Lean.Parser.Tactic.tacticSeq took 0.00983ms
tactic execution of Lean.Parser.Tactic.rewriteSeq took 3.33ms
tactic execution of Lean.Parser.Tactic.exact took 0.0908ms
tactic execution of Lean.Parser.Tactic.exact took 0.0801ms
tactic execution of Lean.Parser.Tactic.eqRefl took 0.0102ms
tactic execution of Lean.Parser.Tactic.tacticRfl took 0.028ms
tactic execution of Lean.Parser.Tactic.tacticSeq1Indented took 0.00391ms
tactic execution of Lean.Parser.Tactic.tacticSeq took 0.00281ms
tactic execution of Lean.Parser.Tactic.withReducible took 0.0078ms
tactic execution of Lean.Parser.Tactic.tacticSeq1Indented took 0.00301ms
tactic execution of Lean.Parser.Tactic.tacticSeq took 0.00239ms
tactic execution of Lean.Parser.Tactic.paren took 0.00239ms
tactic execution of Lean.Parser.Tactic.tacticSeq1Indented took 0.0027ms
tactic execution of Lean.Parser.Tactic.tacticSeq took 0.00261ms
tactic execution of Lean.Parser.Tactic.first took 0.00278ms
tactic execution of Lean.Parser.Tactic.tacticTry_ took 0.0051ms
tactic execution of Lean.Parser.Tactic.tacticSeq1Indented took 0.00275ms
tactic execution of Lean.Parser.Tactic.tacticSeq took 0.00257ms
tactic execution of Lean.Parser.Tactic.paren took 0.00297ms
tactic execution of Lean.Parser.Tactic.withAnnotateState took 0.0133ms
tactic execution of Lean.Parser.Tactic.tacticSeq1Indented took 0.0128ms
tactic execution of Lean.Parser.Tactic.tacticSeq took 0.0037ms
tactic execution of Lean.Parser.Tactic.paren took 0.00355ms
tactic execution of Lean.Parser.Tactic.rwSeq took 0.0144ms
tactic execution of Lean.Parser.Tactic.tacticSeq1Indented took 0.00363ms
tactic execution of Lean.Parser.Tactic.tacticSeq took 0.00264ms
tactic execution of Lean.Parser.Tactic.paren took 0.00396ms
tactic execution of Lean.Parser.Tactic.withAnnotateState took 0.00697ms
tactic execution of Lean.Parser.Tactic.tacticSeq1Indented took 0.0118ms
tactic execution of Lean.Parser.Tactic.tacticSeq took 0.0112ms
tactic execution of Lean.Parser.Tactic.case took 0.198ms
tactic execution of Lean.Parser.Tactic.tacticSeq1Indented took 0.0245ms
tactic execution of Lean.Parser.Tactic.tacticSeq took 0.00711ms
tactic execution of Lean.Parser.Tactic.focus took 0.0132ms
tactic execution of Lean.Parser.Tactic.tacticHave__ took 0.0455ms
typeclass inference of HMul took 0.182ms
typeclass inference of HMul took 0.163ms
typeclass inference of LT took 0.0308ms
tactic execution of Lean.Parser.Tactic.refine took 0.491ms
typeclass inference of OfNat took 0.0982ms
typeclass inference of OfNat took 0.0523ms
typeclass inference of HMul took 0.00415ms
typeclass inference of HMul took 0.00241ms
typeclass inference of HMul took 0.0349ms
typeclass inference of HPow took 0.341ms
typeclass inference of HMul took 0.0357ms
typeclass inference of LE took 0.0419ms
typeclass inference of OfNat took 0.0458ms
typeclass inference of OfNat took 0.067ms
typeclass inference of OfNat took 0.0666ms
typeclass inference of OfNat took 0.0481ms
typeclass inference of OfNat took 0.037ms
typeclass inference of HMul took 0.00395ms
typeclass inference of HPow took 0.0365ms
typeclass inference of HPow took 0.0316ms
typeclass inference of HMul took 0.0313ms
typeclass inference of LT took 0.00295ms
typeclass inference of OfNat took 0.00262ms
typeclass inference of OfNat took 0.00193ms
typeclass inference of Trans took 0.247ms
typeclass inference of OfNat took 0.0727ms
typeclass inference of OfNat took 0.0597ms
typeclass inference of HAdd took 0.176ms
typeclass inference of HAdd took 0.183ms
typeclass inference of OfNat took 0.0529ms
typeclass inference of HPow took 0.0466ms
typeclass inference of OfNat took 0.00422ms
typeclass inference of Trans took 0.244ms
typeclass inference of LT took 0.00374ms
typeclass inference of Trans took 0.195ms
typeclass inference of LE took 0.285ms
typeclass inference of LE took 0.0818ms
typeclass inference of Zero took 0.156ms
typeclass inference of PartialOrder took 0.0502ms
typeclass inference of Ring took 1.06ms
typeclass inference of AddMonoidWithOne took 0.0454ms
norm_num took 0.299ms
typeclass inference of Semiring took 0.0391ms
typeclass inference of PartialOrder took 0.0035ms
typeclass inference of CommSemiring took 0.0276ms
typeclass inference of IsOrderedRing took 1.01ms
typeclass inference of Nontrivial took 0.0553ms
typeclass inference of Semiring took 0.00358ms
typeclass inference of IsStrictOrderedRing took 0.0312ms
tactic execution of Mathlib.Tactic.Positivity.positivity took 1.19ms
tactic execution of Lean.Parser.Tactic.tacticSeq1Indented took 0.0122ms
tactic execution of Lean.Parser.Tactic.tacticSeq took 0.0208ms
typeclass inference of Monoid took 0.251ms
typeclass inference of Monoid took 0.0915ms
typeclass inference of Monoid took 0.0346ms
typeclass inference of Monoid took 0.0292ms
tactic execution of Lean.Parser.Tactic.rewriteSeq took 0.584ms
tactic execution of Lean.Parser.Tactic.exact took 0.106ms
tactic execution of Lean.Parser.Tactic.exact took 0.0918ms
tactic execution of Lean.Parser.Tactic.eqRefl took 0.138ms
tactic execution of Lean.Parser.Tactic.tacticRfl took 0.0505ms
tactic execution of Lean.Parser.Tactic.tacticSeq1Indented took 0.00478ms
tactic execution of Lean.Parser.Tactic.tacticSeq took 0.00419ms
tactic execution of Lean.Parser.Tactic.withReducible took 0.0066ms
tactic execution of Lean.Parser.Tactic.tacticSeq1Indented took 0.00373ms
tactic execution of Lean.Parser.Tactic.tacticSeq took 0.00337ms
tactic execution of Lean.Parser.Tactic.paren took 0.00298ms
tactic execution of Lean.Parser.Tactic.tacticSeq1Indented took 0.00313ms
tactic execution of Lean.Parser.Tactic.tacticSeq took 0.00375ms
tactic execution of Lean.Parser.Tactic.first took 0.00641ms
tactic execution of Lean.Parser.Tactic.tacticTry_ took 0.00866ms
tactic execution of Lean.Parser.Tactic.tacticSeq1Indented took 0.00313ms
tactic execution of Lean.Parser.Tactic.tacticSeq took 0.00271ms
tactic execution of Lean.Parser.Tactic.paren took 0.00322ms
tactic execution of Lean.Parser.Tactic.withAnnotateState took 0.0176ms
tactic execution of Lean.Parser.Tactic.tacticSeq1Indented took 0.00865ms
tactic execution of Lean.Parser.Tactic.tacticSeq took 0.00284ms
tactic execution of Lean.Parser.Tactic.paren took 0.00398ms
tactic execution of Lean.Parser.Tactic.rwSeq took 0.0128ms
tactic execution of Lean.Parser.Tactic.tacticSeq1Indented took 0.0059ms
tactic execution of Lean.Parser.Tactic.tacticSeq took 0.0153ms
tactic execution of Lean.calcTactic took 8.57ms
tactic execution of Lean.Parser.Tactic.tacticSeq1Indented took 0.0056ms
tactic execution of Lean.Parser.Tactic.tacticSeq took 0.00442ms
tactic execution of Lean.Parser.Tactic.paren took 0.00394ms
tactic execution of Lean.Parser.Tactic.withAnnotateState took 0.00477ms
tactic execution of Lean.Parser.Tactic.tacticSeq1Indented took 0.00498ms
tactic execution of Lean.Parser.Tactic.tacticSeq took 0.00842ms
tactic execution of Lean.Parser.Tactic.case took 0.0359ms
tactic execution of Lean.Parser.Tactic.tacticSeq1Indented took 0.0136ms
tactic execution of Lean.Parser.Tactic.tacticSeq took 0.00444ms
tactic execution of Lean.Parser.Tactic.focus took 0.00774ms
tactic execution of Lean.Parser.Tactic.tacticHave__ took 0.0344ms
typeclass inference of HMul took 1.16ms
typeclass inference of HMul took 0.951ms
typeclass inference of HMul took 0.178ms
typeclass inference of HMul took 0.166ms
tactic execution of Lean.Parser.Tactic.refine took 1.31ms
tactic execution of Lean.Parser.Tactic.rotateRight took 0.00799ms
tactic execution of Lean.Parser.Tactic.tacticSeq1Indented took 0.0169ms
tactic execution of Lean.Parser.Tactic.tacticSeq took 0.00512ms
tactic execution of Lean.Parser.Tactic.paren took 0.0052ms
tactic execution of Lean.Parser.Tactic.tacticSeq1Indented took 0.00605ms
tactic execution of Lean.Parser.Tactic.tacticSeq took 0.00614ms
tactic execution of Lean.Parser.Tactic.focus took 0.00762ms
tactic execution of Lean.Parser.Tactic.tacticRefine_lift_ took 0.00793ms
tactic execution of Lean.Parser.Tactic.tacticHave__ took 0.0199ms
tactic execution of Lean.Parser.Tactic.rewriteSeq took 0.829ms
tactic execution of Lean.Parser.Tactic.exact took 0.131ms
tactic execution of Lean.Parser.Tactic.exact took 0.117ms
tactic execution of Lean.Parser.Tactic.eqRefl took 0.0223ms
tactic execution of Lean.Parser.Tactic.tacticRfl took 0.0506ms
tactic execution of Lean.Parser.Tactic.tacticSeq1Indented took 0.00466ms
tactic execution of Lean.Parser.Tactic.tacticSeq took 0.00353ms
tactic execution of Lean.Parser.Tactic.withReducible took 0.00496ms
tactic execution of Lean.Parser.Tactic.tacticSeq1Indented took 0.00305ms
tactic execution of Lean.Parser.Tactic.tacticSeq took 0.00851ms
tactic execution of Lean.Parser.Tactic.paren took 0.00267ms
tactic execution of Lean.Parser.Tactic.tacticSeq1Indented took 0.00325ms
tactic execution of Lean.Parser.Tactic.tacticSeq took 0.00343ms
tactic execution of Lean.Parser.Tactic.first took 0.00562ms
tactic execution of Lean.Parser.Tactic.tacticTry_ took 0.00819ms
tactic execution of Lean.Parser.Tactic.tacticSeq1Indented took 0.00443ms
tactic execution of Lean.Parser.Tactic.tacticSeq took 0.003ms
tactic execution of Lean.Parser.Tactic.paren took 0.00348ms
tactic execution of Lean.Parser.Tactic.withAnnotateState took 0.0225ms
tactic execution of Lean.Parser.Tactic.tacticSeq1Indented took 0.0142ms
tactic execution of Lean.Parser.Tactic.tacticSeq took 0.00434ms
tactic execution of Lean.Parser.Tactic.paren took 0.00439ms
tactic execution of Lean.Parser.Tactic.rwSeq took 0.0765ms
tactic execution of Lean.Parser.Tactic.tacticSeq1Indented took 0.201ms
tactic execution of Lean.Parser.Tactic.tacticSeq took 0.0289ms
instantiate metavars took 0.427ms
instantiate metavars took 0.001ms
instantiate metavars took 0.000191ms
instantiate metavars took 0.00018ms
instantiate metavars took 0.000121ms
share common exprs took 2.24ms
fix level params took 0.0988ms
let-to-have transformation took 0.0103ms
attribute application took 0.0032ms
attribute application took 0.000771ms
process pre-definitions took 1.6ms
elaboration took 2.16ms
type checking took 28.3ms
type checking took 6.01ms
overlappingInstancesLinter took 0.522ms
tacticAnalysis took 7.88ms
linting took 20ms
attribute application took 0.00189ms
typeclass inference of OfNat took 0.0753ms
typeclass inference of OfNat took 0.0375ms
typeclass inference of HSub took 0.824ms
typeclass inference of HMul took 0.886ms
typeclass inference of HMul took 0.825ms
typeclass inference of HSub took 0.755ms
typeclass inference of OfNat took 1.09ms
typeclass inference of OfNat took 0.119ms
typeclass inference of OfNat took 0.0463ms
typeclass inference of OfNat took 0.0398ms
typeclass inference of OfNat took 0.0317ms
typeclass inference of OfNat took 0.0411ms
typeclass inference of OfNat took 0.0321ms
typeclass inference of OfNat took 0.0282ms
typeclass inference of OfNat took 0.031ms
typeclass inference of HSub took 0.00507ms
typeclass inference of HSub took 0.00239ms
typeclass inference of HMul took 0.00394ms
typeclass inference of HSub took 0.0379ms
typeclass inference of HPow took 0.159ms
typeclass inference of HMul took 0.0733ms
typeclass inference of HSub took 0.0588ms
typeclass inference of OfNat took 0.935ms
typeclass inference of OfNat took 0.0692ms
typeclass inference of OfNat took 0.0049ms
typeclass inference of HPow took 0.135ms
typeclass inference of HMul took 0.0697ms
typeclass inference of HSub took 0.0487ms
typeclass inference of OfNat took 0.0471ms
typeclass inference of HPow took 0.116ms
typeclass inference of HMul took 0.05ms
typeclass inference of HSub took 0.0414ms
typeclass inference of OfNat took 0.0562ms
typeclass inference of OfNat took 0.0548ms
typeclass inference of OfNat took 0.0346ms
typeclass inference of OfNat took 0.0313ms
typeclass inference of HPow took 0.132ms
typeclass inference of LE took 0.0322ms
typeclass inference of OfNat took 0.0366ms
typeclass inference of OfNat took 0.0458ms
typeclass inference of HPow took 0.123ms
typeclass inference of OfNat took 0.069ms
typeclass inference of HPow took 0.148ms
typeclass inference of OfNat took 0.0573ms
typeclass inference of OfNat took 0.0406ms
typeclass inference of OfNat took 0.0323ms
typeclass inference of OfNat took 0.0313ms
typeclass inference of HPow took 0.123ms
typeclass inference of LT took 0.0269ms
typeclass inference of OfNat took 0.00299ms
typeclass inference of OfNat took 0.0474ms
typeclass inference of HPow took 0.107ms
typeclass inference of OfNat took 0.0374ms
typeclass inference of HPow took 0.1ms
typeclass inference of OfNat took 0.0569ms
typeclass inference of OfNat took 0.0493ms
typeclass inference of OfNat took 0.0392ms
typeclass inference of OfNat took 0.0298ms
typeclass inference of HPow took 0.124ms
typeclass inference of LT took 0.00328ms
typeclass inference of OfNat took 0.00255ms
typeclass inference of OfNat took 0.045ms
typeclass inference of HPow took 0.108ms
typeclass inference of OfNat took 0.0369ms
typeclass inference of HPow took 0.102ms
typeclass inference of OfNat took 0.0597ms
typeclass inference of OfNat took 0.0395ms
typeclass inference of OfNat took 0.033ms
typeclass inference of OfNat took 0.0301ms
typeclass inference of HPow took 0.155ms
typeclass inference of LT took 0.00409ms
typeclass inference of OfNat took 0.00323ms
typeclass inference of OfNat took 0.0581ms
typeclass inference of HPow took 0.111ms
typeclass inference of OfNat took 0.0356ms
typeclass inference of HPow took 0.103ms
typeclass inference of OfNat took 0.0533ms
typeclass inference of OfNat took 0.0411ms
typeclass inference of OfNat took 0.0437ms
typeclass inference of OfNat took 0.0318ms
typeclass inference of HMul took 0.129ms
typeclass inference of HAdd took 0.135ms
typeclass inference of HMul took 0.00305ms
typeclass inference of HMul took 0.363ms
typeclass inference of HPow took 0.167ms
typeclass inference of HMul took 0.0544ms
typeclass inference of HAdd took 0.059ms
typeclass inference of OfNat took 0.00363ms
typeclass inference of OfNat took 0.0637ms
typeclass inference of HPow took 0.166ms
typeclass inference of HMul took 0.0561ms
typeclass inference of HAdd took 0.044ms
typeclass inference of OfNat took 0.0382ms
typeclass inference of HPow took 0.103ms
typeclass inference of HMul took 0.0465ms
typeclass inference of HAdd took 0.0421ms
typeclass inference of OfNat took 0.059ms
typeclass inference of HPow took 0.113ms
typeclass inference of HMul took 0.0504ms
typeclass inference of HSub took 0.0459ms
typeclass inference of OfNat took 0.0377ms
typeclass inference of HPow took 0.102ms
typeclass inference of OfNat took 0.0376ms
typeclass inference of HPow took 0.101ms
typeclass inference of OfNat took 0.0355ms
typeclass inference of HPow took 0.101ms
typeclass inference of OfNat took 0.0417ms
typeclass inference of HPow took 0.12ms
typeclass inference of OfNat took 0.0351ms
typeclass inference of HPow took 0.108ms
typeclass inference of HMul took 0.0509ms
typeclass inference of HAdd took 0.0434ms
typeclass inference of OfNat took 0.0382ms
typeclass inference of HPow took 0.107ms
typeclass inference of HMul took 0.0496ms
typeclass inference of HSub took 0.0432ms
typeclass inference of OfNat took 0.0378ms
typeclass inference of HPow took 0.0998ms
typeclass inference of OfNat took 0.0379ms
typeclass inference of HPow took 0.0997ms
typeclass inference of OfNat took 0.0356ms
typeclass inference of HPow took 0.1ms
typeclass inference of OfNat took 0.0359ms
typeclass inference of HPow took 0.099ms
typeclass inference of OfNat took 0.0354ms
typeclass inference of HPow took 0.101ms
typeclass inference of HMul took 0.048ms
typeclass inference of HAdd took 0.0437ms
typeclass inference of Pow took 0.0397ms
typeclass inference of CategoryTheory.CartesianMonoidalCategory took 0.0822ms
typeclass inference of CategoryTheory.CartesianMonoidalCategory took 0.0048ms
typeclass inference of NPow took 2.29ms
typeclass inference of OfNat took 0.0508ms
typeclass inference of HMul took 0.0414ms
typeclass inference of HSub took 0.00696ms
typeclass inference of OfNat took 0.077ms
typeclass inference of HPow took 0.157ms
typeclass inference of OfNat took 0.0443ms
typeclass inference of HPow took 0.108ms
typeclass inference of OfNat took 0.039ms
typeclass inference of HPow took 0.107ms
typeclass inference of OfNat took 0.0378ms
typeclass inference of HPow took 0.112ms
typeclass inference of OfNat took 0.0385ms
typeclass inference of HPow took 0.112ms
typeclass inference of HMul took 0.0564ms
typeclass inference of HAdd took 0.0485ms
typeclass inference of OfNat took 0.0471ms
typeclass inference of HPow took 0.113ms
typeclass inference of OfNat took 0.0407ms
typeclass inference of HPow took 0.117ms
typeclass inference of OfNat took 0.0377ms
typeclass inference of HPow took 0.104ms
typeclass inference of OfNat took 0.0363ms
typeclass inference of HPow took 0.103ms
typeclass inference of OfNat took 0.0368ms
typeclass inference of HPow took 0.101ms
typeclass inference of HMul took 0.0519ms
typeclass inference of HAdd took 0.0453ms
typeclass inference of OfNat took 0.0383ms
typeclass inference of HPow took 0.118ms
typeclass inference of OfNat took 0.066ms
typeclass inference of HPow took 0.129ms
typeclass inference of OfNat took 0.0369ms
typeclass inference of HPow took 0.118ms
typeclass inference of OfNat took 0.0363ms
typeclass inference of HPow took 0.105ms
typeclass inference of OfNat took 0.0371ms
typeclass inference of HPow took 0.107ms
typeclass inference of HMul took 0.0525ms
typeclass inference of HAdd took 0.0452ms
typeclass inference of Pow took 0.0382ms
typeclass inference of NPow took 0.114ms
typeclass inference of OfNat took 0.0392ms
typeclass inference of OfNat took 0.0471ms
typeclass inference of HPow took 0.119ms
typeclass inference of OfNat took 0.0891ms
typeclass inference of HPow took 0.126ms
typeclass inference of OfNat took 0.048ms
typeclass inference of HPow took 0.104ms
typeclass inference of OfNat took 0.0388ms
typeclass inference of HPow took 0.11ms
typeclass inference of HMul took 0.0597ms
typeclass inference of HAdd took 0.0616ms
typeclass inference of OfNat took 0.0451ms
typeclass inference of HPow took 0.108ms
typeclass inference of OfNat took 0.0429ms
typeclass inference of HPow took 0.109ms
typeclass inference of OfNat took 0.0377ms
typeclass inference of HPow took 0.104ms
typeclass inference of OfNat took 0.0391ms
typeclass inference of HPow took 0.112ms
typeclass inference of HMul took 0.0618ms
typeclass inference of HAdd took 0.047ms
typeclass inference of OfNat took 0.0426ms
typeclass inference of HPow took 0.123ms
typeclass inference of OfNat took 0.0parsing took 0.0835ms
432ms
typeclass inference of HPow took 0.12ms
typeclass inference of OfNat took 0.0363ms
typeclass inference of HPow took 0.114ms
typeclass inference of OfNat took 0.0372ms
typeclass inference of HPow took 0.102ms
typeclass inference of HMul took 0.0494ms
typeclass inference of HAdd took 0.0569ms
typeclass inference of Pow took 0.0387ms
typeclass inference of NPow took 0.00345ms
typeclass inference of OfNat took 0.00322ms
typeclass inference of OfNat took 0.0422ms
typeclass inference of HPow took 0.105ms
typeclass inference of OfNat took 0.0365ms
typeclass inference of HPow took 0.113ms
typeclass inference of OfNat took 0.0369ms
typeclass inference of HPow took 0.102ms
typeclass inference of HMul took 0.0485ms
typeclass inference of HAdd took 0.0436ms
typeclass inference of OfNat took 0.039ms
typeclass inference of HPow took 0.113ms
typeclass inference of OfNat took 0.063ms
typeclass inference of HPow took 0.119ms
typeclass inference of OfNat took 0.0396ms
typeclass inference of HPow took 0.0998ms
typeclass inference of HMul took 0.0483ms
typeclass inference of HAdd took 0.0436ms
typeclass inference of OfNat took 0.0388ms
typeclass inference of HPow took 0.111ms
typeclass inference of OfNat took 0.0373ms
typeclass inference of HPow took 0.115ms
typeclass inference of OfNat took 0.0364ms
typeclass inference of HPow took 0.101ms
typeclass inference of HMul took 0.0488ms
typeclass inference of HAdd took 0.0452ms
typeclass inference of Pow took 0.0381ms
typeclass inference of NPow took 0.00372ms
typeclass inference of OfNat took 0.00328ms
typeclass inference of OfNat took 0.0578ms
typeclass inference of HPow took 0.113ms
typeclass inference of OfNat took 0.0381ms
typeclass inference of HPow took 0.107ms
typeclass inference of HMul took 0.0766ms
typeclass inference of HAdd took 0.0552ms
typeclass inference of OfNat took 0.0391ms
typeclass inference of HPow took 0.107ms
typeclass inference of OfNat took 0.0378ms
typeclass inference of HPow took 0.104ms
typeclass inference of HMul took 0.0514ms
typeclass inference of HAdd took 0.0451ms
typeclass inference of OfNat took 0.039ms
typeclass inference of HPow took 0.105ms
typeclass inference of OfNat took 0.0376ms
typeclass inference of HPow took 0.124ms
typeclass inference of HMul took 0.0813ms
typeclass inference of HAdd took 0.0688ms
typeclass inference of Pow took 0.0663ms
typeclass inference of NPow took 0.00584ms
typeclass inference of OfNat took 0.00282ms
typeclass inference of OfNat took 0.0743ms
typeclass inference of HPow took 0.17ms
typeclass inference of HMul took 0.0509ms
typeclass inference of HAdd took 0.0497ms
typeclass inference of OfNat took 0.0376ms
typeclass inference of HPow took 0.103ms
typeclass inference of HMul took 0.049ms
typeclass inference of HAdd took 0.0441ms
typeclass inference of OfNat took 0.0374ms
typeclass inference of HPow took 0.112ms
typeclass inference of HMul took 0.0508ms
typeclass inference of HAdd took 0.0452ms
typeclass inference of Pow took 0.0372ms
typeclass inference of NPow took 0.00317ms
typeclass inference of OfNat took 0.0026ms
typeclass inference of HMul took 0.0337ms
typeclass inference of HAdd took 0.00615ms
instantiate metavars took 0.0406ms
instantiate metavars took 0.0002ms
let-to-have transformation took 0.0263ms
attribute application took 0.00292ms
attribute application took 0.000702ms
elaboration took 6.94ms
proof_broker report: tactic=proof_broker_term closer=term_mode_nat backend=cvc4 tier=1 format=farkas cert_bytes=1360 fragment=LIA hyps=9 dispatch_ms=22 verify_ms=1 wall_ms=52
proof_broker report: tactic=proof_broker_term closer=term_mode_nat backend=cvc4 tier=1 format=farkas cert_bytes=1594 fragment=LIA hyps=12 dispatch_ms=214 verify_ms=1 wall_ms=235
proof_broker report: tactic=proof_broker_term closer=term_mode_nat backend=cvc4 tier=1 format=farkas cert_bytes=1869 fragment=LIA hyps=15 dispatch_ms=438 verify_ms=0 wall_ms=469
proof_broker report: tactic=proof_broker_term closer=term_mode_nat backend=cvc4 tier=1 format=farkas cert_bytes=1702 fragment=LIA hyps=20 dispatch_ms=22 verify_ms=1 wall_ms=42
typeclass inference of OfNat took 0.185ms
typeclass inference of OfNat took 0.0813ms
typeclass inference of OfNat took 0.0551ms
tactic execution of Lean.Parser.Tactic.refine took 0.534ms
tactic execution of Lean.Parser.Tactic.rotateRight took 0.00656ms
tactic execution of Lean.Parser.Tactic.tacticSeq1Indented took 0.0187ms
tactic execution of Lean.Parser.Tactic.tacticSeq took 0.0086ms
tactic execution of Lean.Parser.Tactic.paren took 0.00944ms
tactic execution of Lean.Parser.Tactic.tacticSeq1Indented took 0.0128ms
tactic execution of Lean.Parser.Tactic.tacticSeq took 0.00859ms
tactic execution of Lean.Parser.Tactic.focus took 0.0166ms
tactic execution of Lean.Parser.Tactic.tacticRefine_lift_ took 0.0112ms
tactic execution of Lean.Parser.Tactic.tacticHave__ took 0.0225ms
typeclass inference of HMul took 1.01ms
typeclass inference of HMul took 0.831ms
tactic execution of Lean.Parser.Tactic.refine took 0.326ms
typeclass inference of Add took 0.818ms
typeclass inference of AddRightCancelSemigroup took 0.75ms
typeclass inference of IsRightCancelAdd took 4.04ms
typeclass inference of AddGroup took 0.521ms
typeclass inference of CommSemiring took 0.456ms
typeclass inference of CommRing took 0.0395ms
typeclass inference of Semifield took 0.305ms
typeclass inference of Field took 0.299ms
typeclass inference of Field took 0.00222ms
typeclass inference of Field took 0.00161ms
typeclass inference of Field took 0.00247ms
typeclass inference of Field took 0.00136ms
typeclass inference of Field took 0.00137ms
typeclass inference of Field took 0.001ms
typeclass inference of Field took 0.00103ms
typeclass inference of Field took 0.00111ms
typeclass inference of Field took 0.00103ms
typeclass inference of Field took 0.000981ms
typeclass inference of Field took 0.00103ms
typeclass inference of Field took 0.0077ms
typeclass inference of Field took 0.00114ms
typeclass inference of Field took 0.00122ms
typeclass inference of Field took 0.00109ms
typeclass inference of Field took 0.00116ms
typeclass inference of Field took 0.00109ms
typeclass inference of Field took 0.00117ms
typeclass inference of Field took 0.00102ms
typeclass inference of Field took 0.00206ms
typeclass inference of Field took 0.00123ms
typeclass inference of Field took 0.00117ms
typeclass inference of Field took 0.00124ms
typeclass inference of Field took 0.00122ms
typeclass inference of Field took 0.00106ms
typeclass inference of Field took 0.000932ms
typeclass inference of Field took 0.00187ms
typeclass inference of Field took 0.00114ms
typeclass inference of Field took 0.00103ms
typeclass inference of Semiring took 0.701ms
typeclass inference of RCLike took 0.0104ms
typeclass inference of RCLike took 0.00177ms
typeclass inference of RCLike took 0.00143ms
typeclass inference of RCLike took 0.00255ms
typeclass inference of RCLike took 0.00138ms
typeclass inference of RCLike took 0.00133ms
typeclass inference of RCLike took 0.00116ms
typeclass inference of RCLike took 0.00117ms
typeclass inference of RCLike took 0.0011ms
typeclass inference of RCLike took 0.00111ms
typeclass inference of RCLike took 0.00242ms
typeclass inference of RCLike took 0.00104ms
typeclass inference of RCLike took 0.00162ms
typeclass inference of RCLike took 0.00112ms
typeclass inference of RCLike took 0.00142ms
typeclass inference of RCLike took 0.0012ms
typeclass inference of RCLike took 0.00112ms
typeclass inference of RCLike took 0.00103ms
typeclass inference of RCLike took 0.00104ms
typeclass inference of RCLike took 0.000962ms
typeclass inference of RCLike took 0.00156ms
typeclass inference of RCLike took 0.00108ms
typeclass inference of RCLike took 0.00105ms
typeclass inference of RCLike took 0.00132ms
typeclass inference of RCLike took 0.00123ms
typeclass inference of RCLike took 0.00116ms
typeclass inference of RCLike took 0.00101ms
typeclass inference of RCLike took 0.00147ms
typeclass inference of RCLike took 0.00109ms
typeclass inference of RCLike took 0.00112ms
typeclass inference of Semiring took 0.00445ms
typeclass inference of NonAssocRing took 0.212ms
typeclass inference of Field took 0.0028ms
typeclass inference of Field took 0.00196ms
typeclass inference of Field took 0.002ms
typeclass inference of Field took 0.00157ms
typeclass inference of Field took 0.00132ms
typeclass inference of Field took 0.00122ms
typeclass inference of Field took 0.00111ms
typeclass inference of Field took 0.00102ms
typeclass inference of Field took 0.00134ms
typeclass inference of Field took 0.00252ms
typeclass inference of Field took 0.00133ms
typeclass inference of Field took 0.00139ms
typeclass inference of Field took 0.00111ms
typeclass inference of Field took 0.00207ms
typeclass inference of Field took 0.00122ms
typeclass inference of Field took 0.00113ms
typeclass inference of Field took 0.00105ms
typeclass inference of Field took 0.00115ms
typeclass inference of Field took 0.0012ms
typeclass inference of Field took 0.00106ms
typeclass inference of Field took 0.00146ms
typeclass inference of Field took 0.00158ms
typeclass inference of Field took 0.00255ms
typeclass inference of Field took 0.00126ms
typeclass inference of Field took 0.00122ms
typeclass inference of Field took 0.00118ms
typeclass inference of Field took 0.00121ms
typeclass inference of Field took 0.00116ms
typeclass inference of Field took 0.00103ms
typeclass inference of Field took 0.00115ms
typeclass inference of Field took 0.00179ms
typeclass inference of Field took 0.0011ms
typeclass inference of Field took 0.00115ms
typeclass inference of Field took 0.00103ms
typeclass inference of Field took 0.00104ms
typeclass inference of Field took 0.00103ms
typeclass inference of Field took 0.000982ms
typeclass inference of Field took 0.00229ms
typeclass inference of Field took 0.00126ms
typeclass inference of Field took 0.00118ms
typeclass inference of Field took 0.00108ms
typeclass inference of Field took 0.00107ms
typeclass inference of Field took 0.00168ms
typeclass inference of Field took 0.00112ms
typeclass inference of Field took 0.00105ms
typeclass inference of Field took 0.00106ms
typeclass inference of Field took 0.00154ms
typeclass inference of Field took 0.00107ms
typeclass inference of Field took 0.00107ms
typeclass inference of Field took 0.00155ms
typeclass inference of Field took 0.00122ms
typeclass inference of Field took 0.00134ms
typeclass inference of Field took 0.00149ms
typeclass inference of Field took 0.00176ms
typeclass inference of Field took 0.0015ms
typeclass inference of Field took 0.00118ms
typeclass inference of Field took 0.00137ms
typeclass inference of Field took 0.00143ms
typeclass inference of Field took 0.00114ms
typeclass inference of Field took 0.00114ms
typeclass inference of Field took 0.00244ms
typeclass inference of Field took 0.00138ms
typeclass inference of Field took 0.00112ms
typeclass inference of Field took 0.00122ms
typeclass inference of Field took 0.00103ms
typeclass inference of Field took 0.00238ms
typeclass inference of Field took 0.00119ms
typeclass inference of Field took 0.00116ms
typeclass inference of Field took 0.00112ms
typeclass inference of Field took 0.00166ms
typeclass inference of Field took 0.00139ms
typeclass inference of Field took 0.00116ms
typeclass inference of Semiring took 0.00546ms
typeclass inference of CharZero took 19.1ms
norm_num took 0.046ms
norm_num took 0.00519ms
typeclass inference of AddMonoidWithOne took 0.673ms
norm_num took 0.405ms
norm_num took 0.00561ms
norm_num took 0.00405ms
norm_num took 0.00293ms
norm_num took 0.0026ms
typeclass inference of AddMonoidWithOne took 0.00458ms
norm_num took 0.272ms
ring took 1.73ms
tactic execution of Mathlib.Tactic.LinearCombination.linearCombination took 2.43ms
tactic execution of Lean.Parser.Tactic.tacticSeq1Indented took 0.00792ms
tactic execution of Lean.Parser.Tactic.tacticSeq took 0.00534ms
tactic execution of Lean.Parser.Tactic.paren took 0.00459ms
tactic execution of Lean.Parser.Tactic.withAnnotateState took 0.00933ms
tactic execution of Lean.Parser.Tactic.tacticSeq1Indented took 0.0053ms
tactic execution of Lean.Parser.Tactic.tacticSeq took 0.00683ms
tactic execution of Lean.Parser.Tactic.case took 0.051ms
tactic execution of Lean.Parser.Tactic.tacticSeq1Indented took 0.0174ms
tactic execution of Lean.Parser.Tactic.tacticSeq took 0.00484ms
tactic execution of Lean.Parser.Tactic.focus took 0.00677ms
tactic execution of Lean.Parser.Tactic.tacticHave__ took 0.0159ms
typeclass inference of OfNat took 0.135ms
typeclass inference of OfNat took 0.0529ms
typeclass inference of OfNat took 0.0455ms
typeclass inference of OfNat took 0.0374ms
typeclass inference of HAdd took 1.28ms
typeclass inference of HMul took 0.0102ms
typeclass inference of HPow took 0.281ms
typeclass inference of HMul took 0.0863ms
typeclass inference of HAdd took 0.0577ms
typeclass inference of OfNat took 1.44ms
typeclass inference of OfNat took 0.074ms
typeclass inference of HPow took 0.147ms
typeclass inference of HMul took 0.0723ms
typeclass inference of HAdd took 0.0567ms
typeclass inference of OfNat took 0.0479ms
typeclass inference of HPow took 0.122ms
typeclass inference of HMul took 0.0578ms
typeclass inference of HAdd took 0.0491ms
typeclass inference of OfNat took 0.0451ms
typeclass inference of HPow took 0.117ms
typeclass inference of HMul took 0.0566ms
typeclass inference of HAdd took 0.0471ms
typeclass inference of OfNat took 0.0421ms
typeclass inference of HPow took 0.123ms
typeclass inference of HMul took 0.0584ms
typeclass inference of HAdd took 0.0585ms
typeclass inference of Pow took 0.044ms
typeclass inference of CategoryTheory.CartesianMonoidalCategory took 0.0581ms
typeclass inference of CategoryTheory.CartesianMonoidalCategory took 0.00492ms
typeclass inference of NPow took 2.03ms
typeclass inference of OfNat took 0.0601ms
typeclass inference of HMul took 0.0584ms
typeclass inference of HAdd took 0.00345ms
tactic execution of Lean.Parser.Tactic.refine took 1.04ms
typeclass inference of Add took 0.00533ms
typeclass inference of IsRightCancelAdd took 0.0407ms
typeclass inference of AddGroup took 0.00608ms
typeclass inference of CommSemiring took 0.00408ms
typeclass inference of CommRing took 0.00265ms
typeclass inference of Semifield took 0.00128ms
typeclass inference of CharZero took 0.00262ms
norm_num took 0.0257ms
typeclass inference of AddMonoidWithOne took 0.00527ms
norm_num took 0.219ms
norm_num took 0.00575ms
typeclass inference of AddMonoidWithOne took 0.0044ms
norm_num took 0.21ms
typeclass inference of AddMonoidWithOne took 0.0351ms
norm_num took 0.107ms
norm_num took 0.0054ms
norm_num took 0.00446ms
norm_num took 0.00244ms
typeclass inference of AddMonoidWithOne took 0.00392ms
norm_num took 0.149ms
typeclass inference of AddMonoidWithOne took 0.00386ms
norm_num took 0.0746ms
norm_num took 0.00426ms
typeclass inference of AddMonoidWithOne took 0.00335ms
norm_num took 0.14ms
ring took 2.11ms
tactic execution of Mathlib.Tactic.LinearCombination.linearCombination took 1ms
tactic execution of Lean.Parser.Tactic.tacticSeq1Indented took 0.00623ms
tactic execution of Lean.Parser.Tactic.tacticSeq took 0.00379ms
tactic execution of Lean.Parser.Tactic.paren took 0.00414ms
tactic execution of Lean.Parser.Tactic.withAnnotateState took 0.00764ms
tactic execution of Lean.Parser.Tactic.tacticSeq1Indented took 0.00544ms
tactic execution of Lean.Parser.Tactic.tacticSeq took 0.00505ms
tactic execution of Lean.Parser.Tactic.case took 0.0351ms
tactic execution of Lean.Parser.Tactic.tacticSeq1Indented took 0.0156ms
tactic execution of Lean.Parser.Tactic.tacticSeq took 0.00531ms
tactic execution of Lean.Parser.Tactic.focus took 0.00921ms
tactic execution of Lean.Parser.Tactic.tacticHave__ took 0.114ms
typeclass inference of OfNat took 0.107ms
typeclass inference of OfNat took 0.118ms
typeclass inference of OfNat took 0.0813ms
typeclass inference of OfNat took 0.0834ms
typeclass inference of HPow took 0.232ms
typeclass inference of LT took 0.0441ms
typeclass inference of OfNat took 0.0556ms
typeclass inference of HPow took 0.126ms
typeclass inference of OfNat took 0.0432ms
typeclass inference of HPow took 0.115ms
typeclass inference of OfNat took 0.0412ms
typeclass inference of HPow took 0.141ms
typeclass inference of Pow took 0.0696ms
typeclass inference of NPow took 0.09ms
typeclass inference of OfNat took 0.00385ms
tactic execution of Lean.Parser.Tactic.refine took 0.939ms
interpretation of term_=_ took 0.00687ms
interpretation of term_-_ took 0.00203ms
interpretation of term_*_ took 0.00192ms
interpretation of term_=_ took 0.000862ms
interpretation of term_-_ took 0.000771ms
interpretation of term_*_ took 0.000591ms
interpretation of term_=_ took 0.00659ms
interpretation of term_-_ took 0.00168ms
interpretation of term_*_ took 0.002ms
interpretation of term_^_ took 0.00295ms
interpretation of term_-_ took 0.000602ms
interpretation of term_=_ took 0.000591ms
interpretation of term_-_ took 0.000571ms
interpretation of term_*_ took 0.000561ms
interpretation of term_^_ took 0.000531ms
interpretation of term_-_ took 0.000561ms
interpretation of term_=_ took 0.00333ms
interpretation of term_*_ took 0.00104ms
interpretation of term_=_ took 0.000621ms
interpretation of term_*_ took 0.000572ms
interpretation of term_=_ took 0.00318ms
interpretation of term_+_ took 0.00226ms
interpretation of term_*_ took 0.00108ms
interpretation of term_^_ took 0.00166ms
interpretation of term_=_ took 0.000742ms
interpretation of term_+_ took 0.000622ms
interpretation of term_*_ took 0.000662ms
interpretation of term_^_ took 0.000811ms
typeclass inference of UsesSetNotationForOrder took 0.0367ms
typeclass inference of UsesSetNotationForOrder took 0.0239ms
interpretation of term_↔_ took 0.00243ms
interpretation of term_≤_ took 0.00162ms
interpretation of term_≤_ took 0.00105ms
interpretation of coeNotation took 0.00176ms
interpretation of coeNotation took 0.000922ms
interpretation of termℕ took 0.0119ms
interpretation of term_↔_ took 0.000731ms
interpretation of term_≤_ took 0.000702ms
interpretation of term_≤_ took 0.0012ms
interpretation of coeNotation took 0.000611ms
interpretation of coeNotation took 0.000741ms
interpretation of termℕ took 0.00666ms
typeclass inference of UsesSetNotationForOrder took 0.0276ms
typeclass inference of UsesSetNotationForOrder took 0.0204ms
interpretation of term_↔_ took 0.00255ms
interpretation of term_<_ took 0.00134ms
interpretation of term_<_ took 0.00106ms
interpretation of coeNotation took 0.00175ms
interpretation of coeNotation took 0.000461ms
interpretation of termℕ took 0.00883ms
interpretation of term_↔_ took 0.000772ms
interpretation of term_<_ took 0.000621ms
interpretation of term_<_ took 0.000802ms
interpretation of coeNotation took 0.000461ms
interpretation of coeNotation took 0.000461ms
interpretation of termℕ took 0.00484ms
interpretation of term_↔_ took 0.00251ms
interpretation of term_=_ took 0.00152ms
interpretation of term_=_ took 0.000811ms
interpretation of coeNotation took 0.00142ms
interpretation of coeNotation took 0.000651ms
interpretation of termℕ took 0.012ms
interpretation of term_↔_ took 0.000862ms
interpretation of term_=_ took 0.000802ms
interpretation of term_=_ took 0.000601ms
interpretation of coeNotation took 0.000601ms
interpretation of coeNotation took 0.000581ms
interpretation of termℕ took 0.00589ms
typeclass inference of UsesSetNotationForOrder took 0.0358ms
interpretation of term_≤_ took 0.00351ms
interpretation of coeNotation took 0.00197ms
interpretation of termℕ took 0.0139ms
interpretation of term_≤_ took 0.00163ms
interpretation of coeNotation took 0.00109ms
interpretation of termℕ took 0.0132ms
typeclass inference of LE took 0.0504ms
typeclass inference of HSub took 0.208ms
typeclass inference of LE took 0.0286ms
typeclass inference of Decidable took 0.159ms
typeclass inference of Decidable took 0.0124ms
typeclass inference of HSub took 0.0446ms
typeclass inference of LE took 0.00447ms
typeclass inference of Decidable took 0.107ms
typeclass inference of Decidable took 0.0108ms
typeclass inference of HMul took 0.182ms
typeclass inference of HMul took 0.0371ms
typeclass inference of HAdd took 0.169ms
typeclass inference of LT took 0.0267ms
typeclass inference of Decidable took 0.259ms
typeclass inference of LE took 0.0291ms
typeclass inference of Decidable took 0.12ms
typeclass inference of Decidable took 0.00356ms
instantiate metavars took 0.00103ms
tactic execution of Lean.Parser.Tactic.omega took 1.18ms
tactic execution of ProofBroker.Tactic.proofBrokerTerm took 48.8ms
tactic execution of Lean.Parser.Tactic.tacticSeq1Indented took 0.0068ms
tactic execution of Lean.Parser.Tactic.tacticSeq took 0.00402ms
tactic execution of Lean.Parser.Tactic.paren took 0.00431ms
tactic execution of Lean.Parser.Tactic.withAnnotateState took 0.00796ms
tactic execution of Lean.Parser.Tactic.tacticSeq1Indented took 0.00532ms
tactic execution of Lean.Parser.Tactic.tacticSeq took 0.00584ms
tactic execution of Lean.Parser.Tactic.case took 0.0565ms
tactic execution of Lean.Parser.Tactic.tacticSeq1Indented took 0.0157ms
tactic execution of Lean.Parser.Tactic.tacticSeq took 0.0067ms
tactic execution of Lean.Parser.Tactic.focus took 0.0138ms
tactic execution of Lean.Parser.Tactic.tacticHave__ took 0.808ms
typeclass inference of OfNat took 1.17ms
typeclass inference of OfNat took 0.078ms
typeclass inference of OfNat took 0.0408ms
typeclass inference of HPow took 0.21ms
typeclass inference of OfNat took 0.062ms
typeclass inference of HPow took 0.128ms
typeclass inference of OfNat took 0.0564ms
typeclass inference of OfNat took 0.0527ms
typeclass inference of OfNat took 0.0377ms
typeclass inference of HPow took 0.122ms
typeclass inference of OfNat took 0.0428ms
typeclass inference of OfNat took 0.0349ms
typeclass inference of HPow took 0.142ms
typeclass inference of OfNat took 0.0579ms
typeclass inference of HPow took 0.117ms
typeclass inference of OfNat took 0.0391ms
typeclass inference of OfNat took 0.0495ms
typeclass inference of HPow took 0.121ms
typeclass inference of OfNat took 0.0436ms
typeclass inference of HPow took 0.111ms
typeclass inference of OfNat took 0.0376ms
typeclass inference of HPow took 0.106ms
typeclass inference of OfNat took 0.0417ms
typeclass inference of HPow took 0.111ms
typeclass inference of OfNat took 0.0399ms
typeclass inference of HPow took 0.132ms
typeclass inference of OfNat took 0.0417ms
typeclass inference of HPow took 0.104ms
typeclass inference of OfNat took 0.0359ms
typeclass inference of HPow took 0.1ms
typeclass inference of Pow took 0.0379ms
typeclass inference of CategoryTheory.CartesianMonoidalCategory took 0.0588ms
typeclass inference of CategoryTheory.CartesianMonoidalCategory took 0.00464ms
typeclass inference of NPow took 1.89ms
typeclass inference of OfNat took 0.0408ms
typeclass inference of OfNat took 0.054ms
typeclass inference of HPow took 0.125ms
typeclass inference of OfNat took 0.0394ms
typeclass inference of HPow took 0.109ms
typeclass inference of OfNat took 0.0373ms
typeclass inference of HPow took 0.112ms
typeclass inference of Pow took 0.0397ms
typeclass inference of NPow took 0.0846ms
typeclass inference of OfNat took 0.00362ms
tactic execution of Lean.Parser.Tactic.refine took 1.49ms
tactic execution of Lean.Parser.Tactic.rotateRight took 0.00659ms
tactic execution of Lean.Parser.Tactic.tacticSeq1Indented took 0.0146ms
tactic execution of Lean.Parser.Tactic.tacticSeq took 0.00418ms
tactic execution of Lean.Parser.Tactic.paren took 0.00439ms
tactic execution of Lean.Parser.Tactic.tacticSeq1Indented took 0.00509ms
tactic execution of Lean.Parser.Tactic.tacticSeq took 0.00674ms
tactic execution of Lean.Parser.Tactic.focus took 0.00625ms
tactic execution of Lean.Parser.Tactic.tacticRefine_lift_ took 0.0071ms
tactic execution of Lean.Parser.Tactic.tacticHave__ took 0.031ms
typeclass inference of OfNat took 0.0811ms
typeclass inference of OfNat took 0.0627ms
typeclass inference of OfNat took 0.135ms
typeclass inference of OfNat took 0.082ms
typeclass inference of OfNat took 0.0977ms
typeclass inference of OfNat took 0.0651ms
typeclass inference of HMul took 0.31ms
typeclass inference of HPow took 0.284ms
typeclass inference of HMul took 0.112ms
typeclass inference of LT took 0.0519ms
typeclass inference of OfNat took 0.00628ms
typeclass inference of OfNat took 0.072ms
typeclass inference of HPow took 0.118ms
typeclass inference of HMul took 0.0549ms
typeclass inference of OfNat took 0.042ms
typeclass inference of HPow took 0.112ms
typeclass inference of HMul took 0.0495ms
typeclass inference of OfNat took 0.0412ms
typeclass inference of HPow took 0.107ms
typeclass inference of HMul took 0.0495ms
typeclass inference of OfNat took 0.0378ms
typeclass inference of HPow took 0.103ms
typeclass inference of HMul took 0.0481ms
typeclass inference of Pow took 0.052ms
typeclass inference of NPow took 0.0032ms
typeclass inference of OfNat took 0.00318ms
typeclass inference of HMul took 0.00255ms
tactic execution of Lean.Parser.Tactic.refine took 1.14ms
interpretation of term_=_ took 0.00258ms
interpretation of term_-_ took 0.00144ms
interpretation of term_*_ took 0.00111ms
interpretation of term_=_ took 0.000531ms
interpretation of term_-_ took 0.000461ms
interpretation of term_*_ took 0.000431ms
interpretation of term_=_ took 0.00151ms
interpretation of term_-_ took 0.000621ms
interpretation of term_*_ took 0.000471ms
interpretation of term_^_ took 0.000972ms
interpretation of term_-_ took 0.00041ms
interpretation of term_=_ took 0.000461ms
interpretation of term_-_ took 0.0004ms
interpretation of term_*_ took 0.0004ms
interpretation of term_^_ took 0.000391ms
interpretation of term_-_ took 0.000381ms
interpretation of term_=_ took 0.00145ms
interpretation of term_*_ took 0.000571ms
interpretation of term_=_ took 0.000431ms
interpretation of term_*_ took 0.000401ms
interpretation of term_=_ took 0.0015ms
interpretation of term_+_ took 0.00141ms
interpretation of term_*_ took 0.000491ms
interpretation of term_^_ took 0.000511ms
interpretation of term_=_ took 0.00045ms
interpretation of term_+_ took 0.000431ms
interpretation of term_*_ took 0.00036ms
interpretation of term_^_ took 0.000441ms
typeclass inference of UsesSetNotationForOrder took 0.0184ms
typeclass inference of UsesSetNotationForOrder took 0.0106ms
interpretation of term_↔_ took 0.0016ms
interpretation of term_≤_ took 0.000832ms
interpretation of term_≤_ took 0.000481ms
interpretation of coeNotation took 0.00117ms
interpretation of coeNotation took 0.000361ms
interpretation of termℕ took 0.00742ms
interpretation of term_↔_ took 0.000551ms
interpretation of term_≤_ took 0.000471ms
interpretation of term_≤_ took 0.000441ms
interpretation of coeNotation took 0.00038ms
interpretation of coeNotation took 0.00034ms
interpretation of termℕ took 0.00298ms
typeclass inference of UsesSetNotationForOrder took 0.0148ms
typeclass inference of UsesSetNotationForOrder took 0.0106ms
interpretation of term_↔_ took 0.00107ms
interpretation of term_<_ took 0.00189ms
interpretation of term_<_ took 0.000411ms
interpretation of coeNotation took 0.000521ms
interpretation of coeNotation took 0.000341ms
interpretation of termℕ took 0.00473ms
interpretation of term_↔_ took 0.000521ms
interpretation of term_<_ took 0.000421ms
interpretation of term_<_ took 0.000411ms
interpretation of coeNotation took 0.00033ms
interpretation of coeNotation took 0.000331ms
interpretation of termℕ took 0.00297ms
interpretation of term_↔_ took 0.000941ms
interpretation of term_=_ took 0.00158ms
interpretation of term_=_ took 0.000391ms
interpretation of coeNotation took 0.000361ms
interpretation of coeNotation took 0.000321ms
interpretation of termℕ took 0.00412ms
interpretation of term_↔_ took 0.000481ms
interpretation of term_=_ took 0.000411ms
interpretation of term_=_ took 0.000441ms
interpretation of coeNotation took 0.000341ms
interpretation of coeNotation took 0.000361ms
interpretation of termℕ took 0.00306ms
typeclass inference of UsesSetNotationForOrder took 0.0229ms
interpretation of term_≤_ took 0.00134ms
interpretation of coeNotation took 0.00147ms
interpretation of termℕ took 0.00594ms
interpretation of term_≤_ took 0.000581ms
interpretation of coeNotation took 0.000441ms
interpretation of termℕ took 0.0036ms
interpretation of term_^_ took 0.00392ms
interpretation of term_^_ took 0.000641ms
typeclass inference of LE took 0.128ms
typeclass inference of HAdd took 0.477ms
typeclass inference of HSub took 0.418ms
typeclass inference of LE took 0.0633ms
typeclass inference of Decidable took 0.148ms
typeclass inference of Decidable took 0.0133ms
typeclass inference of HSub took 0.0394ms
typeclass inference of LE took 0.0036ms
typeclass inference of Decidable took 0.0921ms
typeclass inference of Decidable took 0.011ms
typeclass inference of HMul took 0.175ms
typeclass inference of HMul took 0.0347ms
typeclass inference of HAdd took 0.034ms
typeclass inference of LT took 0.0282ms
typeclass inference of Decidable took 0.286ms
typeclass inference of Decidable took 4.8ms
typeclass inference of Decidable took 0.00395ms
typeclass inference of LE took 0.00409ms
typeclass inference of LE took 0.00335ms
typeclass inference of LE took 0.00344ms
typeclass inference of Decidable took 0.134ms
typeclass inference of Decidable took 0.00324ms
instantiate metavars took 0.00116ms
tactic execution of Lean.Parser.Tactic.omega took 2.36ms
tactic execution of ProofBroker.Tactic.proofBrokerTerm took 226ms
tactic execution of Lean.Parser.Tactic.tacticSeq1Indented took 0.00804ms
tactic execution of Lean.Parser.Tactic.tacticSeq took 0.00461ms
tactic execution of Lean.Parser.Tactic.paren took 0.0049ms
tactic execution of Lean.Parser.Tactic.withAnnotateState took 0.00704ms
tactic execution of Lean.Parser.Tactic.tacticSeq1Indented took 0.00539ms
tactic execution of Lean.Parser.Tactic.tacticSeq took 0.00388ms
tactic execution of Lean.Parser.Tactic.case took 0.0462ms
tactic execution of Lean.Parser.Tactic.tacticSeq1Indented took 0.0124ms
tactic execution of Lean.Parser.Tactic.tacticSeq took 0.00384ms
tactic execution of Lean.Parser.Tactic.focus took 0.0302ms
tactic execution of Lean.Parser.Tactic.tacticHave__ took 0.173ms
typeclass inference of OfNat took 0.95ms
typeclass inference of OfNat took 0.12ms
typeclass inference of OfNat took 0.0438ms
typeclass inference of HMul took 0.983ms
typeclass inference of HPow took 0.163ms
typeclass inference of HMul took 0.0644ms
typeclass inference of OfNat took 0.0593ms
typeclass inference of HPow took 0.16ms
typeclass inference of HMul took 0.0562ms
typeclass inference of OfNat took 0.057ms
typeclass inference of OfNat took 0.0625ms
typeclass inference of OfNat took 0.0472ms
typeclass inference of HPow took 0.131ms
typeclass inference of HMul took 0.0757ms
typeclass inference of OfNat took 0.0549ms
typeclass inference of OfNat took 0.0357ms
typeclass inference of HMul took 0.126ms
typeclass inference of HPow took 0.151ms
typeclass inference of HMul took 0.0668ms
typeclass inference of OfNat took 0.0448ms
typeclass inference of HPow took 0.116ms
typeclass inference of HMul took 0.0557ms
typeclass inference of OfNat took 0.0386ms
typeclass inference of OfNat took 0.0467ms
typeclass inference of HPow took 0.113ms
typeclass inference of HMul took 0.0488ms
typeclass inference of OfNat took 0.042ms
typeclass inference of HPow took 0.159ms
typeclass inference of HMul took 0.0786ms
typeclass inference of OfNat took 0.0615ms
typeclass inference of HPow took 0.178ms
typeclass inference of HMul took 0.123ms
typeclass inference of OfNat took 0.14ms
typeclass inference of HPow took 0.117ms
typeclass inference of HMul took 0.0581ms
typeclass inference of OfNat took 0.0394ms
typeclass inference of HPow took 0.109ms
typeclass inference of HMul took 0.05ms
typeclass inference of OfNat took 0.0437ms
typeclass inference of HPow took 0.115ms
typeclass inference of HMul took 0.0519ms
typeclass inference of OfNat took 0.0402ms
typeclass inference of HPow took 0.108ms
typeclass inference of HMul took 0.05ms
typeclass inference of Pow took 0.0386ms
typeclass inference of CategoryTheory.CartesianMonoidalCategory took 0.0607ms
typeclass inference of CategoryTheory.CartesianMonoidalCategory took 0.00474ms
typeclass inference of NPow took 2.59ms
typeclass inference of OfNat took 0.0596ms
typeclass inference of HMul took 0.0042ms
typeclass inference of OfNat took 0.0635ms
typeclass inference of HPow took 0.136ms
typeclass inference of HMul took 0.0602ms
typeclass inference of OfNat took 0.044ms
typeclass inference of HPow took 0.113ms
typeclass inference of HMul took 0.0498ms
typeclass inference of OfNat took 0.0408ms
typeclass inference of HPow took 0.121ms
typeclass inference of HMul took 0.0851ms
typeclass inference of Pow took 0.0411ms
typeclass inference of NPow took 0.106ms
typeclass inference of OfNat took 0.00347ms
typeclass inference of HMul took 0.00387ms
tactic execution of Lean.Parser.Tactic.refine took 1.81ms
tactic execution of Lean.Parser.Tactic.rewriteSeq took 0.371ms
tactic execution of Lean.Parser.Tactic.exact took 0.205ms
tactic execution of Lean.Parser.Tactic.exact took 0.163ms
tactic execution of Lean.Parser.Tactic.eqRefl took 0.0136ms
tactic execution of Lean.Parser.Tactic.applyRfl took 0.0365ms
tactic execution of Lean.Parser.Tactic.tacticRfl took 0.0896ms
tactic execution of Lean.Parser.Tactic.tacticSeq1Indented took 0.00977ms
tactic execution of Lean.Parser.Tactic.tacticSeq took 0.00936ms
tactic execution of Lean.Parser.Tactic.withReducible took 0.0133ms
tactic execution of Lean.Parser.Tactic.tacticSeq1Indented took 0.00957ms
tactic execution of Lean.Parser.Tactic.tacticSeq took 0.00779ms
tactic execution of Lean.Parser.Tactic.paren took 0.00831ms
tactic execution of Lean.Parser.Tactic.tacticSeq1Indented took 0.0104ms
tactic execution of Lean.Parser.Tactic.tacticSeq took 0.00737ms
tactic execution of Lean.Parser.Tactic.skip took 0.00454ms
tactic execution of Lean.Parser.Tactic.tacticSeq1Indented took 0.00601ms
tactic execution of Lean.Parser.Tactic.tacticSeq took 0.00632ms
tactic execution of Lean.Parser.Tactic.first took 0.0161ms
tactic execution of Lean.Parser.Tactic.tacticTry_ took 0.0121ms
tactic execution of Lean.Parser.Tactic.tacticSeq1Indented took 0.0143ms
tactic execution of Lean.Parser.Tactic.tacticSeq took 0.00483ms
tactic execution of Lean.Parser.Tactic.paren took 0.00556ms
tactic execution of Lean.Parser.Tactic.withAnnotateState took 0.02ms
tactic execution of Lean.Parser.Tactic.tacticSeq1Indented took 0.0385ms
tactic execution of Lean.Parser.Tactic.tacticSeq took 0.00585ms
tactic execution of Lean.Parser.Tactic.paren took 0.00957ms
tactic execution of Lean.Parser.Tactic.rwSeq took 0.0201ms
tactic execution of Lean.Parser.Tactic.exact took 0.082ms
tactic execution of Lean.Parser.Tactic.tacticSeq1Indented took 0.0181ms
tactic execution of Lean.Parser.Tactic.tacticSeq took 0.028ms
tactic execution of Lean.Parser.Tactic.rewriteSeq took 4.05ms
tactic execution of Lean.Parser.Tactic.exact took 0.167ms
tactic execution of Lean.Parser.Tactic.exact took 0.103ms
tactic execution of Lean.Parser.Tactic.eqRefl took 0.0181ms
tactic execution of Lean.Parser.Tactic.tacticRfl took 0.048ms
tactic execution of Lean.Parser.Tactic.tacticSeq1Indented took 0.00543ms
tactic execution of Lean.Parser.Tactic.tacticSeq took 0.00399ms
tactic execution of Lean.Parser.Tactic.withReducible took 0.005ms
tactic execution of Lean.Parser.Tactic.tacticSeq1Indented took 0.0054ms
tactic execution of Lean.Parser.Tactic.tacticSeq took 0.00354ms
tactic execution of Lean.Parser.Tactic.paren took 0.00436ms
tactic execution of Lean.Parser.Tactic.tacticSeq1Indented took 0.00414ms
tactic execution of Lean.Parser.Tactic.tacticSeq took 0.00413ms
tactic execution of Lean.Parser.Tactic.first took 0.00604ms
tactic execution of Lean.Parser.Tactic.tacticTry_ took 0.0105ms
tactic execution of Lean.Parser.Tactic.tacticSeq1Indented took 0.0054ms
tactic execution of Lean.Parser.Tactic.tacticSeq took 0.00401ms
tactic execution of Lean.Parser.Tactic.paren took 0.00449ms
tactic execution of Lean.Parser.Tactic.withAnnotateState took 0.027ms
tactic execution of Lean.Parser.Tactic.tacticSeq1Indented took 0.026ms
tactic execution of Lean.Parser.Tactic.tacticSeq took 0.0112ms
tactic execution of Lean.Parser.Tactic.paren took 0.0105ms
tactic execution of Lean.Parser.Tactic.rwSeq took 0.0316ms
tactic execution of Lean.Parser.Tactic.tacticSeq1Indented took 0.00838ms
tactic execution of Lean.Parser.Tactic.tacticSeq took 0.00525ms
tactic execution of Lean.Parser.Tactic.paren took 0.00641ms
tactic execution of Lean.Parser.Tactic.withAnnotateState took 0.0123ms
tactic execution of Lean.Parser.Tactic.tacticSeq1Indented took 0.00804ms
tactic execution of Lean.Parser.Tactic.tacticSeq took 0.0242ms
tactic execution of Lean.Parser.Tactic.case took 0.352ms
tactic execution of Lean.Parser.Tactic.tacticSeq1Indented took 0.0366ms
tactic execution of Lean.Parser.Tactic.tacticSeq took 0.00879ms
tactic execution of Lean.Parser.Tactic.focus took 0.0109ms
tactic execution of Lean.Parser.Tactic.tacticHave__ took 0.0317ms
typeclass inference of OfNat took 0.179ms
typeclass inference of OfNat took 0.059ms
typeclass inference of OfNat took 0.0524ms
typeclass inference of OfNat took 0.038ms
typeclass inference of OfNat took 0.0461ms
typeclass inference of OfNat took 0.0353ms
typeclass inference of HAdd took 0.189ms
typeclass inference of HMul took 0.146ms
typeclass inference of HPow took 0.172ms
typeclass inference of HMul took 0.0641ms
typeclass inference of HAdd took 0.054ms
typeclass inference of LT took 0.0316ms
typeclass inference of OfNat took 0.0452ms
typeclass inference of OfNat took 0.0659ms
typeclass inference of HPow took 0.139ms
typeclass inference of HMul took 0.055ms
typeclass inference of HAdd took 0.0491ms
typeclass inference of OfNat took 0.0432ms
typeclass inference of HPow took 0.124ms
typeclass inference of HMul took 0.0558ms
typeclass inference of HAdd took 0.0493ms
typeclass inference of OfNat took 0.0471ms
typeclass inference of HPow took 0.135ms
typeclass inference of HMul took 0.0614ms
typeclass inference of HAdd took 0.0726ms
typeclass inference of OfNat took 0.052ms
typeclass inference of HPow took 0.154ms
typeclass inference of HMul took 0.0536ms
typeclass inference of HAdd took 0.0484ms
typeclass inference of Pow took 0.0472ms
typeclass inference of NPow took 0.147ms
typeclass inference of OfNat took 0.0455ms
typeclass inference of HMul took 0.176ms
typeclass inference of HAdd took 0.00393ms
tactic execution of Lean.Parser.Tactic.refine took 1.39ms
interpretation of term_=_ took 0.00335ms
interpretation of term_-_ took 0.00179ms
interpretation of term_*_ took 0.00132ms
interpretation of term_=_ took 0.000491ms
interpretation of term_-_ took 0.000451ms
interpretation of term_*_ took 0.000391ms
interpretation of term_=_ took 0.0015ms
interpretation of term_-_ took 0.000631ms
interpretation of term_*_ took 0.000481ms
interpretation of term_^_ took 0.00123ms
interpretation of term_-_ took 0.000391ms
interpretation of term_=_ took 0.000431ms
interpretation of term_-_ took 0.000381ms
interpretation of term_*_ took 0.000401ms
interpretation of term_^_ took 0.000451ms
interpretation of term_-_ took 0.000401ms
interpretation of term_=_ took 0.00141ms
interpretation of term_*_ took 0.000521ms
interpretation of term_=_ took 0.000471ms
interpretation of term_*_ took 0.000471ms
interpretation of term_=_ took 0.00139ms
interpretation of term_+_ took 0.00168ms
interpretation of term_*_ took 0.000471ms
interpretation of term_^_ took 0.000431ms
interpretation of term_=_ took 0.000451ms
interpretation of term_+_ took 0.000421ms
interpretation of term_*_ took 0.00037ms
interpretation of term_^_ took 0.000381ms
typeclass inference of UsesSetNotationForOrder took 0.035ms
typeclass inference of UsesSetNotationForOrder took 0.0147ms
interpretation of term_↔_ took 0.00164ms
interpretation of term_≤_ took 0.000932ms
interpretation of term_≤_ took 0.000511ms
interpretation of coeNotation took 0.0011ms
interpretation of coeNotation took 0.00035ms
interpretation of termℕ took 0.00659ms
interpretation of term_↔_ took 0.000471ms
interpretation of term_≤_ took 0.000361ms
interpretation of term_≤_ took 0.00043ms
interpretation of coeNotation took 0.00035ms
interpretation of coeNotation took 0.000381ms
interpretation of termℕ took 0.00326ms
typeclass inference of UsesSetNotationForOrder took 0.0204ms
typeclass inference of UsesSetNotationForOrder took 0.0111ms
interpretation of term_↔_ took 0.00125ms
interpretation of term_<_ took 0.000951ms
interpretation of term_<_ took 0.000421ms
interpretation of coeNotation took 0.000581ms
interpretation of coeNotation took 0.000331ms
interpretation of termℕ took 0.00456ms
interpretation of term_↔_ took 0.000511ms
interpretation of term_<_ took 0.000451ms
interpretation of term_<_ took 0.000441ms
interpretation of coeNotation took 0.000391ms
interpretation of coeNotation took 0.000371ms
interpretation of termℕ took 0.00305ms
interpretation of term_↔_ took 0.000861ms
interpretation of term_=_ took 0.000601ms
interpretation of term_=_ took 0.000391ms
interpretation of coeNotation took 0.0004ms
interpretation of coeNotation took 0.00031ms
interpretation of termℕ took 0.00355ms
interpretation of term_↔_ took 0.000481ms
interpretation of term_=_ took 0.000381ms
interpretation of term_=_ took 0.000451ms
interpretation of coeNotation took 0.000301ms
interpretation of coeNotation took 0.000371ms
interpretation of termℕ took 0.00282ms
typeclass inference of UsesSetNotationForOrder took 0.0177ms
interpretation of term_≤_ took 0.000972ms
interpretation of coeNotation took 0.000491ms
interpretation of termℕ took 0.00343ms
interpretation of term_≤_ took 0.000491ms
interpretation of coeNotation took 0.000341ms
interpretation of termℕ took 0.00276ms
interpretation of term_^_ took 0.00192ms
interpretation of term_^_ took 0.000651ms
interpretation of term_*_ took 0.00154ms
interpretation of term_^_ took 0.000571ms
interpretation of term_*_ took 0.000501ms
interpretation of term_^_ took 0.000471ms
typeclass inference of LE took 0.218ms
typeclass inference of HAdd took 0.385ms
typeclass inference of HSub took 0.241ms
typeclass inference of LE took 0.0336ms
typeclass inference of Decidable took 0.147ms
typeclass inference of Decidable took 0.0122ms
typeclass inference of HAdd took 0.0408ms
typeclass inference of HSub took 0.0385ms
typeclass inference of LE took 0.00329ms
typeclass inference of Decidable took 0.101ms
typeclass inference of Decidable took 0.0104ms
typeclass inference of HSub took 0.042ms
typeclass inference of LE took 0.00325ms
typeclass inference of Decidable took 0.015ms
typeclass inference of Decidable took 0.0104ms
typeclass inference of HMul took 0.186ms
typeclass inference of HMul took 0.0354ms
typeclass inference of HMul took 0.033ms
typeclass inference of HAdd took 0.0317ms
typeclass inference of HAdd took 0.0327ms
typeclass inference of LT took 0.0422ms
typeclass inference of Decidable took 0.534ms
typeclass inference of Decidable took 5.07ms
typeclass inference of Decidable took 0.00387ms
typeclass inference of Decidable took 3.84ms
typeclass inference of Decidable took 0.00377ms
typeclass inference of Decidable took 3.8ms
typeclass inference of Decidable took 0.00427ms
typeclass inference of Decidable took 0.00285ms
typeclass inference of Decidable took 0.00255ms
typeclass inference of LE took 0.00434ms
typeclass inference of Decidable took 0.123ms
typeclass inference of Decidable took 0.00566ms
instantiate metavars took 0.00107ms
tactic execution of Lean.Parser.Tactic.omega took 4.01ms
tactic execution of ProofBroker.Tactic.proofBrokerTerm took 450ms
tactic execution of Lean.Parser.Tactic.tacticSeq1Indented took 0.00993ms
tactic execution of Lean.Parser.Tactic.tacticSeq took 0.00541ms
tactic execution of Lean.Parser.Tactic.paren took 0.0049ms
tactic execution of Lean.Parser.Tactic.withAnnotateState took 0.00784ms
tactic execution of Lean.Parser.Tactic.tacticSeq1Indented took 0.0054ms
tactic execution of Lean.Parser.Tactic.tacticSeq took 0.00531ms
tactic execution of Lean.Parser.Tactic.case took 0.0666ms
tactic execution of Lean.Parser.Tactic.tacticSeq1Indented took 0.0412ms
tactic execution of Lean.Parser.Tactic.tacticSeq took 0.00435ms
tactic execution of Lean.Parser.Tactic.focus took 0.0085ms
tactic execution of Lean.Parser.Tactic.tacticHave__ took 0.0338ms
typeclass inference of OfNat took 1ms
typeclass inference of OfNat took 0.12ms
typeclass inference of OfNat took 0.0479ms
typeclass inference of HAdd took 1.01ms
typeclass inference of HMul took 0.904ms
typeclass inference of HPow took 0.179ms
typeclass inference of HMul took 0.0637ms
typeclass inference of HAdd took 0.057ms
typeclass inference of OfNat took 0.0697ms
typeclass inference of HPow took 0.128ms
typeclass inference of HMul took 0.0635ms
typeclass inference of HAdd took 0.0568ms
typeclass inference of OfNat took 0.0685ms
typeclass inference of OfNat took 0.0542ms
typeclass inference of OfNat took 0.0499ms
typeclass inference of HPow took 0.149ms
typeclass inference of HMul took 0.0708ms
typeclass inference of HAdd took 0.0592ms
typeclass inference of OfNat took 0.0497ms
typeclass inference of OfNat took 0.0352ms
typeclass inference of HAdd took 0.152ms
typeclass inference of HMul took 0.152ms
typeclass inference of HPow took 0.152ms
typeclass inference of HMul took 0.0607ms
typeclass inference of HAdd took 0.0551ms
typeclass inference of OfNat took 0.0536ms
typeclass inference of HPow took 0.13ms
typeclass inference of HMul took 0.0602ms
typeclass inference of HAdd took 0.0558ms
typeclass inference of OfNat took 0.0439ms
typeclass inference of OfNat took 0.0542ms
typeclass inference of HPow took 0.144ms
typeclass inference of HMul took 0.0561ms
typeclass inference of HAdd took 0.0478ms
typeclass inference of OfNat took 0.0519ms
typeclass inference of HPow took 0.122ms
typeclass inference of HMul took 0.0596ms
typeclass inference of HAdd took 0.0529ms
typeclass inference of OfNat took 0.0447ms
typeclass inference of HPow took 0.126ms
typeclass inference of HMul took 0.0612ms
typeclass inference of HAdd took 0.0525ms
typeclass inference of OfNat took 0.0481ms
typeclass inference of HPow took 0.163ms
typeclass inference of HMul took 0.0624ms
typeclass inference of HAdd took 0.0509ms
typeclass inference of OfNat took 0.0453ms
typeclass inference of HPow took 0.114ms
typeclass inference of HMul took 0.05ms
typeclass inference of HAdd took 0.0501ms
typeclass inference of OfNat took 0.0391ms
typeclass inference of HPow took 0.108ms
typeclass inference of HMul took 0.0531ms
typeclass inference of HAdd took 0.0629ms
typeclass inference of OfNat took 0.0536ms
typeclass inference of HPow took 0.117ms
typeclass inference of HMul took 0.063ms
typeclass inference of HAdd took 0.0465ms
typeclass inference of Pow took 0.0427ms
typeclass inference of CategoryTheory.CartesianMonoidalCategory took 0.168ms
typeclass inference of CategoryTheory.CartesianMonoidalCategory took 0.00499ms
typeclass inference of NPow took 2.17ms
typeclass inference of OfNat took 0.0426ms
typeclass inference of HMul took 0.895ms
typeclass inference of HAdd took 0.00343ms
typeclass inference of OfNat took 0.0702ms
typeclass inference of HPow took 0.128ms
typeclass inference of HMul took 0.0786ms
typeclass inference of HAdd took 0.0484ms
typeclass inference of OfNat took 0.064ms
typeclass inference of HPow took 0.129ms
typeclass inference of HMul took 0.0745ms
typeclass inference of HAdd took 0.054ms
typeclass inference of OfNat took 0.051ms
typeclass inference of HPow took 0.12ms
typeclass inference of HMul took 0.0491ms
typeclass inference of HAdd took 0.0448ms
typeclass inference of Pow took 0.0414ms
typeclass inference of NPow took 0.101ms
typeclass inference of OfNat took 0.00349ms
typeclass inference of HMul took 0.168ms
typeclass inference of HAdd took 0.00372ms
tactic execution of Lean.Parser.Tactic.refine took 2.24ms
tactic execution of Lean.Parser.Tactic.rewriteSeq took 0.236ms
tactic execution of Lean.Parser.Tactic.exact took 0.182ms
tactic execution of Lean.Parser.Tactic.exact took 0.11ms
tactic execution of Lean.Parser.Tactic.eqRefl took 0.0144ms
tactic execution of Lean.Parser.Tactic.applyRfl took 0.0388ms
tactic execution of Lean.Parser.Tactic.tacticRfl took 0.0792ms
tactic execution of Lean.Parser.Tactic.tacticSeq1Indented took 0.0112ms
tactic execution of Lean.Parser.Tactic.tacticSeq took 0.00489ms
tactic execution of Lean.Parser.Tactic.withReducible took 0.0113ms
tactic execution of Lean.Parser.Tactic.tacticSeq1Indented took 0.00657ms
tactic execution of Lean.Parser.Tactic.tacticSeq took 0.005ms
tactic execution of Lean.Parser.Tactic.paren took 0.00535ms
tactic execution of Lean.Parser.Tactic.tacticSeq1Indented took 0.0042ms
tactic execution of Lean.Parser.Tactic.tacticSeq took 0.00641ms
tactic execution of Lean.Parser.Tactic.skip took 0.00587ms
tactic execution of Lean.Parser.Tactic.tacticSeq1Indented took 0.00365ms
tactic execution of Lean.Parser.Tactic.tacticSeq took 0.00925ms
tactic execution of Lean.Parser.Tactic.first took 0.0133ms
tactic execution of Lean.Parser.Tactic.tacticTry_ took 0.0129ms
tactic execution of Lean.Parser.Tactic.tacticSeq1Indented took 0.00601ms
tactic execution of Lean.Parser.Tactic.tacticSeq took 0.00486ms
tactic execution of Lean.Parser.Tactic.paren took 0.00385ms
tactic execution of Lean.Parser.Tactic.withAnnotateState took 0.013ms
tactic execution of Lean.Parser.Tactic.tacticSeq1Indented took 0.0151ms
tactic execution of Lean.Parser.Tactic.tacticSeq took 0.00448ms
tactic execution of Lean.Parser.Tactic.paren took 0.00484ms
tactic execution of Lean.Parser.Tactic.rwSeq took 0.0119ms
tactic execution of Lean.Parser.Tactic.exact took 0.0615ms
tactic execution of Lean.Parser.Tactic.tacticSeq1Indented took 0.0115ms
tactic execution of Lean.Parser.Tactic.tacticSeq took 0.0173ms
tactic execution of Lean.Parser.Tactic.rewriteSeq took 3.94ms
tactic execution of Lean.Parser.Tactic.exact took 0.103ms
tactic execution of Lean.Parser.Tactic.exact took 0.0821ms
tactic execution of Lean.Parser.Tactic.eqRefl took 0.0115ms
tactic execution of Lean.Parser.Tactic.tacticRfl took 0.0335ms
tactic execution of Lean.Parser.Tactic.tacticSeq1Indented took 0.00456ms
tactic execution of Lean.Parser.Tactic.tacticSeq took 0.00277ms
tactic execution of Lean.Parser.Tactic.withReducible took 0.00296ms
tactic execution of Lean.Parser.Tactic.tacticSeq1Indented took 0.00296ms
tactic execution of Lean.Parser.Tactic.tacticSeq took 0.00253ms
tactic execution of Lean.Parser.Tactic.paren took 0.0026ms
tactic execution of Lean.Parser.Tactic.tacticSeq1Indented took 0.00309ms
tactic execution of Lean.Parser.Tactic.tacticSeq took 0.00262ms
tactic execution of Lean.Parser.Tactic.first took 0.00328ms
tactic execution of Lean.Parser.Tactic.tacticTry_ took 0.00466ms
tactic execution of Lean.Parser.Tactic.tacticSeq1Indented took 0.00326ms
tactic execution of Lean.Parser.Tactic.tacticSeq took 0.00263ms
tactic execution of Lean.Parser.Tactic.paren took 0.003ms
tactic execution of Lean.Parser.Tactic.withAnnotateState took 0.0149ms
tactic execution of Lean.Parser.Tactic.tacticSeq1Indented took 0.0225ms
tactic execution of Lean.Parser.Tactic.tacticSeq took 0.00938ms
tactic execution of Lean.Parser.Tactic.paren took 0.00909ms
tactic execution of Lean.Parser.Tactic.rwSeq took 0.0407ms
tactic execution of Lean.Parser.Tactic.tacticSeq1Indented took 0.0135ms
tactic execution of Lean.Parser.Tactic.tacticSeq took 0.0085ms
tactic execution of Lean.Parser.Tactic.paren took 0.00972ms
tactic execution of Lean.Parser.Tactic.withAnnotateState took 0.0105ms
tactic execution of Lean.Parser.Tactic.tacticSeq1Indented took 0.0102ms
tactic execution of Lean.Parser.Tactic.tacticSeq took 0.00939ms
tactic execution of Lean.Parser.Tactic.case took 0.426ms
tactic execution of Lean.Parser.Tactic.tacticSeq1Indented took 0.0352ms
tactic execution of Lean.Parser.Tactic.tacticSeq took 0.00927ms
tactic execution of Lean.Parser.Tactic.focus took 0.0132ms
tactic execution of Lean.Parser.Tactic.tacticHave__ took 0.0478ms
typeclass inference of OfNat took 0.211ms
typeclass inference of OfNat took 0.0671ms
typeclass inference of OfNat took 0.0686ms
typeclass inference of OfNat took 0.0542ms
typeclass inference of OfNat took 0.043ms
typeclass inference of OfNat took 0.0392ms
typeclass inference of OfNat took 0.0331ms
typeclass inference of OfNat took 0.033ms
typeclass inference of HMul took 0.204ms
typeclass inference of HMul took 0.00381ms
typeclass inference of HMul took 0.163ms
typeclass inference of HPow took 0.211ms
typeclass inference of HPow took 0.142ms
typeclass inference of HMul took 0.109ms
typeclass inference of LT took 0.0488ms
typeclass inference of OfNat took 0.0489ms
typeclass inference of OfNat took 0.0633ms
typeclass inference of OfNat took 0.00381ms
typeclass inference of OfNat took 0.0451ms
typeclass inference of HPow took 0.119ms
typeclass inference of HPow took 0.115ms
typeclass inference of HMul took 0.0555ms
typeclass inference of OfNat took 0.0436ms
typeclass inference of OfNat took 0.0344ms
typeclass inference of HPow took 0.112ms
typeclass inference of HPow took 0.11ms
typeclass inference of HMul took 0.0487ms
typeclass inference of OfNat took 0.0398ms
typeclass inference of OfNat took 0.0325ms
typeclass inference of HPow took 0.105ms
typeclass inference of HPow took 0.106ms
typeclass inference of HMul took 0.0456ms
typeclass inference of OfNat took 0.039ms
typeclass inference of OfNat took 0.0311ms
typeclass inference of HPow took 0.101ms
typeclass inference of HPow took 0.118ms
typeclass inference of HMul took 0.0456ms
typeclass inference of Pow took 0.0386ms
typeclass inference of NPow took 0.112ms
typeclass inference of OfNat took 0.0367ms
typeclass inference of OfNat took 0.0416ms
typeclass inference of HPow took 0.111ms
typeclass inference of HMul took 0.0536ms
typeclass inference of OfNat took 0.0388ms
typeclass inference of HPow took 0.104ms
typeclass inference of HMul took 0.0496ms
typeclass inference of OfNat took 0.0377ms
typeclass inference of HPow took 0.111ms
typeclass inference of HMul took 0.0519ms
typeclass inference of Pow took 0.0385ms
typeclass inference of NPow took 0.00305ms
typeclass inference of OfNat took 0.0364ms
typeclass inference of HMul took 0.00267ms
typeclass inference of OfNat took 0.0575ms
typeclass inference of OfNat took 0.0473ms
typeclass inference of OfNat took 0.0461ms
typeclass inference of OfNat took 0.0343ms
typeclass inference of HMul took 0.0037ms
typeclass inference of HMul took 0.00217ms
typeclass inference of HMul took 0.033ms
typeclass inference of HPow took 0.144ms
typeclass inference of HMul took 0.0557ms
typeclass inference of LE took 0.0296ms
typeclass inference of OfNat took 0.00339ms
typeclass inference of OfNat took 0.0673ms
typeclass inference of HPow took 0.165ms
typeclass inference of HMul took 0.0567ms
typeclass inference of OfNat took 0.0543ms
typeclass inference of HPow took 0.118ms
typeclass inference of HMul took 0.0702ms
typeclass inference of OfNat took 0.069ms
typeclass inference of OfNat took 0.0437ms
typeclass inference of OfNat took 0.0459ms
typeclass inference of OfNat took 0.0454ms
typeclass inference of OfNat took 0.0344ms
typeclass inference of OfNat took 0.0302ms
typeclass inference of OfNat took 0.0306ms
typeclass inference of OfNat took 0.0291ms
typeclass inference of HMul took 0.00371ms
typeclass inference of HPow took 0.172ms
typeclass inference of HPow took 0.129ms
typeclass inference of HMul took 0.054ms
typeclass inference of LT took 0.00325ms
typeclass inference of OfNat took 0.00302ms
typeclass inference of OfNat took 0.0503ms
typeclass inference of OfNat took 0.00275ms
typeclass inference of OfNat took 0.0414ms
typeclass inference of HPow took 0.118ms
typeclass inference of HPow took 0.119ms
typeclass inference of HMul took 0.0597ms
typeclass inference of OfNat took 0.0406ms
typeclass inference of OfNat took 0.0416ms
typeclass inference of HPow took 0.126ms
typeclass inference of HPow took 0.136ms
typeclass inference of HMul took 0.0667ms
typeclass inference of OfNat took 0.00448ms
typeclass inference of HPow took 0.281ms
typeclass inference of HMul took 0.00301ms
typeclass inference of OfNat took 0.00214ms
typeclass inference of OfNat took 0.0018ms
typeclass inference of HPow took 0.00189ms
typeclass inference of HPow took 0.00138ms
typeclass inference of HMul took 0.0016ms
typeclass inference of Trans took 0.241ms
typeclass inference of LE took 0.415ms
typeclass inference of LE took 0.0789ms
typeclass inference of Zero took 0.203ms
typeclass inference of PartialOrder took 0.0686ms
typeclass inference of Ring took 1.35ms
typeclass inference of AddMonoidWithOne took 0.0503ms
norm_num took 0.506ms
typeclass inference of Semiring took 0.0582ms
typeclass inference of PartialOrder took 0.00358ms
typeclass inference of CommSemiring took 0.0416ms
typeclass inference of IsOrderedRing took 1.08ms
typeclass inference of Nontrivial took 0.059ms
typeclass inference of Semiring took 0.00241ms
typeclass inference of IsStrictOrderedRing took 0.0395ms
tactic execution of Mathlib.Tactic.Positivity.positivity took 1.86ms
tactic execution of Lean.Parser.Tactic.tacticSeq1Indented took 0.0136ms
tactic execution of Lean.Parser.Tactic.tacticSeq took 0.0277ms
tactic execution of Lean.Parser.Tactic.refine took 7.83ms
tactic execution of Lean.Parser.Tactic.rotateRight took 0.0153ms
tactic execution of Lean.Parser.Tactic.tacticSeq1Indented took 0.0186ms
tactic execution of Lean.Parser.Tactic.tacticSeq took 0.00866ms
tactic execution of Lean.Parser.Tactic.paren took 0.01ms
tactic execution of Lean.Parser.Tactic.tacticSeq1Indented took 0.0123ms
tactic execution of Lean.Parser.Tactic.tacticSeq took 0.00872ms
tactic execution of Lean.Parser.Tactic.focus took 0.0126ms
tactic execution of Lean.Parser.Tactic.tacticRefine_lift_ took 0.0158ms
tactic execution of Lean.Parser.Tactic.tacticHave__ took 0.057ms
typeclass inference of HMul took 0.182ms
typeclass inference of HMul took 0.147ms
typeclass inference of LT took 0.0338ms
tactic execution of Lean.Parser.Tactic.refine took 0.735ms
interpretation of term_=_ took 0.00485ms
interpretation of term_-_ took 0.00252ms
interpretation of term_*_ took 0.00172ms
interpretation of term_=_ took 0.000431ms
interpretation of term_-_ took 0.000461ms
interpretation of term_*_ took 0.000391ms
interpretation of term_=_ took 0.00157ms
interpretation of term_-_ took 0.000592ms
interpretation of term_*_ took 0.000431ms
interpretation of term_^_ took 0.00235ms
interpretation of term_-_ took 0.000401ms
interpretation of term_=_ took 0.00043ms
interpretation of term_-_ took 0.00039ms
interpretation of term_*_ took 0.000381ms
interpretation of term_^_ took 0.000341ms
interpretation of term_-_ took 0.00234ms
interpretation of term_=_ took 0.00135ms
interpretation of term_*_ took 0.000571ms
interpretation of term_=_ took 0.000441ms
interpretation of term_*_ took 0.0004ms
interpretation of term_=_ took 0.00135ms
interpretation of term_+_ took 0.00436ms
interpretation of term_*_ took 0.000461ms
interpretation of term_^_ took 0.000441ms
interpretation of term_=_ took 0.000421ms
interpretation of term_+_ took 0.000391ms
interpretation of term_*_ took 0.000361ms
interpretation of term_^_ took 0.000381ms
typeclass inference of UsesSetNotationForOrder took 0.0375ms
typeclass inference of UsesSetNotationForOrder took 0.0105ms
interpretation of term_↔_ took 0.00161ms
interpretation of term_≤_ took 0.000731ms
interpretation of term_≤_ took 0.000421ms
interpretation of coeNotation took 0.00137ms
interpretation of coeNotation took 0.000401ms
interpretation of termℕ took 0.0073ms
interpretation of term_↔_ took 0.000541ms
interpretation of term_≤_ took 0.000431ms
interpretation of term_≤_ took 0.000511ms
interpretation of coeNotation took 0.000341ms
interpretation of coeNotation took 0.000381ms
interpretation of termℕ took 0.00304ms
typeclass inference of UsesSetNotationForOrder took 0.0271ms
typeclass inference of UsesSetNotationForOrder took 0.0114ms
interpretation of term_↔_ took 0.00793ms
interpretation of term_<_ took 0.000812ms
interpretation of term_<_ took 0.00044ms
interpretation of coeNotation took 0.00116ms
interpretation of coeNotation took 0.000321ms
interpretation of termℕ took 0.0063ms
interpretation of term_↔_ took 0.000521ms
interpretation of term_<_ took 0.00042ms
interpretation of term_<_ took 0.000391ms
interpretation of coeNotation took 0.000371ms
interpretation of coeNotation took 0.000471ms
interpretation of termℕ took 0.00437ms
interpretation of term_↔_ took 0.000842ms
interpretation of term_=_ took 0.000892ms
interpretation of term_=_ took 0.000431ms
interpretation of coeNotation took 0.000481ms
interpretation of coeNotation took 0.000321ms
interpretation of termℕ took 0.0041ms
interpretation of term_↔_ took 0.000461ms
interpretation of term_=_ took 0.00037ms
interpretation of term_=_ took 0.000391ms
interpretation of coeNotation took 0.00032ms
interpretation of coeNotation took 0.000351ms
interpretation of termℕ took 0.00284ms
typeclass inference of UsesSetNotationForOrder took 0.0178ms
interpretation of term_≤_ took 0.00118ms
interpretation of coeNotation took 0.000451ms
interpretation of termℕ took 0.00338ms
interpretation of term_≤_ took 0.000481ms
interpretation of coeNotation took 0.000321ms
interpretation of termℕ took 0.00265ms
interpretation of term_*_ took 0.00197ms
interpretation of term_*_ took 0.000521ms
interpretation of term_^_ took 0.00179ms
interpretation of term_^_ took 0.000562ms
interpretation of term_*_ took 0.00148ms
interpretation of term_^_ took 0.000541ms
interpretation of term_*_ took 0.000501ms
interpretation of term_^_ took 0.000421ms
interpretation of term_+_ took 0.00206ms
interpretation of term_*_ took 0.000551ms
interpretation of term_^_ took 0.00044ms
interpretation of term_+_ took 0.000471ms
interpretation of term_*_ took 0.000371ms
interpretation of term_^_ took 0.000762ms
typeclass inference of LE took 0.0776ms
typeclass inference of HAdd took 0.236ms
typeclass inference of HSub took 0.174ms
typeclass inference of LE took 0.0274ms
typeclass inference of Decidable took 0.122ms
typeclass inference of Decidable took 0.0113ms
typeclass inference of HSub took 0.0366ms
typeclass inference of LE took 0.00349ms
typeclass inference of Decidable took 0.0152ms
typeclass inference of Decidable took 0.00996ms
typeclass inference of HMul took 0.182ms
typeclass inference of HMul took 0.0347ms
typeclass inference of HAdd took 0.0328ms
typeclass inference of LT took 0.032ms
typeclass inference of Decidable took 0.48ms
typeclass inference of LE took 0.006ms
typeclass inference of LE took 0.0039ms
typeclass inference of LE took 0.00515ms
typeclass inference of Decidable took 0.151ms
typeclass inference of Decidable took 0.0035ms
instantiate metavars took 0.001ms
tactic execution of Lean.Parser.Tactic.omega took 3.91ms
tactic execution of ProofBroker.Tactic.proofBrokerTerm took 36.4ms
tactic execution of Lean.Parser.Tactic.tacticSeq1Indented took 0.00814ms
tactic execution of Lean.Parser.Tactic.tacticSeq took 0.00463ms
tactic execution of Lean.Parser.Tactic.paren took 0.00538ms
tactic execution of Lean.Parser.Tactic.withAnnotateState took 0.011ms
tactic execution of Lean.Parser.Tactic.tacticSeq1Indented took 0.0043ms
tactic execution of Lean.Parser.Tactic.tacticSeq took 0.00386ms
tactic execution of Lean.Parser.Tactic.case took 0.0365ms
tactic execution of Lean.Parser.Tactic.tacticSeq1Indented took 0.0137ms
tactic execution of Lean.Parser.Tactic.tacticSeq took 0.00432ms
tactic execution of Lean.Parser.Tactic.focus took 0.0122ms
tactic execution of Lean.Parser.Tactic.tacticHave__ took 0.0373ms
typeclass inference of HMul took 1.26ms
typeclass inference of HMul took 0.903ms
typeclass inference of HMul took 0.153ms
typeclass inference of HMul took 0.148ms
tactic execution of Lean.Parser.Tactic.refine took 1.06ms
tactic execution of Lean.Parser.Tactic.rotateRight took 0.00705ms
tactic execution of Lean.Parser.Tactic.tacticSeq1Indented took 0.0139ms
tactic execution of Lean.Parser.Tactic.tacticSeq took 0.00338ms
tactic execution of Lean.Parser.Tactic.paren took 0.00372ms
tactic execution of Lean.Parser.Tactic.tacticSeq1Indented took 0.00484ms
tactic execution of Lean.Parser.Tactic.tacticSeq took 0.00436ms
tactic execution of Lean.Parser.Tactic.focus took 0.00798ms
tactic execution of Lean.Parser.Tactic.tacticRefine_lift_ took 0.00832ms
tactic execution of Lean.Parser.Tactic.tacticHave__ took 0.0241ms
tactic execution of Lean.Parser.Tactic.rewriteSeq took 0.769ms
tactic execution of Lean.Parser.Tactic.exact took 0.117ms
tactic execution of Lean.Parser.Tactic.exact took 0.0957ms
tactic execution of Lean.Parser.Tactic.eqRefl took 0.017ms
tactic execution of Lean.Parser.Tactic.tacticRfl took 0.0425ms
tactic execution of Lean.Parser.Tactic.tacticSeq1Indented took 0.00399ms
tactic execution of Lean.Parser.Tactic.tacticSeq took 0.003ms
tactic execution of Lean.Parser.Tactic.withReducible took 0.0056ms
tactic execution of Lean.Parser.Tactic.tacticSeq1Indented took 0.00449ms
tactic execution of Lean.Parser.Tactic.tacticSeq took 0.00283ms
tactic execution of Lean.Parser.Tactic.paren took 0.00242ms
tactic execution of Lean.Parser.Tactic.tacticSeq1Indented took 0.00266msparsing took 0.000812ms

tactic execution of Lean.Parser.Tactic.tacticSeq took 0.00281ms
tactic execution of Lean.Parser.Tactic.first took 0.00554ms
tactic execution of Lean.Parser.Tactic.tacticTry_ took 0.00853ms
tactic execution of Lean.Parser.Tactic.tacticSeq1Indented took 0.00307ms
tactic execution of Lean.Parser.Tactic.tacticSeq took 0.00292ms
tactic execution of Lean.Parser.Tactic.paren took 0.00341ms
tactic execution of Lean.Parser.Tactic.withAnnotateState took 0.0235ms
tactic execution of Lean.Parser.Tactic.tacticSeq1Indented took 0.0135ms
tactic execution of Lean.Parser.Tactic.tacticSeq took 0.0034ms
tactic execution of Lean.Parser.Tactic.paren took 0.00374ms
tactic execution of Lean.Parser.Tactic.rwSeq took 0.0359ms
tactic execution of Lean.Parser.Tactic.tacticSeq1Indented took 0.103ms
tactic execution of Lean.Parser.Tactic.tacticSeq took 0.0321ms
instantiate metavars took 0.366ms
instantiate metavars took 0.000551ms
instantiate metavars took 0.00013ms
instantiate metavars took 0.000101ms
instantiate metavars took 0.000161ms
share common exprs took 12.7ms
fix level params took 0.1ms
let-to-have transformation took 0.012ms
attribute application took 0.00519ms
attribute application took 0.00101ms
process pre-definitions took 1.18ms
elaboration took 1.76ms
type checking took 1.58ms
type checking took 8.32ms
type checking took 17.6ms
type checking took 22.1ms
type checking took 6.51ms
overlappingInstancesLinter took 0.19ms
tacticAnalysis took 3.49ms
linting took 14.8ms
attribute application took 0.00151ms
typeclass inference of OfNat took 0.0599ms
typeclass inference of OfNat took 0.0383ms
typeclass inference of HSub took 0.901ms
typeclass inference of HMul took 0.834ms
typeclass inference of HMul took 0.793ms
typeclass inference of HSub took 0.72ms
typeclass inference of OfNat took 0.829ms
typeclass inference of OfNat took 0.295ms
typeclass inference of OfNat took 0.0456ms
typeclass inference of OfNat took 0.0388ms
typeclass inference of OfNat took 0.0306ms
typeclass inference of OfNat took 0.0406ms
typeclass inference of OfNat took 0.0327ms
typeclass inference of OfNat took 0.0285ms
typeclass inference of OfNat took 0.0295ms
typeclass inference of HSub took 0.00488ms
typeclass inference of HSub took 0.00293ms
typeclass inference of HMul took 0.00295ms
typeclass inference of HSub took 0.0396ms
typeclass inference of HPow took 0.247ms
typeclass inference of HMul took 0.059ms
typeclass inference of HSub took 0.0476ms
typeclass inference of OfNat took 0.883ms
typeclass inference of OfNat took 0.0607ms
typeclass inference of OfNat took 0.00435ms
typeclass inference of HPow took 0.129ms
typeclass inference of HMul took 0.0555ms
typeclass inference of HSub took 0.0458ms
typeclass inference of OfNat took 0.0448ms
typeclass inference of HPow took 0.107ms
typeclass inference of HMul took 0.0561ms
typeclass inference of HSub took 0.0464ms
typeclass inference of OfNat took 0.0594ms
typeclass inference of OfNat took 0.0547ms
typeclass inference of OfNat took 0.0662ms
typeclass inference of OfNat took 0.0488ms
typeclass inference of HPow took 0.145ms
typeclass inference of LE took 0.0321ms
typeclass inference of OfNat took 0.0345ms
typeclass inference of OfNat took 0.0463ms
typeclass inference of HPow took 0.118ms
typeclass inference of OfNat took 0.0384ms
typeclass inference of HPow took 0.104ms
typeclass inference of OfNat took 0.055ms
typeclass inference of OfNat took 0.0408ms
typeclass inference of OfNat took 0.0325ms
typeclass inference of OfNat took 0.03ms
typeclass inference of HPow took 0.168ms
typeclass inference of LT took 0.0315ms
typeclass inference of OfNat took 0.0041ms
typeclass inference of OfNat took 0.0472ms
typeclass inference of HPow took 0.114ms
typeclass inference of OfNat took 0.0388ms
typeclass inference of HPow took 0.105ms
typeclass inference of OfNat took 0.0563ms
typeclass inference of OfNat took 0.0416ms
typeclass inference of OfNat took 0.0339ms
typeclass inference of OfNat took 0.03ms
typeclass inference of HPow took 0.129ms
typeclass inference of LT took 0.00326ms
typeclass inference of OfNat took 0.00292ms
typeclass inference of OfNat took 0.0474ms
typeclass inference of HPow took 0.122ms
typeclass inference of OfNat took 0.0475ms
typeclass inference of HPow took 0.127ms
typeclass inference of OfNat took 0.0547ms
typeclass inference of OfNat took 0.0409ms
typeclass inference of OfNat took 0.0339ms
typeclass inference of OfNat took 0.0298ms
typeclass inference of HPow took 0.168ms
typeclass inference of LT took 0.00349ms
typeclass inference of OfNat took 0.00265ms
typeclass inference of OfNat took 0.052ms
typeclass inference of HPow took 0.108ms
typeclass inference of OfNat took 0.0364ms
typeclass inference of HPow took 0.114ms
typeclass inference of OfNat took 0.0544ms
typeclass inference of OfNat took 0.0409ms
typeclass inference of OfNat took 0.0438ms
typeclass inference of OfNat took 0.0317ms
typeclass inference of HMul took 0.125ms
typeclass inference of HAdd took 0.127ms
typeclass inference of HMul took 0.0032ms
typeclass inference of HMul took 0.172ms
typeclass inference of HPow took 0.138ms
typeclass inference of HMul took 0.0805ms
typeclass inference of HAdd took 0.0731ms
typeclass inference of OfNat took 0.00373ms
typeclass inference of OfNat took 0.051ms
typeclass inference of HPow took 0.13ms
typeclass inference of HMul took 0.0508ms
typeclass inference of HAdd took 0.0451ms
typeclass inference of OfNat took 0.0398ms
typeclass inference of HPow took 0.13ms
typeclass inference of HMul took 0.0485ms
typeclass inference of HAdd took 0.0433ms
typeclass inference of OfNat took 0.0409ms
typeclass inference of HPow took 0.112ms
typeclass inference of HMul took 0.0559ms
typeclass inference of HSub took 0.0487ms
typeclass inference of OfNat took 0.0407ms
typeclass inference of HPow took 0.111ms
typeclass inference of OfNat took 0.037ms
typeclass inference of HPow took 0.103ms
typeclass inference of OfNat took 0.037ms
typeclass inference of HPow took 0.102ms
typeclass inference of OfNat took 0.0433ms
typeclass inference of HPow took 0.106ms
typeclass inference of OfNat took 0.0379ms
typeclass inference of HPow took 0.104ms
typeclass inference of HMul took 0.049ms
typeclass inference of HAdd took 0.0453ms
typeclass inference of OfNat took 0.0374ms
typeclass inference of HPow took 0.104ms
typeclass inference of HMul took 0.0505ms
typeclass inference of HSub took 0.0484ms
typeclass inference of OfNat took 0.0392ms
typeclass inference of HPow took 0.111ms
typeclass inference of OfNat took 0.0363ms
typeclass inference of HPow took 0.103ms
typeclass inference of OfNat took 0.0433ms
typeclass inference of HPow took 0.106ms
typeclass inference of OfNat took 0.0377ms
typeclass inference of HPow took 0.101ms
typeclass inference of OfNat took 0.0357ms
typeclass inference of HPow took 0.0993ms
typeclass inference of HMul took 0.0483ms
typeclass inference of HAdd took 0.0449ms
typeclass inference of Pow took 0.0687ms
typeclass inference of CategoryTheory.CartesianMonoidalCategory took 0.0653ms
typeclass inference of CategoryTheory.CartesianMonoidalCategory took 0.00477ms
typeclass inference of NPow took 2.17ms
typeclass inference of OfNat took 0.0473ms
typeclass inference of HMul took 0.0383ms
typeclass inference of HSub took 0.00429ms
typeclass inference of OfNat took 0.0502ms
typeclass inference of HPow took 0.125ms
typeclass inference of OfNat took 0.0404ms
typeclass inference of HPow took 0.132ms
typeclass inference of OfNat took 0.0393ms
typeclass inference of HPow took 0.12ms
typeclass inference of OfNat took 0.0373ms
typeclass inference of HPow took 0.111ms
typeclass inference of OfNat took 0.0382ms
typeclass inference of HPow took 0.125ms
typeclass inference of HMul took 0.0713ms
typeclass inference of HAdd took 0.0589ms
typeclass inference of OfNat took 0.048ms
typeclass inference of HPow took 0.114ms
typeclass inference of OfNat took 0.0378ms
typeclass inference of HPow took 0.104ms
typeclass inference of OfNat took 0.0378ms
typeclass inference of HPow took 0.105ms
typeclass inference of OfNat took 0.037ms
typeclass inference of HPow took 0.104ms
typeclass inference of OfNat took 0.0363ms
typeclass inference of HPow took 0.101ms
typeclass inference of HMul took 0.0548ms
typeclass inference of HAdd took 0.0459ms
typeclass inference of OfNat took 0.0382ms
typeclass inference of HPow took 0.103ms
typeclass inference of OfNat took 0.0384ms
typeclass inference of HPow took 0.105ms
typeclass inference of OfNat took 0.0394ms
typeclass inference of HPow took 0.104ms
typeclass inference of OfNat took 0.0406ms
typeclass inference of HPow took 0.103ms
typeclass inference of OfNat took 0.0391ms
typeclass inference of HPow took 0.104ms
typeclass inference of HMul took 0.0539ms
typeclass inference of HAdd took 0.0464ms
typeclass inference of Pow took 0.0395ms
typeclass inference of NPow took 0.111ms
typeclass inference of OfNat took 0.0481ms
typeclass inference of OfNat took 0.0565ms
typeclass inference of HPow took 0.115ms
typeclass inference of OfNat took 0.0396ms
typeclass inference of HPow took 0.107ms
typeclass inference of OfNat took 0.038ms
typeclass inference of HPow took 0.11ms
typeclass inference of OfNat took 0.0383ms
typeclass inference of HPow took 0.134ms
typeclass inference of HMul took 0.0598ms
typeclass inference of HAdd took 0.0467ms
typeclass inference of OfNat took 0.0396ms
typeclass inference of HPow took 0.104ms
typeclass inference of OfNat took 0.0373ms
typeclass inference of HPow took 0.111ms
typeclass inference of OfNat took 0.0368ms
typeclass inference of HPow took 0.105ms
typeclass inference of OfNat took 0.0363ms
typeclass inference of HPow took 0.103ms
typeclass inference of HMul took 0.0511ms
typeclass inference of HAdd took 0.0463ms
typeclass inference of OfNat took 0.0386ms
typeclass inference of HPow took 0.127ms
typeclass inference of OfNat took 0.0411ms
typeclass inference of HPow took 0.106ms
typeclass inference of OfNat took 0.0362ms
typeclass inference of HPow took 0.104ms
typeclass inference of OfNat took 0.0375ms
typeclass inference of HPow took 0.104ms
typeclass inference of HMul took 0.0503ms
typeclass inference of HAdd took 0.0449ms
typeclass inference of Pow took 0.0438ms
typeclass inference of NPow took 0.0036ms
typeclass inference of OfNat took 0.00315ms
typeclass inference of OfNat took 0.0427ms
typeclass inference of HPow took 0.128ms
typeclass inference of OfNat took 0.0628ms
typeclass inference of HPow took 0.118ms
typeclass inference of OfNat took 0.0374ms
typeclass inference of HPow took 0.102ms
typeclass inference of HMul took 0.0497ms
typeclass inference of HAdd took 0.0457ms
typeclass inference of OfNat took 0.0388ms
typeclass inference of HPow took 0.103ms
typeclass inference of OfNat took 0.0374ms
typeclass inference of HPow took 0.104ms
typeclass inference of OfNat took 0.0362ms
typeclass inference of HPow took 0.103ms
typeclass inference of HMul took 0.0489ms
typeclass inference of HAdd took 0.0452ms
typeclass inference of OfNat took 0.0377ms
typeclass inference of HPow took 0.126ms
typeclass inference of OfNat took 0.0608ms
typeclass inference of HPow took 0.111ms
typeclass inference of OfNat took 0.036ms
typeclass inference of HPow took 0.108ms
typeclass inference of HMul took 0.0504ms
typeclass inference of HAdd took 0.0447ms
typeclass inference of Pow took 0.0382ms
typeclass inference of NPow took 0.00309ms
typeclass inference of OfNat took 0.00265ms
typeclass inference of OfNat took 0.0413ms
typeclass inference of HPow took 0.109ms
typeclass inference of OfNat took 0.0374ms
typeclass inference of HPow took 0.123ms
typeclass inference of HMul took 0.0759ms
typeclass inference of HAdd took 0.0555ms
typeclass inference of OfNat took 0.0395ms
typeclass inference of HPow took 0.107ms
typeclass inference of OfNat took 0.0374ms
typeclass inference of HPow took 0.105ms
typeclass inference of HMul took 0.0487ms
typeclass inference of HAdd took 0.0444ms
typeclass inference of OfNat took 0.039ms
typeclass inference of HPow took 0.104ms
typeclass inference of OfNat took 0.0374ms
typeclass inference of HPow took 0.103ms
typeclass inference of HMul took 0.0487ms
typeclass inference of HAdd took 0.0448ms
typeclass inference of Pow took 0.0419ms
typeclass inference of NPow took 0.00313ms
typeclass inference of OfNat took 0.00285ms
typeclass inference of OfNat took 0.0423ms
typeclass inference of HPow took 0.124ms
typeclass inference of HMul took 0.0732ms
typeclass inference of HAdd took 0.0568ms
typeclass inference of OfNat took 0.0401ms
typeclass inference of HPow took 0.106ms
typeclass inference of HMul took 0.0485ms
typeclass inference of HAdd took 0.0455ms
typeclass inference of OfNat took 0.0502ms
typeclass inference of HPow took 0.104ms
typeclass inference of HMul took 0.0479ms
typeclass inference of HAdd took 0.0518ms
typeclass inference of Pow took 0.0392ms
typeclass inference of NPow took 0.00324ms
typeclass inference of OfNat took 0.0026ms
typeclass inference of HMul took 0.0332ms
typeclass inference of HAdd took 0.00337ms
instantiate metavars took 0.0361ms
instantiate metavars took 0.000251ms
typeclass inference of AddMonoidWithOne took 0.0409ms
norm_num took 0.222ms
typeclass inference of AddMonoidWithOne took 0.00383ms
norm_num took 0.0445ms
norm_num took 0.296ms
typeclass inference of Semiring took 0.0367ms
typeclass inference of AddMonoidWithOne took 0.00262ms
norm_num took 0.0505ms
norm_num took 0.583ms
norm_num took 0.0269ms
norm_num took 0.173ms
congr simp thm took 0.035ms
norm_num took 0.00619ms
norm_num took 0.00399ms
typeclass inference of AddMonoidWithOne took 0.00631ms
norm_num took 0.105ms
typeclass inference of AddMonoidWithOne took 0.00319ms
norm_num took 0.0391ms
norm_num took 0.112ms
typeclass inference of Semiring took 0.00314ms
typeclass inference of AddMonoidWithOne took 0.00218ms
norm_num took 0.0417ms
norm_num took 0.146ms
norm_num took 0.00412ms
typeclass inference of Preorder took 0.137ms
typeclass inference of Preorder took 0.0627ms
typeclass inference of AddMonoidWithOne took 0.0045ms
norm_num took 0.0978ms
typeclass inference of AddMonoidWithOne took 0.00316ms
norm_num took 0.0418ms
typeclass inference of LT took 0.0299ms
typeclass inference of Semiring took 0.00251ms
typeclass inference of PartialOrder took 0.0346ms
typeclass inference of CommSemiring took 0.0294ms
typeclass inference of IsOrderedRing took 1.23ms
typeclass inference of CharZero took 0.0439ms
norm_num took 0.255ms
tactic execution of Mathlib.Tactic.normNum took 1.67ms
tactic execution of Lean.Parser.Tactic.tacticSeq1Indented took 0.0116ms
tactic execution of Lean.Parser.Tactic.tacticSeq took 0.0158ms
typeclass inference of AddMonoidWithOne took 0.0734ms
norm_num took 0.258ms
typeclass inference of AddMonoidWithOne took 0.00956ms
norm_num took 0.0724ms
norm_num took 0.353ms
typeclass inference of Semiring took 0.0423ms
typeclass inference of AddMonoidWithOne took 0.0026ms
norm_num took 0.0592ms
norm_num took 0.614ms
norm_num took 0.0744ms
norm_num took 0.208ms
congr simp thm took 0.0307ms
norm_num took 0.00905ms
norm_num took 0.00238ms
typeclass inference of AddMonoidWithOne took 0.00592ms
norm_num took 0.139ms
typeclass inference of AddMonoidWithOne took 0.0029ms
norm_num took 0.0386ms
norm_num took 0.15ms
typeclass inference of Semiring took 0.00283ms
typeclass inference of AddMonoidWithOne took 0.00204ms
norm_num took 0.041ms
norm_num took 0.154ms
norm_num took 0.00434ms
typeclass inference of Preorder took 0.173ms
typeclass inference of Preorder took 0.0498ms
typeclass inference of AddMonoidWithOne took 0.00478ms
norm_num took 0.11ms
typeclass inference of AddMonoidWithOne took 0.00327ms
norm_num took 0.0449ms
typeclass inference of LT took 0.03ms
typeclass inference of Semiring took 0.00213ms
typeclass inference of PartialOrder took 0.0357ms
typeclass inference of CommSemiring took 0.0246ms
typeclass inference of IsOrderedRing took 1.02ms
typeclass inference of CharZero took 0.0406ms
norm_num took 0.144ms
tactic execution of Mathlib.Tactic.normNum took 1.37ms
tactic execution of Lean.Parser.Tactic.tacticSeq1Indented took 0.0195ms
tactic execution of Lean.Parser.Tactic.tacticSeq took 0.0249ms
instantiate metavars took 0.00685ms
instantiate metavars took 0.00025ms
instantiate metavars took 0.000121ms
instantiate metavars took 0.000181ms
instantiate metavars took 0.00014ms
share common exprs took 0.206ms
fix level params took 0.0317ms
attribute application took 0.00324ms
attribute application took 0.000791ms
process pre-definitions took 0.441ms
elaboration took 7.46ms
type checking took 2.86ms
overlappingInstancesLinter took 0.242ms
tacticAnalysis took 0.876ms
linting took 4.09ms
elaboration took 0.168ms
overlappingInstancesLinter took 0.0534ms
tacticAnalysis took 0.274ms
linting took 1.92ms
'RmsNorm.carry_stage_lift' depends on axioms: [propext, Classical.choice, Quot.sound]
elaboration took 912ms
overlappingInstancesLinter took 0.0502ms
tacticAnalysis took 0.263ms
linting took 1.87ms
'RmsNorm.carry_stage_lift_production' depends on axioms: [propext, Classical.choice, Quot.sound]
elaboration took 2.07ms
overlappingInstancesLinter took 0.0133ms
tacticAnalysis took 0.0862ms
linting took 1.04ms
elaboration took 0.0203ms
overlappingInstancesLinter took 0.0174ms
tacticAnalysis took 0.0925ms
linting took 0.854ms
module linting took 0.00114ms
cumulative profiling times:
	attribute application 0.0438ms
	congr simp thm 0.189ms
	elaboration 944ms
	fix level params 0.265ms
	instantiate metavars 0.987ms
	interpretation 0.385ms
	let-to-have transformation 0.0849ms
	linting 66.1ms
	module linting 0.000902ms
	norm_num 11.9ms
	overlappingInstancesLinter 1.96ms
	parsing 5.49ms
	process pre-definitions 3.59ms
	ring 11ms
	share common exprs 15.3ms
	simp 1.67ms
	tactic execution 895ms
	tacticAnalysis 17.5ms
	type checking 95.5ms
	typeclass inference 310ms
PEAK_RSS_BYTES=750841856
EXIT=0 WALL=5.3s CAP=8G
