parsing took 0.0122ms
parsing took 0.533ms
parsing took 0.467ms
parsing took 0.566ms
overlappingInstancesLinter took 0.0354ms
tacticAnalysis took 0.162ms
linting took 1.76ms
elaboration took 0.281ms
overlappingInstancesLinter took 0.0382ms
tacticAnalysis took 0.348ms
linting took 1.15ms
attribute application took 0.00409ms
typeclass inference of HAdd took 0.346ms
typeclass inference of HAdd took 0.172ms
typeclass inference of LT took 0.0361ms
typeclass inference of HAdd took 1.62ms
typeclass inference of HAdd took 1.21ms
typeclass inference of HAdd took 0.0108ms
typeclass inference of HAdd took 0.764ms
instantiate metavars took 0.00521ms
instantiate metavars took 0.00021ms
let-to-have transformation took 0.00945ms
attribute application took 0.0056ms
attribute application took 0.000642ms
elaboration took 2.92ms
typeclass inference of NeZero took 0.15ms
typeclass inference of NeZero took 0.0449ms
typeclass inference of NeZero took 0.039ms
tactic execution of Lean.Parser.Tactic.rewriteSeq took 0.881ms
tactic execution of Lean.Parser.Tactic.exact took 0.109ms
tactic execution of Lean.Parser.Tactic.exact took 0.0964ms
tactic execution of Lean.Parser.Tactic.eqRefl took 0.0117ms
tactic execution of Lean.Parser.Tactic.tacticRfl took 0.0418ms
tactic execution of Lean.Parser.Tactic.tacticSeq1Indented took 0.00539ms
tactic execution of Lean.Parser.Tactic.tacticSeq took 0.00579ms
tactic execution of Lean.Parser.Tactic.withReducible took 0.00919ms
tactic execution of Lean.Parser.Tactic.tacticSeq1Indented took 0.00597ms
tactic execution of Lean.Parser.Tactic.tacticSeq took 0.00568ms
tactic execution of Lean.Parser.Tactic.paren took 0.00385ms
tactic execution of Lean.Parser.Tactic.tacticSeq1Indented took 0.0043ms
tactic execution of Lean.Parser.Tactic.tacticSeq took 0.0098ms
tactic execution of Lean.Parser.Tactic.first took 0.00679ms
tactic execution of Lean.Parser.Tactic.tacticTry_ took 0.00881ms
tactic execution of Lean.Parser.Tactic.tacticSeq1Indented took 0.00321ms
tactic execution of Lean.Parser.Tactic.tacticSeq took 0.00578ms
tactic execution of Lean.Parser.Tactic.paren took 0.00304ms
tactic execution of Lean.Parser.Tactic.withAnnotateState took 0.0159ms
tactic execution of Lean.Parser.Tactic.tacticSeq1Indented took 0.0196ms
tactic execution of Lean.Parser.Tactic.tacticSeq took 0.00736ms
tactic execution of Lean.Parser.Tactic.paren took 0.00708ms
tactic execution of Lean.Parser.Tactic.rwSeq took 0.0361ms
tactic execution of Lean.Parser.Tactic.tacticSeq1Indented took 0.00908ms
tactic execution of Lean.Parser.Tactic.tacticSeq took 0.0174ms
instantiate metavars took 0.00493ms
instantiate metavars took 0.000231ms
instantiate metavars took 0.00016ms
instantiate metavars took 0.00013ms
instantiate metavars took 0.00012ms
share common exprs took 0.0583ms
fix level params took 0.0109ms
let-to-have transformation took 0.00359ms
attribute application took 0.00243ms
attribute application took 0.00153ms
process pre-definitions took 0.157ms
elaboration took 0.437ms
type checking took 0.622ms
overlappingInstancesLinter took 0.29ms
tacticAnalysis took 0.708ms
linting took 3.97ms
attribute application took 0.00208ms
typeclass inference of HMul took 0.268ms
typeclass inference of HMul took 0.173ms
typeclass inference of LT took 0.0375ms
typeclass inference of HMul took 1.25ms
typeclass inference of HMul took 1.02ms
typeclass inference of HMul took 0.00512ms
typeclass inference of HMul took 0.0394ms
instantiate metavars took 0.00353ms
instantiate metavars took 0.00019ms
let-to-have transformation took 0.00359ms
attribute application took 0.00139ms
attribute application took 0.000501ms
elaboration took 1.6ms
tactic execution of Lean.Parser.Tactic.rewriteSeq took 0.545ms
tactic execution of Lean.Parser.Tactic.exact took 0.11ms
tactic execution of Lean.Parser.Tactic.exact took 0.0918ms
tactic execution of Lean.Parser.Tactic.eqRefl took 0.0101ms
tactic execution of Lean.Parser.Tactic.tacticRfl took 0.0445ms
tactic execution of Lean.Parser.Tactic.tacticSeq1Indented took 0.00481ms
tactic execution of Lean.Parser.Tactic.tacticSeq took 0.00439ms
tactic execution of Lean.Parser.Tactic.withReducible took 0.00846ms
tactic execution of Lean.Pparsing took 1.96ms
arser.Tactic.tacticSeq1Indented took 0.00595ms
tactic execution of Lean.Parser.Tactic.tacticSeq took 0.00403ms
tactic execution of Lean.Parser.Tactic.paren took 0.00382ms
tactic execution of Lean.Parser.Tactic.tacticSeq1Indented took 0.00475ms
tactic execution of Lean.Parser.Tactic.tacticSeq took 0.00455ms
tactic execution of Lean.Parser.Tactic.first took 0.011ms
tactic execution of Lean.Parser.Tactic.tacticTry_ took 0.00707ms
tactic execution of Lean.Parser.Tactic.tacticSeq1Indented took 0.00295ms
tactic execution of Lean.Parser.Tactic.tacticSeq took 0.00535ms
tactic execution of Lean.Parser.Tactic.paren took 0.00276ms
tactic execution of Lean.Parser.Tactic.withAnnotateState took 0.0118ms
tactic execution of Lean.Parser.Tactic.tacticSeq1Indented took 0.0133ms
tactic execution of Lean.Parser.Tactic.tacticSeq took 0.00634ms
tactic execution of Lean.Parser.Tactic.paren took 0.00577ms
tactic execution of Lean.Parser.Tactic.rwSeq took 0.0116ms
tactic execution of Lean.Parser.Tactic.tacticSeq1Indented took 0.00654ms
tactic execution of Lean.Parser.Tactic.tacticSeq took 0.0173ms
instantiate metavars took 0.00443ms
instantiate metavars took 0.00029ms
instantiate metavars took 0.00016ms
instantiate metavars took 0.0002ms
instantiate metavars took 0.000141ms
share common exprs took 0.0536ms
fix level params took 0.00875ms
let-to-have transformation took 0.00317ms
attribute application took 0.0015ms
attribute application took 0.000711ms
process pre-definitions took 0.103ms
elaboration took 0.258ms
type checking took 0.453ms
overlappingInstancesLinter took 0.078ms
tacticAnalysis took 1.02ms
linting took 2.58ms
attribute application took 0.00142ms
typeclass inference of OfNat took 0.131ms
typeclass inference of OfNat took 0.0442ms
typeclass inference of OfNat took 0.0368ms
typeclass inference of HPow took 0.415ms
typeclass inference of LT took 0.0338ms
typeclass inference of OfNat took 0.0822ms
typeclass inference of OfNat took 1.04ms
typeclass inference of CategoryTheory.CartesianMonoidalCategory took 0.0848ms
typeclass inference of CategoryTheory.CartesianMonoidalCategory took 0.00477ms
typeclass inference of HPow took 2.24ms
typeclass inference of OfNat took 0.0827ms
typeclass inference of OfNat took 0.0397ms
typeclass inference of HPow took 0.0356ms
typeclass inference of OfNat took 0.00328ms
instantiate metavars took 0.00404ms
instantiate metavars took 0.000201ms
let-to-have transformation took 0.00552ms
attribute application took 0.00146ms
attribute application took 0.000602ms
elaboration took 1.24ms
typeclass inference of OfNat took 0.947ms
typeclass inference of OfNat took 0.0874ms
typeclass inference of OfNat took 0.0449ms
typeclass inference of HPow took 0.28ms
typeclass inference of CoeT took 1.56ms
typeclass inference of OfNat took 0.0458ms
typeclass inference of CategoryTheory.CartesianMonoidalCategory took 0.0515ms
typeclass inference of CategoryTheory.CartesianMonoidalCategory took 0.00449ms
typeclass inference of HPow took 2.03ms
tactic execution of Lean.Parser.Tactic.refine took 1.04ms
congr simp thm took 0.0327ms
congr simp thm took 0.0327ms
congr simp thm took 0.0184ms
congr simp thm took 0.000521ms
typeclass inference of NatCast took 0.123ms
typeclass inference of NatCast took 0.0429ms
typeclass inference of FunLike took 1.44ms
typeclass inference of One took 0.604ms
typeclass inference of SMul took 0.433ms
typeclass inference of SMul took 0.712ms
typeclass inference of IsSMulApply took 0.0395ms
congr simp thm took 0.0381ms
congr simp thm took 0.000411ms
typeclass inference of Semiring took 0.664ms
congr simp thm took 0.000942ms
congr simp thm took 0.000401ms
typeclass inference of Nat.AtLeastTwo took 0.171ms
congr simp thm took 0.000611ms
congr simp thm took 0.000561ms
simp took 1.6ms
simp took 0.00424ms
tactic execution of Lean.Parser.Tactic.pushCast took 0.0688ms
tactic execution of Lean.Parser.Tactic.exact took 0.106ms
tactic execution of Lean.Parser.Tactic.exact took 0.0845ms
tactic execution of Lean.Parser.Tactic.eqRefl took 0.459ms
tactic execution of Lean.Parser.Tactic.tacticRfl took 0.0456ms
tactic execuparsing took 1.89ms
tion of Lean.Parser.Tactic.tacticSeq1Indented took 0.0116ms
tactic execution of Lean.Parser.Tactic.tacticSeq took 0.00317ms
tactic execution of Lean.Parser.Tactic.paren took 0.00393ms
tactic execution of Lean.Parser.Tactic.withAnnotateState took 0.00636ms
tactic execution of Lean.Parser.Tactic.tacticSeq1Indented took 0.00389ms
tactic execution of Lean.Parser.Tactic.tacticSeq took 0.882ms
tactic execution of Lean.Parser.Tactic.case took 0.0649ms
tactic execution of Lean.Parser.Tactic.tacticSeq1Indented took 0.0178ms
tactic execution of Lean.Parser.Tactic.tacticSeq took 0.00461ms
tactic execution of Lean.Parser.Tactic.focus took 0.00887ms
tactic execution of Lean.Parser.Tactic.tacticHave__ took 0.0143ms
tactic execution of Lean.Parser.Tactic.rewriteSeq took 0.192ms
tactic execution of Lean.Parser.Tactic.exact took 0.0982ms
tactic execution of Lean.Parser.Tactic.exact took 0.0789ms
tactic execution of Lean.Parser.Tactic.eqRefl took 0.0244ms
tactic execution of Lean.Parser.Tactic.applyRfl took 0.0195ms
tactic execution of Lean.Parser.Tactic.tacticRfl took 0.0403ms
tactic execution of Lean.Parser.Tactic.tacticSeq1Indented took 0.00535ms
tactic execution of Lean.Parser.Tactic.tacticSeq took 0.00339ms
tactic execution of Lean.Parser.Tactic.withReducible took 0.0054ms
tactic execution of Lean.Parser.Tactic.tacticSeq1Indented took 0.00339ms
tactic execution of Lean.Parser.Tactic.tacticSeq took 0.00266ms
tactic execution of Lean.Parser.Tactic.paren took 0.00307ms
tactic execution of Lean.Parser.Tactic.tacticSeq1Indented took 0.00298ms
tactic execution of Lean.Parser.Tactic.tacticSeq took 0.00295ms
tactic execution of Lean.Parser.Tactic.skip took 0.00223ms
tactic execution of Lean.Parser.Tactic.tacticSeq1Indented took 0.00318ms
tactic execution of Lean.Parser.Tactic.tacticSeq took 0.00309ms
tactic execution of Lean.Parser.Tactic.first took 0.00752ms
tactic execution of Lean.Parser.Tactic.tacticTry_ took 0.00694ms
tactic execution of Lean.Parser.Tactic.tacticSeq1Indented took 0.00319ms
tactic execution of Lean.Parser.Tactic.tacticSeq took 0.00241ms
tactic execution of Lean.Parser.Tactic.paren took 0.00283ms
tactic execution of Lean.Parser.Tactic.withAnnotateState took 0.0121ms
tactic execution of Lean.Parser.Tactic.tacticSeq1Indented took 0.0101ms
tactic execution of Lean.Parser.Tactic.tacticSeq took 0.0118ms
tactic execution of Lean.Parser.Tactic.paren took 0.00438ms
tactic execution of Lean.Parser.Tactic.rwSeq took 0.0366ms
tactic execution of Lean.Parser.Tactic.exact took 0.191ms
tactic execution of Lean.Parser.Tactic.tacticSeq1Indented took 0.0165ms
tactic execution of Lean.Parser.Tactic.tacticSeq took 0.0139ms
instantiate metavars took 0.0141ms
instantiate metavars took 0.000241ms
instantiate metavars took 0.00022ms
instantiate metavars took 0.000171ms
instantiate metavars took 0.00014ms
share common exprs took 0.0741ms
fix level params took 0.0144ms
let-to-have transformation took 0.00595ms
attribute application took 0.00262ms
attribute application took 0.000651ms
process pre-definitions took 0.15ms
elaboration took 0.249ms
type checking took 1.5ms
overlappingInstancesLinter took 0.188ms
tacticAnalysis took 0.819ms
linting took 5.97ms
attribute application took 0.00179ms
typeclass inference of OfNat took 0.062ms
typeclass inference of OfNat took 0.0408ms
typeclass inference of HSub took 0.922ms
typeclass inference of HMul took 1.02ms
typeclass inference of HMul took 0.761ms
typeclass inference of HSub took 0.758ms
typeclass inference of OfNat took 0.733ms
typeclass inference of OfNat took 0.0796ms
typeclass inference of OfNat took 0.0401ms
typeclass inference of OfNat took 0.0394ms
typeclass inference of OfNat took 0.0315ms
typeclass inference of OfNat took 0.0283ms
typeclass inference of HSub took 0.00384ms
typeclass inference of HSub took 0.00238ms
typeclass inference of HMul took 0.00242ms
typeclass inference of HSub took 0.0339ms
typeclass inference of CategoryTheory.CartesianMonoidalCategory took 0.0581ms
typeclass inference of CategoryTheory.CartesianMonoidalCategory took 0.00443ms
typeclass inference of HPow took 1.86msparsing took 0.666ms
parsing took 0.0327ms
parsing took 0.0403ms

typeclass inference of HMul took 0.0452ms
typeclass inference of HSub took 0.0281ms
typeclass inference of OfNat took 0.82ms
typeclass inference of OfNat took 0.00352ms
typeclass inference of OfNat took 0.0751ms
typeclass inference of OfNat took 0.0391ms
typeclass inference of HPow took 0.247ms
typeclass inference of LE took 0.0301ms
typeclass inference of OfNat took 0.0371ms
typeclass inference of OfNat took 0.062ms
typeclass inference of OfNat took 0.0394ms
typeclass inference of HPow took 0.0341ms
typeclass inference of LT took 0.0318ms
typeclass inference of OfNat took 0.00262ms
typeclass inference of OfNat took 0.0767ms
typeclass inference of OfNat took 0.0685ms
typeclass inference of HPow took 0.0406ms
typeclass inference of LT took 0.00415ms
typeclass inference of OfNat took 0.00306ms
typeclass inference of OfNat took 0.0528ms
typeclass inference of OfNat took 0.0385ms
typeclass inference of HPow took 0.0371ms
typeclass inference of LT took 0.00269ms
typeclass inference of OfNat took 0.00212ms
typeclass inference of OfNat took 0.0512ms
typeclass inference of OfNat took 0.0446ms
typeclass inference of HAdd took 0.148ms
typeclass inference of HAdd took 0.137ms
typeclass inference of OfNat took 0.0428ms
typeclass inference of OfNat took 0.0391ms
typeclass inference of HPow took 0.0336ms
typeclass inference of LT took 0.00281ms
typeclass inference of OfNat took 0.00248ms
typeclass inference of OfNat took 0.053ms
typeclass inference of OfNat took 0.0431ms
typeclass inference of HAdd took 0.00629ms
typeclass inference of HAdd took 0.0325ms
typeclass inference of OfNat took 0.0551ms
typeclass inference of OfNat took 0.0667ms
typeclass inference of HPow took 0.0357ms
typeclass inference of LT took 0.00271ms
typeclass inference of OfNat took 0.00251ms
typeclass inference of OfNat took 0.0526ms
typeclass inference of OfNat took 0.0427ms
typeclass inference of HMul took 0.13ms
typeclass inference of HAdd took 0.00352ms
typeclass inference of HMul took 0.00217ms
typeclass inference of HMul took 0.257ms
typeclass inference of HPow took 0.042ms
typeclass inference of HMul took 0.0369ms
typeclass inference of HAdd took 0.0318ms
typeclass inference of OfNat took 0.00298ms
instantiate metavars took 0.0151ms
instantiate metavars took 0.0002ms
let-to-have transformation took 0.0105ms
attribute application took 0.00151ms
attribute application took 0.000721ms
elaboration took 4.91ms
typeclass inference of HMul took 1.58ms
typeclass inference of HMul took 0.855ms
tactic execution of Lean.Parser.Tactic.refine took 0.496ms
typeclass inference of Add took 0.859ms
typeclass inference of AddRightCancelSemigroup took 0.792ms
typeclass inference of IsRightCancelAdd took 3.77ms
typeclass inference of AddGroup took 0.538ms
typeclass inference of CommSemiring took 0.45ms
typeclass inference of CommRing took 0.0433ms
typeclass inference of Semifield took 0.317ms
typeclass inference of Field took 0.314ms
typeclass inference of Field took 0.00255ms
typeclass inference of Field took 0.00233ms
typeclass inference of Field took 0.00249ms
typeclass inference of Field took 0.00145ms
typeclass inference of Field took 0.00132ms
typeclass inference of Field took 0.00114ms
typeclass inference of Field took 0.00108ms
typeclass inference of Field took 0.00104ms
typeclass inference of Field took 0.00103ms
typeclass inference of Field took 0.00103ms
typeclass inference of Field took 0.00107ms
typeclass inference of Field took 0.00251ms
typeclass inference of Field took 0.00129ms
typeclass inference of Field took 0.00133ms
typeclass inference of Field took 0.00132ms
typeclass inference of Field took 0.00123ms
typeclass inference of Field took 0.00106ms
typeclass inference of Field took 0.00104ms
typeclass inference of Field took 0.00101ms
typeclass inference of Field took 0.00193ms
typeclass inference of Field took 0.00123ms
typeclass inference of Field took 0.00115ms
typeclass inference of Field took 0.00125ms
typeclass inference of Field took 0.00109ms
typeclass inference of Field took 0.00108ms
typeclass inference of Field took 0.00105ms
typeclass inference of Field took 0.0018ms
typeclass inference of Field took 0.00125ms
typeclass inference of Field took 0.00116ms
typeclass inference of Semiring took 0.683ms
typeclass inference of RCLike took 0.0137ms
typeclass inference of RCLike took 0.00209ms
typeclass inference of RCLike took 0.00137ms
typeclass inference of RCLike took 0.00234ms
typeclass inference of RCLike took 0.00234ms
typeclass inference of RCLike took 0.00221ms
typeclass inference of RCLike took 0.0015ms
typeclass inference of RCLike took 0.00117ms
typeclass inference of RCLike took 0.00123ms
typeclass inference of RCLike took 0.00117ms
typeclass inference of RCLike took 0.00102ms
typeclass inference of RCLike took 0.000992ms
typeclass inference of RCLike took 0.00171ms
typeclass inference of RCLike took 0.00111ms
typeclass inference of RCLike took 0.00116ms
typeclass inference of RCLike took 0.00105ms
typeclass inference of RCLike took 0.00124ms
typeclass inference of RCLike took 0.00107ms
typeclass inference of RCLike took 0.001ms
typeclass inference of RCLike took 0.00218ms
typeclass inference of RCLike took 0.00161ms
typeclass inference of RCLike took 0.00152ms
typeclass inference of RCLike took 0.0011ms
typeclass inference of RCLike took 0.00108ms
typeclass inference of RCLike took 0.00103ms
typeclass inference of RCLike took 0.00106ms
typeclass inference of RCLike took 0.00154ms
typeclass inference of RCLike took 0.00188ms
typeclass inference of RCLike took 0.00105ms
typeclass inference of RCLike took 0.00108ms
typeclass inference of Semiring took 0.0045ms
typeclass inference of NonAssocRing took 0.244ms
typeclass inference of Field took 0.0032ms
typeclass inference of Field took 0.00239ms
typeclass inference of Field took 0.002ms
typeclass inference of Field took 0.00124ms
typeclass inference of Field took 0.00135ms
typeclass inference of Field took 0.00114ms
typeclass inference of Field took 0.00111ms
typeclass inference of Field took 0.00103ms
typeclass inference of Field took 0.00359ms
typeclass inference of Field took 0.00212ms
typeclass inference of Field took 0.0018ms
typeclass inference of Field took 0.00193ms
typeclass inference of Field took 0.00112ms
typeclass inference of Field took 0.00224ms
typeclass inference of Field took 0.00123ms
typeclass inference of Field took 0.00113ms
typeclass inference of Field took 0.00114ms
typeclass inference of Field took 0.00103ms
typeclass inference of Field took 0.00103ms
typeclass inference of Field took 0.00112ms
typeclass inference of Field took 0.00104ms
typeclass inference of Field took 0.000931ms
typeclass inference of Field took 0.0022ms
typeclass inference of Field took 0.00115ms
typeclass inference of Field took 0.0012ms
typeclass inference of Field took 0.00104ms
typeclass inference of Field took 0.00103ms
typeclass inference of Field took 0.00105ms
typeclass inference of Field took 0.00106ms
typeclass inference of Field took 0.00102ms
typeclass inference of Field took 0.0018ms
typeclass inference of Field took 0.00113ms
typeclass inference of Field took 0.00113ms
typeclass inference of Field took 0.00107ms
typeclass inference of Field took 0.000982ms
typeclass inference of Field took 0.00103ms
typeclass inference of Field took 0.00108ms
typeclass inference of Field took 0.00225ms
typeclass inference of Field took 0.0013ms
typeclass inference of Field took 0.00126ms
typeclass inference of Field took 0.00117ms
typeclass inference of Field took 0.00106ms
typeclass inference of Field took 0.00163ms
typeclass inference of Field took 0.00117ms
typeclass inference of Field took 0.00117ms
typeclass inference of Field took 0.00103ms
typeclass inference of Field took 0.0102ms
typeclass inference of Field took 0.00472ms
typeclass inference of Field took 0.00417ms
typeclass inference of Field took 0.00612ms
typeclass inference of Field took 0.00478ms
typeclass inference of Field took 0.00551ms
typeclass inference of Field took 0.00172ms
typeclass inference of Field took 0.00225ms
typeclass inference of Field took 0.0014ms
typeclass inference of Field took 0.00131ms
typeclass inference of Field took 0.00162ms
typeclass inference of Field took 0.00153ms
typeclass inference of Field took 0.00109ms
typeclass inference of Field took 0.00123ms
typeclass inference of Field took 0.00248ms
typeclass inference of Field took 0.00135ms
typeclass inference of Field took 0.00126ms
typeclass inference of Field took 0.00115ms
typeclass inference of Field took 0.00107ms
typeclass inference of Field took 0.00178ms
typeclass inference of Field took 0.00143ms
typeclass inference of Field took 0.0012ms
typeclass inference of Field took 0.00109ms
typeclass inference of Field took 0.00166ms
typeclass inference of Field took 0.00111ms
typeclass inference of Field took 0.0014ms
typeclass inference of Semiring took 0.00525ms
typeclass inference of CharZero took 22.7ms
norm_num took 0.14ms
norm_num took 0.00528ms
typeclass inference of AddMonoidWithOne took 0.72ms
norm_num took 0.739ms
norm_num took 0.0139ms
norm_num took 0.00608ms
norm_num took 0.00229ms
norm_num took 0.00388ms
typeclass inference of AddMonoidWithOne took 0.00567ms
norm_num took 0.331ms
ring took 3.35ms
tactic execution of Mathlib.Tactic.LinearCombination.linearCombination took 3.92ms
tactic execution of Lean.Parser.Tactic.tacticSeq1Indented took 0.00892ms
tactic execution of Lean.Parser.Tactic.tacticSeq took 0.00891ms
tactic execution of Lean.Parser.Tactic.paren took 0.00491ms
tactic execution of Lean.Parser.Tactic.withAnnotateState took 0.00714ms
tactic execution of Lean.Parser.Tactic.tacticSeq1Indented took 0.00608ms
tactic execution of Lean.Parser.Tactic.tacticSeq took 0.00467ms
tactic execution of Lean.Parser.Tactic.case took 0.0677ms
tactic execution of Lean.Parser.Tactic.tacticSeq1Indented took 0.0179ms
tactic execution of Lean.Parser.Tactic.tacticSeq took 0.00652ms
tactic execution of Lean.Parser.Tactic.focus took 0.0101ms
tactic execution of Lean.Parser.Tactic.tacticHave__ took 0.0184ms
typeclass inference of OfNat took 0.0921ms
typeclass inference of OfNat took 0.0529ms
typeclass inference of HAdd took 0.977ms
typeclass inference of HMul took 0.81ms
typeclass inference of CategoryTheory.CartesianMonoidalCategory took 0.051ms
typeclass inference of CategoryTheory.CartesianMonoidalCategory took 0.0044ms
typeclass inference of HPow took 1.92ms
typeclass inference of HMul took 1.65ms
typeclass inference of HAdd took 0.813ms
typeclass inference of OfNat took 0.826ms
tactic execution of Lean.Parser.Tactic.refine took 0.688ms
typeclass inference of Add took 0.725ms
typeclass inference of AddRightCancelSemigroup took 1.24ms
typeclass inference of IsRightCancelAdd took 3.38ms
typeclass inference of AddGroup took 0.621ms
typeclass inference of CommSemiring took 0.483ms
typeclass inference of CommRing took 0.0404ms
typeclass inference of Semifield took 0.297ms
typeclass inference of Field took 0.45ms
typeclass inference of Field took 0.00251ms
typeclass inference of Field took 0.00281ms
typeclass inference of Field took 0.00244ms
typeclass inference of Field took 0.00163ms
typeclass inference of Field took 0.0013ms
typeclass inference of Field took 0.00228ms
typeclass inference of Field took 0.00178ms
typeclass inference of Field took 0.0014ms
typeclass inference of Field took 0.00135ms
typeclass inference of Field took 0.00134ms
typeclass inference of Field took 0.00176ms
typeclass inference of Field took 0.00211ms
typeclass inference of Field took 0.00131ms
typeclass inference of Field took 0.00123ms
typeclass inference of Field took 0.00121ms
typeclass inference of Field took 0.00117ms
typeclass inference of Field took 0.00135ms
typeclass inference of Field took 0.0011ms
typeclass inference of Field took 0.00113ms
typeclass inference of Field took 0.00219ms
typeclass inference of Field took 0.00124ms
typeclass inference of Field took 0.00172ms
typeclass inference of Field took 0.00116ms
typeclass inference of Field took 0.00139ms
typeclass inference of Field took 0.00108ms
typeclass inference of Field took 0.00113ms
typeclass inference of Field took 0.00184ms
typeclass inference of Field took 0.00133ms
typeclass inference of Field took 0.0011ms
typeclass inference of Semiring took 0.903ms
typeclass inference of RCLike took 0.0113ms
typeclass inference of RCLike took 0.00195ms
typeclass inference of RCLike took 0.00141ms
typeclass inference of RCLike took 0.00234ms
typeclass inference of RCLike took 0.00197ms
typeclass inference of RCLike took 0.00144ms
typeclass inference of RCLike took 0.00144ms
typeclass inference of RCLike took 0.00128ms
typeclass inference of RCLike took 0.00109ms
typeclass inference of RCLike took 0.00112ms
typeclass inference of RCLike took 0.00111ms
typeclass inference of RCLike took 0.00108ms
typeclass inference of RCLike took 0.0037ms
typeclass inference of RCLike took 0.00168ms
typeclass inference of RCLike took 0.00152ms
typeclass inference of RCLike took 0.00159ms
typeclass inference of RCLike took 0.00145ms
typeclass inference of RCLike took 0.00139ms
typeclass inference of RCLike took 0.00114ms
typeclass inference of RCLike took 0.00111ms
typeclass inference of RCLike took 0.00292ms
typeclass inference of RCLike took 0.00145ms
typeclass inference of RCLike took 0.00125ms
typeclass inference of RCLike took 0.00119ms
typeclass inference of RCLike took 0.00119ms
typeclass inference of RCLike took 0.00128ms
typeclass inference of RCLike took 0.00107ms
typeclass inference of RCLike took 0.00297ms
typeclass inference of RCLike took 0.00163ms
typeclass inference of RCLike took 0.00188ms
typeclass inference of Semiring took 0.00497ms
typeclass inference of NonAssocRing took 0.197ms
typeclass inference of Field took 0.00372ms
typeclass inference of Field took 0.00197ms
typeclass inference of Field took 0.00213ms
typeclass inference of Field took 0.0014ms
typeclass inference of Field took 0.00126ms
typeclass inference of Field took 0.00244ms
typeclass inference of Field took 0.0012ms
typeclass inference of Field took 0.00113ms
typeclass inference of Field took 0.00127ms
typeclass inference of Field took 0.00171ms
typeclass inference of Field took 0.00134ms
typeclass inference of Field took 0.00141ms
typeclass inference of Field took 0.00106ms
typeclass inference of Field took 0.00223ms
typeclass inference of Field took 0.0013ms
typeclass inference of Field took 0.00128ms
typeclass inference of Field took 0.0207ms
typeclass inference of Field took 0.0013ms
typeclass inference of Field took 0.00114ms
typeclass inference of Field took 0.00147ms
typeclass inference of Field took 0.00122ms
typeclass inference of Field took 0.00102ms
typeclass inference of Field took 0.00249ms
typeclass inference of Field took 0.00118ms
typeclass inference of Field took 0.00429ms
typeclass inference of Field took 0.003ms
typeclass inference of Field took 0.00175ms
typeclass inference of Field took 0.00113ms
typeclass inference of Field took 0.00111ms
typeclass inference of Field took 0.00103ms
typeclass inference of Field took 0.00341ms
typeclass inference of Field took 0.00151ms
typeclass inference of Field took 0.00128ms
typeclass inference of Field took 0.00285ms
typeclass inference of Field took 0.00152ms
typeclass inference of Field took 0.00137ms
typeclass inference of Field took 0.00109ms
typeclass inference of Field took 0.00227ms
typeclass inference of Field took 0.00179ms
typeclass inference of Field took 0.00146ms
typeclass inference of Field took 0.00116ms
typeclass inference of Field took 0.00126ms
typeclass inference of Field took 0.00164ms
typeclass inference of Field took 0.00187ms
typeclass inference of Field took 0.00127ms
typeclass inference of Field took 0.00114ms
typeclass inference of Field took 0.00291ms
typeclass inference of Field took 0.00309ms
typeclass inference of Field took 0.00217ms
typeclass inference of Field took 0.00286ms
typeclass inference of Field took 0.00223ms
typeclass inference of Field took 0.00234ms
typeclass inference of Field took 0.00292ms
typeclass inference of Field took 0.00343ms
typeclass inference of Field took 0.00243ms
typeclass inference of Field took 0.00225ms
typeclass inference of Field took 0.00252ms
typeclass inference of Field took 0.00266ms
typeclass inference of Field took 0.00205ms
typeclass inference of Field took 0.00215ms
typeclass inference of Field took 0.00321ms
typeclass inference of Field took 0.0017ms
typeclass inference of Field took 0.00132ms
typeclass inference of Field took 0.00121ms
typeclass inference of Field took 0.0012ms
typeclass inference of Field took 0.00179ms
typeclass inference of Field took 0.00144ms
typeclass inference of Field took 0.00132ms
typeclass inference of Field took 0.00122ms
typeclass inference of Field took 0.00182ms
typeclass inference of Field took 0.00123ms
typeclass inference of Field took 0.00119ms
typeclass inference of Semiring took 0.00547ms
typeclass inference of CharZero took 22.1ms
norm_num took 0.0466ms
typeclass inference of AddMonoidWithOne took 0.675ms
norm_num took 0.418ms
norm_num took 0.0074ms
typeclass inference of AddMonoidWithOne took 0.00574ms
norm_num took 0.137ms
norm_num took 0.00551ms
norm_num took 0.0052ms
norm_num took 0.00497ms
norm_num took 0.00245ms
typeclass inference of AddMonoidWithOne took 0.00422ms
norm_num took 0.141ms
norm_num took 0.00511ms
norm_num took 0.0033ms
typeclass inference of AddMonoidWithOne took 0.00462ms
norm_num took 0.411ms
ring took 2.03ms
tactic execution of Mathlib.Tactic.LinearCombination.linearCombination took 1.52ms
tactic execution of Lean.Parser.Tactic.tacticSeq1Indented took 0.00821ms
tactic execution of Lean.Parser.Tactic.tacticSeq took 0.00463ms
tactic execution of Lean.Parser.Tactic.paren took 0.00618ms
tactic execution of Lean.Parser.Tactic.withAnnotateState took 0.00919ms
tactic execution of Lean.Parser.Tactic.tacticSeq1Indented took 0.006ms
tactic execution of Lean.Parser.Tactic.tacticSeq took 0.00532ms
tactic execution of Lean.Parser.Tactic.case took 0.103ms
tactic execution of Lean.Parser.Tactic.tacticSeq1Indented took 0.0398ms
tactic execution of Lean.Parser.Tactic.tacticSeq took 0.00633ms
tactic execution of Lean.Parser.Tactic.focus took 0.0103ms
tactic execution of Lean.Parser.Tactic.tacticHave__ took 0.031ms
typeclass inference of OfNat took 0.125ms
typeclass inference of OfNat took 0.0605ms
typeclass inference of OfNat took 0.0531ms
typeclass inference of HPow took 0.34ms
typeclass inference of LT took 0.0525ms
typeclass inference of OfNat took 0.0533ms
typeclass inference of Preorder took 0.317ms
typeclass inference of Preorder took 0.0279ms
typeclass inference of Preorder took 0.0312ms
typeclass inference of AddMonoidWithOne took 0.0448ms
norm_num took 0.208ms
typeclass inference of AddMonoidWithOne took 0.00407ms
norm_num took 0.0577ms
typeclass inference of LT took 0.0309ms
typeclass inference of Semiring took 0.0287ms
typeclass inference of PartialOrder took 0.0282ms
typeclass inference of CommSemiring took 0.0275ms
typeclass inference of IsOrderedRing took 1.07ms
typeclass inference of CharZero took 0.0426ms
norm_num took 0.247ms
tactic execution of Mathlib.Tactic.normNum took 0.693ms
tactic execution of Lean.Parser.Tactic.tacticSeq1Indented took 0.00867ms
tactic execution of Lean.Parser.Tactic.tacticSeq took 0.0141ms
tactic execution of Lean.Parser.Tactic.refine took 3.34ms
tactic execution of Lean.Parser.Tactic.rotateRight took 0.00746ms
tactic execution of Lean.Parser.Tactic.tacticSeq1Indented took 0.0116ms
tactic execution of Lean.Parser.Tactic.tacticSeq took 0.00375ms
tactic execution of Lean.Parser.Tactic.paren took 0.00411ms
tactic execution of Lean.Parser.Tactic.tacticSeq1Indented took 0.00433ms
tactic execution of Lean.Parser.Tactic.tacticSeq took 0.00414ms
tactic execution of Lean.Parser.Tactic.focus took 0.0071ms
tactic execution of Lean.Parser.Tactic.tacticRefine_lift_ took 0.0089ms
tactic execution of Lean.Parser.Tactic.tacticHave__ took 0.672ms
typeclass inference of OfNat took 1.02ms
typeclass inference of CategoryTheory.CartesianMonoidalCategory took 0.0533ms
typeclass inference of CategoryTheory.CartesianMonoidalCategory took 0.00479ms
typeclass inference of HPow took 2.44ms
typeclass inference of OfNat took 0.169ms
typeclass inference of OfNat took 0.0479ms
typeclass inference of HPow took 0.321ms
typeclass inference of OfNat took 0.0453ms
tactic execution of Lean.Parser.Tactic.refine took 1.14ms
tactic execution of Lean.Parser.Tactic.rotateRight took 0.00771ms
tactic execution of Lean.Parser.Tactic.tacticSeq1Indented took 0.015ms
tactic execution of Lean.Parser.Tactic.tacticSeq took 0.00499ms
tactic execution of Lean.Parser.Tactic.paren took 0.00481ms
tactic execution of Lean.Parser.Tactic.tacticSeq1Indented took 0.00543ms
tactic execution of Lean.Parser.Tactic.tacticSeq took 0.00569ms
tactic execution of Lean.Parser.Tactic.focus took 0.00802ms
tactic execution of Lean.Parser.Tactic.tacticRefine_lift_ took 0.00848ms
tactic execution of Lean.Parser.Tactic.tacticHave__ took 0.0184ms
typeclass inference of OfNat took 0.0732ms
typeclass inference of OfNat took 0.0542ms
typeclass inference of OfNat took 0.0483ms
typeclass inference of HMul took 0.171ms
typeclass inference of HPow took 0.0382ms
typeclass inference of HMul took 0.15ms
typeclass inference of LT took 0.0332ms
typeclass inference of OfNat took 0.00316ms
tactic execution of Lean.Parser.Tactic.refine took 0.583ms
typeclass inference of OfNat took 0.0653ms
typeclass inference of OfNat took 0.0494ms
typeclass inference of OfNat took 0.0534ms
typeclass inference of OfNat took 0.0667ms
typeclass inference of OfNat took 0.0493ms
typeclass inference of OfNat took 0.048ms
typeclass inference of OfNat took 0.0495ms
typeclass inference of HMul took 0.00411ms
typeclass inference of HMul took 0.00845ms
typeclass inference of HPow took 0.0363ms
typeclass inference of HMul took 0.0474ms
typeclass inference of HPow took 0.0284ms
typeclass inference of HPow took 0.0283ms
typeclass inference of HMul took 0.0287ms
typeclass inference of LT took 0.00307ms
typeclass inference of OfNat took 0.00255ms
typeclass inference of OfNat took 0.00445ms
typeclass inference of OfNat took 0.00167ms
typeclass inference of OfNat took 0.0725ms
typeclass inference of OfNat took 0.0507ms
typeclass inference of HAdd took 0.282ms
typeclass inference of HAdd took 0.168ms
typeclass inference of OfNat took 0.0532ms
typeclass inference of HPow took 0.0354ms
typeclass inference of OfNat took 0.00312ms
typeclass inference of Trans took 0.493ms
typeclass inference of LT took 0.00387ms
typeclass inference of Trans took 0.236ms
typeclass inference of LE took 0.237ms
typeclass inference of LE took 0.0695ms
typeclass inference of Zero took 0.12ms
typeclass inference of PartialOrder took 0.0456ms
typeclass inference of Ring took 1.07ms
typeclass inference of AddMonoidWithOne took 0.0395ms
norm_num took 0.273ms
typeclass inference of Semiring took 0.0448ms
typeclass inference of PartialOrder took 0.00271ms
typeclass inference of CommSemiring took 0.0253ms
typeclass inference of IsOrderedRing took 0.951ms
typeclass inference of Nontrivial took 0.0562ms
typeclass inference of Semiring took 0.0034ms
typeclass inference of IsStrictOrderedRing took 0.0331ms
tactic execution of Mathlib.Tactic.Positivity.positivity took 1.51ms
tactic execution of Lean.Parser.Tactic.tacticSeq1Indented took 0.00854ms
tactic execution of Lean.Parser.Tactic.tacticSeq took 0.0107ms
typeclass inference of Monoid took 0.26ms
typeclass inference of Monoid took 0.109ms
typeclass inference of Monoid took 0.0327ms
typeclass inference of Monoid took 0.0261ms
tactic execution of Lean.Parser.Tactic.rewriteSeq took 0.573ms
tactic execution of Lean.Parser.Tactic.exact took 0.116ms
tactic execution of Lean.Parser.Tactic.exact took 0.122ms
tactic execution of Lean.Parser.Tactic.eqRefl took 0.152ms
tactic execution of Lean.Parser.Tactic.tacticRfl took 0.0475ms
tactic execution of Lean.Parser.Tactic.tacticSeq1Indented took 0.00702ms
tactic execution of Lean.Parser.Tactic.tacticSeq took 0.00695ms
tactic execution of Lean.Parser.Tactic.withReducible took 0.00623ms
tactic execution of Lean.Parser.Tactic.tacticSeq1Indented took 0.00982ms
tactic execution of Lean.Parser.Tactic.tacticSeq took 0.00411ms
tactic execution of Lean.Parser.Tactic.paren took 0.00413ms
tactic execution of Lean.Parser.Tactic.tacticSeq1Indented took 0.00483ms
tactic execution of Lean.Parser.Tactic.tacticSeq took 0.00718ms
tactic execution of Lean.Parser.Tactic.first took 0.00591ms
tactic execution of Lean.Parser.Tactic.tacticTry_ took 0.00781ms
tactic execution of Lean.Parser.Tactic.tacticSeq1Indented took 0.00313ms
tactic execution of Lean.Parser.Tactic.tacticSeq took 0.00272ms
tactic execution of Lean.Parser.Tactic.paren took 0.00316ms
tactic execution of Lean.Parser.Tactic.withAnnotateState took 0.0182ms
tactic execution of Lean.Parser.Tactic.tacticSeq1Indented took 0.00933ms
tactic execution of Lean.Parser.Tactic.tacticSeq took 0.0038ms
tactic execution of Lean.Parser.Tactic.paren took 0.00489ms
tactic execution of Lean.Parser.Tactic.rwSeq took 0.0131ms
tactic execution of Lean.Parser.Tactic.tacticSeq1Indented took 0.00529ms
tactic execution of Lean.Parser.Tactic.tacticSeq took 0.00932ms
tactic execution of Lean.calcTactic took 5.29ms
tactic execution of Lean.Parser.Tactic.tacticSeq1Indented took 0.00528ms
tactic execution of Lean.Parser.Tactic.tacticSeq took 0.00345ms
tactic execution of Lean.Parser.Tactic.paren took 0.00437ms
tactic execution of Lean.Parser.Tactic.withAnnotateState took 0.00844ms
tactic execution of Lean.Parser.Tactic.tacticSeq1Indented took 0.00457ms
tactic execution of Lean.Parser.Tactic.tacticSeq took 0.004ms
tactic execution of Lean.Parser.Tactic.case took 0.0488ms
tactic execution of Lean.Parser.Tactic.tacticSeq1Indented took 0.0137ms
tactic execution of Lean.Parser.Tactic.tacticSeq took 0.00543ms
tactic execution of Lean.Parser.Tactic.focus took 0.00721ms
tactic execution of Lean.Parser.Tactic.tacticHave__ took 0.138ms
typeclass inference of OfNat took 0.947ms
typeclass inference of HMul took 0.902ms
typeclass inference of CategoryTheory.CartesianMonoidalCategory took 0.0503ms
typeclass inference of CategoryTheory.CartesianMonoidalCategory took 0.00468ms
typeclass inference of HPow took 1.94ms
typeclass inference of HMul took 0.87ms
typeclass inference of OfNat took 0.168ms
typeclass inference of OfNat took 0.0689ms
typeclass inference of HMul took 0.181ms
typeclass inference of HPow took 0.283ms
typeclass inference of HMul took 0.164ms
typeclass inference of OfNat took 0.0441ms
tactic execution of Lean.Parser.Tactic.refine took 1.42ms
tactic execution of Lean.Parser.Tactic.rewriteSeq took 0.212ms
tactic execution of Lean.Parser.Tactic.exact took 0.152ms
tactic execution of Lean.Parser.Tactic.exact took 0.115ms
tactic execution of Lean.Parser.Tactic.eqRefl took 0.0197ms
tactic execution of Lean.Parser.Tactic.applyRfl took 0.034ms
tactic execution of Lean.Parser.Tactic.tacticRfl took 0.0785ms
tactic execution of Lean.Parser.Tactic.tacticSeq1Indented took 0.0105ms
tactic execution of Lean.Parser.Tactic.tacticSeq took 0.00728ms
tactic execution of Lean.Parser.Tactic.withReducible took 0.0109ms
tactic execution of Lean.Parser.Tactic.tacticSeq1Indented took 0.0114ms
tactic execution of Lean.Parser.Tactic.tacticSeq took 0.0055ms
tactic execution of Lean.Parser.Tactic.paren took 0.0074ms
tactic execution of Lean.Parser.Tactic.tacticSeq1Indented took 0.00788ms
tactic execution of Lean.Parser.Tactic.tacticSeq took 0.00664ms
tactic execution of Lean.Parser.Tactic.skip took 0.00795ms
tactic execution of Lean.Parser.Tactic.tacticSeq1Indented took 0.00444ms
tactic execution of Lean.Parser.Tactic.tacticSeq took 0.0043ms
tactic execution of Lean.Parser.Tactic.first took 0.0145ms
tactic execution of Lean.Parser.Tactic.tacticTry_ took 0.0138ms
tactic execution of Lean.Parser.Tactic.tacticSeq1Indented took 0.00804ms
tactic execution of Lean.Parser.Tactic.tacticSeq took 0.0053ms
tactic execution of Lean.Parser.Tactic.paren took 0.00405ms
tactic execution of Lean.Parser.Tactic.withAnnotateState took 0.0421ms
tactic execution of Lean.Parser.Tactic.tacticSeq1Indented took 0.0177ms
tactic execution of Lean.Parser.Tactic.tacticSeq took 0.00791ms
tactic execution of Lean.Parser.Tactic.paren took 0.0105ms
tactic execution of Lean.Parser.Tactic.rwSeq took 0.0143ms
tactic execution of Lean.Parser.Tactic.exact took 0.0802ms
tactic execution of Lean.Parser.Tactic.tacticSeq1Indented took 0.0145ms
tactic execution of Lean.Parser.Tactic.tacticSeq took 0.0124ms
tactic execution of Lean.Parser.Tactic.rewriteSeq took 2.68ms
tactic execution of Lean.Parser.Tactic.exact took 0.203ms
tactic execution of Lean.Parser.Tactic.exact took 0.0955ms
tactic execution of Lean.Parser.Tactic.eqRefl took 0.0111ms
tactic execution of Lean.Parser.Tactic.tacticRfl took 0.0357ms
tactic execution of Lean.Parser.Tactic.tacticSeq1Indented took 0.00411ms
tactic execution of Lean.Parser.Tactic.tacticSeq took 0.00327ms
tactic execution of Lean.Parser.Tactic.withReducible took 0.00313ms
tactic execution of Lean.Parser.Tactic.tacticSeq1Indented took 0.00305ms
tactic execution of Lean.Parser.Tactic.tacticSeq took 0.0029ms
tactic execution of Lean.Parser.Tactic.paren took 0.00305ms
tactic execution of Lean.Parser.Tactic.tacticSeq1Indented took 0.00344ms
tactic execution of Lean.Parser.Tactic.tacticSeq took 0.00331ms
tactic execution of Lean.Parser.Tactic.first took 0.00331ms
tactic execution of Lean.Parser.Tactic.tacticTry_ took 0.00531ms
tactic execution of Lean.Parser.Tactic.tacticSeq1Indented took 0.00387ms
tactic execution of Lean.Parser.Tactic.tacticSeq took 0.00417ms
tactic execution of Lean.Parser.Tactic.paren took 0.00467ms
tactic execution of Lean.Parser.Tactic.withAnnotateState took 0.0135ms
tactic execution of Lean.Parser.Tactic.tacticSeq1Indented took 0.0258ms
tactic execution of Lean.Parser.Tactic.tacticSeq took 0.0149ms
tactic execution of Lean.Parser.Tactic.paren took 0.00909ms
tactic execution of Lean.Parser.Tactic.rwSeq took 0.0654ms
tactic execution of Lean.Parser.Tactic.tacticSeq1Indented took 0.0178ms
tactic execution of Lean.Parser.Tactic.tacticSeq took 0.0117ms
tactic execution of Lean.Parser.Tactic.paren took 0.0133ms
tactic execution of Lean.Parser.Tactic.withAnnotateState took 0.0267ms
tactic execution of Lean.Parser.Tactic.tacticSeq1Indented took 0.0144ms
tactic execution of Lean.Parser.Tactic.tacticSeq took 0.00759ms
tactic execution of Lean.Parser.Tactic.case took 0.296ms
tactic execution of Lean.Parser.Tactic.tacticSeq1Indented took 0.0267ms
tactic execution of Lean.Parser.Tactic.tacticSeq took 0.00797ms
tactic execution of Lean.Parser.Tactic.focus took 0.012ms
tactic execution of Lean.Parser.Tactic.tacticHave__ took 0.0316ms
typeclass inference of OfNat took 0.14ms
typeclass inference of OfNat took 0.058ms
typeclass inference of OfNat took 0.0722ms
typeclass inference of HAdd took 0.187ms
typeclass inference of HMul took 0.158ms
typeclass inference of HPow took 0.327ms
typeclass inference of HMul took 0.154ms
typeclass inference of HAdd took 0.174ms
typeclass inference of LT took 0.0383ms
typeclass inference of OfNat took 0.0431ms
tactic execution of Lean.Parser.Tactic.refine took 0.958ms
typeclass inference of OfNat took 0.0688ms
typeclass inference of OfNat took 0.0603ms
typeclass inference of OfNat took 0.0436ms
typeclass inference of OfNat took 0.0366ms
typeclass inference of OfNat took 0.049ms
typeclass inference of OfNat took 0.0545ms
typeclass inference of OfNat took 0.0447ms
typeclass inference of OfNat took 0.0352ms
typeclass inference of OfNat took 0.031ms
typeclass inference of OfNat took 0.0307ms
typeclass inference of HAdd took 0.00376ms
typeclass inference of HMul took 0.00285ms
typeclass inference of HMul took 0.0023ms
typeclass inference of HPow took 0.0389ms
typeclass inference of HMul took 0.039ms
typeclass inference of HPow took 0.0532ms
typeclass inference of HAdd took 0.0295ms
typeclass inference of HPow took 0.0447ms
typeclass inference of HPow took 0.0326ms
typeclass inference of HMul took 0.0396ms
typeclass inference of LE took 0.0353ms
typeclass inference of OfNat took 0.00348ms
typeclass inference of OfNat took 0.00222ms
typeclass inference of OfNat took 0.0018ms
typeclass inference of OfNat took 0.0017ms
tactic execution of Lean.Parser.Tactic.refine took 1.23ms
typeclass inference of OfNat took 0.0675ms
typeclass inference of OfNat took 0.0697ms
typeclass inference of OfNat took 0.0507ms
typeclass inference of OfNat took 0.0479ms
typeclass inference of OfNat took 0.0375ms
typeclass inference of HAdd took 0.0118ms
typeclass inference of HAdd took 0.0372ms
typeclass inference of HPow took 0.0409ms
typeclass inference of LE took 0.00279ms
typeclass inference of OfNat took 0.0482ms
typeclass inference of OfNat took 0.00271ms
tactic execution of Lean.Parser.Tactic.refine took 0.727ms
tactic execution of Lean.Parser.Tactic.rotateRight took 0.00538ms
tactic execution of Lean.Parser.Tactic.tacticSeq1Indented took 0.0129ms
tactic execution of Lean.Parser.Tactic.tacticSeq took 0.00353ms
tactic execution of Lean.Parser.Tactic.paren took 0.00343ms
tactic execution of Lean.Parser.Tactic.tacticSeq1Indented took 0.00388ms
tactic execution of Lean.Parser.Tactic.tacticSeq took 0.00324ms
tactic execution of Lean.Parser.Tactic.focus took 0.00425ms
tactic execution of Lean.Parser.Tactic.tacticRefine_lift_ took 0.00715ms
tactic execution of Lean.Parser.Tactic.tacticHave__ took 0.00955ms
typeclass inference of OfNat took 0.0671ms
typeclass inference of OfNat took 0.079ms
typeclass inference of OfNat took 0.0567ms
typeclass inference of OfNat took 0.0388ms
typeclass inference of OfNat took 0.0519ms
typeclass inference of OfNat took 0.0609ms
typeclass inference of OfNat took 0.0382ms
typeclass inference of OfNat took 0.0328ms
typeclass inference of OfNat took 0.0309ms
typeclass inference of OfNat took 0.0385ms
typeclass inference of HAdd took 0.00407ms
typeclass inference of HMul took 0.00282ms
typeclass inference of HMul took 0.00242ms
typeclass inference of HAdd took 0.00214ms
typeclass inference of HPow took 0.0344ms
typeclass inference of HMul took 0.0354ms
typeclass inference of HPow took 0.0342ms
typeclass inference of HAdd took 0.0283ms
typeclass inference of HPow took 0.0284ms
typeclass inference of HAdd took 0.0387ms
typeclass inference of HMul took 0.0329ms
typeclass inference of OfNat took 0.00346ms
typeclass inference of OfNat took 0.00217ms
typeclass inference of OfNat took 0.00176ms
typeclass inference of OfNat took 0.00205ms
typeclass inference of OfNat took 0.0785ms
typeclass inference of OfNat took 0.072ms
typeclass inference of OfNat took 0.0426ms
typeclass inference of OfNat took 0.0331ms
typeclass inference of HMul took 0.00361ms
typeclass inference of HPow took 0.037ms
typeclass inference of HPow took 0.0334ms
typeclass inference of HMul took 0.0287ms
typeclass inference of LE took 0.00318ms
typeclass inference of OfNat took 0.00282ms
typeclass inference of OfNat took 0.00221ms
typeclass inference of Trans took 0.251ms
typeclass inference of CommSemiring took 0.0779ms
typeclass inference of CommRing took 0.747ms
typeclass inference of Semifield took 0.333ms
typeclass inference of CharZero took 1.12ms
typeclass inference of AddMonoidWithOne took 0.0395ms
norm_num took 0.284ms
norm_num took 0.0283ms
norm_num took 0.00618ms
typeclass inference of AddMonoidWithOne took 0.00441ms
norm_num took 0.0988ms
norm_num took 0.00443ms
typeclass inference of AddMonoidWithOne took 0.00384ms
norm_num took 0.0793ms
norm_num took 0.00398ms
norm_num took 0.00525ms
typeclass inference of AddMonoidWithOne took 0.00356ms
norm_num took 0.0857ms
ring took 2.13ms
tactic execution of Mathlib.Tactic.Ring.ring1 took 0.672ms
tactic execution of Lean.Parser.Tactic.tacticSeq1Indented took 0.00795ms
tactic execution of Lean.Parser.Tactic.tacticSeq took 0.00501ms
tactic execution of Lean.Parser.Tactic.first took 0.0127ms
tactic execution of Mathlib.Tactic.RingNF.ring took 0.367ms
tactic execution of Lean.Parser.Tactic.tacticSeq1Indented took 0.00629ms
tactic execution of Lean.Parser.Tactic.tacticSeq took 0.0117ms
tactic execution of Lean.calcTactic took 3.82ms
tactic execution of Lean.Parser.Tactic.tacticSeq1Indented took 0.01ms
tactic execution of Lean.Parser.Tactic.tacticSeq took 0.00575ms
tactic execution of Lean.Parser.Tactic.paren took 0.00578ms
tactic execution of Lean.Parser.Tactic.withAnnotateState took 0.00783ms
tactic execution of Lean.Parser.Tactic.tacticSeq1Indented took 0.00569ms
tactic execution of Lean.Parser.Tactic.tacticSeq took 0.00552ms
tactic execution of Lean.Parser.Tactic.case took 0.0505ms
tactic execution of Lean.Parser.Tactic.tacticSeq1Indented took 0.0142ms
tactic execution of Lean.Parser.Tactic.tacticSeq took 0.00632ms
tactic execution of Lean.Parser.Tactic.focus took 0.00625ms
tactic execution of Lean.Parser.Tactic.tacticHave__ took 0.0222ms
typeclass inference of OfNat took 0.124ms
typeclass inference of OfNat took 0.0562ms
typeclass inference of OfNat took 0.0428ms
typeclass inference of OfNat took 0.035ms
typeclass inference of OfNat took 0.0469ms
typeclass inference of OfNat took 0.061ms
typeclass inference of OfNat took 0.0407ms
typeclass inference of OfNat took 0.0385ms
typeclass inference of HAdd took 0.167ms
typeclass inference of HAdd took 0.147ms
typeclass inference of OfNat took 0.0486ms
typeclass inference of OfNat took 0.0365ms
typeclass inference of OfNat took 0.033ms
typeclass inference of HPow took 0.0668ms
typeclass inference of HPow took 0.0556ms
typeclass inference of HMul took 0.0833ms
typeclass inference of HPow took 0.0555ms
typeclass inference of OfNat took 0.0498ms
typeclass inference of OfNat took 0.0403ms
typeclass inference of OfNat took 0.0361ms
typeclass inference of HPow took 0.0465ms
typeclass inference of HPow took 0.044ms
typeclass inference of HMul took 0.043ms
typeclass inference of HPow took 0.0443ms
typeclass inference of OfNat took 0.0395ms
typeclass inference of OfNat took 0.033ms
typeclass inference of OfNat took 0.0302ms
typeclass inference of HPow took 0.0434ms
typeclass inference of HPow took 0.0408ms
typeclass inference of HMul took 0.0477ms
typeclass inference of HPow took 0.0504ms
typeclass inference of OfNat took 0.0519ms
typeclass inference of OfNat took 0.0415ms
typeclass inference of OfNat took 0.0323ms
typeclass inference of HPow took 0.0437ms
typeclass inference of HPow took 0.0503ms
typeclass inference of HMul took 0.0429ms
typeclass inference of HPow took 0.0415ms
typeclass inference of Pow took 0.256ms
typeclass inference of NPow took 0.279ms
typeclass inference of HomogeneousPow took 0.0139ms
typeclass inference of NatPow took 0.0368ms
typeclass inference of Pow took 0.14ms
typeclass inference of NPow took 0.164ms
typeclass inference of HomogeneousPow took 0.00184ms
typeclass inference of NatPow took 0.026ms
typeclass inference of Mul took 0.297ms
typeclass inference of Pow took 0.0887ms
typeclass inference of NPow took 0.135ms
typeclass inference of HomogeneousPow took 0.0018ms
typeclass inference of NatPow took 0.0313ms
typeclass inference of OfNat took 0.055ms
typeclass inference of OfNat took 0.0392ms
typeclass inference of HPow took 0.281ms
typeclass inference of HPow took 0.0596ms
typeclass inference of HMul took 0.0594ms
typeclass inference of HPow took 0.0471ms
typeclass inference of OfNat took 0.0426ms
typeclass inference of OfNat took 0.0342ms
typeclass inference of HPow took 0.046ms
typeclass inference of HMul took 0.0619ms
typeclass inference of HPow took 0.0497ms
typeclass inference of OfNat took 0.0389ms
typeclass inference of OfNat took 0.0326ms
typeclass inference of HPow took 0.0441ms
typeclass inference of HMul took 0.0498ms
typeclass inference of HPow took 0.0454ms
typeclass inference of Pow took 0.0939ms
typeclass inference of NPow took 0.14ms
typeclass inference of HomogeneousPow took 0.00184ms
typeclass inference of NatPow took 0.0257ms
typeclass inference of Mul took 0.0285ms
typeclass inference of OfNat took 0.0453ms
typeclass inference of OfNat took 0.0358ms
typeclass inference of HPow took 0.0515ms
typeclass inference of HPow took 0.0536ms
typeclass inference of OfNat took 0.0383ms
typeclass inference of OfNat took 0.0321ms
typeclass inference of HPow took 0.0438ms
typeclass inference of HPow took 0.042ms
typeclass inference of Pow took 0.123ms
typeclass inference of OfNat took 0.0415ms
typeclass inference of OfNat took 0.0426ms
typeclass inference of HPow took 0.0656ms
typeclass inference of OfNat took 0.0361ms
typeclass inference of HPow took 0.0622ms
typeclass inference of OfNat took 0.0398ms
typeclass inference of HPow took 0.051ms
typeclass inference of Pow took 0.00371ms
typeclass inference of OfNat took 0.0025ms
tactic execution of Lean.Parser.Tactic.refine took 2.18ms
typeclass inference of Monoid took 0.117ms
typeclass inference of Monoid took 0.0973ms
typeclass inference of Monoid took 0.0302ms
typeclass inference of Monoid took 0.0251ms
tactic execution of Lean.Parser.Tactic.rewriteSeq took 0.612ms
tactic execution of Lean.Parser.Tactic.exact took 0.177ms
tactic execution of Lean.Parser.Tactic.exact took 0.119ms
tactic execution of Lean.Parser.Tactic.eqRefl took 0.146ms
tactic execution of Lean.Parser.Tactic.tacticRfl took 0.0899ms
tactic execution of Lean.Parser.Tactic.tacticSeq1Indented took 0.0182ms
tactic execution of Lean.Parser.Tactic.tacticSeq took 0.00432ms
tactic execution of Lean.Parser.Tactic.withReducible took 0.00984ms
tactic execution of Lean.Parser.Tactic.tacticSeq1Indented took 0.0103ms
tactic execution of Lean.Parser.Tactic.tacticSeq took 0.00519ms
tactic execution of Lean.Parser.Tactic.paren took 0.00763ms
tactic execution of Lean.Parser.Tactic.tacticSeq1Indented took 0.00811ms
tactic execution of Lean.Parser.Tactic.tacticSeq took 0.00562ms
tactic execution of Lean.Parser.Tactic.first took 0.00875ms
tactic execution of Lean.Parser.Tactic.tacticTry_ took 0.0146ms
tactic execution of Lean.Parser.Tactic.tacticSeq1Indented took 0.00316ms
tactic execution of Lean.Parser.Tactic.tacticSeq took 0.00272ms
tactic execution of Lean.Parser.Tactic.paren took 0.0032ms
tactic execution of Lean.Parser.Tactic.withAnnotateState took 0.0194ms
tactic execution of Lean.Parser.Tactic.tacticSeq1Indented took 0.0123ms
tactic execution of Lean.Parser.Tactic.tacticSeq took 0.00519ms
tactic execution of Lean.Parser.Tactic.paren took 0.00344ms
tactic execution of Lean.Parser.Tactic.rwSeq took 0.0176ms
tactic execution of Lean.Parser.Tactic.tacticSeq1Indented took 0.0044ms
tactic execution of Lean.Parser.Tactic.tacticSeq took 0.00298ms
tactic execution of Lean.Parser.Tactic.paren took 0.00448ms
tactic execution of Lean.Parser.Tactic.withAnnotateState took 0.00763ms
tactic execution of Lean.Parser.Tactic.tacticSeq1Indented took 0.00389ms
tactic execution of Lean.Parser.Tactic.tacticSeq took 0.00497ms
tactic execution of Lean.Parser.Tactic.case took 0.0634ms
tactic execution of Lean.Parser.Tactic.tacticSeq1Indented took 0.0191ms
tactic execution of Lean.Parser.Tactic.tacticSeq took 0.00922ms
tactic execution of Lean.Parser.Tactic.focus took 0.0126ms
tactic execution of Lean.Parser.Tactic.tacticHave__ took 0.0315ms
typeclass inference of Decidable took 0.283ms
typeclass inference of LE took 0.0376ms
typeclass inference of LE took 0.00562ms
typeclass inference of LE took 0.00397ms
typeclass inference of LE took 0.00637ms
typeclass inference of Decidable took 0.158ms
typeclass inference of Decidable took 0.00403ms
instantiate metavars took 0.00174ms
tactic execution of Lean.Parser.Tactic.omega took 7.54ms
tactic execution of Lean.Parser.Tactic.tacticSeq1Indented took 0.0231ms
tactic execution of Lean.Parser.Tactic.tacticSeq took 0.00563ms
tactic execution of Lean.Parser.Tactic.paren took 0.0045ms
tactic execution of Lean.Parser.Tactic.withAnnotateState took 0.00803ms
tactic execution of Lean.Parser.Tactic.tacticSeq1Indented took 0.00583ms
tactic execution of Lean.Parser.Tactic.tacticSeq took 0.0042ms
tactic execution of Lean.Parser.Tactic.case took 0.0603ms
tactic execution of Lean.Parser.Tactic.tacticSeq1Indented took 0.0174ms
tactic execution of Lean.Parser.Tactic.tacticSeq took 0.00443ms
tactic execution of Lean.Parser.Tactic.focus took 0.00882ms
tactic execution of Lean.Parser.Tactic.tacticHave__ took 0.0398ms
typeclass inference of OfNat took 1.21ms
typeclass inference of HAdd took 1.03ms
typeclass inference of HMul took 0.916ms
typeclass inference of CategoryTheory.CartesianMonoidalCategory took 0.0537ms
typeclass inference of CategoryTheory.CartesianMonoidalCategory took 0.00477ms
typeclass inference of HPow took 2.23ms
typeclass inference of HMul took 0.982ms
typeclass inference of HAdd took 0.942ms
typeclass inference of OfNat took 0.201ms
typeclass inference of OfNat took 0.0583ms
typeclass inference of HAdd took 0.261ms
typeclass inference of HMul took 0.223ms
typeclass inference of HPow took 0.499ms
typeclass inference of HMul took 0.187ms
typeclass inference of HAdd took 0.151ms
typeclass inference of OfNat took 0.0447ms
tactic execution of Lean.Parser.Tactic.refine took 1.78ms
tactic execution of Lean.Parser.Tactic.rewriteSeq took 0.198ms
tactic execution of Lean.Parser.Tactic.exact took 0.138ms
tactic execution of Lean.Parser.Tactic.exact took 0.102ms
tactic execution of Lean.Parser.Tactic.eqRefl took 0.0112ms
tactic execution of Lean.Parser.Tactic.applyRfl took 0.0404ms
tactic execution of Lean.Parser.Tactic.tacticRfl took 0.057ms
tactic execution of Lean.Parser.Tactic.tacticSeq1Indented took 0.00781ms
tactic execution of Lean.Parser.Tactic.tacticSeq took 0.00839ms
tactic execution of Lean.Parser.Tactic.withReducible took 0.00755ms
tactic execution of Lean.Parser.Tactic.tacticSeq1Indented took 0.00529ms
tactic execution of Lean.Parser.Tactic.tacticSeq took 0.00373ms
tactic execution of Lean.Parser.Tactic.paren took 0.00401ms
tactic execution of Lean.Parser.Tactic.tacticSeq1Indented took 0.00459ms
tactic execution of Lean.Parser.Tactic.tacticSeq took 0.00481ms
tactic execution of Lean.Parser.Tactic.skip took 0.00305ms
tactic execution of Lean.Parser.Tactic.tacticSeq1Indented took 0.00456ms
tactic execution of Lean.Parser.Tactic.tacticSeq took 0.00448ms
tactic execution of Lean.Parser.Tactic.first took 0.00915ms
tactic execution of Lean.Parser.Tactic.tacticTry_ took 0.00963ms
tactic execution of Lean.Parser.Tactic.tacticSeq1Indented took 0.00528ms
tactic execution of Lean.Parser.Tactic.tacticSeq took 0.00333ms
tactic execution of Lean.Parser.Tactic.paren took 0.00345ms
tactic execution of Lean.Parser.Tactic.withAnnotateState took 0.0114ms
tactic execution of Lean.Parser.Tactic.tacticSeq1Indented took 0.0146ms
tactic execution of Lean.Parser.Tactic.tacticSeq took 0.0041ms
tactic execution of Lean.Parser.Tactic.paren took 0.00665ms
tactic execution of Lean.Parser.Tactic.rwSeq took 0.022ms
tactic execution of Lean.Parser.Tactic.exact took 0.0532ms
tactic execution of Lean.Parser.Tactic.tacticSeq1Indented took 0.0126ms
tactic execution of Lean.Parser.Tactic.tacticSeq took 0.0133ms
tactic execution of Lean.Parser.Tactic.rewriteSeq took 3.49ms
tactic execution of Lean.Parser.Tactic.exact took 0.0988ms
tactic execution of Lean.Parser.Tactic.exact took 0.0828ms
tactic execution of Lean.Parser.Tactic.eqRefl took 0.0107ms
tactic execution of Lean.Parser.Tactic.tacticRfl took 0.0277ms
tactic execution of Lean.Parser.Tactic.tacticSeq1Indented took 0.00377ms
tactic execution of Lean.Parser.Tactic.tacticSeq took 0.00627ms
tactic execution of Lean.Parser.Tactic.withReducible took 0.00306ms
tactic execution of Lean.Parser.Tactic.tacticSeq1Indented took 0.0067ms
tactic execution of Lean.Parser.Tactic.tacticSeq took 0.00263ms
tactic execution of Lean.Parser.Tactic.paren took 0.00234ms
tactic execution of Lean.Parser.Tactic.tacticSeq1Indented took 0.00277ms
tactic execution of Lean.Parser.Tactic.tacticSeq took 0.00278ms
tactic execution of Lean.Parser.Tactic.first took 0.00288ms
tactic execution of Lean.Parser.Tactic.tacticTry_ took 0.00485ms
tactic execution of Lean.Parser.Tactic.tacticSeq1Indented took 0.00296ms
tactic execution of Lean.Parser.Tactic.tacticSeq took 0.00263ms
tactic execution of Lean.Parser.Tactic.paren took 0.00271ms
tactic execution of Lean.Parser.Tactic.withAnnotateState took 0.0122ms
tactic execution of Lean.Parser.Tactic.tacticSeq1Indented took 0.0117ms
tactic execution of Lean.Parser.Tactic.tacticSeq took 0.00483ms
tactic execution of Lean.Parser.Tactic.paren took 0.00378ms
tactic execution of Lean.Parser.Tactic.rwSeq took 0.015ms
tactic execution of Lean.Parser.Tactic.tacticSeq1Indented took 0.00484ms
tactic execution of Lean.Parser.Tactic.tacticSeq took 0.00353ms
tactic execution of Lean.Parser.Tactic.paren took 0.00427ms
tactic execution of Lean.Parser.Tactic.withAnnotateState took 0.00669ms
tactic execution of Lean.Parser.Tactic.tacticSeq1Indented took 0.00551ms
tactic execution of Lean.Parser.Tactic.tacticSeq took 0.00606ms
tactic execution of Lean.Parser.Tactic.case took 0.223ms
tactic execution of Lean.Parser.Tactic.tacticSeq1Indented took 0.0176ms
tactic execution of Lean.Parser.Tactic.tacticSeq took 0.00651ms
tactic execution of Lean.Parser.Tactic.focus took 0.0102ms
tactic execution of Lean.Parser.Tactic.tacticHave__ took 0.0397ms
typeclass inference of HMul took 0.192ms
typeclass inference of HMul took 0.161ms
typeclass inference of LT took 0.0311ms
tactic execution of Lean.Parser.Tactic.refine took 0.522ms
typeclass inference of OfNat took 0.128ms
typeclass inference of OfNat took 0.0592ms
typeclass inference of HMul took 0.00438ms
typeclass inference of HMul took 0.00364ms
typeclass inference of HMul took 0.0408ms
typeclass inference of HPow took 0.428ms
typeclass inference of HMul took 0.0444ms
typeclass inference of LE took 0.0343ms
typeclass inference of OfNat took 0.0472ms
typeclass inference of OfNat took 0.0703ms
typeclass inference of OfNat took 0.0572ms
typeclass inference of OfNat took 0.0473ms
typeclass inference of OfNat took 0.0375ms
typeclass inference of HMul took 0.00399ms
typeclass inference of HPow took 0.0408ms
typeclass inference of HPow took 0.0319ms
typeclass inference of HMul took 0.031ms
typeclass inference of LT took 0.00346ms
typeclass inference of OfNat took 0.00281ms
typeclass inference of OfNat took 0.00206ms
typeclass inference of Trans took 0.206ms
typeclass inference of OfNat took 0.114ms
typeclass inference of OfNat took 0.0567ms
typeclass inference of HAdd took 0.19ms
typeclass inference of HAdd took 0.179ms
typeclass inference of OfNat took 0.0548ms
typeclass inference of HPow took 0.0354ms
typeclass inference of OfNat took 0.00351ms
typeclass inference of Trans took 0.234ms
typeclass inference of LT took 0.00387ms
typeclass inference of Trans took 0.197ms
typeclass inference of LE took 0.248ms
typeclass inference of LE took 0.0769ms
typeclass inference of Zero took 0.128ms
typeclass inference of PartialOrder took 0.0834ms
typeclass inference of Ring took 1.2ms
typeclass inference of AddMonoidWithOne took 0.0518ms
norm_num took 0.536ms
typeclass inference of Semiring took 0.0372ms
typeclass inference of PartialOrder took 0.00422ms
typeclass inference of CommSemiring took 0.032ms
typeclass inference of IsOrderedRing took 1.12ms
typeclass inference of Nontrivial took 0.0569ms
typeclass inference of Semiring took 0.00283ms
typeclass inference of IsStrictOrderedRing took 0.0295ms
tactic execution of Mathlib.Tactic.Positivity.positivity took 1.43ms
tactic execution of Lean.Parser.Tactic.tacticSeq1Indented took 0.011ms
tactic execution of Lean.Parser.Tactic.tacticSeq took 0.0201ms
typeclass inference of Monoid took 0.286ms
typeclass inference of Monoid took 0.0964ms
typeclass inference of Monoid took 0.0376ms
typeclass inference of Monoid took 0.029ms
tactic execution of Lean.Parser.Tactic.rewriteSeq took 0.584ms
tactic execution of Lean.Parser.Tactic.exact took 0.114ms
tactic execution of Lean.Parser.Tactic.exact took 0.0855ms
tactic execution of Lean.Parser.Tactic.eqRefl took 0.15ms
tactic execution of Lean.Parser.Tactic.tacticRfl took 0.0464ms
tactic execution of Lean.Parser.Tactic.tacticSeq1Indented took 0.00706ms
tactic execution of Lean.Parser.Tactic.tacticSeq took 0.00478ms
tactic execution of Lean.Parser.Tactic.withReducible took 0.00747ms
tactic execution of Lean.Parser.Tactic.tacticSeq1Indented took 0.00418ms
tactic execution of Lean.Parser.Tactic.tacticSeq took 0.00374ms
tactic execution of Lean.Parser.Tactic.paren took 0.00392ms
tactic execution of Lean.Parser.Tactic.tacticSeq1Indented took 0.00398ms
tactic execution of Lean.Parser.Tactic.tacticSeq took 0.00388ms
tactic execution of Lean.Parser.Tactic.first took 0.0139ms
tactic execution of Lean.Parser.Tactic.tacticTry_ took 0.00884ms
tactic execution of Lean.Parser.Tactic.tacticSeq1Indented took 0.00326ms
tactic execution of Lean.Parser.Tactic.tacticSeq took 0.00296ms
tactic execution of Lean.Parser.Tactic.paren took 0.00439ms
tactic execution of Lean.Parser.Tactic.withAnnotateState took 0.018ms
tactic execution of Lean.Parser.Tactic.tacticSeq1Indented took 0.0114ms
tactic execution of Lean.Parser.Tactic.tacticSeq took 0.00359ms
tactic execution of Lean.Parser.Tactic.paren took 0.00515ms
tactic execution of Lean.Parser.Tactic.rwSeq took 0.0154ms
tactic execution of Lean.Parser.Tactic.tacticSeq1Indented took 0.00688ms
tactic execution of Lean.Parser.Tactic.tacticSeq took 0.0169ms
tactic execution of Lean.calcTactic took 9.01ms
tactic execution of Lean.Parser.Tactic.tacticSeq1Indented took 0.00569ms
tactic execution of Lean.Parser.Tactic.tacticSeq took 0.00397ms
tactic execution of Lean.Parser.Tactic.paren took 0.00402ms
tactic execution of Lean.Parser.Tactic.withAnnotateState took 0.00449ms
tactic execution of Lean.Parser.Tactic.tacticSeq1Indented took 0.00451ms
tactic execution of Lean.Parser.Tactic.tacticSeq took 0.00851ms
tactic execution of Lean.Parser.Tactic.case took 0.0446ms
tactic execution of Lean.Parser.Tactic.tacticSeq1Indented took 0.0128ms
tactic execution of Lean.Parser.Tactic.tacticSeq took 0.00465ms
tactic execution of Lean.Parser.Tactic.focus took 0.00673ms
tactic execution of Lean.Parser.Tactic.tacticHave__ took 0.036ms
typeclass inference of HMul took 1.17ms
typeclass inference of HMul took 0.935ms
typeclass inference of HMul took 0.142ms
typeclass inference of HMul took 0.154ms
tactic execution of Lean.Parser.Tactic.refine took 0.999ms
tactic execution of Lean.Parser.Tactic.rotateRight took 0.00548ms
tactic execution of Lean.Parser.Tactic.tacticSeq1Indented took 0.0128ms
tactic execution of Lean.Parser.Tactic.tacticSeq took 0.00308ms
tactic execution of Lean.Parser.Tactic.paren took 0.00319ms
tactic execution of Lean.Parser.Tactic.tacticSeq1Indented took 0.00382ms
tactic execution of Lean.Parser.Tactic.tacticSeq took 0.00352ms
tactic execution of Lean.Parser.Tactic.focus took 0.00563ms
tactic execution of Lean.Parser.Tactic.tacticRefine_lift_ took 0.00628ms
tactic execution of Lean.Parser.Tactic.tacticHave__ took 0.0167ms
tactic execution of Lean.Parser.Tactic.rewriteSeq took 0.659ms
tactic execution of Lean.Parser.Tactic.exact took 0.118ms
tactic execution of Lean.Parser.Tactic.exact took 0.102ms
tactic execution of Lean.Parser.Tactic.eqRefl took 0.0118ms
tactic execution of Lean.Parser.Tactic.tacticRfl took 0.0347ms
tactic execution of Lean.Parser.Tactic.tacticSeq1Indented took 0.00444ms
tactic execution of Lean.Parser.Tactic.tacticSeq took 0.00317ms
tactic execution of Lean.Parser.Tactic.withReducible took 0.00365ms
tactic execution of Lean.Parser.Tactic.tacticSeq1Indented took 0.00398ms
tactic execution of Lean.Parser.Tactic.tacticSeq took 0.00298ms
tactic execution of Lean.Parser.Tactic.paren took 0.0032ms
tactic execution of Lean.Parser.Tactic.tacticSeq1Indented took 0.00357ms
tactic execution of Lean.Parser.Tactic.tacticSeq took 0.00289ms
tactic execution of Lean.Parser.Tactic.first took 0.0042ms
tactic execution of Lean.Parser.Tactic.tacticTry_ took 0.00666ms
tactic execution of Lean.Parser.Tactic.tacticSeq1Indented took 0.00399ms
tactic execution of Lean.Parser.Tactic.tacticSeq took 0.00315ms
tactic execution of Lean.Parser.Tactic.paren took 0.0031ms
tactic execution of Lean.Parser.Tactic.withAnnotateState took 0.0179ms
tactic execution of Lean.Parser.Tactic.tacticSeq1Indented took 0.0104ms
tactic execution of Lean.Parser.Tactic.tacticSeq took 0.00278ms
tactic execution of Lean.Parser.Tactic.paren took 0.00335ms
tactic execution of Lean.Parser.Tactic.rwSeq took 0.0303ms
tactic execution of Lean.Parser.Tactic.tacticSeq1Indented took 0.0699ms
tactic execution of Lean.Parser.Tactic.tacticSeq took 0.0127ms
instantiate metavars took 0.328ms
instantiate metavars took 0.000401ms
instantiate metavars took 0.00024ms
instantiate metavars took 0.000321ms
instantiate metavars took 0.00012ms
share common exprs took 2.33ms
fix level params took 0.109ms
let-to-have transformation took 0.0134ms
attribute application took 0.00505ms
attribute application took 0.000762ms
process pre-definitions took 2.18ms
elaboration took 1.81ms
type checking took 31.9ms
type checking took 7.96ms
overlappingInstancesLinter took 0.363ms
tacticAnalysis took 6.13ms
linting took 18.4ms
attribute application took 0.00221ms
typeclass inference of OfNat took 0.0829ms
typeclass inference of OfNat took 0.0384ms
typeclass inference of HSub took 0.841ms
typeclass inference of HMul took 0.994ms
typeclass inference of HMul took 0.73ms
typeclass inference of HSub took 0.83ms
typeclass inference of OfNat took 0.75ms
typeclass inference of OfNat took 0.081ms
typeclass inference of OfNat took 0.0476ms
typeclass inference of OfNat took 0.0381ms
typeclass inference of OfNat took 0.0323ms
typeclass inference of OfNat took 0.0389ms
typeclass inference of OfNat took 0.0309ms
typeclass inference of OfNat took 0.0272ms
typeclass inference of OfNat took 0.0429ms
typeclass inference of HSub took 0.0047ms
typeclass inference of HSub took 0.00243ms
typeclass inference of HMul took 0.00283ms
typeclass inference of HSub took 0.0342ms
typeclass inference of HPow took 0.167ms
typeclass inference of HMul took 0.0793ms
typeclass inference of HSub took 0.0587ms
typeclass inference of OfNat took 0.786ms
typeclass inference of OfNat took 0.0507ms
typeclass inference of OfNat took 0.00373ms
typeclass inference of HPow took 0.117ms
typeclass inference of HMul took 0.0518ms
typeclass inference of HSub took 0.0447ms
typeclass inference of OfNat took 0.0396ms
typeclass inference of HPow took 0.102ms
typeclass inference of HMul took 0.048ms
typeclass inference of HSub took 0.0411ms
typeclass inference of OfNat took 0.0568ms
typeclass inference of OfNat took 0.0814ms
typeclass inference of OfNat took 0.0517ms
typeclass inference of OfNat took 0.0428ms
typeclass inference of HPow took 0.127ms
typeclass inference of LE took 0.0296ms
typeclass inference of OfNat took 0.0352ms
typeclass inference of OfNat took 0.0456ms
typeclass inference of HPow took 0.115ms
typeclass inference of OfNat took 0.0362ms
typeclass inference of HPow took 0.116ms
typeclass inference of OfNat took 0.0524ms
typeclass inference of OfNat took 0.0419ms
typeclass inference of OfNat took 0.0336ms
typeclass inference of OfNat took 0.03ms
typeclass inference of HPow took 0.147ms
typeclass inference of LT took 0.0314ms
typeclass inference of OfNat took 0.0036ms
typeclass inference of OfNat took 0.0564ms
typeclass inference of HPow took 0.121ms
typeclass inference of OfNat took 0.0418ms
typeclass inference of HPow took 0.115ms
typeclass inference of OfNat took 0.0538ms
typeclass inference of OfNat took 0.0416ms
typeclass inference of OfNat took 0.0331ms
typeclass inference of OfNat took 0.0294ms
typeclass inference of HPow took 0.13ms
typeclass inference of LT took 0.00445ms
typeclass inference of OfNat took 0.00403ms
typeclass inference of OfNat took 0.0704ms
typeclass inference of HPow took 0.135ms
typeclass inference of OfNat took 0.0369ms
typeclass inference of HPow took 0.124ms
typeclass inference of OfNat took 0.0543ms
typeclass inference of OfNat took 0.0416ms
typeclass inference of OfNat took 0.034ms
typeclass inference of OfNat took 0.0311ms
typeclass inference of HPow took 0.137ms
typeclass inference of LT took 0.00342ms
typeclass inference of OfNat took 0.00262ms
typeclass inference of OfNat took 0.0463ms
typeclass inference of HPow took 0.109ms
typeclass inference of OfNat took 0.0368ms
typeclass inference of HPow took 0.384ms
typeclass inference of OfNat took 0.0561ms
typeclass inference of OfNat took 0.0443ms
typeclass inference of OfNat took 0.0444ms
typeclass inference of OfNat took 0.0324ms
typeclass inference of HMul took 0.128ms
typeclass inference of HAdd took 0.144ms
typeclass inference of HMul took 0.00309ms
typeclass inference of HMul took 0.167ms
typeclass inference of HPow took 0.15ms
typeclass inference of HMul took 0.053ms
typeclass inference of HAdd took 0.0487ms
typeclass inference of OfNat took 0.00353ms
typeclass inference of OfNat took 0.0522ms
typeclass inference of HPow took 0.122ms
typeclass inference of HMul took 0.0575ms
typeclass inference of HAdd took 0.0639ms
typeclass inference of OfNat took 0.0393ms
typeclass inference of HPow took 0.105ms
typeclass inference of HMul took 0.0472ms
typeclass inference of HAdd took 0.0429ms
typeclass inference of OfNat took 0.0409ms
typeclass inference of HPow took 0.12ms
typeclass inference of HMul took 0.0525ms
typeclass inference of HSub took 0.0581ms
typeclass inference of OfNat took 0.0386ms
typeclass inference of HPow took 0.105ms
typeclass inference of OfNat took 0.0374ms
typeclass inference of HPow took 0.104ms
typeclass inference of OfNat took 0.0441ms
typeclass inference of HPow took 0.107ms
typeclass inference of OfNat took 0.0377ms
typeclass inference of HPow took 0.102ms
typeclass inference of OfNat took 0.0372ms
typeclass inference of HPow took 0.104ms
typeclass inference of HMul took 0.0483ms
typeclass inference of HAdd took 0.0429ms
typeclass inference of OfNat took 0.0388ms
typeclass inference of HPow took 0.106ms
typeclass inference of HMul took 0.0504ms
typeclass inference of HSub took 0.045ms
typeclass inference of OfNat took 0.0376ms
typeclass inference of HPow took 0.111ms
typeclass inference of OfNat took 0.072ms
typeclass inference of HPow took 0.141ms
typeclass inference of OfNat took 0.0374ms
typeclass inference of HPow took 0.106ms
typeclass inference of OfNat took 0.0449ms
typeclass inference of HPow took 0.104ms
typeclass inference of OfNat took 0.0372ms
typeclass inference of HPow took 0.103ms
typeclass inference of HMul took 0.0545ms
typeclass inference of HAdd took 0.0558ms
typeclass inference of Pow took 0.0393ms
typeclass inference of CategoryTheory.CartesianMonoidalCategory took 0.0513ms
typeclass inference of CategoryTheory.CartesianMonoidalCategory took 0.0046ms
typeclass inference of NPow took 1.99ms
typeclass inference of OfNat took 0.0547ms
typeclass inference of HMul took 0.0404ms
typeclass inference of HSub took 0.00412ms
typeclass inference of OfNat took 0.0599ms
typeclass inference of HPow took 0.123ms
typeclass inference of OfNat took 0.0403ms
typeclass inference of HPow took 0.105ms
typeclass inference of OfNat took 0.0384ms
typeclass inference of HPow took 0.108ms
typeclass inference of OfNat took 0.0375ms
typeclass inference of HPow took 0.129ms
typeclass inference of OfNat took 0.039ms
typeclass inference of HPow took 0.11ms
typeclass inference of HMul took 0.0583ms
typeclass inference of HAdd took 0.056ms
typeclass inference of OfNat took 0.0396ms
typeclass inference of HPow took 0.103ms
typeclass inference of OfNat took 0.0394ms
typeclass inference of HPow took 0.107ms
typeclass inference of OfNat took 0.0451ms
typeclass inference of HPow took 0.101ms
typeclass inference of OfNat took 0.0344ms
typeclass inference of HPow took 0.107ms
typeclass inference of OfNat took 0.0417ms
typeclass inference of HPow took 0.119ms
typeclass inference of HMul took 0.0528ms
typeclass inference of HAdd took 0.0471ms
typeclass inference of OfNat took 0.0385ms
typeclass inference of HPow took 0.133ms
typeclass inference of OfNat took 0.0992ms
typeclass inference of HPow took 0.174ms
typeclass inference of OfNat took 0.0497ms
typeclass inference of HPow took 0.131ms
typeclass inference of OfNat took 0.0369ms
typeclass inference of HPow took 0.107ms
typeclass inference of OfNat took 0.0505ms
typeclass inference of HPow took 0.131ms
typeclass inference of HMul took 0.0529ms
typeclass inference of HAdd took 0.0467ms
typeclass inference of Pow took 0.037ms
typeclass inference of NPow took 0.101ms
typeclass inference of OfNat took 0.0364ms
typeclass inference of OfNat took 0.0445ms
typeclass inference of HPow took 0.107ms
typeclass inference of OfNat took 0.0372ms
typeclass inference of HPow took 0.102ms
typeclass inference of OfNat took 0.0517ms
typeclass inference of HPow took 0.112ms
typeclass inference of OfNat took 0.0364ms
typeclass inference of HPow took 0.103ms
typeclass inference of HMul took 0.0485ms
typeclass inference of HAdd took 0.045ms
typeclass inference of OfNat took 0.0387ms
typeclass inference of HPow took 0.1ms
typeclass inference of OfNat took 0.0371ms
typeclass inference of HPow took 0.0995ms
typeclass inference of OfNat took 0.0355ms
typeclass inference of HPow took 0.0982ms
typeclass inference of OfNat took 0.0349ms
typeclass inference of HPow took 0.107ms
typeclass inference of HMul took 0.0492ms
typeclass inference of HAdd took 0.0516ms
typeclass inference of OfNat took 0.0392ms
typeclass inference of HPow took 0.1parsing took 0.0731ms
parsing took 0.000862ms
02ms
typeclass inference of OfNat took 0.0375ms
typeclass inference of HPow took 0.106ms
typeclass inference of OfNat took 0.039ms
typeclass inference of HPow took 0.114ms
typeclass inference of OfNat took 0.0361ms
typeclass inference of HPow took 0.107ms
typeclass inference of HMul took 0.0513ms
typeclass inference of HAdd took 0.0455ms
typeclass inference of Pow took 0.0446ms
typeclass inference of NPow took 0.00299ms
typeclass inference of OfNat took 0.005ms
typeclass inference of OfNat took 0.0438ms
typeclass inference of HPow took 0.114ms
typeclass inference of OfNat took 0.0368ms
typeclass inference of HPow took 0.128ms
typeclass inference of OfNat took 0.114ms
typeclass inference of HPow took 0.158ms
typeclass inference of HMul took 0.0564ms
typeclass inference of HAdd took 0.0444ms
typeclass inference of OfNat took 0.0413ms
typeclass inference of HPow took 0.114ms
typeclass inference of OfNat took 0.0399ms
typeclass inference of HPow took 0.114ms
typeclass inference of OfNat took 0.042ms
typeclass inference of HPow took 0.106ms
typeclass inference of HMul took 0.0596ms
typeclass inference of HAdd took 0.0439ms
typeclass inference of OfNat took 0.0382ms
typeclass inference of HPow took 0.102ms
typeclass inference of OfNat took 0.0352ms
typeclass inference of HPow took 0.101ms
typeclass inference of OfNat took 0.0346ms
typeclass inference of HPow took 0.1ms
typeclass inference of HMul took 0.0486ms
typeclass inference of HAdd took 0.0444ms
typeclass inference of Pow took 0.0373ms
typeclass inference of NPow took 0.00287ms
typeclass inference of OfNat took 0.00274ms
typeclass inference of OfNat took 0.047ms
typeclass inference of HPow took 0.115ms
typeclass inference of OfNat took 0.0353ms
typeclass inference of HPow took 0.102ms
typeclass inference of HMul took 0.047ms
typeclass inference of HAdd took 0.0445ms
typeclass inference of OfNat took 0.0374ms
typeclass inference of HPow took 0.102ms
typeclass inference of OfNat took 0.116ms
typeclass inference of HPow took 0.177ms
typeclass inference of HMul took 0.0681ms
typeclass inference of HAdd took 0.0431ms
typeclass inference of OfNat took 0.0379ms
typeclass inference of HPow took 0.109ms
typeclass inference of OfNat took 0.0344ms
typeclass inference of HPow took 0.103ms
typeclass inference of HMul took 0.0473ms
typeclass inference of HAdd took 0.0427ms
typeclass inference of Pow took 0.0393ms
typeclass inference of NPow took 0.003ms
typeclass inference of OfNat took 0.00268ms
typeclass inference of OfNat took 0.0404ms
typeclass inference of HPow took 0.104ms
typeclass inference of HMul took 0.0481ms
typeclass inference of HAdd took 0.043ms
typeclass inference of OfNat took 0.0356ms
typeclass inference of HPow took 0.0994ms
typeclass inference of HMul took 0.0475ms
typeclass inference of HAdd took 0.0567ms
typeclass inference of OfNat took 0.0377ms
typeclass inference of HPow took 0.104ms
typeclass inference of HMul took 0.0481ms
typeclass inference of HAdd took 0.0435ms
typeclass inference of Pow took 0.0356ms
typeclass inference of NPow took 0.00286ms
typeclass inference of OfNat took 0.0028ms
typeclass inference of HMul took 0.0342ms
typeclass inference of HAdd took 0.00591ms
instantiate metavars took 0.0433ms
instantiate metavars took 0.0002ms
let-to-have transformation took 0.0157ms
attribute application took 0.00211ms
attribute application took 0.000541ms
elaboration took 6.11ms
typeclass inference of OfNat took 0.102ms
typeclass inference of OfNat took 0.0489ms
typeclass inference of OfNat took 0.0575ms
tactic execution of Lean.Parser.Tactic.refine took 0.447ms
tactic execution of Lean.Parser.Tactic.rotateRight took 0.00658ms
tactic execution of Lean.Parser.Tactic.tacticSeq1Indented took 0.0386ms
tactic execution of Lean.Parser.Tactic.tacticSeq took 0.00459ms
tactic execution of Lean.Parser.Tactic.paren took 0.00572ms
tactic execution of Lean.Parser.Tactic.tacticSeq1Indented took 0.00565ms
tactic execution of Lean.Parser.Tactic.tacticSeq took 0.00427ms
tactic execution of Lean.Parser.Tactic.focus took 0.019ms
tactic execution of Lean.Parser.Tactic.tacticRefine_lift_ took 0.0118ms
tactic execution of Lean.Parser.Tactic.tacticHave__ took 0.0143ms
typeclass inference of HMul took 1.11ms
typeclass inference of HMul took 0.896ms
tactic execution of Lean.Parser.Tactic.refine took 0.353ms
typeclass inference of Add took 0.857ms
typeclass inference of AddRightCancelSemigroup took 0.804ms
typeclass inference of IsRightCancelAdd took 3.85ms
typeclass inference of AddGroup took 0.573ms
typeclass inference of CommSemiring took 0.482ms
typeclass inference of CommRing took 0.0397ms
typeclass inference of Semifield took 0.308ms
typeclass inference of Field took 0.293ms
typeclass inference of Field took 0.00219ms
typeclass inference of Field took 0.00174ms
typeclass inference of Field took 0.00234ms
typeclass inference of Field took 0.00139ms
typeclass inference of Field took 0.00123ms
typeclass inference of Field took 0.00113ms
typeclass inference of Field took 0.00109ms
typeclass inference of Field took 0.00111ms
typeclass inference of Field took 0.00173ms
typeclass inference of Field took 0.00117ms
typeclass inference of Field took 0.00104ms
typeclass inference of Field took 0.00229ms
typeclass inference of Field took 0.00121ms
typeclass inference of Field took 0.00114ms
typeclass inference of Field took 0.00108ms
typeclass inference of Field took 0.00108ms
typeclass inference of Field took 0.00115ms
typeclass inference of Field took 0.00109ms
typeclass inference of Field took 0.00111ms
typeclass inference of Field took 0.00186ms
typeclass inference of Field took 0.00122ms
typeclass inference of Field took 0.00111ms
typeclass inference of Field took 0.00129ms
typeclass inference of Field took 0.00125ms
typeclass inference of Field took 0.00109ms
typeclass inference of Field took 0.00107ms
typeclass inference of Field took 0.00178ms
typeclass inference of Field took 0.00121ms
typeclass inference of Field took 0.00113ms
typeclass inference of Semiring took 0.661ms
typeclass inference of RCLike took 0.0112ms
typeclass inference of RCLike took 0.00184ms
typeclass inference of RCLike took 0.00142ms
typeclass inference of RCLike took 0.00225ms
typeclass inference of RCLike took 0.00126ms
typeclass inference of RCLike took 0.00131ms
typeclass inference of RCLike took 0.00119ms
typeclass inference of RCLike took 0.00113ms
typeclass inference of RCLike took 0.00116ms
typeclass inference of RCLike took 0.00107ms
typeclass inference of RCLike took 0.00102ms
typeclass inference of RCLike took 0.00104ms
typeclass inference of RCLike took 0.00219ms
typeclass inference of RCLike took 0.00122ms
typeclass inference of RCLike took 0.00119ms
typeclass inference of RCLike took 0.00114ms
typeclass inference of RCLike took 0.00108ms
typeclass inference of RCLike took 0.00116ms
typeclass inference of RCLike took 0.00112ms
typeclass inference of RCLike took 0.00108ms
typeclass inference of RCLike took 0.00175ms
typeclass inference of RCLike took 0.00113ms
typeclass inference of RCLike took 0.00125ms
typeclass inference of RCLike took 0.00113ms
typeclass inference of RCLike took 0.00111ms
typeclass inference of RCLike took 0.00113ms
typeclass inference of RCLike took 0.00103ms
typeclass inference of RCLike took 0.00162ms
typeclass inference of RCLike took 0.00121ms
typeclass inference of RCLike took 0.00105ms
typeclass inference of Semiring took 0.0041ms
typeclass inference of NonAssocRing took 0.248ms
typeclass inference of Field took 0.00314ms
typeclass inference of Field took 0.00389ms
typeclass inference of Field took 0.00216ms
typeclass inference of Field took 0.00142ms
typeclass inference of Field took 0.00648ms
typeclass inference of Field took 0.00133ms
typeclass inference of Field took 0.00225ms
typeclass inference of Field took 0.00111ms
typeclass inference of Field took 0.00116ms
typeclass inference of Field took 0.00174ms
typeclass inference of Field took 0.00132ms
typeclass inference of Field took 0.00138ms
typeclass inference of Field took 0.00112ms
typeclass inference of Field took 0.0023ms
typeclass inference of Field took 0.00124ms
typeclass inference of Field took 0.00127ms
typeclass inference of Field took 0.00109ms
typeclass inference of Field took 0.0011ms
typeclass inference of Field took 0.00112ms
typeclass inference of Field took 0.00109ms
typeclass inference of Field took 0.00105ms
typeclass inference of Field took 0.00106ms
typeclass inference of Field took 0.00209ms
typeclass inference of Field took 0.00118ms
typeclass inference of Field took 0.00118ms
typeclass inference of Field took 0.00114ms
typeclass inference of Field took 0.00116ms
typeclass inference of Field took 0.00111ms
typeclass inference of Field took 0.00106ms
typeclass inference of Field took 0.00106ms
typeclass inference of Field took 0.00191ms
typeclass inference of Field took 0.00112ms
typeclass inference of Field took 0.00117ms
typeclass inference of Field took 0.00115ms
typeclass inference of Field took 0.00105ms
typeclass inference of Field took 0.00109ms
typeclass inference of Field took 0.00112ms
typeclass inference of Field took 0.00211ms
typeclass inference of Field took 0.00131ms
typeclass inference of Field took 0.00125ms
typeclass inference of Field took 0.00112ms
typeclass inference of Field took 0.00116ms
typeclass inference of Field took 0.00163ms
typeclass inference of Field took 0.00123ms
typeclass inference of Field took 0.00133ms
typeclass inference of Field took 0.00158ms
typeclass inference of Field took 0.00151ms
typeclass inference of Field took 0.00125ms
typeclass inference of Field took 0.00113ms
typeclass inference of Field took 0.00196ms
typeclass inference of Field took 0.00153ms
typeclass inference of Field took 0.0018ms
typeclass inference of Field took 0.00224ms
typeclass inference of Field took 0.00209ms
typeclass inference of Field took 0.00128ms
typeclass inference of Field took 0.00142ms
typeclass inference of Field took 0.00142ms
typeclass inference of Field took 0.00186ms
typeclass inference of Field took 0.00125ms
typeclass inference of Field took 0.00125ms
typeclass inference of Field took 0.00252ms
typeclass inference of Field took 0.00138ms
typeclass inference of Field took 0.0012ms
typeclass inference of Field took 0.00127ms
typeclass inference of Field took 0.00117ms
typeclass inference of Field took 0.00194ms
typeclass inference of Field took 0.00114ms
typeclass inference of Field took 0.00112ms
typeclass inference of Field took 0.00126ms
typeclass inference of Field took 0.00152ms
typeclass inference of Field took 0.00118ms
typeclass inference of Field took 0.0011ms
typeclass inference of Semiring took 0.00761ms
typeclass inference of CharZero took 19.9ms
norm_num took 0.141ms
norm_num took 0.0058ms
typeclass inference of AddMonoidWithOne took 0.657ms
norm_num took 0.38ms
norm_num took 0.00578ms
norm_num took 0.0045ms
norm_num took 0.00265ms
norm_num took 0.00251ms
typeclass inference of AddMonoidWithOne took 0.00461ms
norm_num took 0.254ms
ring took 2.12ms
tactic execution of Mathlib.Tactic.LinearCombination.linearCombination took 1.54ms
tactic execution of Lean.Parser.Tactic.tacticSeq1Indented took 0.00757ms
tactic execution of Lean.Parser.Tactic.tacticSeq took 0.00486ms
tactic execution of Lean.Parser.Tactic.paren took 0.0049ms
tactic execution of Lean.Parser.Tactic.withAnnotateState took 0.0077ms
tactic execution of Lean.Parser.Tactic.tacticSeq1Indented took 0.0055ms
tactic execution of Lean.Parser.Tactic.tacticSeq took 0.00438ms
tactic execution of Lean.Parser.Tactic.case took 0.0541ms
tactic execution of Lean.Parser.Tactic.tacticSeq1Indented took 0.0173ms
tactic execution of Lean.Parser.Tactic.tacticSeq took 0.00527ms
tactic execution of Lean.Parser.Tactic.focus took 0.00615ms
tactic execution of Lean.Parser.Tactic.tacticHave__ took 0.0166ms
typeclass inference of OfNat took 0.107ms
typeclass inference of OfNat took 0.0584ms
typeclass inference of OfNat took 0.0456ms
typeclass inference of OfNat took 0.0363ms
typeclass inference of HAdd took 1.05ms
typeclass inference of HMul took 0.00474ms
typeclass inference of HPow took 0.194ms
typeclass inference of HMul took 0.0824ms
typeclass inference of HAdd took 0.0543ms
typeclass inference of OfNat took 0.95ms
typeclass inference of OfNat took 0.0958ms
typeclass inference of HPow took 0.181ms
typeclass inference of HMul took 0.0639ms
typeclass inference of HAdd took 0.0492ms
typeclass inference of OfNat took 0.0503ms
typeclass inference of HPow took 0.12ms
typeclass inference of HMul took 0.0572ms
typeclass inference of HAdd took 0.0481ms
typeclass inference of OfNat took 0.0434ms
typeclass inference of HPow took 0.114ms
typeclass inference of HMul took 0.0542ms
typeclass inference of HAdd took 0.0477ms
typeclass inference of OfNat took 0.0457ms
typeclass inference of HPow took 0.111ms
typeclass inference of HMul took 0.0543ms
typeclass inference of HAdd took 0.046ms
typeclass inference of Pow took 0.0413ms
typeclass inference of CategoryTheory.CartesianMonoidalCategory took 0.0572ms
typeclass inference of CategoryTheory.CartesianMonoidalCategory took 0.00497ms
typeclass inference of NPow took 2ms
typeclass inference of OfNat took 0.0494ms
typeclass inference of HMul took 0.0457ms
typeclass inference of HAdd took 0.00331ms
tactic execution of Lean.Parser.Tactic.refine took 0.966ms
typeclass inference of Add took 0.00533ms
typeclass inference of IsRightCancelAdd took 0.0556ms
typeclass inference of AddGroup took 0.00648ms
typeclass inference of CommSemiring took 0.00357ms
typeclass inference of CommRing took 0.00247ms
typeclass inference of Semifield took 0.00115ms
typeclass inference of CharZero took 0.00696ms
norm_num took 0.0635ms
typeclass inference of AddMonoidWithOne took 0.00644ms
norm_num took 0.255ms
norm_num took 0.00591ms
typeclass inference of AddMonoidWithOne took 0.00425ms
norm_num took 0.206ms
typeclass inference of AddMonoidWithOne took 0.0473ms
norm_num took 0.106ms
norm_num took 0.00631ms
norm_num took 0.0048ms
norm_num took 0.00242ms
typeclass inference of AddMonoidWithOne took 0.00373ms
norm_num took 0.11ms
typeclass inference of AddMonoidWithOne took 0.0037ms
norm_num took 0.073ms
norm_num took 0.00411ms
typeclass inference of AddMonoidWithOne took 0.00359ms
norm_num took 0.147ms
ring took 2.35ms
tactic execution of Mathlib.Tactic.LinearCombination.linearCombination took 1.08ms
tactic execution of Lean.Parser.Tactic.tacticSeq1Indented took 0.00684ms
tactic execution of Lean.Parser.Tactic.tacticSeq took 0.0046ms
tactic execution of Lean.Parser.Tactic.paren took 0.00429ms
tactic execution of Lean.Parser.Tactic.withAnnotateState took 0.00669ms
tactic execution of Lean.Parser.Tactic.tacticSeq1Indented took 0.00686ms
tactic execution of Lean.Parser.Tactic.tacticSeq took 0.00427ms
tactic execution of Lean.Parser.Tactic.case took 0.0392ms
tactic execution of Lean.Parser.Tactic.tacticSeq1Indented took 0.0143ms
tactic execution of Lean.Parser.Tactic.tacticSeq took 0.00526ms
tactic execution of Lean.Parser.Tactic.focus took 0.00819ms
tactic execution of Lean.Parser.Tactic.tacticHave__ took 0.108ms
typeclass inference of OfNat took 0.0569ms
typeclass inference of OfNat took 0.108ms
typeclass inference of OfNat took 0.0409ms
typeclass inference of OfNat took 0.0434ms
typeclass inference of HPow took 0.189ms
typeclass inference of LT took 0.0378ms
typeclass inference of OfNat took 0.0545ms
typeclass inference of HPow took 0.122ms
typeclass inference of OfNat took 0.042ms
typeclass inference of HPow took 0.114ms
typeclass inference of OfNat took 0.039ms
typeclass inference of HPow took 0.117ms
typeclass inference of Pow took 0.0396ms
typeclass inference of NPow took 0.0951ms
typeclass inference of OfNat took 0.00372ms
tactic execution of Lean.Parser.Tactic.refine took 0.643ms
interpretation of Lean.Meta.Grind.reduceCtorEqCheap took 0.00668ms
interpretation of Lean.Meta.Grind.reduceSimpMatchDiscrsOnly took 0.00346ms
interpretation of Lean.Meta.Grind.reducePreMatchCond took 0.00344ms
interpretation of Lean.Meta.Grind.Arith.expandPow01 took 0.00248ms
interpretation of Lean.Meta.Grind.Arith.expandDiv took 0.0016ms
interpretation of Lean.Meta.Grind.Arith.normNatAddInst took 0.00169ms
interpretation of Lean.Meta.Grind.Arith.normNatMulInst took 0.00233ms
interpretation of Lean.Meta.Grind.Arith.normNatSubInst took 0.00227ms
interpretation of Lean.Meta.Grind.Arith.normNatDivInst took 0.00147ms
interpretation of Lean.Meta.Grind.Arith.normNatModInst took 0.00151ms
interpretation of Lean.Meta.Grind.Arith.normNatPowInst took 0.00195ms
interpretation of Lean.Meta.Grind.Arith.normNatOfNatInst took 0.00133ms
interpretation of Lean.Meta.Grind.Arith.normIntNegInst took 0.00174ms
interpretation of Lean.Meta.Grind.Arith.normIntAddInst took 0.00156ms
interpretation of Lean.Meta.Grind.Arith.normIntMulInst took 0.00173ms
interpretation of Lean.Meta.Grind.Arith.normIntSubInst took 0.00176ms
interpretation of Lean.Meta.Grind.Arith.normIntDivInst took 0.0019ms
interpretation of Lean.Meta.Grind.Arith.normIntModInst took 0.00186ms
interpretation of Lean.Meta.Grind.Arith.normIntPowInst took 0.00219ms
interpretation of Lean.Meta.Grind.Arith.normNatCastInst took 0.00214ms
interpretation of Lean.Meta.Grind.Arith.normIntOfNatInst took 0.00162ms
interpretation of Lean.Meta.Grind.Arith.normNatCastNum took 0.00144ms
interpretation of Lean.Meta.Grind.Arith.normIntCastNum took 0.00197ms
interpretation of Lean.Meta.Grind.Arith.normPowRatInt took 0.00158ms
interpretation of Lean.Meta.Grind.Arith.normFieldInv took 0.00195ms
interpretation of Lean.Meta.Grind.simpForall took 0.00276ms
interpretation of Lean.Meta.Grind.simpExists took 0.00133ms
interpretation of Lean.Meta.Grind.simpEq took 0.00148ms
interpretation of Lean.Meta.Grind.simpOr took 0.00214ms
interpretation of Lean.Meta.Grind.simpDIte took 0.00197ms
interpretation of Lean.Meta.Grind.pushNot took 0.00206ms
interpretation of Lean.Meta.Grind.unfoldReducibleSimproc took 0.00204ms
congr simp thm took 0.00703ms
congr simp thm took 0.0436ms
congr simp thm took 0.0348ms
grind simp took 0.321ms
grind mark subsingleton took 0.0817ms
sym typeclass inference of HSub took 1.65ms
sym typeclass inference of HMul took 1.04ms
sym typeclass inference of OfNat took 0.84ms
sym canon took 0.232ms
sym typeclass inference of Lean.Grind.CommRing took 0.527ms
typeclass inference of Lean.Grind.Ring took 0.535ms
typeclass inference of Semiring took 0.686ms
typeclass inference of AddLeftCancelSemigroup took 0.903ms
sym typeclass inference of Lean.Grind.IsCharP took 7.39ms
sym typeclass inference of Lean.Grind.NatModule took 0.865ms
typeclass inference of AddCommMonoid took 0.718ms
typeclass inference of AddCommMonoid took 0.00492ms
typeclass inference of AddCommMonoid took 0.00406ms
typeclass inference of AddCancelMonoid took 0.683ms
typeclass inference of AddCommMonoid took 0.00439ms
typeclass inference of AddGroup took 0.636ms
typeclass inference of Field took 0.354ms
typeclass inference of Field took 0.00218ms
typeclass inference of Field took 0.00179ms
typeclass inference of Field took 0.00258ms
typeclass inference of Field took 0.00139ms
typeclass inference of Field took 0.0012ms
typeclass inference of Field took 0.00112ms
typeclass inference of Field took 0.0012ms
typeclass inference of Field took 0.00112ms
typeclass inference of Field took 0.00109ms
typeclass inference of Field took 0.00102ms
typeclass inference of Field took 0.00101ms
typeclass inference of Field took 0.00225ms
typeclass inference of Field took 0.00171ms
typeclass inference of Field took 0.00118ms
typeclass inference of Field took 0.00113ms
typeclass inference of Field took 0.00118ms
typeclass inference of Field took 0.00108ms
typeclass inference of Field took 0.00111ms
typeclass inference of Field took 0.00106ms
typeclass inference of Field took 0.00222ms
typeclass inference of Field took 0.00135ms
typeclass inference of Field took 0.0013ms
typeclass inference of Field took 0.00114ms
typeclass inference of Field took 0.00904ms
typeclass inference of Field took 0.00123ms
typeclass inference of Field took 0.0011ms
typeclass inference of Field took 0.00191ms
typeclass inference of Field took 0.00119ms
typeclass inference of Field took 0.00123ms
typeclass inference of Semiring took 0.00455ms
typeclass inference of RCLike took 0.0118ms
typeclass inference of RCLike took 0.00154ms
typeclass inference of RCLike took 0.00124ms
typeclass inference of RCLike took 0.00244ms
typeclass inference of RCLike took 0.00152ms
typeclass inference of RCLike took 0.00129ms
typeclass inference of RCLike took 0.00121ms
typeclass inference of RCLike took 0.00125ms
typeclass inference of RCLike took 0.00122ms
typeclass inference of RCLike took 0.0011ms
typeclass inference of RCLike took 0.00126ms
typeclass inference of RCLike took 0.00106ms
typeclass inference of RCLike took 0.00194ms
typeclass inference of RCLike took 0.00113ms
typeclass inference of RCLike took 0.00114ms
typeclass inference of RCLike took 0.00113ms
typeclass inference of RCLike took 0.0011ms
typeclass inference of RCLike took 0.00111ms
typeclass inference of RCLike took 0.00115ms
typeclass inference of RCLike took 0.00107ms
typeclass inference of RCLike took 0.002ms
typeclass inference of RCLike took 0.00117ms
typeclass inference of RCLike took 0.00115ms
typeclass inference of RCLike took 0.00123ms
typeclass inference of RCLike took 0.00112ms
typeclass inference of RCLike took 0.00107ms
typeclass inference of RCLike took 0.00116ms
typeclass inference of RCLike took 0.00161ms
typeclass inference of RCLike took 0.00111ms
typeclass inference of RCLike took 0.00114ms
typeclass inference of Semiring took 0.00397ms
typeclass inference of NonAssocRing took 0.168ms
typeclass inference of Field took 0.00279ms
typeclass inference of Field took 0.00191ms
typeclass inference of Field took 0.00174ms
typeclass inference of Field took 0.00123ms
typeclass inference of Field took 0.00127ms
typeclass inference of Field took 0.00144ms
typeclass inference of Field took 0.00162ms
typeclass inference of Field took 0.00137ms
typeclass inference of Field took 0.00184ms
typeclass inference of Field took 0.00227ms
typeclass inference of Field took 0.00139ms
typeclass inference of Field took 0.00132ms
typeclass inference of Field took 0.00118ms
typeclass inference of Field took 0.00216ms
typeclass inference of Field took 0.00171ms
typeclass inference of Field took 0.00153ms
typeclass inference of Field took 0.00119ms
typeclass inference of Field took 0.00105ms
typeclass inference of Field took 0.00105ms
typeclass inference of Field took 0.00115ms
typeclass inference of Field took 0.001ms
typeclass inference of Field took 0.00104ms
typeclass inference of Field took 0.00203ms
typeclass inference of Field took 0.00117ms
typeclass inference of Field took 0.00109ms
typeclass inference of Field took 0.00126ms
typeclass inference of Field took 0.0012ms
typeclass inference of Field took 0.00105ms
typeclass inference of Field took 0.00106ms
typeclass inference of Field took 0.00105ms
typeclass inference of Field took 0.00183ms
typeclass inference of Field took 0.002ms
typeclass inference of Field took 0.00112ms
typeclass inference of Field took 0.00108ms
typeclass inference of Field took 0.00107ms
typeclass inference of Field took 0.00106ms
typeclass inference of Field took 0.00109ms
typeclass inference of Field took 0.00195ms
typeclass inference of Field took 0.00165ms
typeclass inference of Field took 0.00121ms
typeclass inference of Field took 0.00192ms
typeclass inference of Field took 0.0014ms
typeclass inference of Field took 0.00179ms
typeclass inference of Field took 0.00119ms
typeclass inference of Field took 0.00125ms
typeclass inference of Field took 0.00111ms
typeclass inference of Field took 0.00197ms
typeclass inference of Field took 0.00118ms
typeclass inference of Field took 0.00118ms
typeclass inference of Field took 0.00189ms
typeclass inference of Field took 0.00168ms
typeclass inference of Field took 0.00135ms
typeclass inference of Field took 0.00142ms
typeclass inference of Field took 0.00156ms
typeclass inference of Field took 0.00115ms
typeclass inference of Field took 0.00122ms
typeclass inference of Field took 0.00124ms
typeclass inference of Field took 0.00155ms
typeclass inference of Field took 0.00115ms
typeclass inference of Field took 0.00118ms
typeclass inference of Field took 0.00302ms
typeclass inference of Field took 0.00138ms
typeclass inference of Field took 0.00136ms
typeclass inference of Field took 0.00138ms
typeclass inference of Field took 0.00156ms
typeclass inference of Field took 0.00189ms
typeclass inference of Field took 0.00136ms
typeclass inference of Field took 0.00117ms
typeclass inference of Field took 0.00117ms
typeclass inference of Field took 0.00178ms
typeclass inference of Field took 0.00172ms
typeclass inference of Field took 0.00209ms
typeclass inference of Semiring took 0.00715ms
typeclass inference of DivisionRing took 0.45ms
typeclass inference of DivisionRing took 0.00264ms
typeclass inference of DivisionRing took 0.00127ms
typeclass inference of DivisionRing took 0.00109ms
typeclass inference of DivisionRing took 0.00247ms
typeclass inference of DivisionRing took 0.00126ms
typeclass inference of DivisionRing took 0.0012ms
typeclass inference of DivisionRing took 0.00112ms
typeclass inference of DivisionRing took 0.00106ms
typeclass inference of DivisionRing took 0.00104ms
typeclass inference of DivisionRing took 0.00102ms
typeclass inference of DivisionRing took 0.00103ms
typeclass inference of DivisionRing took 0.00231ms
typeclass inference of DivisionRing took 0.00123ms
typeclass inference of DivisionRing took 0.00112ms
typeclass inference of DivisionRing took 0.00122ms
typeclass inference of DivisionRing took 0.0011ms
typeclass inference of DivisionRing took 0.00105ms
typeclass inference of DivisionRing took 0.0011ms
typeclass inference of DivisionRing took 0.00168ms
typeclass inference of DivisionRing took 0.00112ms
typeclass inference of DivisionRing took 0.00114ms
typeclass inference of DivisionRing took 0.00106ms
typeclass inference of DivisionRing took 0.00105ms
typeclass inference of DivisionRing took 0.000991ms
typeclass inference of DivisionRing took 0.00172ms
typeclass inference of DivisionRing took 0.00115ms
typeclass inference of DivisionRing took 0.00115ms
typeclass inference of DivisionRing took 0.00106ms
typeclass inference of DivisionRing took 0.00104ms
typeclass inference of Semifield took 0.4ms
typeclass inference of Semifield took 0.00241ms
typeclass inference of Semifield took 0.00133ms
typeclass inference of Semifield took 0.00122ms
typeclass inference of Semifield took 0.00247ms
typeclass inference of Semifield took 0.00104ms
typeclass inference of Semifield took 0.00213ms
typeclass inference of Semifield took 0.00101ms
typeclass inference of Semifield took 0.000962ms
typeclass inference of Semifield took 0.00204ms
typeclass inference of Semifield took 0.00114ms
typeclass inference of Semifield took 0.0011ms
typeclass inference of Semifield took 0.00118ms
typeclass inference of Semifield took 0.00124ms
typeclass inference of Semifield took 0.00105ms
typeclass inference of Semifield took 0.00109ms
typeclass inference of Field took 0.00216ms
typeclass inference of Field took 0.00124ms
typeclass inference of Field took 0.00114ms
typeclass inference of Field took 0.00202ms
typeclass inference of Field took 0.00131ms
typeclass inference of Field took 0.00135ms
typeclass inference of Field took 0.00124ms
typeclass inference of Field took 0.00169ms
typeclass inference of Field took 0.00109ms
typeclass inference of Field took 0.00113ms
typeclass inference of Field took 0.0011ms
typeclass inference of Field took 0.00104ms
typeclass inference of Field took 0.00193ms
typeclass inference of Field took 0.00121ms
typeclass inference of Field took 0.0012ms
typeclass inference of Field took 0.00109ms
typeclass inference of Field took 0.00115ms
typeclass inference of Field took 0.00106ms
typeclass inference of Field took 0.00122ms
typeclass inference of Field took 0.00106ms
typeclass inference of Field took 0.00181ms
typeclass inference of Field took 0.00118ms
typeclass inference of Field took 0.00114ms
typeclass inference of Field took 0.00116ms
typeclass inference of Field took 0.00111ms
typeclass inference of Field took 0.00111ms
typeclass inference of Field took 0.00114ms
typeclass inference of DivisionRing took 0.00201ms
typeclass inference of DivisionRing took 0.00195ms
typeclass inference of DivisionRing took 0.00153ms
typeclass inference of DivisionRing took 0.00129ms
typeclass inference of DivisionRing took 0.00107ms
typeclass inference of DivisionRing took 0.00113ms
typeclass inference of DivisionRing took 0.00108ms
typeclass inference of DivisionRing took 0.00111ms
typeclass inference of DivisionRing took 0.00103ms
typeclass inference of DivisionRing took 0.00199ms
typeclass inference of DivisionRing took 0.00133ms
typeclass inference of DivisionRing took 0.00112ms
typeclass inference of DivisionRing took 0.00114ms
typeclass inference of DivisionRing took 0.00113ms
typeclass inference of DivisionRing took 0.00107ms
typeclass inference of DivisionRing took 0.00103ms
typeclass inference of EuclideanDomain took 0.402ms
typeclass inference of EuclideanDomain took 0.00546ms
typeclass inference of EuclideanDomain took 0.00143ms
typeclass inference of EuclideanDomain took 0.00119ms
typeclass inference of EuclideanDomain took 0.00173ms
typeclass inference of EuclideanDomain took 0.00142ms
typeclass inference of EuclideanDomain took 0.00147ms
typeclass inference of EuclideanDomain took 0.00109ms
typeclass inference of EuclideanDomain took 0.0011ms
typeclass inference of EuclideanDomain took 0.000982ms
typeclass inference of EuclideanDomain took 0.00142ms
typeclass inference of EuclideanDomain took 0.00102ms
typeclass inference of EuclideanDomain took 0.00101ms
typeclass inference of EuclideanDomain took 0.00225ms
typeclass inference of EuclideanDomain took 0.00133ms
typeclass inference of EuclideanDomain took 0.00122ms
typeclass inference of EuclideanDomain took 0.00125ms
typeclass inference of EuclideanDomain took 0.0012ms
typeclass inference of EuclideanDomain took 0.00144ms
typeclass inference of EuclideanDomain took 0.00106ms
typeclass inference of EuclideanDomain took 0.00108ms
typeclass inference of EuclideanDomain took 0.0014ms
typeclass inference of EuclideanDomain took 0.00201ms
typeclass inference of EuclideanDomain took 0.00113ms
typeclass inference of EuclideanDomain took 0.00114ms
typeclass inference of EuclideanDomain took 0.00116ms
typeclass inference of EuclideanDomain took 0.00111ms
typeclass inference of EuclideanDomain took 0.0015ms
typeclass inference of EuclideanDomain took 0.00131ms
typeclass inference of EuclideanDomain took 0.001ms
typeclass inference of EuclideanDomain took 0.00202ms
typeclass inference of EuclideanDomain took 0.00117ms
typeclass inference of EuclideanDomain took 0.00107ms
typeclass inference of EuclideanDomain took 0.00107ms
typeclass inference of EuclideanDomain took 0.00104ms
typeclass inference of EuclideanDomain took 0.00112ms
typeclass inference of EuclideanDomain took 0.00109ms
typeclass inference of CommMonoidWithZero took 0.898ms
typeclass inference of Semiring took 0.00491ms
typeclass inference of CommMonoidWithZero took 0.00476ms
typeclass inference of CommMonoidWithZero took 0.00372ms
typeclass inference of CommGroupWithZero took 0.406ms
typeclass inference of CommGroupWithZero took 0.00262ms
typeclass inference of CommGroupWithZero took 0.0015ms
typeclass inference of CommGroupWithZero took 0.00131ms
typeclass inference of CommGroupWithZero took 0.00115ms
typeclass inference of CommGroupWithZero took 0.00111ms
typeclass inference of CommGroupWithZero took 0.00114ms
typeclass inference of CommGroupWithZero took 0.000981ms
typeclass inference of LinearOrderedCommMonoidWithZero took 0.0459ms
typeclass inference of LinearOrderedCommMonoidWithZero took 0.00233ms
typeclass inference of LinearOrderedCommMonoidWithZero took 0.00218ms
typeclass inference of LinearOrderedCommMonoidWithZero took 0.00139ms
typeclass inference of LinearOrderedCommMonoidWithZero took 0.00126ms
typeclass inference of LinearOrderedCommMonoidWithZero took 0.00118ms
typeclass inference of LinearOrderedCommMonoidWithZero took 0.00111ms
typeclass inference of LinearOrderedCommMonoidWithZero took 0.00106ms
typeclass inference of LinearOrderedCommMonoidWithZero took 0.000962ms
typeclass inference of LinearOrderedCommMonoidWithZero took 0.00219ms
typeclass inference of LinearOrderedCommMonoidWithZero took 0.00186ms
typeclass inference of LinearOrderedCommMonoidWithZero took 0.00157ms
typeclass inference of LinearOrderedCommMonoidWithZero took 0.00202ms
typeclass inference of LinearOrderedCommMonoidWithZero took 0.00123ms
typeclass inference of LinearOrderedCommMonoidWithZero took 0.00114ms
typeclass inference of LinearOrderedCommMonoidWithZero took 0.00225ms
typeclass inference of LinearOrderedCommMonoidWithZero took 0.00112ms
typeclass inference of LinearOrderedCommMonoidWithZero took 0.00109ms
typeclass inference of LinearOrderedCommMonoidWithZero took 0.000932ms
typeclass inference of LinearOrderedCommMonoidWithZero took 0.00187ms
typeclass inference of LinearOrderedCommMonoidWithZero took 0.00117ms
typeclass inference of LinearOrderedCommMonoidWithZero took 0.00111ms
typeclass inference of LinearOrderedCommMonoidWithZero took 0.0011ms
typeclass inference of LinearOrderedCommMonoidWithZero took 0.00103ms
typeclass inference of LinearOrderedCommMonoidWithZero took 0.00103ms
typeclass inference of LinearOrderedCommMonoidWithZero took 0.00165ms
typeclass inference of LinearOrderedCommMonoidWithZero took 0.0011ms
typeclass inference of LinearOrderedCommMonoidWithZero took 0.00111ms
typeclass inference of LinearOrderedCommMonoidWithZero took 0.00119ms
typeclass inference of LinearOrderedCommMonoidWithZero took 0.00108ms
typeclass inference of LinearOrderedCommMonoidWithZero took 0.00251ms
typeclass inference of LinearOrderedCommMonoidWithZero took 0.00193ms
typeclass inference of LinearOrderedCommMonoidWithZero took 0.00118ms
typeclass inference of LinearOrderedCommMonoidWithZero took 0.00187ms
typeclass inference of LinearOrderedCommMonoidWithZero took 0.00119ms
typeclass inference of LinearOrderedCommMonoidWithZero took 0.00113ms
typeclass inference of LinearOrderedCommMonoidWithZero took 0.00105ms
typeclass inference of LinearOrderedCommMonoidWithZero took 0.00106ms
typeclass inference of LinearOrderedCommMonoidWithZero took 0.00113ms
typeclass inference of LinearOrderedCommMonoidWithZero took 0.000992ms
typeclass inference of LinearOrderedCommMonoidWithZero took 0.00135ms
typeclass inference of LinearOrderedCommMonoidWithZero took 0.00118ms
typeclass inference of LinearOrderedCommMonoidWithZero took 0.000992ms
typeclass inference of LinearOrderedCommMonoidWithZero took 0.00181ms
typeclass inference of LinearOrderedCommMonoidWithZero took 0.0011ms
typeclass inference of LinearOrderedCommMonoidWithZero took 0.00112ms
typeclass inference of LinearOrderedCommMonoidWithZero took 0.0011ms
typeclass inference of LinearOrderedCommMonoidWithZero took 0.00106ms
typeclass inference of LinearOrderedCommMonoidWithZero took 0.00113ms
typeclass inference of LinearOrderedCommMonoidWithZero took 0.001ms
typeclass inference of LinearOrderedCommMonoidWithZero took 0.00208ms
typeclass inference of LinearOrderedCommMonoidWithZero took 0.00118ms
typeclass inference of LinearOrderedCommMonoidWithZero took 0.00109ms
typeclass inference of LinearOrderedCommMonoidWithZero took 0.00111ms
typeclass inference of LinearOrderedCommMonoidWithZero took 0.00107ms
typeclass inference of LinearOrderedCommMonoidWithZero took 0.00105ms
typeclass inference of LinearOrderedCommMonoidWithZero took 0.00169ms
typeclass inference of LinearOrderedCommMonoidWithZero took 0.00119ms
typeclass inference of LinearOrderedCommMonoidWithZero took 0.00116ms
typeclass inference of LinearOrderedCommMonoidWithZero took 0.00108ms
typeclass inference of LinearOrderedCommMonoidWithZero took 0.00102ms
typeclass inference of LinearOrderedCommMonoidWithZero took 0.00195ms
typeclass inference of LinearOrderedCommMonoidWithZero took 0.00127ms
typeclass inference of LinearOrderedCommMonoidWithZero took 0.00111ms
typeclass inference of LinearOrderedCommMonoidWithZero took 0.00253ms
typeclass inference of LinearOrderedCommMonoidWithZero took 0.00128ms
typeclass inference of LinearOrderedCommMonoidWithZero took 0.00191ms
typeclass inference of LinearOrderedCommMonoidWithZero took 0.00121ms
typeclass inference of LinearOrderedCommMonoidWithZero took 0.00126ms
typeclass inference of LinearOrderedCommMonoidWithZero took 0.00111ms
typeclass inference of LinearOrderedCommMonoidWithZero took 0.00107ms
typeclass inference of LinearOrderedCommMonoidWithZero took 0.00103ms
typeclass inference of LinearOrderedCommMonoidWithZero took 0.000972ms
typeclass inference of LinearOrderedCommMonoidWithZero took 0.00129ms
typeclass inference of LinearOrderedCommMonoidWithZero took 0.00106ms
typeclass inference of LinearOrderedCommMonoidWithZero took 0.000992ms
typeclass inference of LinearOrderedCommMonoidWithZero took 0.00168ms
typeclass inference of LinearOrderedCommMonoidWithZero took 0.0012ms
typeclass inference of LinearOrderedCommMonoidWithZero took 0.00115ms
typeclass inference of LinearOrderedCommMonoidWithZero took 0.00124ms
typeclass inference of LinearOrderedCommMonoidWithZero took 0.00102ms
typeclass inference of LinearOrderedCommMonoidWithZero took 0.00108ms
typeclass inference of LinearOrderedCommMonoidWithZero took 0.000942ms
typeclass inference of LinearOrderedCommMonoidWithZero took 0.00177ms
typeclass inference of LinearOrderedCommMonoidWithZero took 0.00113ms
typeclass inference of LinearOrderedCommMonoidWithZero took 0.00113ms
typeclass inference of LinearOrderedCommMonoidWithZero took 0.00105ms
typeclass inference of LinearOrderedCommMonoidWithZero took 0.00105ms
typeclass inference of LinearOrderedCommMonoidWithZero took 0.00102ms
typeclass inference of LinearOrderedCommMonoidWithZero took 0.00173ms
typeclass inference of LinearOrderedCommMonoidWithZero took 0.00112ms
typeclass inference of LinearOrderedCommMonoidWithZero took 0.00111ms
typeclass inference of LinearOrderedCommMonoidWithZero took 0.0011ms
typeclass inference of LinearOrderedCommMonoidWithZero took 0.001ms
typeclass inference of LinearOrderedCommMonoidWithZero took 0.0014ms
typeclass inference of LinearOrderedCommMonoidWithZero took 0.00125ms
typeclass inference of LinearOrderedCommMonoidWithZero took 0.000992ms
typeclass inference of LinearOrderedCommMonoidWithZero took 0.00179ms
typeclass inference of LinearOrderedCommMonoidWithZero took 0.00113ms
typeclass inference of LinearOrderedCommMonoidWithZero took 0.00119ms
typeclass inference of LinearOrderedCommMonoidWithZero took 0.00103ms
typeclass inference of LinearOrderedCommMonoidWithZero took 0.00109ms
typeclass inference of LinearOrderedCommMonoidWithZero took 0.00106ms
typeclass inference of LinearOrderedCommMonoidWithZero took 0.000972ms
typeclass inference of LinearOrderedCommMonoidWithZero took 0.00132ms
typeclass inference of LinearOrderedCommMonoidWithZero took 0.00116ms
typeclass inference of LinearOrderedCommMonoidWithZero took 0.00103ms
typeclass inference of LinearOrderedCommMonoidWithZero took 0.00169ms
typeclass inference of LinearOrderedCommMonoidWithZero took 0.00117ms
typeclass inference of LinearOrderedCommMonoidWithZero took 0.00115ms
typeclass inference of LinearOrderedCommMonoidWithZero took 0.00111ms
typeclass inference of LinearOrderedCommMonoidWithZero took 0.00113ms
typeclass inference of LinearOrderedCommMonoidWithZero took 0.00106ms
typeclass inference of LinearOrderedCommMonoidWithZero took 0.000982ms
typeclass inference of LinearOrderedCommMonoidWithZero took 0.00191ms
typeclass inference of LinearOrderedCommMonoidWithZero took 0.00118ms
typeclass inference of LinearOrderedCommMonoidWithZero took 0.00117ms
typeclass inference of LinearOrderedCommMonoidWithZero took 0.00112ms
typeclass inference of LinearOrderedCommMonoidWithZero took 0.00111ms
typeclass inference of LinearOrderedCommMonoidWithZero took 0.00104ms
typeclass inference of LinearOrderedCommMonoidWithZero took 0.00208ms
typeclass inference of LinearOrderedCommMonoidWithZero took 0.00118ms
typeclass inference of LinearOrderedCommMonoidWithZero took 0.00127ms
typeclass inference of LinearOrderedCommMonoidWithZero took 0.00113ms
typeclass inference of LinearOrderedCommMonoidWithZero took 0.001ms
typeclass inference of LinearOrderedCommMonoidWithZero took 0.00159ms
typeclass inference of LinearOrderedCommMonoidWithZero took 0.00119ms
typeclass inference of LinearOrderedCommMonoidWithZero took 0.00109ms
typeclass inference of LinearOrderedCommMonoidWithZero took 0.0016ms
typeclass inference of LinearOrderedCommMonoidWithZero took 0.00128ms
typeclass inference of LinearOrderedCommMonoidWithZero took 0.00114ms
typeclass inference of LinearOrderedCommMonoidWithZero took 0.00177ms
typeclass inference of LinearOrderedCommMonoidWithZero took 0.0011ms
typeclass inference of LinearOrderedCommMonoidWithZero took 0.00112ms
typeclass inference of LinearOrderedCommMonoidWithZero took 0.00121ms
typeclass inference of LinearOrderedCommMonoidWithZero took 0.00112ms
typeclass inference of LinearOrderedCommMonoidWithZero took 0.00108ms
typeclass inference of LinearOrderedCommMonoidWithZero took 0.000941ms
typeclass inference of LinearOrderedCommMonoidWithZero took 0.00127ms
typeclass inference of LinearOrderedCommMonoidWithZero took 0.0011ms
typeclass inference of LinearOrderedCommMonoidWithZero took 0.000952ms
typeclass inference of LinearOrderedCommMonoidWithZero took 0.0017ms
typeclass inference of LinearOrderedCommMonoidWithZero took 0.00107ms
typeclass inference of LinearOrderedCommMonoidWithZero took 0.00119ms
typeclass inference of LinearOrderedCommMonoidWithZero took 0.0011ms
typeclass inference of LinearOrderedCommMonoidWithZero took 0.00103ms
typeclass inference of LinearOrderedCommMonoidWithZero took 0.00112ms
typeclass inference of LinearOrderedCommMonoidWithZero took 0.000991ms
typeclass inference of LinearOrderedCommMonoidWithZero took 0.0019ms
typeclass inference of LinearOrderedCommMonoidWithZero took 0.00277ms
typeclass inference of LinearOrderedCommMonoidWithZero took 0.00116ms
typeclass inference of LinearOrderedCommMonoidWithZero took 0.00114ms
typeclass inference of LinearOrderedCommMonoidWithZero took 0.00114ms
typeclass inference of LinearOrderedCommMonoidWithZero took 0.00102ms
typeclass inference of LinearOrderedCommMonoidWithZero took 0.00162ms
typeclass inference of LinearOrderedCommMonoidWithZero took 0.00115ms
typeclass inference of LinearOrderedCommMonoidWithZero took 0.00111ms
typeclass inference of LinearOrderedCommMonoidWithZero took 0.00104ms
typeclass inference of LinearOrderedCommMonoidWithZero took 0.000992ms
typeclass inference of LinearOrderedCommMonoidWithZero took 0.00173ms
typeclass inference of LinearOrderedCommMonoidWithZero took 0.00115ms
typeclass inference of LinearOrderedCommMonoidWithZero took 0.00116ms
typeclass inference of LinearOrderedCommMonoidWithZero took 0.0013ms
typeclass inference of LinearOrderedCommMonoidWithZero took 0.00152ms
typeclass inference of LinearOrderedCommMonoidWithZero took 0.00115ms
typeclass inference of LinearOrderedCommMonoidWithZero took 0.00108ms
typeclass inference of NonUnitalNonAssocRing took 0.511ms
typeclass inference of NormedRing took 0.522ms
typeclass inference of NormedRing took 0.00248ms
typeclass inference of NormedRing took 0.00279ms
typeclass inference of NormedRing took 0.00137ms
typeclass inference of NormedRing took 0.00123ms
typeclass inference of NormedRing took 0.00106ms
typeclass inference of NormedRing took 0.00103ms
typeclass inference of NormedRing took 0.00123ms
typeclass inference of NormedRing took 0.00132ms
typeclass inference of NormedRing took 0.00148ms
typeclass inference of NormedRing took 0.0011ms
typeclass inference of NormedRing took 0.001ms
typeclass inference of NormedRing took 0.000972ms
typeclass inference of NormedRing took 0.00334ms
typeclass inference of NormedRing took 0.00115ms
typeclass inference of NormedRing took 0.00121ms
typeclass inference of NormedRing took 0.00123ms
typeclass inference of NormedRing took 0.00115ms
typeclass inference of NormedRing took 0.00104ms
typeclass inference of NormedRing took 0.001ms
typeclass inference of NormedRing took 0.00175ms
typeclass inference of NormedRing took 0.00221ms
typeclass inference of NormedRing took 0.0012ms
typeclass inference of NormedRing took 0.00111ms
typeclass inference of NormedRing took 0.00113ms
typeclass inference of NormedRing took 0.00109ms
typeclass inference of NormedRing took 0.00102ms
typeclass inference of NormedRing took 0.00106ms
typeclass inference of NormedRing took 0.00145ms
typeclass inference of NormedRing took 0.00108ms
typeclass inference of NormedRing took 0.00121ms
typeclass inference of NormedRing took 0.00113ms
typeclass inference of NormedRing took 0.00102ms
typeclass inference of NormedRing took 0.00207ms
typeclass inference of NormedRing took 0.00137ms
typeclass inference of NormedRing took 0.00124ms
typeclass inference of NormedRing took 0.000982ms
typeclass inference of NormedRing took 0.00134ms
typeclass inference of NormedRing took 0.0015ms
typeclass inference of NormedRing took 0.00115ms
typeclass inference of Semiring took 0.00706ms
typeclass inference of Semiring took 0.00455ms
typeclass inference of GroupWithZero took 0.706ms
typeclass inference of GroupWithZero took 0.00284ms
typeclass inference of GroupWithZero took 0.00201ms
typeclass inference of GroupWithZero took 0.00138ms
typeclass inference of GroupWithZero took 0.00117ms
typeclass inference of GroupWithZero took 0.00111ms
typeclass inference of GroupWithZero took 0.00105ms
typeclass inference of GroupWithZero took 0.0016ms
typeclass inference of GroupWithZero took 0.00109ms
typeclass inference of GroupWithZero took 0.00107ms
typeclass inference of GroupWithZero took 0.000992ms
typeclass inference of GroupWithZero took 0.00153ms
typeclass inference of GroupWithZero took 0.00109ms
typeclass inference of GroupWithZero took 0.00107ms
typeclass inference of MulZeroClass took 0.738ms
typeclass inference of Semiring took 0.00464ms
typeclass inference of CommMonoidWithZero took 0.00524ms
typeclass inference of CommMonoidWithZero took 0.00778ms
typeclass inference of LinearOrderedCommMonoidWithZero took 0.00351ms
typeclass inference of LinearOrderedCommMonoidWithZero took 0.00206ms
typeclass inference of LinearOrderedCommMonoidWithZero took 0.00129ms
typeclass inference of LinearOrderedCommMonoidWithZero took 0.00124ms
typeclass inference of LinearOrderedCommMonoidWithZero took 0.00116ms
typeclass inference of LinearOrderedCommMonoidWithZero took 0.00109ms
typeclass inference of LinearOrderedCommMonoidWithZero took 0.00176ms
typeclass inference of LinearOrderedCommMonoidWithZero took 0.00117ms
typeclass inference of LinearOrderedCommMonoidWithZero took 0.00113ms
typeclass inference of LinearOrderedCommMonoidWithZero took 0.0011ms
typeclass inference of LinearOrderedCommMonoidWithZero took 0.00158ms
typeclass inference of LinearOrderedCommMonoidWithZero took 0.00122ms
typeclass inference of LinearOrderedCommMonoidWithZero took 0.00109ms
typeclass inference of NonUnitalNonAssocRing took 0.00492ms
typeclass inference of GroupWithZero took 0.00309ms
typeclass inference of GroupWithZero took 0.00142ms
typeclass inference of GroupWithZero took 0.00193ms
typeclass inference of GroupWithZero took 0.00122ms
typeclass inference of GroupWithZero took 0.0011ms
typeclass inference of GroupWithZero took 0.00106ms
typeclass inference of GroupWithZero took 0.00106ms
typeclass inference of GroupWithZero took 0.00152ms
typeclass inference of GroupWithZero took 0.00119ms
typeclass inference of GroupWithZero took 0.00114ms
typeclass inference of GroupWithZero took 0.00108ms
typeclass inference of GroupWithZero took 0.0014ms
typeclass inference of GroupWithZero took 0.00112ms
typeclass inference of GroupWithZero took 0.0011ms
typeclass inference of MulZeroClass took 0.00337ms
typeclass inference of GroupWithZero took 0.00284ms
typeclass inference of GroupWithZero took 0.00127ms
typeclass inference of GroupWithZero took 0.00233ms
typeclass inference of GroupWithZero took 0.00269ms
typeclass inference of GroupWithZero took 0.00131ms
typeclass inference of GroupWithZero took 0.0013ms
typeclass inference of GroupWithZero took 0.00111ms
typeclass inference of GroupWithZero took 0.00109ms
typeclass inference of GroupWithZero took 0.00133ms
typeclass inference of GroupWithZero took 0.00112ms
typeclass inference of GroupWithZero took 0.00111ms
typeclass inference of GroupWithZero took 0.00203ms
typeclass inference of GroupWithZero took 0.00117ms
typeclass inference of GroupWithZero took 0.00116ms
typeclass inference of GroupWithZero took 0.00108ms
typeclass inference of GroupWithZero took 0.00111ms
typeclass inference of GroupWithZero took 0.00111ms
typeclass inference of GroupWithZero took 0.00179ms
typeclass inference of GroupWithZero took 0.00129ms
typeclass inference of GroupWithZero took 0.00117ms
typeclass inference of GroupWithZero took 0.00132ms
typeclass inference of GroupWithZero took 0.0013ms
typeclass inference of GroupWithZero took 0.00167ms
typeclass inference of GroupWithZero took 0.0012ms
typeclass inference of GroupWithZero took 0.00125ms
typeclass inference of GroupWithZero took 0.00177ms
typeclass inference of GroupWithZero took 0.00107ms
typeclass inference of GroupWithZero took 0.00176ms
typeclass inference of GroupWithZero took 0.00115ms
typeclass inference of GroupWithZero took 0.00115ms
typeclass inference of GroupWithZero took 0.00108ms
typeclass inference of GroupWithZero took 0.00113ms
typeclass inference of GroupWithZero took 0.00103ms
typeclass inference of GroupWithZero took 0.0016ms
typeclass inference of GroupWithZero took 0.00113ms
typeclass inference of GroupWithZero took 0.0011ms
typeclass inference of GroupWithZero took 0.00202ms
typeclass inference of GroupWithZero took 0.00119ms
typeclass inference of GroupWithZero took 0.00126ms
typeclass inference of GroupWithZero took 0.00114ms
typeclass inference of GroupWithZero took 0.00115ms
typeclass inference of GroupWithZero took 0.000991ms
typeclass inference of GroupWithZero took 0.00179ms
typeclass inference of GroupWithZero took 0.00123ms
typeclass inference of GroupWithZero took 0.00113ms
typeclass inference of GroupWithZero took 0.00117ms
typeclass inference of GroupWithZero took 0.00115ms
typeclass inference of GroupWithZero took 0.00145ms
typeclass inference of GroupWithZero took 0.00112ms
typeclass inference of GroupWithZero took 0.00104ms
typeclass inference of GroupWithZero took 0.00132ms
typeclass inference of GroupWithZero took 0.00115ms
typeclass inference of GroupWithZero took 0.001ms
typeclass inference of GroupWithZero took 0.00207ms
typeclass inference of GroupWithZero took 0.00111ms
typeclass inference of GroupWithZero took 0.00128ms
typeclass inference of GroupWithZero took 0.00111ms
typeclass inference of GroupWithZero took 0.00111ms
typeclass inference of GroupWithZero took 0.00104ms
typeclass inference of GroupWithZero took 0.0018ms
typeclass inference of GroupWithZero took 0.00123ms
typeclass inference of GroupWithZero took 0.00115ms
typeclass inference of GroupWithZero took 0.00107ms
typeclass inference of GroupWithZero took 0.00109ms
typeclass inference of GroupWithZero took 0.00148ms
typeclass inference of GroupWithZero took 0.00112ms
typeclass inference of GroupWithZero took 0.00117ms
typeclass inference of GroupWithZero took 0.00105ms
typeclass inference of GroupWithZero took 0.00136ms
typeclass inference of GroupWithZero took 0.00139ms
typeclass inference of GroupWithZero took 0.0011ms
typeclass inference of CommMonoidWithZero took 0.00467ms
typeclass inference of LinearOrderedCommMonoidWithZero took 0.00269ms
typeclass inference of LinearOrderedCommMonoidWithZero took 0.00196ms
typeclass inference of LinearOrderedCommMonoidWithZero took 0.00127ms
typeclass inference of LinearOrderedCommMonoidWithZero took 0.00118ms
typeclass inference of LinearOrderedCommMonoidWithZero took 0.0011ms
typeclass inference of LinearOrderedCommMonoidWithZero took 0.00105ms
typeclass inference of LinearOrderedCommMonoidWithZero took 0.00386ms
typeclass inference of LinearOrderedCommMonoidWithZero took 0.00114ms
typeclass inference of LinearOrderedCommMonoidWithZero took 0.00119ms
typeclass inference of LinearOrderedCommMonoidWithZero took 0.00112ms
typeclass inference of LinearOrderedCommMonoidWithZero took 0.00133ms
typeclass inference of LinearOrderedCommMonoidWithZero took 0.00132ms
typeclass inference of LinearOrderedCommMonoidWithZero took 0.00106ms
typeclass inference of NonUnitalNonAssocRing took 0.00552ms
typeclass inference of GroupWithZero took 0.00243ms
typeclass inference of GroupWithZero took 0.00124ms
typeclass inference of GroupWithZero took 0.00199ms
typeclass inference of GroupWithZero took 0.00116ms
typeclass inference of GroupWithZero took 0.00121ms
typeclass inference of GroupWithZero took 0.00115ms
typeclass inference of GroupWithZero took 0.00101ms
typeclass inference of GroupWithZero took 0.0014ms
typeclass inference of GroupWithZero took 0.00121ms
typeclass inference of GroupWithZero took 0.00122ms
typeclass inference of GroupWithZero took 0.00113ms
typeclass inference of GroupWithZero took 0.00136ms
typeclass inference of GroupWithZero took 0.00148ms
typeclass inference of GroupWithZero took 0.00108ms
sym typeclass inference of Lean.Grind.NoNatZeroDivisors took 62.2ms
sym typeclass inference of Lean.Grind.Field took 0.581ms
typeclass inference of Lean.Grind.CommSemiring took 0.974ms
typeclass inference of Field took 0.00368ms
typeclass inference of Field took 0.00269ms
typeclass inference of Field took 0.00138ms
typeclass inference of Field took 0.0013ms
typeclass inference of Field took 0.00253ms
typeclass inference of Field took 0.00249ms
typeclass inference of Field took 0.00133ms
typeclass inference of Field took 0.00109ms
typeclass inference of Field took 0.00114ms
typeclass inference of Field took 0.00146ms
typeclass inference of Field took 0.00278ms
typeclass inference of Field took 0.00147ms
typeclass inference of Field took 0.00207ms
typeclass inference of Field took 0.00128ms
typeclass inference of Field took 0.00144ms
typeclass inference of Field took 0.0013ms
typeclass inference of Field took 0.0011ms
typeclass inference of Field took 0.00114ms
typeclass inference of Field took 0.00131ms
typeclass inference of Field took 0.00121ms
typeclass inference of Field took 0.001ms
typeclass inference of Field took 0.0029ms
typeclass inference of Field took 0.00122ms
typeclass inference of Field took 0.00125ms
typeclass inference of Field took 0.00138ms
typeclass inference of Field took 0.00137ms
typeclass inference of Field took 0.00108ms
typeclass inference of Field took 0.00107ms
typeclass inference of Field took 0.00119ms
typeclass inference of Field took 0.00258ms
typeclass inference of Field took 0.00129ms
typeclass inference of Field took 0.00111ms
typeclass inference of Field took 0.00103ms
typeclass inference of Field took 0.00103ms
typeclass inference of Field took 0.000992ms
typeclass inference of Field took 0.000992ms
typeclass inference of Field took 0.00284ms
typeclass inference of Field took 0.00129ms
typeclass inference of Field took 0.00129ms
typeclass inference of Field took 0.00117ms
typeclass inference of Field took 0.00122ms
typeclass inference of Field took 0.00111ms
typeclass inference of Field took 0.00107ms
typeclass inference of Field took 0.00106ms
typeclass inference of Field took 0.00114ms
typeclass inference of Field took 0.00214ms
typeclass inference of Field took 0.0014ms
typeclass inference of Field took 0.00115ms
typeclass inference of Field took 0.00109ms
typeclass inference of Field took 0.00107ms
typeclass inference of Field took 0.00108ms
typeclass inference of Field took 0.00106ms
typeclass inference of Field took 0.00106ms
typeclass inference of Field took 0.00179ms
typeclass inference of Field took 0.00126ms
typeclass inference of Field took 0.00111ms
typeclass inference of Field took 0.00114ms
typeclass inference of Field took 0.00107ms
typeclass inference of Field took 0.00119ms
typeclass inference of Field took 0.00111ms
typeclass inference of Field took 0.00177ms
typeclass inference of Field took 0.00115ms
typeclass inference of Field took 0.0012ms
typeclass inference of Field took 0.00113ms
typeclass inference of Field took 0.00108ms
typeclass inference of Field took 0.0011ms
typeclass inference of Field took 0.00158ms
typeclass inference of Field took 0.00111ms
typeclass inference of Field took 0.00109ms
typeclass inference of Field took 0.00104ms
typeclass inference of Field took 0.00106ms
typeclass inference of Field took 0.0015ms
typeclass inference of Field took 0.00119ms
typeclass inference of Field took 0.00108ms
typeclass inference of Field took 0.00104ms
typeclass inference of Field took 0.00166ms
typeclass inference of Field took 0.0012ms
typeclass inference of Field took 0.00128ms
typeclass inference of Field took 0.00272ms
typeclass inference of Field took 0.00266ms
typeclass inference of Field took 0.00132ms
typeclass inference of Field took 0.00146ms
typeclass inference of Field took 0.00119ms
typeclass inference of Field took 0.00126ms
typeclass inference of Field took 0.00123ms
typeclass inference of Field took 0.00122ms
typeclass inference of Field took 0.00109ms
typeclass inference of Field took 0.0011ms
typeclass inference of Field took 0.00155ms
typeclass inference of Field took 0.000982ms
typeclass inference of Field took 0.00201ms
typeclass inference of Field took 0.00122ms
typeclass inference of Field took 0.00116ms
typeclass inference of Field took 0.00109ms
typeclass inference of Field took 0.00108ms
typeclass inference of Field took 0.00109ms
typeclass inference of Field took 0.00128ms
typeclass inference of Field took 0.00109ms
typeclass inference of Field took 0.00101ms
typeclass inference of Field took 0.00196ms
typeclass inference of Field took 0.00119ms
typeclass inference of Field took 0.00142ms
typeclass inference of Field took 0.00196ms
typeclass inference of Field took 0.00294ms
typeclass inference of Field took 0.00175ms
typeclass inference of Field took 0.00147ms
typeclass inference of Field took 0.00141ms
typeclass inference of Field took 0.00194ms
typeclass inference of Field took 0.0013ms
typeclass inference of Field took 0.00114ms
typeclass inference of Field took 0.00105ms
typeclass inference of Field took 0.00107ms
typeclass inference of Field took 0.0011ms
typeclass inference of Field took 0.000942ms
typeclass inference of Field took 0.00216ms
typeclass inference of Field took 0.00132ms
typeclass inference of Field took 0.00133ms
typeclass inference of Field took 0.00118ms
typeclass inference of Field took 0.00115ms
typeclass inference of Field took 0.00143ms
typeclass inference of Field took 0.00184ms
typeclass inference of Field took 0.00136ms
typeclass inference of Field took 0.00104ms
typeclass inference of Field took 0.0021ms
typeclass inference of Field took 0.00115ms
typeclass inference of Field took 0.00112ms
typeclass inference of Field took 0.00122ms
typeclass inference of Field took 0.0011ms
typeclass inference of Field took 0.00107ms
typeclass inference of Field took 0.00115ms
typeclass inference of Field took 0.00108ms
typeclass inference of Field took 0.00178ms
typeclass inference of Field took 0.00117ms
typeclass inference of Field took 0.00128ms
typeclass inference of Field took 0.00108ms
typeclass inference of Field took 0.00111ms
typeclass inference of Field took 0.00108ms
typeclass inference of Field took 0.00103ms
typeclass inference of Field took 0.00195ms
typeclass inference of Field took 0.00116ms
typeclass inference of Field took 0.0013ms
typeclass inference of Field took 0.00127ms
typeclass inference of Field took 0.00111ms
typeclass inference of Field took 0.00102ms
typeclass inference of Field took 0.00201ms
typeclass inference of Field took 0.00109ms
typeclass inference of Field took 0.00111ms
typeclass inference of Field took 0.00105ms
typeclass inference of Field took 0.00115ms
typeclass inference of Field took 0.00175ms
typeclass inference of Field took 0.00129ms
typeclass inference of Field took 0.00112ms
typeclass inference of Field took 0.00114ms
typeclass inference of Field took 0.00146ms
typeclass inference of Field took 0.00109ms
typeclass inference of Field took 0.00113ms
sym typeclass inference of Lean.Grind.PowIdentity took 14.4ms
sym typeclass inference of HSub took 0.0123ms
sym canon took 0.0198ms
sym typeclass inference of HMul took 0.00746ms
sym canon took 0.00728ms
sym typeclass inference of Lean.Grind.ToInt took 0.035ms
sym typeclass inference of LE took 3.67ms
sym typeclass inference of LT took 2.81ms
sym typeclass inference of LE took 0.00289ms
congr simp thm took 0.0017ms
congr simp thm took 0.000411ms
congr simp thm took 0.000291ms
congr simp thm took 0.000331ms
congr simp thm took 0.00553ms
grind simp took 0.44ms
grind mark subsingleton took 0.158ms
typeclass inference of CategoryTheory.CartesianMonoidalCategory took 0.0569ms
typeclass inference of CategoryTheory.CartesianMonoidalCategory took 0.00471ms
sym typeclass inference of HPow took 2.12ms
sym typeclass inference of OfNat took 0.885ms
sym typeclass inference of OfNat took 0.0444ms
sym canon took 0.218ms
grind mark subsingleton took 0.00225ms
sym canon took 0.000431ms
grind mark subsingleton took 0.000671ms
sym canon took 0.00022ms
grind mark subsingleton took 0.000531ms
sym canon took 0.00177ms
grind mark subsingleton took 0.0351ms
sym typeclass inference of Pow took 0.156ms
sym canon took 0.217ms
grind mark subsingleton took 0.0017ms
sym canon took 0.000491ms
grind mark subsingleton took 0.000652ms
sym canon took 0.00022ms
grind mark subsingleton took 0.000461ms
sym canon took 0.00016ms
grind mark subsingleton took 0.00558ms
sym canon took 0.00029ms
sym typeclass inference of Lean.Grind.CommRing took 0.712ms
sym typeclass inference of Lean.Grind.CommSemiring took 0.0296ms
sym typeclass inference of Lean.Grind.Semiring took 0.113ms
sym canon took 0.332ms
typeclass inference of Lean.Grind.CommSemiring took 0.023ms
sym typeclass inference of Lean.Grind.CommRing took 0.109ms
sym typeclass inference of Lean.Grind.IsCharP took 0.571ms
typeclass inference of Lean.Grind.CommSemiring took 0.00988ms
sym typeclass inference of Lean.Grind.NatModule took 6.62ms
sym typeclass inference of Lean.Grind.NoNatZeroDivisors took 0.401ms
sym typeclass inference of Lean.Grind.Field took 0.341ms
typeclass inference of Lean.Grind.CommSemiring took 0.0199ms
typeclass inference of Lean.Grind.CommSemiring took 0.121ms
typeclass inference of Field took 0.282ms
typeclass inference of Field took 0.00241ms
typeclass inference of Field took 0.00136ms
typeclass inference of Field took 0.0011ms
typeclass inference of Field took 0.00231ms
typeclass inference of Field took 0.00146ms
typeclass inference of Field took 0.00124ms
typeclass inference of Field took 0.000992ms
sym typeclass inference of Lean.Grind.PowIdentity took 1.21ms
sym typeclass inference of Lean.Grind.CommRing took 0.039ms
sym typeclass inference of Lean.Grind.IsCharP took 0.139ms
sym typeclass inference of Lean.Grind.NatModule took 0.113ms
sym typeclass inference of Lean.Grind.NoNatZeroDivisors took 0.861ms
sym typeclass inference of Lean.Grind.Field took 0.355ms
typeclass inference of Lean.Grind.CommSemiring took 0.0792ms
typeclass inference of Field took 0.267ms
typeclass inference of Field took 0.00237ms
typeclass inference of Field took 0.00148ms
typeclass inference of Field took 0.0037ms
typeclass inference of Field took 0.002ms
typeclass inference of Field took 0.00126ms
sym typeclass inference of Lean.Grind.PowIdentity took 0.887ms
sym typeclass inference of NatCast took 0.0367ms
sym typeclass inference of NatCast took 0.00523ms
sym canon took 0.0619ms
sym typeclass inference of LE took 0.00043ms
typeclass inference of Preorder took 1.12ms
typeclass inference of Std.IsPreorder took 0.408ms
typeclass inference of PartialOrder took 0.848ms
typeclass inference of Std.IsPartialOrder took 0.165ms
typeclass inference of Std.LinearPreorderPackage took 0.0609ms
typeclass inference of Std.LinearPreorderPackage took 0.00252ms
typeclass inference of Std.LinearPreorderPackage took 0.00142ms
typeclass inference of Std.IsLinearPreorder took 0.34ms
sym typeclass inference of LT took 0.000391ms
sym typeclass inference of LE took 0.00033ms
sym canon took 0.0462ms
typeclass inference of Std.LawfulOrderLT took 0.0429ms
sym typeclass inference of LT took 0.000301ms
sym canon took 0.0288ms
sym typeclass inference of Lean.Grind.OrderedRing took 0.155ms
typeclass inference of OfNat took 0.0501ms
typeclass inference of OfNat took 0.0359ms
sym typeclass inference of HAdd took 0.000231ms
sym typeclass inference of HAdd took 0.000371ms
sym canon took 0.0486ms
typeclass inference of OfNat took 0.00395ms
sym typeclass inference of IntCast took 0.0329ms
sym typeclass inference of IntCast took 0.0054ms
sym canon took 0.0451ms
typeclass inference of OfNat took 0.00466ms
typeclass inference of OfNat took 0.0496ms
typeclass inference of OfNat took 0.00255ms
sym typeclass inference of HPow took 0.00513ms
sym canon took 0.00999ms
congr simp thm took 0.00515ms
congr simp thm took 0.00269ms
congr simp thm took 0.000921ms
congr simp thm took 0.000762ms
grind simp took 0.579ms
grind mark subsingleton took 0.0231ms
sym typeclass inference of LE took 0.000311ms
sym typeclass inference of OfNat took 0.0583ms
sym canon took 0.109ms
typeclass inference of OfNat took 0.109ms
typeclass inference of OfNat took 0.0838ms
typeclass inference of OfNat took 0.00327ms
typeclass inference of OfNat took 0.00178ms
congr simp thm took 0.00994ms
congr simp thm took 0.000311ms
congr simp thm took 0.000841ms
congr simp thm took 0.000821ms
congr simp thm took 0.00321ms
typeclass inference of Decidable took 0.162ms
congr simp thm took 0.000681ms
grind simp took 0.845ms
grind mark subsingleton took 0.0153ms
sym typeclass inference of OfNat took 0.0551ms
sym canon took 0.0803ms
typeclass inference of OfNat took 0.055ms
typeclass inference of OfNat took 0.0401ms
typeclass inference of OfNat took 0.00245ms
typeclass inference of OfNat took 0.00139ms
congr simp thm took 0.000551ms
congr simp thm took 0.000201ms
congr simp thm took 0.000611ms
congr simp thm took 0.0003ms
typeclass inference of Decidable took 0.166ms
congr simp thm took 0.000642ms
grind simp took 0.374ms
grind mark subsingleton took 0.0146ms
sym canon took 0.0609ms
typeclass inference of OfNat took 0.056ms
typeclass inference of OfNat took 0.0357ms
typeclass inference of OfNat took 0.00242ms
typeclass inference of OfNat took 0.0016ms
congr simp thm took 0.000521ms
congr simp thm took 0.00019ms
congr simp thm took 0.000511ms
congr simp thm took 0.000231ms
typeclass inference of Decidable took 0.106ms
congr simp thm took 0.000601ms
grind simp took 0.284ms
grind mark subsingleton took 0.0135ms
sym typeclass inference of OfNat took 0.0494ms
sym canon took 0.0961ms
typeclass inference of OfNat took 0.0492ms
typeclass inference of OfNat took 0.0339ms
typeclass inference of OfNat took 0.0023ms
typeclass inference of OfNat took 0.00145ms
congr simp thm took 0.000992ms
grind simp took 0.139ms
grind mark subsingleton took 0.0111ms
sym typeclass inference of OfNat took 0.0661ms
sym canon took 0.029ms
typeclass inference of OfNat took 0.0558ms
typeclass inference of OfNat took 0.06ms
typeclass inference of OfNat took 0.00244ms
congr simp thm took 0.0011ms
grind simp took 0.171ms
grind mark subsingleton took 0.0401ms
sym canon took 0.0705ms
congr simp thm took 0.0014ms
congr simp thm took 0.000401ms
grind simp took 0.208ms
grind mark subsingleton took 0.115ms
sym typeclass inference of HAdd took 1.26ms
sym canon took 0.0965ms
sym typeclass inference of HAdd took 0.00513ms
sym canon took 0.00741ms
congr simp thm took 0.0279ms
congr simp thm took 0.000821ms
congr simp thm took 0.000702ms
congr simp thm took 0.00038ms
congr simp thm took 0.000541ms
congr simp thm took 0.000621ms
grind simp took 0.51ms
grind mark subsingleton took 0.0145ms
sym typeclass inference of OfNat took 0.0584ms
sym canon took 0.0274ms
typeclass inference of OfNat took 0.0562ms
typeclass inference of OfNat took 0.0361ms
typeclass inference of OfNat took 0.00251ms
typeclass inference of OfNat took 0.00152ms
grind took 9.31ms
instantiate metavars took 0.0142ms
tactic execution of Lean.Parser.Tactic.grind took 0.533ms
tactic execution of Lean.Parser.Tactic.tacticSeq1Indented took 0.00958ms
tactic execution of Lean.Parser.Tactic.tacticSeq took 0.0059ms
tactic execution of Lean.Parser.Tactic.paren took 0.0115ms
tactic execution of Lean.Parser.Tactic.withAnnotateState took 0.0085ms
tactic execution of Lean.Parser.Tactic.tacticSeq1Indented took 0.00483ms
tactic execution of Lean.Parser.Tactic.tacticSeq took 0.00472ms
tactic execution of Lean.Parser.Tactic.case took 0.0604ms
tactic execution of Lean.Parser.Tactic.tacticSeq1Indented took 0.014ms
tactic execution of Lean.Parser.Tactic.tacticSeq took 0.00491ms
tactic execution of Lean.Parser.Tactic.focus took 0.00919ms
tactic execution of Lean.Parser.Tactic.tacticHave__ took 0.894ms
typeclass inference of OfNat took 1.06ms
typeclass inference of OfNat took 0.116ms
typeclass inference of OfNat took 0.0446ms
typeclass inference of HPow took 0.189ms
typeclass inference of OfNat took 0.0905ms
typeclass inference of HPow took 0.18ms
typeclass inference of OfNat took 0.0659ms
typeclass inference of OfNat took 0.049ms
typeclass inference of OfNat took 0.0399ms
typeclass inference of HPow took 0.129ms
typeclass inference of OfNat took 0.0427ms
typeclass inference of OfNat took 0.0351ms
typeclass inference of HPow took 0.147ms
typeclass inference of OfNat took 0.0481ms
typeclass inference of HPow took 0.142ms
typeclass inference of OfNat took 0.0438ms
typeclass inference of OfNat took 0.0487ms
typeclass inference of HPow took 0.125ms
typeclass inference of OfNat took 0.042ms
typeclass inference of HPow took 0.15ms
typeclass inference of OfNat took 0.0435ms
typeclass inference of HPow took 0.116ms
typeclass inference of OfNat took 0.0446ms
typeclass inference of HPow took 0.116ms
typeclass inference of OfNat took 0.04ms
typeclass inference of HPow took 0.11ms
typeclass inference of OfNat took 0.0416ms
typeclass inference of HPow took 0.116ms
typeclass inference of OfNat took 0.0375ms
typeclass inference of HPow took 0.128ms
typeclass inference of Pow took 0.069ms
typeclass inference of CategoryTheory.CartesianMonoidalCategory took 0.0529ms
typeclass inference of CategoryTheory.CartesianMonoidalCategory took 0.00497ms
typeclass inference of NPow took 2.2ms
typeclass inference of OfNat took 0.0467ms
typeclass inference of OfNat took 0.0587ms
typeclass inference of HPow took 0.171ms
typeclass inference of OfNat took 0.0494ms
typeclass inference of HPow took 0.133ms
typeclass inference of OfNat took 0.0438ms
typeclass inference of HPow took 0.124ms
typeclass inference of Pow took 0.0476ms
typeclass inference of NPow took 0.102ms
typeclass inference of OfNat took 0.00381ms
tactic execution of Lean.Parser.Tactic.refine took 1.76ms
tactic execution of Lean.Parser.Tactic.rotateRight took 0.0138ms
tactic execution of Lean.Parser.Tactic.tacticSeq1Indented took 0.0292ms
tactic execution of Lean.Parser.Tactic.tacticSeq took 0.00681ms
tactic execution of Lean.Parser.Tactic.paren took 0.00919ms
tactic execution of Lean.Parser.Tactic.tacticSeq1Indented took 0.0101ms
tactic execution of Lean.Parser.Tactic.tacticSeq took 0.00741ms
tactic execution of Lean.Parser.Tactic.focus took 0.0184ms
tactic execution of Lean.Parser.Tactic.tacticRefine_lift_ took 0.0124ms
tactic execution of Lean.Parser.Tactic.tacticHave__ took 0.03ms
typeclass inference of OfNat took 0.0821ms
typeclass inference of OfNat took 0.0537ms
typeclass inference of OfNat took 0.0602ms
typeclass inference of OfNat took 0.0405ms
typeclass inference of OfNat took 0.0522ms
typeclass inference of OfNat took 0.037ms
typeclass inference of HMul took 0.17ms
typeclass inference of HPow took 0.155ms
typeclass inference of HMul took 0.0652ms
typeclass inference of LT took 0.0351ms
typeclass inference of OfNat took 0.00407ms
typeclass inference of OfNat took 0.0629ms
typeclass inference of HPow took 0.124ms
typeclass inference of HMul took 0.0671ms
typeclass inference of OfNat took 0.0443ms
typeclass inference of HPow took 0.118ms
typeclass inference of HMul took 0.0543ms
typeclass inference of OfNat took 0.044ms
typeclass inference of HPow took 0.113ms
typeclass inference of HMul took 0.0518ms
typeclass inference of OfNat took 0.0425ms
typeclass inference of HPow took 0.113ms
typeclass inference of HMul took 0.0523ms
typeclass inference of Pow took 0.0469ms
typeclass inference of NPow took 0.00325ms
typeclass inference of OfNat took 0.00321ms
typeclass inference of HMul took 0.00261ms
tactic execution of Lean.Parser.Tactic.refine took 1.14ms
interpretation of Lean.Meta.Grind.reduceCtorEqCheap took 0.00235ms
interpretation of Lean.Meta.Grind.reduceSimpMatchDiscrsOnly took 0.000952ms
interpretation of Lean.Meta.Grind.reducePreMatchCond took 0.000811ms
interpretation of Lean.Meta.Grind.Arith.expandPow01 took 0.000921ms
interpretation of Lean.Meta.Grind.Arith.expandDiv took 0.000601ms
interpretation of Lean.Meta.Grind.Arith.normNatAddInst took 0.000822ms
interpretation of Lean.Meta.Grind.Arith.normNatMulInst took 0.000701ms
interpretation of Lean.Meta.Grind.Arith.normNatSubInst took 0.000731ms
interpretation of Lean.Meta.Grind.Arith.normNatDivInst took 0.000601ms
interpretation of Lean.Meta.Grind.Arith.normNatModInst took 0.000591ms
interpretation of Lean.Meta.Grind.Arith.normNatPowInst took 0.000732ms
interpretation of Lean.Meta.Grind.Arith.normNatOfNatInst took 0.000561ms
interpretation of Lean.Meta.Grind.Arith.normIntNegInst took 0.000491ms
interpretation of Lean.Meta.Grind.Arith.normIntAddInst took 0.000731ms
interpretation of Lean.Meta.Grind.Arith.normIntMulInst took 0.000741ms
interpretation of Lean.Meta.Grind.Arith.normIntSubInst took 0.000631ms
interpretation of Lean.Meta.Grind.Arith.normIntDivInst took 0.000631ms
interpretation of Lean.Meta.Grind.Arith.normIntModInst took 0.000571ms
interpretation of Lean.Meta.Grind.Arith.normIntPowInst took 0.000692ms
interpretation of Lean.Meta.Grind.Arith.normNatCastInst took 0.000781ms
interpretation of Lean.Meta.Grind.Arith.normIntOfNatInst took 0.000612ms
interpretation of Lean.Meta.Grind.Arith.normNatCastNum took 0.000621ms
interpretation of Lean.Meta.Grind.Arith.normIntCastNum took 0.000761ms
interpretation of Lean.Meta.Grind.Arith.normPowRatInt took 0.000601ms
interpretation of Lean.Meta.Grind.Arith.normFieldInv took 0.000742ms
interpretation of Lean.Meta.Grind.simpForall took 0.000711ms
interpretation of Lean.Meta.Grind.simpExists took 0.000612ms
interpretation of Lean.Meta.Grind.simpEq took 0.000691ms
interpretation of Lean.Meta.Grind.simpOr took 0.000692ms
interpretation of Lean.Meta.Grind.simpDIte took 0.000701ms
interpretation of Lean.Meta.Grind.pushNot took 0.000761ms
interpretation of Lean.Meta.Grind.unfoldReducibleSimproc took 0.000571ms
congr simp thm took 0.00753ms
congr simp thm took 0.00382ms
congr simp thm took 0.00361ms
grind simp took 0.413ms
grind mark subsingleton took 0.0692ms
sym typeclass inference of HSub took 0.947ms
sym typeclass inference of HMul took 1.01ms
sym typeclass inference of OfNat took 1.02ms
sym canon took 0.168ms
sym typeclass inference of Lean.Grind.CommRing took 0.505ms
typeclass inference of Lean.Grind.Ring took 0.467ms
typeclass inference of Semiring took 0.653ms
typeclass inference of AddLeftCancelSemigroup took 1.11ms
sym typeclass inference of Lean.Grind.IsCharP took 7.56ms
sym typeclass inference of Lean.Grind.NatModule took 1.03ms
typeclass inference of AddCommMonoid took 0.712ms
typeclass inference of AddCommMonoid took 0.00445ms
typeclass inference of AddCommMonoid took 0.00415ms
typeclass inference of AddCancelMonoid took 0.596ms
typeclass inference of AddCommMonoid took 0.00431ms
typeclass inference of AddGroup took 0.553ms
typeclass inference of Field took 0.284ms
typeclass inference of Field took 0.00216ms
typeclass inference of Field took 0.00167ms
typeclass inference of Field took 0.00312ms
typeclass inference of Field took 0.00135ms
typeclass inference of Field took 0.0016ms
typeclass inference of Field took 0.00119ms
typeclass inference of Field took 0.00125ms
typeclass inference of Field took 0.00108ms
typeclass inference of Field took 0.00141ms
typeclass inference of Field took 0.00102ms
typeclass inference of Field took 0.00109ms
typeclass inference of Field took 0.00305ms
typeclass inference of Field took 0.00167ms
typeclass inference of Field took 0.00174ms
typeclass inference of Field took 0.00128ms
typeclass inference of Field took 0.00119ms
typeclass inference of Field took 0.00122ms
typeclass inference of Field took 0.00105ms
typeclass inference of Field took 0.00115ms
typeclass inference of Field took 0.00233ms
typeclass inference of Field took 0.00123ms
typeclass inference of Field took 0.00128ms
typeclass inference of Field took 0.00134ms
typeclass inference of Field took 0.00142ms
typeclass inference of Field took 0.00108ms
typeclass inference of Field took 0.00118ms
typeclass inference of Field took 0.00186ms
typeclass inference of Field took 0.00119ms
typeclass inference of Field took 0.00114ms
typeclass inference of Semiring took 0.00462ms
typeclass inference of RCLike took 0.015ms
typeclass inference of RCLike took 0.00192ms
typeclass inference of RCLike took 0.00129ms
typeclass inference of RCLike took 0.0027ms
typeclass inference of RCLike took 0.00158ms
typeclass inference of RCLike took 0.00207ms
typeclass inference of RCLike took 0.00142ms
typeclass inference of RCLike took 0.00122ms
typeclass inference of RCLike took 0.00141ms
typeclass inference of RCLike took 0.00125ms
typeclass inference of RCLike took 0.00105ms
typeclass inference of RCLike took 0.00104ms
typeclass inference of RCLike took 0.00371ms
typeclass inference of RCLike took 0.00121ms
typeclass inference of RCLike took 0.00154ms
typeclass inference of RCLike took 0.00179ms
typeclass inference of RCLike took 0.00129ms
typeclass inference of RCLike took 0.00113ms
typeclass inference of RCLike took 0.00124ms
typeclass inference of RCLike took 0.000992ms
typeclass inference of RCLike took 0.00169ms
typeclass inference of RCLike took 0.00118ms
typeclass inference of RCLike took 0.00118ms
typeclass inference of RCLike took 0.00114ms
typeclass inference of RCLike took 0.00208ms
typeclass inference of RCLike took 0.00116ms
typeclass inference of RCLike took 0.00149ms
typeclass inference of RCLike took 0.00168ms
typeclass inference of RCLike took 0.00125ms
typeclass inference of RCLike took 0.00151ms
typeclass inference of Semiring took 0.00616ms
typeclass inference of NonAssocRing took 0.206ms
typeclass inference of Field took 0.003ms
typeclass inference of Field took 0.00627ms
typeclass inference of Field took 0.00202ms
typeclass inference of Field took 0.00128ms
typeclass inference of Field took 0.00123ms
typeclass inference of Field took 0.00116ms
typeclass inference of Field took 0.00118ms
typeclass inference of Field took 0.00108ms
typeclass inference of Field took 0.00122ms
typeclass inference of Field took 0.00901ms
typeclass inference of Field took 0.00147ms
typeclass inference of Field took 0.00128ms
typeclass inference of Field took 0.00111ms
typeclass inference of Field took 0.00245ms
typeclass inference of Field took 0.00122ms
typeclass inference of Field took 0.00124ms
typeclass inference of Field took 0.00111ms
typeclass inference of Field took 0.00109ms
typeclass inference of Field took 0.0011ms
typeclass inference of Field took 0.00109ms
typeclass inference of Field took 0.00103ms
typeclass inference of Field took 0.00102ms
typeclass inference of Field took 0.00203ms
typeclass inference of Field took 0.00112ms
typeclass inference of Field took 0.00113ms
typeclass inference of Field took 0.00111ms
typeclass inference of Field took 0.00105ms
typeclass inference of Field took 0.0011ms
typeclass inference of Field took 0.00104ms
typeclass inference of Field took 0.00114ms
typeclass inference of Field took 0.00187ms
typeclass inference of Field took 0.00115ms
typeclass inference of Field took 0.00113ms
typeclass inference of Field took 0.00105ms
typeclass inference of Field took 0.00108ms
typeclass inference of Field took 0.00109ms
typeclass inference of Field took 0.001ms
typeclass inference of Field took 0.00211ms
typeclass inference of Field took 0.00169ms
typeclass inference of Field took 0.00189ms
typeclass inference of Field took 0.00127ms
typeclass inference of Field took 0.00112ms
typeclass inference of Field took 0.00178ms
typeclass inference of Field took 0.00116ms
typeclass inference of Field took 0.0012ms
typeclass inference of Field took 0.00111ms
typeclass inference of Field took 0.00165ms
typeclass inference of Field took 0.00112ms
typeclass inference of Field took 0.00111ms
typeclass inference of Field took 0.00166ms
typeclass inference of Field took 0.00132ms
typeclass inference of Field took 0.00135ms
typeclass inference of Field took 0.00141ms
typeclass inference of Field took 0.00161ms
typeclass inference of Field took 0.00118ms
typeclass inference of Field took 0.00116ms
typeclass inference of Field took 0.00116ms
typeclass inference of Field took 0.00125ms
typeclass inference of Field took 0.00114ms
typeclass inference of Field took 0.0012ms
typeclass inference of Field took 0.00238ms
typeclass inference of Field took 0.00126ms
typeclass inference of Field took 0.00134ms
typeclass inference of Field took 0.00116ms
typeclass inference of Field took 0.00113ms
typeclass inference of Field took 0.00176ms
typeclass inference of Field took 0.00117ms
typeclass inference of Field took 0.00117ms
typeclass inference of Field took 0.00111ms
typeclass inference of Field took 0.00159ms
typeclass inference of Field took 0.00133ms
typeclass inference of Field took 0.0011ms
typeclass inference of Semiring took 0.00567ms
typeclass inference of DivisionRing took 0.417ms
typeclass inference of DivisionRing took 0.00266ms
typeclass inference of DivisionRing took 0.00153ms
typeclass inference of DivisionRing took 0.00123ms
typeclass inference of DivisionRing took 0.00337ms
typeclass inference of DivisionRing took 0.00124ms
typeclass inference of DivisionRing took 0.00119ms
typeclass inference of DivisionRing took 0.00125ms
typeclass inference of DivisionRing took 0.0016ms
typeclass inference of DivisionRing took 0.00264ms
typeclass inference of DivisionRing took 0.00128ms
typeclass inference of DivisionRing took 0.00127ms
typeclass inference of DivisionRing took 0.00246ms
typeclass inference of DivisionRing took 0.00132ms
typeclass inference of DivisionRing took 0.00147ms
typeclass inference of DivisionRing took 0.0011ms
typeclass inference of DivisionRing took 0.0011ms
typeclass inference of DivisionRing took 0.0015ms
typeclass inference of DivisionRing took 0.00138ms
typeclass inference of DivisionRing took 0.00261ms
typeclass inference of DivisionRing took 0.00128ms
typeclass inference of DivisionRing took 0.0012ms
typeclass inference of DivisionRing took 0.0011ms
typeclass inference of DivisionRing took 0.0011ms
typeclass inference of DivisionRing took 0.00108ms
typeclass inference of DivisionRing took 0.00183ms
typeclass inference of DivisionRing took 0.00108ms
typeclass inference of DivisionRing took 0.00106ms
typeclass inference of DivisionRing took 0.00103ms
typeclass inference of DivisionRing took 0.00108ms
typeclass inference of Semifield took 0.514ms
typeclass inference of Semifield took 0.00396ms
typeclass inference of Semifield took 0.00228ms
typeclass inference of Semifield took 0.00358ms
typeclass inference of Semifield took 0.00114ms
typeclass inference of Semifield took 0.00117ms
typeclass inference of Semifield took 0.00107ms
typeclass inference of Semifield took 0.00103ms
typeclass inference of Semifield took 0.001ms
typeclass inference of Semifield took 0.00207ms
typeclass inference of Semifield took 0.00123ms
typeclass inference of Semifield took 0.00112ms
typeclass inference of Semifield took 0.00104ms
typeclass inference of Semifield took 0.00107ms
typeclass inference of Semifield took 0.00103ms
typeclass inference of Semifield took 0.00102ms
typeclass inference of Field took 0.00288ms
typeclass inference of Field took 0.00121ms
typeclass inference of Field took 0.00116ms
typeclass inference of Field took 0.00227ms
typeclass inference of Field took 0.00121ms
typeclass inference of Field took 0.00114ms
typeclass inference of Field took 0.00118ms
typeclass inference of Field took 0.00109ms
typeclass inference of Field took 0.00104ms
typeclass inference of Field took 0.00128ms
typeclass inference of Field took 0.00107ms
typeclass inference of Field took 0.00102ms
typeclass inference of Field took 0.00213ms
typeclass inference of Field took 0.0012ms
typeclass inference of Field took 0.00133ms
typeclass inference of Field took 0.00113ms
typeclass inference of Field took 0.00106ms
typeclass inference of Field took 0.00107ms
typeclass inference of Field took 0.00104ms
typeclass inference of Field took 0.00103ms
typeclass inference of Field took 0.00192ms
typeclass inference of Field took 0.00128ms
typeclass inference of Field took 0.00122ms
typeclass inference of Field took 0.00114ms
typeclass inference of Field took 0.00109ms
typeclass inference of Field took 0.00105ms
typeclass inference of Field took 0.00101ms
typeclass inference of DivisionRing took 0.00223ms
typeclass inference of DivisionRing took 0.00206ms
typeclass inference of DivisionRing took 0.00118ms
typeclass inference of DivisionRing took 0.00132ms
typeclass inference of DivisionRing took 0.00112ms
typeclass inference of DivisionRing took 0.00116ms
typeclass inference of DivisionRing took 0.00111ms
typeclass inference of DivisionRing took 0.001ms
typeclass inference of DivisionRing took 0.000982ms
typeclass inference of DivisionRing took 0.00203ms
typeclass inference of DivisionRing took 0.00109ms
typeclass inference of DivisionRing took 0.00109ms
typeclass inference of DivisionRing took 0.00105ms
typeclass inference of DivisionRing took 0.00105ms
typeclass inference of DivisionRing took 0.00106ms
typeclass inference of DivisionRing took 0.00103ms
typeclass inference of EuclideanDomain took 0.472ms
typeclass inference of EuclideanDomain took 0.00282ms
typeclass inference of EuclideanDomain took 0.00133ms
typeclass inference of EuclideanDomain took 0.00138ms
typeclass inference of EuclideanDomain took 0.00127ms
typeclass inference of EuclideanDomain took 0.00122ms
typeclass inference of EuclideanDomain took 0.0012ms
typeclass inference of EuclideanDomain took 0.00119ms
typeclass inference of EuclideanDomain took 0.00113ms
typeclass inference of EuclideanDomain took 0.000981ms
typeclass inference of EuclideanDomain took 0.00144ms
typeclass inference of EuclideanDomain took 0.00127ms
typeclass inference of EuclideanDomain took 0.00129ms
typeclass inference of EuclideanDomain took 0.00205ms
typeclass inference of EuclideanDomain took 0.0012ms
typeclass inference of EuclideanDomain took 0.00112ms
typeclass inference of EuclideanDomain took 0.00109ms
typeclass inference of EuclideanDomain took 0.00112ms
typeclass inference of EuclideanDomain took 0.00123ms
typeclass inference of EuclideanDomain took 0.00105ms
typeclass inference of EuclideanDomain took 0.00102ms
typeclass inference of EuclideanDomain took 0.00101ms
typeclass inference of EuclideanDomain took 0.00205ms
typeclass inference of EuclideanDomain took 0.00113ms
typeclass inference of EuclideanDomain took 0.00116ms
typeclass inference of EuclideanDomain took 0.00116ms
typeclass inference of EuclideanDomain took 0.00112ms
typeclass inference of EuclideanDomain took 0.00106ms
typeclass inference of EuclideanDomain took 0.00104ms
typeclass inference of EuclideanDomain took 0.00106ms
typeclass inference of EuclideanDomain took 0.0021ms
typeclass inference of EuclideanDomain took 0.0018ms
typeclass inference of EuclideanDomain took 0.00145ms
typeclass inference of EuclideanDomain took 0.00115ms
typeclass inference of EuclideanDomain took 0.00107ms
typeclass inference of EuclideanDomain took 0.00108ms
typeclass inference of EuclideanDomain took 0.00102ms
typeclass inference of CommMonoidWithZero took 0.841ms
typeclass inference of Semiring took 0.00556ms
typeclass inference of CommMonoidWithZero took 0.00466ms
typeclass inference of CommMonoidWithZero took 0.0038ms
typeclass inference of CommGroupWithZero took 0.447ms
typeclass inference of CommGroupWithZero took 0.00279ms
typeclass inference of CommGroupWithZero took 0.00146ms
typeclass inference of CommGroupWithZero took 0.00207ms
typeclass inference of CommGroupWithZero took 0.00265ms
typeclass inference of CommGroupWithZero took 0.00423ms
typeclass inference of CommGroupWithZero took 0.00415ms
typeclass inference of CommGroupWithZero took 0.00115ms
typeclass inference of LinearOrderedCommMonoidWithZero took 0.105ms
typeclass inference of LinearOrderedCommMonoidWithZero took 0.00487ms
typeclass inference of LinearOrderedCommMonoidWithZero took 0.00454ms
typeclass inference of LinearOrderedCommMonoidWithZero took 0.00144ms
typeclass inference of LinearOrderedCommMonoidWithZero took 0.0012ms
typeclass inference of LinearOrderedCommMonoidWithZero took 0.00111ms
typeclass inference of LinearOrderedCommMonoidWithZero took 0.0014ms
typeclass inference of LinearOrderedCommMonoidWithZero took 0.00146ms
typeclass inference of LinearOrderedCommMonoidWithZero took 0.00115ms
typeclass inference of LinearOrderedCommMonoidWithZero took 0.00152ms
typeclass inference of LinearOrderedCommMonoidWithZero took 0.00122ms
typeclass inference of LinearOrderedCommMonoidWithZero took 0.00108ms
typeclass inference of LinearOrderedCommMonoidWithZero took 0.0018ms
typeclass inference of LinearOrderedCommMonoidWithZero took 0.0011ms
typeclass inference of LinearOrderedCommMonoidWithZero took 0.00128ms
typeclass inference of LinearOrderedCommMonoidWithZero took 0.00108ms
typeclass inference of LinearOrderedCommMonoidWithZero took 0.00116ms
typeclass inference of LinearOrderedCommMonoidWithZero took 0.00114ms
typeclass inference of LinearOrderedCommMonoidWithZero took 0.000941ms
typeclass inference of LinearOrderedCommMonoidWithZero took 0.00233ms
typeclass inference of LinearOrderedCommMonoidWithZero took 0.00177ms
typeclass inference of LinearOrderedCommMonoidWithZero took 0.00172ms
typeclass inference of LinearOrderedCommMonoidWithZero took 0.0016ms
typeclass inference of LinearOrderedCommMonoidWithZero took 0.00129ms
typeclass inference of LinearOrderedCommMonoidWithZero took 0.00115ms
typeclass inference of LinearOrderedCommMonoidWithZero took 0.00196ms
typeclass inference of LinearOrderedCommMonoidWithZero took 0.00136ms
typeclass inference of LinearOrderedCommMonoidWithZero took 0.0012ms
typeclass inference of LinearOrderedCommMonoidWithZero took 0.00106ms
typeclass inference of LinearOrderedCommMonoidWithZero took 0.00103ms
typeclass inference of LinearOrderedCommMonoidWithZero took 0.00165ms
typeclass inference of LinearOrderedCommMonoidWithZero took 0.00124ms
typeclass inference of LinearOrderedCommMonoidWithZero took 0.00105ms
typeclass inference of LinearOrderedCommMonoidWithZero took 0.00262ms
typeclass inference of LinearOrderedCommMonoidWithZero took 0.00128ms
typeclass inference of LinearOrderedCommMonoidWithZero took 0.0011ms
typeclass inference of LinearOrderedCommMonoidWithZero took 0.00108ms
typeclass inference of LinearOrderedCommMonoidWithZero took 0.00104ms
typeclass inference of LinearOrderedCommMonoidWithZero took 0.00104ms
typeclass inference of LinearOrderedCommMonoidWithZero took 0.000981ms
typeclass inference of LinearOrderedCommMonoidWithZero took 0.00132ms
typeclass inference of LinearOrderedCommMonoidWithZero took 0.00123ms
typeclass inference of LinearOrderedCommMonoidWithZero took 0.001ms
typeclass inference of LinearOrderedCommMonoidWithZero took 0.00189ms
typeclass inference of LinearOrderedCommMonoidWithZero took 0.00101ms
typeclass inference of LinearOrderedCommMonoidWithZero took 0.00105ms
typeclass inference of LinearOrderedCommMonoidWithZero took 0.00149ms
typeclass inference of LinearOrderedCommMonoidWithZero took 0.00107ms
typeclass inference of LinearOrderedCommMonoidWithZero took 0.00103ms
typeclass inference of LinearOrderedCommMonoidWithZero took 0.000962ms
typeclass inference of LinearOrderedCommMonoidWithZero took 0.00202ms
typeclass inference of LinearOrderedCommMonoidWithZero took 0.00117ms
typeclass inference of LinearOrderedCommMonoidWithZero took 0.00108ms
typeclass inference of LinearOrderedCommMonoidWithZero took 0.00128ms
typeclass inference of LinearOrderedCommMonoidWithZero took 0.00107ms
typeclass inference of LinearOrderedCommMonoidWithZero took 0.00111ms
typeclass inference of LinearOrderedCommMonoidWithZero took 0.00164ms
typeclass inference of LinearOrderedCommMonoidWithZero took 0.00105ms
typeclass inference of LinearOrderedCommMonoidWithZero took 0.00169ms
typeclass inference of LinearOrderedCommMonoidWithZero took 0.00127ms
typeclass inference of LinearOrderedCommMonoidWithZero took 0.001ms
typeclass inference of LinearOrderedCommMonoidWithZero took 0.00182ms
typeclass inference of LinearOrderedCommMonoidWithZero took 0.00115ms
typeclass inference of LinearOrderedCommMonoidWithZero took 0.00105ms
typeclass inference of LinearOrderedCommMonoidWithZero took 0.00174ms
typeclass inference of LinearOrderedCommMonoidWithZero took 0.00129ms
typeclass inference of LinearOrderedCommMonoidWithZero took 0.00202ms
typeclass inference of LinearOrderedCommMonoidWithZero took 0.00128ms
typeclass inference of LinearOrderedCommMonoidWithZero took 0.00111ms
typeclass inference of LinearOrderedCommMonoidWithZero took 0.00101ms
typeclass inference of LinearOrderedCommMonoidWithZero took 0.00149ms
typeclass inference of LinearOrderedCommMonoidWithZero took 0.00134ms
typeclass inference of LinearOrderedCommMonoidWithZero took 0.00116ms
typeclass inference of LinearOrderedCommMonoidWithZero took 0.00204ms
typeclass inference of LinearOrderedCommMonoidWithZero took 0.00129ms
typeclass inference of LinearOrderedCommMonoidWithZero took 0.00156ms
typeclass inference of LinearOrderedCommMonoidWithZero took 0.00258ms
typeclass inference of LinearOrderedCommMonoidWithZero took 0.00114ms
typeclass inference of LinearOrderedCommMonoidWithZero took 0.00115ms
typeclass inference of LinearOrderedCommMonoidWithZero took 0.0013ms
typeclass inference of LinearOrderedCommMonoidWithZero took 0.00127ms
typeclass inference of LinearOrderedCommMonoidWithZero took 0.00135ms
typeclass inference of LinearOrderedCommMonoidWithZero took 0.00122ms
typeclass inference of LinearOrderedCommMonoidWithZero took 0.00173ms
typeclass inference of LinearOrderedCommMonoidWithZero took 0.00113ms
typeclass inference of LinearOrderedCommMonoidWithZero took 0.00104ms
typeclass inference of LinearOrderedCommMonoidWithZero took 0.00126ms
typeclass inference of LinearOrderedCommMonoidWithZero took 0.00126ms
typeclass inference of LinearOrderedCommMonoidWithZero took 0.00102ms
typeclass inference of LinearOrderedCommMonoidWithZero took 0.00186ms
typeclass inference of LinearOrderedCommMonoidWithZero took 0.00103ms
typeclass inference of LinearOrderedCommMonoidWithZero took 0.00128ms
typeclass inference of LinearOrderedCommMonoidWithZero took 0.00103ms
typeclass inference of LinearOrderedCommMonoidWithZero took 0.00105ms
typeclass inference of LinearOrderedCommMonoidWithZero took 0.00169ms
typeclass inference of LinearOrderedCommMonoidWithZero took 0.00119ms
typeclass inference of LinearOrderedCommMonoidWithZero took 0.001ms
typeclass inference of LinearOrderedCommMonoidWithZero took 0.00192ms
typeclass inference of LinearOrderedCommMonoidWithZero took 0.00146ms
typeclass inference of LinearOrderedCommMonoidWithZero took 0.00146ms
typeclass inference of LinearOrderedCommMonoidWithZero took 0.00123ms
typeclass inference of LinearOrderedCommMonoidWithZero took 0.00123ms
typeclass inference of LinearOrderedCommMonoidWithZero took 0.0011ms
typeclass inference of LinearOrderedCommMonoidWithZero took 0.000952ms
typeclass inference of LinearOrderedCommMonoidWithZero took 0.00154ms
typeclass inference of LinearOrderedCommMonoidWithZero took 0.00116ms
typeclass inference of LinearOrderedCommMonoidWithZero took 0.001ms
typeclass inference of LinearOrderedCommMonoidWithZero took 0.00217ms
typeclass inference of LinearOrderedCommMonoidWithZero took 0.00129ms
typeclass inference of LinearOrderedCommMonoidWithZero took 0.00107ms
typeclass inference of LinearOrderedCommMonoidWithZero took 0.00133ms
typeclass inference of LinearOrderedCommMonoidWithZero took 0.00107ms
typeclass inference of LinearOrderedCommMonoidWithZero took 0.00102ms
typeclass inference of LinearOrderedCommMonoidWithZero took 0.00101ms
typeclass inference of LinearOrderedCommMonoidWithZero took 0.00171ms
typeclass inference of LinearOrderedCommMonoidWithZero took 0.00107ms
typeclass inference of LinearOrderedCommMonoidWithZero took 0.00106ms
typeclass inference of LinearOrderedCommMonoidWithZero took 0.00101ms
typeclass inference of LinearOrderedCommMonoidWithZero took 0.00108ms
typeclass inference of LinearOrderedCommMonoidWithZero took 0.00101ms
typeclass inference of LinearOrderedCommMonoidWithZero took 0.00173ms
typeclass inference of LinearOrderedCommMonoidWithZero took 0.00107ms
typeclass inference of LinearOrderedCommMonoidWithZero took 0.00106ms
typeclass inference of LinearOrderedCommMonoidWithZero took 0.00105ms
typeclass inference of LinearOrderedCommMonoidWithZero took 0.00105ms
typeclass inference of LinearOrderedCommMonoidWithZero took 0.00153ms
typeclass inference of LinearOrderedCommMonoidWithZero took 0.00175ms
typeclass inference of LinearOrderedCommMonoidWithZero took 0.00107ms
typeclass inference of LinearOrderedCommMonoidWithZero took 0.00154ms
typeclass inference of LinearOrderedCommMonoidWithZero took 0.00123ms
typeclass inference of LinearOrderedCommMonoidWithZero took 0.00103ms
typeclass inference of LinearOrderedCommMonoidWithZero took 0.00187ms
typeclass inference of LinearOrderedCommMonoidWithZero took 0.0013ms
typeclass inference of LinearOrderedCommMonoidWithZero took 0.00134ms
typeclass inference of LinearOrderedCommMonoidWithZero took 0.00125ms
typeclass inference of LinearOrderedCommMonoidWithZero took 0.00101ms
typeclass inference of LinearOrderedCommMonoidWithZero took 0.00119ms
typeclass inference of LinearOrderedCommMonoidWithZero took 0.000972ms
typeclass inference of LinearOrderedCommMonoidWithZero took 0.00127ms
typeclass inference of LinearOrderedCommMonoidWithZero took 0.00194ms
typeclass inference of LinearOrderedCommMonoidWithZero took 0.00128ms
typeclass inference of LinearOrderedCommMonoidWithZero took 0.00246ms
typeclass inference of LinearOrderedCommMonoidWithZero took 0.00127ms
typeclass inference of LinearOrderedCommMonoidWithZero took 0.00119ms
typeclass inference of LinearOrderedCommMonoidWithZero took 0.00121ms
typeclass inference of LinearOrderedCommMonoidWithZero took 0.00107ms
typeclass inference of LinearOrderedCommMonoidWithZero took 0.00118ms
typeclass inference of LinearOrderedCommMonoidWithZero took 0.00111ms
typeclass inference of LinearOrderedCommMonoidWithZero took 0.00192ms
typeclass inference of LinearOrderedCommMonoidWithZero took 0.00117ms
typeclass inference of LinearOrderedCommMonoidWithZero took 0.00115ms
typeclass inference of LinearOrderedCommMonoidWithZero took 0.00108ms
typeclass inference of LinearOrderedCommMonoidWithZero took 0.00105ms
typeclass inference of LinearOrderedCommMonoidWithZero took 0.00106ms
typeclass inference of LinearOrderedCommMonoidWithZero took 0.00169ms
typeclass inference of LinearOrderedCommMonoidWithZero took 0.00107ms
typeclass inference of LinearOrderedCommMonoidWithZero took 0.00113ms
typeclass inference of LinearOrderedCommMonoidWithZero took 0.00106ms
typeclass inference of LinearOrderedCommMonoidWithZero took 0.001ms
typeclass inference of LinearOrderedCommMonoidWithZero took 0.00183ms
typeclass inference of LinearOrderedCommMonoidWithZero took 0.00113ms
typeclass inference of LinearOrderedCommMonoidWithZero took 0.00111ms
typeclass inference of LinearOrderedCommMonoidWithZero took 0.00122ms
typeclass inference of LinearOrderedCommMonoidWithZero took 0.00179ms
typeclass inference of LinearOrderedCommMonoidWithZero took 0.00129ms
typeclass inference of LinearOrderedCommMonoidWithZero took 0.00131ms
typeclass inference of NonUnitalNonAssocRing took 0.656ms
typeclass inference of NormedRing took 0.442ms
typeclass inference of NormedRing took 0.00339ms
typeclass inference of NormedRing took 0.00269ms
typeclass inference of NormedRing took 0.0014ms
typeclass inference of NormedRing took 0.00124ms
typeclass inference of NormedRing took 0.0011ms
typeclass inference of NormedRing took 0.00106ms
typeclass inference of NormedRing took 0.00103ms
typeclass inference of NormedRing took 0.00122ms
typeclass inference of NormedRing took 0.00148ms
typeclass inference of NormedRing took 0.00108ms
typeclass inference of NormedRing took 0.00102ms
typeclass inference of NormedRing took 0.00251ms
typeclass inference of NormedRing took 0.00208ms
typeclass inference of NormedRing took 0.00124ms
typeclass inference of NormedRing took 0.00141ms
typeclass inference of NormedRing took 0.0011ms
typeclass inference of NormedRing took 0.00121ms
typeclass inference of NormedRing took 0.00106ms
typeclass inference of NormedRing took 0.00104ms
typeclass inference of NormedRing took 0.00101ms
typeclass inference of NormedRing took 0.0019ms
typeclass inference of NormedRing took 0.00113ms
typeclass inference of NormedRing took 0.0012ms
typeclass inference of NormedRing took 0.00111ms
typeclass inference of NormedRing took 0.00108ms
typeclass inference of NormedRing took 0.00105ms
typeclass inference of NormedRing took 0.00109ms
typeclass inference of NormedRing took 0.00163ms
typeclass inference of NormedRing took 0.00108ms
typeclass inference of NormedRing took 0.00113ms
typeclass inference of NormedRing took 0.00126ms
typeclass inference of NormedRing took 0.00172ms
typeclass inference of NormedRing took 0.00153ms
typeclass inference of NormedRing took 0.00117ms
typeclass inference of NormedRing took 0.00111ms
typeclass inference of NormedRing took 0.00105ms
typeclass inference of NormedRing took 0.00143ms
typeclass inference of NormedRing took 0.00109ms
typeclass inference of NormedRing took 0.00104ms
typeclass inference of Semiring took 0.00543ms
typeclass inference of Semiring took 0.00487ms
typeclass inference of GroupWithZero took 0.797ms
typeclass inference of GroupWithZero took 0.00744ms
typeclass inference of GroupWithZero took 0.0023ms
typeclass inference of GroupWithZero took 0.00144ms
typeclass inference of GroupWithZero took 0.0012ms
typeclass inference of GroupWithZero took 0.00115ms
typeclass inference of GroupWithZero took 0.00109ms
typeclass inference of GroupWithZero took 0.00212ms
typeclass inference of GroupWithZero took 0.00137ms
typeclass inference of GroupWithZero took 0.0012ms
typeclass inference of GroupWithZero took 0.00108ms
typeclass inference of GroupWithZero took 0.00185ms
typeclass inference of GroupWithZero took 0.00113ms
typeclass inference of GroupWithZero took 0.00107ms
typeclass inference of MulZeroClass took 1.02ms
typeclass inference of Semiring took 0.0129ms
typeclass inference of CommMonoidWithZero took 0.0217ms
typeclass inference of CommMonoidWithZero took 0.00566ms
typeclass inference of LinearOrderedCommMonoidWithZero took 0.011ms
typeclass inference of LinearOrderedCommMonoidWithZero took 0.00494ms
typeclass inference of LinearOrderedCommMonoidWithZero took 0.00269ms
typeclass inference of LinearOrderedCommMonoidWithZero took 0.00172ms
typeclass inference of LinearOrderedCommMonoidWithZero took 0.00109ms
typeclass inference of LinearOrderedCommMonoidWithZero took 0.00121ms
typeclass inference of LinearOrderedCommMonoidWithZero took 0.00178ms
typeclass inference of LinearOrderedCommMonoidWithZero took 0.00111ms
typeclass inference of LinearOrderedCommMonoidWithZero took 0.00112ms
typeclass inference of LinearOrderedCommMonoidWithZero took 0.00106ms
typeclass inference of LinearOrderedCommMonoidWithZero took 0.00143ms
typeclass inference of LinearOrderedCommMonoidWithZero took 0.00136ms
typeclass inference of LinearOrderedCommMonoidWithZero took 0.00108ms
typeclass inference of NonUnitalNonAssocRing took 0.00714ms
typeclass inference of GroupWithZero took 0.00383ms
typeclass inference of GroupWithZero took 0.0016ms
typeclass inference of GroupWithZero took 0.00236ms
typeclass inference of GroupWithZero took 0.00152ms
typeclass inference of GroupWithZero took 0.00127ms
typeclass inference of GroupWithZero took 0.00115ms
typeclass inference of GroupWithZero took 0.00116ms
typeclass inference of GroupWithZero took 0.00151ms
typeclass inference of GroupWithZero took 0.00129ms
typeclass inference of GroupWithZero took 0.00213ms
typeclass inference of GroupWithZero took 0.00124ms
typeclass inference of GroupWithZero took 0.00169ms
typeclass inference of GroupWithZero took 0.00124ms
typeclass inference of GroupWithZero took 0.0012ms
typeclass inference of MulZeroClass took 0.00428ms
typeclass inference of GroupWithZero took 0.00264ms
typeclass inference of GroupWithZero took 0.00152ms
typeclass inference of GroupWithZero took 0.00293ms
typeclass inference of GroupWithZero took 0.00119ms
typeclass inference of GroupWithZero took 0.00117ms
typeclass inference of GroupWithZero took 0.00116ms
typeclass inference of GroupWithZero took 0.0011ms
typeclass inference of GroupWithZero took 0.00111ms
typeclass inference of GroupWithZero took 0.00142ms
typeclass inference of GroupWithZero took 0.00104ms
typeclass inference of GroupWithZero took 0.000972ms
typeclass inference of GroupWithZero took 0.00216ms
typeclass inference of GroupWithZero took 0.00139ms
typeclass inference of GroupWithZero took 0.00114ms
typeclass inference of GroupWithZero took 0.00107ms
typeclass inference of GroupWithZero took 0.00107ms
typeclass inference of GroupWithZero took 0.00106ms
typeclass inference of GroupWithZero took 0.00207ms
typeclass inference of GroupWithZero took 0.00121ms
typeclass inference of GroupWithZero took 0.00124ms
typeclass inference of GroupWithZero took 0.00107ms
typeclass inference of GroupWithZero took 0.00104ms
typeclass inference of GroupWithZero took 0.00154ms
typeclass inference of GroupWithZero took 0.00109ms
typeclass inference of GroupWithZero took 0.00108ms
typeclass inference of GroupWithZero took 0.00161ms
typeclass inference of GroupWithZero took 0.00111ms
typeclass inference of GroupWithZero took 0.00191ms
typeclass inference of GroupWithZero took 0.00139ms
typeclass inference of GroupWithZero took 0.00113ms
typeclass inference of GroupWithZero took 0.00109ms
typeclass inference of GroupWithZero took 0.00109ms
typeclass inference of GroupWithZero took 0.00107ms
typeclass inference of GroupWithZero took 0.00132ms
typeclass inference of GroupWithZero took 0.00101ms
typeclass inference of GroupWithZero took 0.00112ms
typeclass inference of GroupWithZero took 0.00229ms
typeclass inference of GroupWithZero took 0.00114ms
typeclass inference of GroupWithZero took 0.0013ms
typeclass inference of GroupWithZero took 0.0011ms
typeclass inference of GroupWithZero took 0.00113ms
typeclass inference of GroupWithZero took 0.00107ms
typeclass inference of GroupWithZero took 0.00187ms
typeclass inference of GroupWithZero took 0.00115ms
typeclass inference of GroupWithZero took 0.00112ms
typeclass inference of GroupWithZero took 0.00112ms
typeclass inference of GroupWithZero took 0.00104ms
typeclass inference of GroupWithZero took 0.00145ms
typeclass inference of GroupWithZero took 0.00113ms
typeclass inference of GroupWithZero took 0.00106ms
typeclass inference of GroupWithZero took 0.00144ms
typeclass inference of GroupWithZero took 0.00106ms
typeclass inference of GroupWithZero took 0.00101ms
typeclass inference of GroupWithZero took 0.00161ms
typeclass inference of GroupWithZero took 0.00112ms
typeclass inference of GroupWithZero took 0.00111ms
typeclass inference of GroupWithZero took 0.00109ms
typeclass inference of GroupWithZero took 0.00113ms
typeclass inference of GroupWithZero took 0.000972ms
typeclass inference of GroupWithZero took 0.00194ms
typeclass inference of GroupWithZero took 0.00127ms
typeclass inference of GroupWithZero took 0.00115ms
typeclass inference of GroupWithZero took 0.00112ms
typeclass inference of GroupWithZero took 0.00105ms
typeclass inference of GroupWithZero took 0.0016ms
typeclass inference of GroupWithZero took 0.00112ms
typeclass inference of GroupWithZero took 0.00118ms
typeclass inference of GroupWithZero took 0.00108ms
typeclass inference of GroupWithZero took 0.0016ms
typeclass inference of GroupWithZero took 0.00112ms
typeclass inference of GroupWithZero took 0.0011ms
typeclass inference of CommMonoidWithZero took 0.00637ms
typeclass inference of LinearOrderedCommMonoidWithZero took 0.00336ms
typeclass inference of LinearOrderedCommMonoidWithZero took 0.002ms
typeclass inference of LinearOrderedCommMonoidWithZero took 0.00119ms
typeclass inference of LinearOrderedCommMonoidWithZero took 0.00108ms
typeclass inference of LinearOrderedCommMonoidWithZero took 0.00135ms
typeclass inference of LinearOrderedCommMonoidWithZero took 0.000982ms
typeclass inference of LinearOrderedCommMonoidWithZero took 0.00191ms
typeclass inference of LinearOrderedCommMonoidWithZero took 0.00112ms
typeclass inference of LinearOrderedCommMonoidWithZero took 0.0012ms
typeclass inference of LinearOrderedCommMonoidWithZero took 0.00109ms
typeclass inference of LinearOrderedCommMonoidWithZero took 0.00146ms
typeclass inference of LinearOrderedCommMonoidWithZero took 0.0011ms
typeclass inference of LinearOrderedCommMonoidWithZero took 0.00116ms
typeclass inference of NonUnitalNonAssocRing took 0.00557ms
typeclass inference of GroupWithZero took 0.00253ms
typeclass inference of GroupWithZero took 0.00211ms
typeclass inference of GroupWithZero took 0.00328ms
typeclass inference of GroupWithZero took 0.00231ms
typeclass inference of GroupWithZero took 0.00179ms
typeclass inference of GroupWithZero took 0.00115ms
typeclass inference of GroupWithZero took 0.0013ms
typeclass inference of GroupWithZero took 0.00216ms
typeclass inference of GroupWithZero took 0.00131ms
typeclass inference of GroupWithZero took 0.0011ms
typeclass inference of GroupWithZero took 0.00117ms
typeclass inference of GroupWithZero took 0.00143ms
typeclass inference of GroupWithZero took 0.00114ms
typeclass inference of GroupWithZero took 0.00111ms
sym typeclass inference of Lean.Grind.NoNatZeroDivisors took 65.3ms
sym typeclass inference of Lean.Grind.Field took 0.531ms
typeclass inference of Lean.Grind.CommSemiring took 0.537ms
typeclass inference of Field took 0.00275ms
typeclass inference of Field took 0.00229ms
typeclass inference of Field took 0.00151ms
typeclass inference of Field took 0.00134ms
typeclass inference of Field took 0.00132ms
typeclass inference of Field took 0.00117ms
typeclass inference of Field took 0.00114ms
typeclass inference of Field took 0.00107ms
typeclass inference of Field took 0.00103ms
typeclass inference of Field took 0.00102ms
typeclass inference of Field took 0.00158ms
typeclass inference of Field took 0.00108ms
typeclass inference of Field took 0.002ms
typeclass inference of Field took 0.00122ms
typeclass inference of Field took 0.00125ms
typeclass inference of Field took 0.00105ms
typeclass inference of Field took 0.00108ms
typeclass inference of Field took 0.00106ms
typeclass inference of Field took 0.00109ms
typeclass inference of Field took 0.00111ms
typeclass inference of Field took 0.00103ms
typeclass inference of Field took 0.00228ms
typeclass inference of Field took 0.00141ms
typeclass inference of Field took 0.00187ms
typeclass inference of Field took 0.00146ms
typeclass inference of Field took 0.00105ms
typeclass inference of Field took 0.00102ms
typeclass inference of Field took 0.00105ms
typeclass inference of Field took 0.00106ms
typeclass inference of Field took 0.00233ms
typeclass inference of Field took 0.00138ms
typeclass inference of Field took 0.00107ms
typeclass inference of Field took 0.00192ms
typeclass inference of Field took 0.00103ms
typeclass inference of Field took 0.000972ms
typeclass inference of Field took 0.000962ms
typeclass inference of Field took 0.00438ms
typeclass inference of Field took 0.00131ms
typeclass inference of Field took 0.00248ms
typeclass inference of Field took 0.00202ms
typeclass inference of Field took 0.00333ms
typeclass inference of Field took 0.00184ms
typeclass inference of Field took 0.0016ms
typeclass inference of Field took 0.00156ms
typeclass inference of Field took 0.000992ms
typeclass inference of Field took 0.0022ms
typeclass inference of Field took 0.00116ms
typeclass inference of Field took 0.00135ms
typeclass inference of Field took 0.00133ms
typeclass inference of Field took 0.00147ms
typeclass inference of Field took 0.00127ms
typeclass inference of Field took 0.00113ms
typeclass inference of Field took 0.00103ms
typeclass inference of Field took 0.00597ms
typeclass inference of Field took 0.00255ms
typeclass inference of Field took 0.00113ms
typeclass inference of Field took 0.00107ms
typeclass inference of Field took 0.00107ms
typeclass inference of Field took 0.00107ms
typeclass inference of Field took 0.00105ms
typeclass inference of Field took 0.00266ms
typeclass inference of Field took 0.00114ms
typeclass inference of Field took 0.00128ms
typeclass inference of Field took 0.00117ms
typeclass inference of Field took 0.00123ms
typeclass inference of Field took 0.00102ms
typeclass inference of Field took 0.00234ms
typeclass inference of Field took 0.00106ms
typeclass inference of Field took 0.00126ms
typeclass inference of Field took 0.00134ms
typeclass inference of Field took 0.00101ms
typeclass inference of Field took 0.0023ms
typeclass inference of Field took 0.00202ms
typeclass inference of Field took 0.00107ms
typeclass inference of Field took 0.00122ms
typeclass inference of Field took 0.00162ms
typeclass inference of Field took 0.00192ms
typeclass inference of Field took 0.00122ms
typeclass inference of Field took 0.00655ms
typeclass inference of Field took 0.00511ms
typeclass inference of Field took 0.00131ms
typeclass inference of Field took 0.00183ms
typeclass inference of Field took 0.00169ms
typeclass inference of Field took 0.00129ms
typeclass inference of Field took 0.00124ms
typeclass inference of Field took 0.00132ms
typeclass inference of Field took 0.00102ms
typeclass inference of Field took 0.001ms
typeclass inference of Field took 0.00163ms
typeclass inference of Field took 0.00136ms
typeclass inference of Field took 0.00236ms
typeclass inference of Field took 0.0114ms
typeclass inference of Field took 0.00115ms
typeclass inference of Field took 0.00121ms
typeclass inference of Field took 0.00116ms
typeclass inference of Field took 0.00106ms
typeclass inference of Field took 0.00124ms
typeclass inference of Field took 0.00109ms
typeclass inference of Field took 0.00107ms
typeclass inference of Field took 0.00213ms
typeclass inference of Field took 0.00117ms
typeclass inference of Field took 0.00114ms
typeclass inference of Field took 0.0012ms
typeclass inference of Field took 0.00112ms
typeclass inference of Field took 0.00122ms
typeclass inference of Field took 0.00119ms
typeclass inference of Field took 0.00103ms
typeclass inference of Field took 0.00156ms
typeclass inference of Field took 0.00112ms
typeclass inference of Field took 0.00115ms
typeclass inference of Field took 0.0011ms
typeclass inference of Field took 0.00112ms
typeclass inference of Field took 0.00113ms
typeclass inference of Field took 0.000992ms
typeclass inference of Field took 0.00224ms
typeclass inference of Field took 0.00119ms
typeclass inference of Field took 0.00126ms
typeclass inference of Field took 0.0012ms
typeclass inference of Field took 0.00118ms
typeclass inference of Field took 0.00121ms
typeclass inference of Field took 0.0011ms
typeclass inference of Field took 0.00115ms
typeclass inference of Field took 0.00102ms
typeclass inference of Field took 0.00194ms
typeclass inference of Field took 0.00115ms
typeclass inference of Field took 0.00107ms
typeclass inference of Field took 0.00122ms
typeclass inference of Field took 0.00136ms
typeclass inference of Field took 0.00106ms
typeclass inference of Field took 0.00117ms
typeclass inference of Field took 0.00106ms
typeclass inference of Field took 0.00184ms
typeclass inference of Field took 0.00116ms
typeclass inference of Field took 0.00121ms
typeclass inference of Field took 0.0011ms
typeclass inference of Field took 0.00115ms
typeclass inference of Field took 0.00111ms
typeclass inference of Field took 0.00104ms
typeclass inference of Field took 0.00166ms
typeclass inference of Field took 0.00109ms
typeclass inference of Field took 0.00113ms
typeclass inference of Field took 0.00107ms
typeclass inference of Field took 0.00126ms
typeclass inference of Field took 0.00222ms
typeclass inference of Field took 0.00217ms
typeclass inference of Field took 0.00115ms
typeclass inference of Field took 0.00134ms
typeclass inference of Field took 0.00129ms
typeclass inference of Field took 0.00125ms
typeclass inference of Field took 0.00216ms
typeclass inference of Field took 0.00131ms
typeclass inference of Field took 0.00141ms
typeclass inference of Field took 0.00139ms
typeclass inference of Field took 0.00202ms
typeclass inference of Field took 0.00132ms
typeclass inference of Field took 0.00106ms
sym typeclass inference of Lean.Grind.PowIdentity took 14.6ms
sym typeclass inference of HSub took 0.0119ms
sym canon took 0.0154ms
sym typeclass inference of HMul took 0.00618ms
sym canon took 0.00715ms
sym typeclass inference of Lean.Grind.ToInt took 0.0438ms
sym typeclass inference of LE took 2.86ms
sym typeclass inference of LT took 2.87ms
sym typeclass inference of LE took 0.00404ms
congr simp thm took 0.00196ms
congr simp thm took 0.000481ms
congr simp thm took 0.000341ms
congr simp thm took 0.000311ms
congr simp thm took 0.00693ms
grind simp took 0.48ms
grind mark subsingleton took 0.159ms
typeclass inference of CategoryTheory.CartesianMonoidalCategory took 0.0612ms
typeclass inference of CategoryTheory.CartesianMonoidalCategory took 0.00516ms
sym typeclass inference of HPow took 2.29ms
sym typeclass inference of OfNat took 0.927ms
sym typeclass inference of OfNat took 0.0475ms
sym canon took 0.196ms
grind mark subsingleton took 0.00209ms
sym canon took 0.000631ms
grind mark subsingleton took 0.000732ms
sym canon took 0.00024ms
grind mark subsingleton took 0.000501ms
sym canon took 0.000161ms
grind mark subsingleton took 0.019ms
sym typeclass inference of Pow took 0.213ms
sym canon took 0.2ms
grind mark subsingleton took 0.00147ms
sym canon took 0.000491ms
grind mark subsingleton took 0.000601ms
sym canon took 0.000201ms
grind mark subsingleton took 0.000431ms
sym canon took 0.00015ms
grind mark subsingleton took 0.00549ms
sym canon took 0.000291ms
sym typeclass inference of Lean.Grind.CommRing took 0.729ms
sym typeclass inference of Lean.Grind.CommSemiring took 0.0327ms
sym typeclass inference of Lean.Grind.Semiring took 0.0846ms
sym canon took 0.024ms
typeclass inference of Lean.Grind.CommSemiring took 0.0182ms
sym typeclass inference of Lean.Grind.CommRing took 0.0856ms
sym typeclass inference of Lean.Grind.IsCharP took 0.567ms
typeclass inference of Lean.Grind.CommSemiring took 0.00507ms
sym typeclass inference of Lean.Grind.NatModule took 4.86ms
sym typeclass inference of Lean.Grind.NoNatZeroDivisors took 0.324ms
sym typeclass inference of Lean.Grind.Field took 0.277ms
typeclass inference of Lean.Grind.CommSemiring took 0.0197ms
typeclass inference of Lean.Grind.CommSemiring took 0.119ms
typeclass inference of Field took 0.3ms
typeclass inference of Field took 0.00389ms
typeclass inference of Field took 0.00153ms
typeclass inference of Field took 0.00113ms
typeclass inference of Field took 0.00349ms
typeclass inference of Field took 0.00159ms
typeclass inference of Field took 0.00105ms
typeclass inference of Field took 0.00111ms
sym typeclass inference of Lean.Grind.PowIdentity took 1.54ms
sym typeclass inference of Lean.Grind.CommRing took 0.0746ms
sym typeclass inference of Lean.Grind.IsCharP took 0.156ms
sym typeclass inference of Lean.Grind.NatModule took 0.13ms
sym typeclass inference of Lean.Grind.NoNatZeroDivisors took 1.47ms
sym typeclass inference of Lean.Grind.Field took 0.452ms
typeclass inference of Lean.Grind.CommSemiring took 0.0819ms
typeclass inference of Field took 0.296ms
typeclass inference of Field took 0.00233ms
typeclass inference of Field took 0.00144ms
typeclass inference of Field took 0.0022ms
typeclass inference of Field took 0.00161ms
typeclass inference of Field took 0.00124ms
sym typeclass inference of Lean.Grind.PowIdentity took 1.08ms
sym typeclass inference of NatCast took 0.0332ms
sym typeclass inference of NatCast took 0.00313ms
sym canon took 0.0206ms
sym typeclass inference of LE took 0.000391ms
typeclass inference of Preorder took 1.23ms
typeclass inference of Std.IsPreorder took 0.516ms
typeclass inference of PartialOrder took 1.1ms
typeclass inference of Std.IsPartialOrder took 0.22ms
typeclass inference of Std.LinearPreorderPackage took 0.0668ms
typeclass inference of Std.LinearPreorderPackage took 0.00219ms
typeclass inference of Std.LinearPreorderPackage took 0.00165ms
typeclass inference of Std.IsLinearPreorder took 0.361ms
sym typeclass inference of LT took 0.00025ms
sym typeclass inference of LE took 0.00018ms
sym canon took 0.0202ms
typeclass inference of Std.LawfulOrderLT took 0.0537ms
sym typeclass inference of LT took 0.000211ms
sym canon took 0.02ms
sym typeclass inference of Lean.Grind.OrderedRing took 0.116ms
typeclass inference of OfNat took 0.0605ms
typeclass inference of OfNat took 0.0339ms
sym typeclass inference of HAdd took 0.00019ms
sym typeclass inference of HAdd took 0.000221ms
sym canon took 0.025ms
typeclass inference of OfNat took 0.00356ms
sym typeclass inference of IntCast took 0.0351ms
sym typeclass inference of IntCast took 0.00274ms
sym canon took 0.0158ms
typeclass inference of OfNat took 0.00456ms
typeclass inference of OfNat took 0.0493ms
typeclass inference of OfNat took 0.00211ms
sym typeclass inference of HPow took 0.00632ms
sym canon took 0.0104ms
congr simp thm took 0.0049ms
congr simp thm took 0.00405ms
congr simp thm took 0.00195ms
congr simp thm took 0.00113ms
grind simp took 0.653ms
grind mark subsingleton took 0.0238ms
sym typeclass inference of LE took 0.000461ms
sym typeclass inference of OfNat took 0.0632ms
sym canon took 0.172ms
typeclass inference of OfNat took 0.0811ms
typeclass inference of OfNat took 0.0532ms
typeclass inference of OfNat took 0.00317ms
typeclass inference of OfNat took 0.00208ms
congr simp thm took 0.00714ms
congr simp thm took 0.00027ms
congr simp thm took 0.000912ms
congr simp thm took 0.000681ms
congr simp thm took 0.00604ms
typeclass inference of Decidable took 0.169ms
congr simp thm took 0.000702ms
grind simp took 1ms
grind mark subsingleton took 0.0241ms
sym typeclass inference of OfNat took 0.0642ms
sym canon took 0.122ms
typeclass inference of OfNat took 0.0498ms
typeclass inference of OfNat took 0.0372ms
typeclass inference of OfNat took 0.0053ms
typeclass inference of OfNat took 0.00156ms
congr simp thm took 0.000581ms
congr simp thm took 0.00044ms
congr simp thm took 0.000581ms
congr simp thm took 0.00031ms
typeclass inference of Decidable took 0.13ms
congr simp thm took 0.000651ms
grind simp took 0.328ms
grind mark subsingleton took 0.0154ms
sym canon took 0.0666ms
typeclass inference of OfNat took 0.055ms
typeclass inference of OfNat took 0.0354ms
typeclass inference of OfNat took 0.00234ms
typeclass inference of OfNat took 0.00153ms
congr simp thm took 0.000561ms
congr simp thm took 0.00025ms
congr simp thm took 0.000561ms
congr simp thm took 0.0003ms
typeclass inference of Decidable took 0.118ms
congr simp thm took 0.000711ms
grind simp took 0.308ms
grind mark subsingleton took 0.014ms
sym typeclass inference of OfNat took 0.0491ms
sym canon took 0.0784ms
typeclass inference of OfNat took 0.0664ms
typeclass inference of OfNat took 0.0418ms
typeclass inference of OfNat took 0.00284ms
typeclass inference of OfNat took 0.00188ms
congr simp thm took 0.00102ms
grind simp took 0.22ms
grind mark subsingleton took 0.0146ms
sym typeclass inference of OfNat took 0.0541ms
sym canon took 0.0303ms
typeclass inference of OfNat took 0.0907ms
typeclass inference of OfNat took 0.0516ms
typeclass inference of OfNat took 0.00231ms
congr simp thm took 0.002ms
grind simp took 0.289ms
grind mark subsingleton took 0.0303ms
sym canon took 0.324ms
congr simp thm took 0.000691ms
congr simp thm took 0.00129ms
grind simp took 0.52ms
grind mark subsingleton took 0.174ms
sym typeclass inference of HAdd took 2.39ms
sym canon took 0.146ms
sym typeclass inference of HAdd took 0.00605ms
sym canon took 0.0105ms
congr simp thm took 0.00142ms
congr simp thm took 0.000972ms
congr simp thm took 0.000411ms
congr simp thm took 0.000741ms
grind simp took 0.397ms
grind mark subsingleton took 0.0151ms
sym typeclass inference of OfNat took 0.0632ms
sym canon took 0.0271ms
typeclass inference of OfNat took 0.0539ms
typeclass inference of OfNat took 0.0344ms
typeclass inference of OfNat took 0.00228ms
congr simp thm took 0.000922ms
congr simp thm took 0.000541ms
congr simp thm took 0.000611ms
grind simp took 0.257ms
grind mark subsingleton took 0.0909ms
sym typeclass inference of OfNat took 0.048ms
sym canon took 0.129ms
typeclass inference of OfNat took 0.054ms
typeclass inference of OfNat took 0.0338ms
typeclass inference of OfNat took 0.00223ms
congr simp thm took 0.00476ms
congr simp thm took 0.000561ms
congr simp thm took 0.000631ms
congr simp thm took 0.000481ms
congr simp thm took 0.000642ms
congr simp thm took 0.000321ms
congr simp thm took 0.00032ms
congr simp thm took 0.000771ms
congr simp thm took 0.000391ms
grind simp took 0.524ms
grind mark subsingleton took 0.0259ms
sym typeclass inference of HMul took 0.000311ms
sym canon took 0.0307ms
sym typeclass inference of HMul took 0.000431ms
sym typeclass inference of HMul took 0.00026ms
sym canon took 0.0135ms
typeclass inference of OfNat took 0.049ms
typeclass inference of OfNat took 0.00271ms
typeclass inference of OfNat took 0.00155ms
typeclass inference of OfNat took 0.00134ms
grind ring took 0.0763ms
grind cutsat took 0.172ms
grind took 12ms
instantiate metavars took 0.0248ms
tactic execution of Lean.Parser.Tactic.grind took 0.611ms
tactic execution of Lean.Parser.Tactic.tacticSeq1Indented took 0.0107ms
tactic execution of Lean.Parser.Tactic.tacticSeq took 0.00625ms
tactic execution of Lean.Parser.Tactic.paren took 0.00611ms
tactic execution of Lean.Parser.Tactic.withAnnotateState took 0.00895ms
tactic execution of Lean.Parser.Tactic.tacticSeq1Indented took 0.00681ms
tactic execution of Lean.Parser.Tactic.tacticSeq took 0.00818ms
tactic execution of Lean.Parser.Tactic.case took 0.0742ms
tactic execution of Lean.Parser.Tactic.tacticSeq1Indented took 0.0157ms
tactic execution of Lean.Parser.Tactic.tacticSeq took 0.00706ms
tactic execution of Lean.Parser.Tactic.focus took 0.00912ms
tactic execution of Lean.Parser.Tactic.tacticHave__ took 0.226ms
typeclass inference of OfNat took 1.04ms
typeclass inference of OfNat took 0.104ms
typeclass inference of OfNat took 0.047ms
typeclass inference of HMul took 0.931ms
typeclass inference of HPow took 0.163ms
typeclass inference of HMul took 0.0725ms
typeclass inference of OfNat took 0.0677ms
typeclass inference of HPow took 0.128ms
typeclass inference of HMul took 0.0571ms
typeclass inference of OfNat took 0.0601ms
typeclass inference of OfNat took 0.056ms
typeclass inference of OfNat took 0.0648ms
typeclass inference of HPow took 0.14ms
typeclass inference of HMul took 0.0721ms
typeclass inference of OfNat took 0.0546ms
typeclass inference of OfNat took 0.0357ms
typeclass inference of HMul took 0.137ms
typeclass inference of HPow took 0.141ms
typeclass inference of HMul took 0.0571ms
typeclass inference of OfNat took 0.0471ms
typeclass inference of HPow took 0.118ms
typeclass inference of HMul took 0.0563ms
typeclass inference of OfNat took 0.0482ms
typeclass inference of OfNat took 0.0515ms
typeclass inference of HPow took 0.135ms
typeclass inference of HMul took 0.0529ms
typeclass inference of OfNat took 0.0425ms
typeclass inference of HPow took 0.111ms
typeclass inference of HMul took 0.0534ms
typeclass inference of OfNat took 0.0397ms
typeclass inference of HPow took 0.126ms
typeclass inference of HMul took 0.0518ms
typeclass inference of OfNat took 0.0411ms
typeclass inference of HPow took 0.131ms
typeclass inference of HMul took 0.0555ms
typeclass inference of OfNat took 0.0392ms
typeclass inference of HPow took 0.142ms
typeclass inference of HMul took 0.0587ms
typeclass inference of OfNat took 0.0431ms
typeclass inference of HPow took 0.119ms
typeclass inference of HMul took 0.0544ms
typeclass inference of OfNat took 0.0398ms
typeclass inference of HPow took 0.13ms
typeclass inference of HMul took 0.0561ms
typeclass inference of Pow took 0.0419ms
typeclass inference of CategoryTheory.CartesianMonoidalCategory took 0.0809ms
typeclass inference of CategoryTheory.CartesianMonoidalCategory took 0.00527ms
typeclass inference of NPow took 2.44ms
typeclass inference of OfNat took 0.0445ms
typeclass inference of HMul took 0.00417ms
typeclass inference of OfNat took 0.0577ms
typeclass inference of HPow took 0.131ms
typeclass inference of HMul took 0.0539ms
typeclass inference of OfNat took 0.0408ms
typeclass inference of HPow took 0.111ms
typeclass inference of HMul took 0.053ms
typeclass inference of OfNat took 0.0398ms
typeclass inference of HPow took 0.12ms
typeclass inference of HMul took 0.0494ms
typeclass inference of Pow took 0.0392ms
typeclass inference of NPow took 0.0905ms
typeclass inference of OfNat took 0.00351ms
typeclass inference of HMul took 0.0023ms
tactic execution of Lean.Parser.Tactic.refine took 1.77ms
tactic execution of Lean.Parser.Tactic.rewriteSeq took 0.164ms
tactic execution of Lean.Parser.Tactic.exact took 0.127ms
tactic execution of Lean.Parser.Tactic.exact took 0.0944ms
tactic execution of Lean.Parser.Tactic.eqRefl took 0.01ms
tactic execution of Lean.Parser.Tactic.applyRfl took 0.0241ms
tactic execution of Lean.Parser.Tactic.tacticRfl took 0.0549ms
tactic execution of Lean.Parser.Tactic.tacticSeq1Indented took 0.00738ms
tactic execution of Lean.Parser.Tactic.tacticSeq took 0.00532ms
tactic execution of Lean.Parser.Tactic.withReducible took 0.00773ms
tactic execution of Lean.Parser.Tactic.tacticSeq1Indented took 0.00519ms
tactic execution of Lean.Parser.Tactic.tacticSeq took 0.00472ms
tactic execution of Lean.Parser.Tactic.paren took 0.00482ms
tactic execution of Lean.Parser.Tactic.tacticSeq1Indented took 0.00895ms
tactic execution of Lean.Parser.Tactic.tacticSeq took 0.00474ms
tactic execution of Lean.Parser.Tactic.skip took 0.00235ms
tactic execution of Lean.Parser.Tactic.tacticSeq1Indented took 0.00362ms
tactic execution of Lean.Parser.Tactic.tacticSeq took 0.00312ms
tactic execution of Lean.Parser.Tactic.first took 0.00925ms
tactic execution of Lean.Parser.Tactic.tacticTry_ took 0.00829ms
tactic execution of Lean.Parser.Tactic.tacticSeq1Indented took 0.008ms
tactic execution of Lean.Parser.Tactic.tacticSeq took 0.00253ms
tactic execution of Lean.Parser.Tactic.paren took 0.003ms
tactic execution of Lean.Parser.Tactic.withAnnotateState took 0.00962ms
tactic execution of Lean.Parser.Tactic.tacticSeq1Indented took 0.0126ms
tactic execution of Lean.Parser.Tactic.tacticSeq took 0.00449ms
tactic execution of Lean.Parser.Tactic.paren took 0.00362ms
tactic execution of Lean.Parser.Tactic.rwSeq took 0.00882ms
tactic execution of Lean.Parser.Tactic.exact took 0.0478ms
tactic execution of Lean.Parser.Tactic.tacticSeq1Indented took 0.00844ms
tactic execution of Lean.Parser.Tactic.tacticSeq took 0.00715ms
tactic execution of Lean.Parser.Tactic.rewriteSeq took 1.96ms
tactic execution of Lean.Parser.Tactic.exact took 0.0869ms
tactic execution of Lean.Parser.Tactic.exact took 0.0785ms
tactic execution of Lean.Parser.Tactic.eqRefl took 0.00892ms
tactic execution of Lean.Parser.Tactic.tacticRfl took 0.0304ms
tactic execution of Lean.Parser.Tactic.tacticSeq1Indented took 0.00323ms
tactic execution of Lean.Parser.Tactic.tacticSeq took 0.00251ms
tactic execution of Lean.Parser.Tactic.withReducible took 0.00273ms
tactic execution of Lean.Parser.Tactic.tacticSeq1Indented took 0.00298ms
tactic execution of Lean.Parser.Tactic.tacticSeq took 0.00218ms
tactic execution of Lean.Parser.Tactic.paren took 0.00231ms
tactic execution of Lean.Parser.Tactic.tacticSeq1Indented took 0.00285ms
tactic execution of Lean.Parser.Tactic.tacticSeq took 0.00241ms
tactic execution of Lean.Parser.Tactic.first took 0.00301ms
tactic execution of Lean.Parser.Tactic.tacticTry_ took 0.00442ms
tactic execution of Lean.Parser.Tactic.tacticSeq1Indented took 0.00278ms
tactic execution of Lean.Parser.Tactic.tacticSeq took 0.00248ms
tactic execution of Lean.Parser.Tactic.paren took 0.00262ms
tactic execution of Lean.Parser.Tactic.withAnnotateState took 0.0117ms
tactic execution of Lean.Parser.Tactic.tacticSeq1Indented took 0.0105ms
tactic execution of Lean.Parser.Tactic.tacticSeq took 0.00385ms
tactic execution of Lean.Parser.Tactic.paren took 0.00309ms
tactic execution of Lean.Parser.Tactic.rwSeq took 0.0143ms
tactic execution of Lean.Parser.Tactic.tacticSeq1Indented took 0.00461ms
tactic execution of Lean.Parser.Tactic.tacticSeq took 0.00244ms
tactic execution of Lean.Parser.Tactic.paren took 0.00338ms
tactic execution of Lean.Parser.Tactic.withAnnotateState took 0.0055ms
tactic execution of Lean.Parser.Tactic.tacticSeq1Indented took 0.00763ms
tactic execution of Lean.Parser.Tactic.tacticSeq took 0.00467ms
tactic execution of Lean.Parser.Tactic.case took 0.108ms
tactic execution of Lean.Parser.Tactic.tacticSeq1Indented took 0.0167ms
tactic execution of Lean.Parser.Tactic.tacticSeq took 0.00584ms
tactic execution of Lean.Parser.Tactic.focus took 0.00993ms
tactic execution of Lean.Parser.Tactic.tacticHave__ took 0.0395ms
typeclass inference of OfNat took 0.0922ms
typeclass inference of OfNat took 0.0575ms
typeclass inference of OfNat took 0.0741ms
typeclass inference of OfNat took 0.037ms
typeclass inference of OfNat took 0.0431ms
typeclass inference of OfNat took 0.0321ms
typeclass inference of HAdd took 0.189ms
typeclass inference of HMul took 0.143ms
typeclass inference of HPow took 0.142ms
typeclass inference of HMul took 0.063ms
typeclass inference of HAdd took 0.0503ms
typeclass inference of LT took 0.0344ms
typeclass inference of OfNat took 0.0413ms
typeclass inference of OfNat took 0.0485ms
typeclass inference of HPow took 0.12ms
typeclass inference of HMul took 0.0532ms
typeclass inference of HAdd took 0.0485ms
typeclass inference of OfNat took 0.0448ms
typeclass inference of HPow took 0.144ms
typeclass inference of HMul took 0.105ms
typeclass inference of HAdd took 0.0763ms
typeclass inference of OfNat took 0.0605ms
typeclass inference of HPow took 0.115ms
typeclass inference of HMul took 0.0485ms
typeclass inference of HAdd took 0.0436ms
typeclass inference of OfNat took 0.0382ms
typeclass inference of HPow took 0.106ms
typeclass inference of HMul took 0.0477ms
typeclass inference of HAdd took 0.0436ms
typeclass inference of Pow took 0.0381ms
typeclass inference of NPow took 0.102ms
typeclass inference of OfNat took 0.0379ms
typeclass inference of HMul took 0.135ms
typeclass inference of HAdd took 0.00305ms
tactic execution of Lean.Parser.Tactic.refine took 1.02ms
interpretation of Lean.Meta.Grind.reduceCtorEqCheap took 0.00564ms
interpretation of Lean.Meta.Grind.reduceSimpMatchDiscrsOnly took 0.00152ms
interpretation of Lean.Meta.Grind.reducePreMatchCond took 0.0012ms
interpretation of Lean.Meta.Grind.Arith.expandPow01 took 0.00138ms
interpretation of Lean.Meta.Grind.Arith.expandDiv took 0.000882ms
interpretation of Lean.Meta.Grind.Arith.normNatAddInst took 0.000852ms
interpretation of Lean.Meta.Grind.Arith.normNatMulInst took 0.00133ms
interpretation of Lean.Meta.Grind.Arith.normNatSubInst took 0.00119ms
interpretation of Lean.Meta.Grind.Arith.normNatDivInst took 0.000881ms
interpretation of Lean.Meta.Grind.Arith.normNatModInst took 0.000841ms
interpretation of Lean.Meta.Grind.Arith.normNatPowInst took 0.00119ms
interpretation of Lean.Meta.Grind.Arith.normNatOfNatInst took 0.00114ms
interpretation of Lean.Meta.Grind.Arith.normIntNegInst took 0.000921ms
interpretation of Lean.Meta.Grind.Arith.normIntAddInst took 0.00117ms
interpretation of Lean.Meta.Grind.Arith.normIntMulInst took 0.00144ms
interpretation of Lean.Meta.Grind.Arith.normIntSubInst took 0.00117ms
interpretation of Lean.Meta.Grind.Arith.normIntDivInst took 0.0011ms
interpretation of Lean.Meta.Grind.Arith.normIntModInst took 0.000841ms
interpretation of Lean.Meta.Grind.Arith.normIntPowInst took 0.00106ms
interpretation of Lean.Meta.Grind.Arith.normNatCastInst took 0.0012ms
interpretation of Lean.Meta.Grind.Arith.normIntOfNatInst took 0.000751ms
interpretation of Lean.Meta.Grind.Arith.normNatCastNum took 0.000942ms
interpretation of Lean.Meta.Grind.Arith.normIntCastNum took 0.00135ms
interpretation of Lean.Meta.Grind.Arith.normPowRatInt took 0.000811ms
interpretation of Lean.Meta.Grind.Arith.normFieldInv took 0.00104ms
interpretation of Lean.Meta.Grind.simpForall took 0.00106ms
interpretation of Lean.Meta.Grind.simpExists took 0.000832ms
interpretation of Lean.Meta.Grind.simpEq took 0.0012ms
interpretation of Lean.Meta.Grind.simpOr took 0.00112ms
interpretation of Lean.Meta.Grind.simpDIte took 0.00107ms
interpretation of Lean.Meta.Grind.pushNot took 0.000851ms
interpretation of Lean.Meta.Grind.unfoldReducibleSimproc took 0.000882ms
congr simp thm took 0.00999ms
congr simp thm took 0.00573ms
congr simp thm took 0.00404ms
grind simp took 0.538ms
grind mark subsingleton took 0.0633ms
sym typeclass inference of HSub took 1.11ms
sym typeclass inference of HMul took 1.03ms
sym typeclass inference of OfNat took 0.867ms
sym canon took 0.197ms
sym typeclass inference of Lean.Grind.CommRing took 0.562ms
typeclass inference of Lean.Grind.Ring took 0.572ms
typeclass inference of Semiring took 0.935ms
typeclass inference of AddLeftCancelSemigroup took 1.01ms
sym typeclass inference of Lean.Grind.IsCharP took 9.33ms
sym typeclass inference of Lean.Grind.NatModule took 0.966ms
typeclass inference of AddCommMonoid took 0.797ms
typeclass inference of AddCommMonoid took 0.00491ms
typeclass inference of AddCommMonoid took 0.00411ms
typeclass inference of AddCancelMonoid took 1.21ms
typeclass inference of AddCommMonoid took 0.00469ms
typeclass inference of AddGroup took 0.515ms
typeclass inference of Field took 0.347ms
typeclass inference of Field took 0.00254ms
typeclass inference of Field took 0.00158ms
typeclass inference of Field took 0.0026ms
typeclass inference of Field took 0.00138ms
typeclass inference of Field took 0.00229ms
typeclass inference of Field took 0.00124ms
typeclass inference of Field took 0.00114ms
typeclass inference of Field took 0.00111ms
typeclass inference of Field took 0.00105ms
typeclass inference of Field took 0.00103ms
typeclass inference of Field took 0.00104ms
typeclass inference of Field took 0.00216ms
typeclass inference of Field took 0.0013ms
typeclass inference of Field took 0.00121ms
typeclass inference of Field took 0.00118ms
typeclass inference of Field took 0.00124ms
typeclass inference of Field took 0.00113ms
typeclass inference of Field took 0.00103ms
typeclass inference of Field took 0.00115ms
typeclass inference of Field took 0.00224ms
typeclass inference of Field took 0.00126ms
typeclass inference of Field took 0.00112ms
typeclass inference of Field took 0.0011ms
typeclass inference of Field took 0.00107ms
typeclass inference of Field took 0.00112ms
typeclass inference of Field took 0.00214ms
typeclass inference of Field took 0.0019ms
typeclass inference of Field took 0.00122ms
typeclass inference of Field took 0.00107ms
typeclass inference of Semiring took 0.00424ms
typeclass inference of RCLike took 0.0125ms
typeclass inference of RCLike took 0.00161ms
typeclass inference of RCLike took 0.00123ms
typeclass inference of RCLike took 0.00199ms
typeclass inference of RCLike took 0.0013ms
typeclass inference of RCLike took 0.00123ms
typeclass inference of RCLike took 0.00114ms
typeclass inference of RCLike took 0.00124ms
typeclass inference of RCLike took 0.0011ms
typeclass inference of RCLike took 0.00126ms
typeclass inference of RCLike took 0.00109ms
typeclass inference of RCLike took 0.00111ms
typeclass inference of RCLike took 0.00184ms
typeclass inference of RCLike took 0.00137ms
typeclass inference of RCLike took 0.0012ms
typeclass inference of RCLike took 0.0011ms
typeclass inference of RCLike took 0.00113ms
typeclass inference of RCLike took 0.00106ms
typeclass inference of RCLike took 0.00104ms
typeclass inference of RCLike took 0.00106ms
typeclass inference of RCLike took 0.00204ms
typeclass inference of RCLike took 0.0014ms
typeclass inference of RCLike took 0.00117ms
typeclass inference of RCLike took 0.00124ms
typeclass inference of RCLike took 0.00117ms
typeclass inference of RCLike took 0.0032ms
typeclass inference of RCLike took 0.00109ms
typeclass inference of RCLike took 0.00151ms
typeclass inference of RCLike took 0.00119ms
typeclass inference of RCLike took 0.00113ms
typeclass inference of Semiring took 0.00404ms
typeclass inference of NonAssocRing took 0.204ms
typeclass inference of Field took 0.00318ms
typeclass inference of Field took 0.00214ms
typeclass inference of Field took 0.00198ms
typeclass inference of Field took 0.00143ms
typeclass inference of Field took 0.00138ms
typeclass inference of Field took 0.00121ms
typeclass inference of Field took 0.00118ms
typeclass inference of Field took 0.00116ms
typeclass inference of Field took 0.00157ms
typeclass inference of Field took 0.00198ms
typeclass inference of Field took 0.0014ms
typeclass inference of Field took 0.00142ms
typeclass inference of Field took 0.00113ms
typeclass inference of Field took 0.00224ms
typeclass inference of Field took 0.00132ms
typeclass inference of Field took 0.00119ms
typeclass inference of Field took 0.00115ms
typeclass inference of Field took 0.00121ms
typeclass inference of Field took 0.0011ms
typeclass inference of Field took 0.00117ms
typeclass inference of Field took 0.00108ms
typeclass inference of Field took 0.00105ms
typeclass inference of Field took 0.0023ms
typeclass inference of Field took 0.0012ms
typeclass inference of Field took 0.00131ms
typeclass inference of Field took 0.00114ms
typeclass inference of Field took 0.00112ms
typeclass inference of Field took 0.00108ms
typeclass inference of Field took 0.00114ms
typeclass inference of Field took 0.00109ms
typeclass inference of Field took 0.00191ms
typeclass inference of Field took 0.00118ms
typeclass inference of Field took 0.00129ms
typeclass inference of Field took 0.00112ms
typeclass inference of Field took 0.00122ms
typeclass inference of Field took 0.00111ms
typeclass inference of Field took 0.00113ms
typeclass inference of Field took 0.00243ms
typeclass inference of Field took 0.0014ms
typeclass inference of Field took 0.00128ms
typeclass inference of Field took 0.00117ms
typeclass inference of Field took 0.00118ms
typeclass inference of Field took 0.00178ms
typeclass inference of Field took 0.0014ms
typeclass inference of Field took 0.00126ms
typeclass inference of Field took 0.00107ms
typeclass inference of Field took 0.00174ms
typeclass inference of Field took 0.0012ms
typeclass inference of Field took 0.00115ms
typeclass inference of Field took 0.002ms
typeclass inference of Field took 0.00128ms
typeclass inference of Field took 0.00141ms
typeclass inference of Field took 0.00173ms
typeclass inference of Field took 0.00176ms
typeclass inference of Field took 0.00156ms
typeclass inference of Field took 0.00127ms
typeclass inference of Field took 0.00118ms
typeclass inference of Field took 0.00116ms
typeclass inference of Field took 0.00172ms
typeclass inference of Field took 0.0013ms
typeclass inference of Field took 0.00248ms
typeclass inference of Field took 0.00128ms
typeclass inference of Field took 0.00121ms
typeclass inference of Field took 0.00118ms
typeclass inference of Field took 0.0011ms
typeclass inference of Field took 0.00212ms
typeclass inference of Field took 0.00127ms
typeclass inference of Field took 0.00118ms
typeclass inference of Field took 0.00131ms
typeclass inference of Field took 0.00173ms
typeclass inference of Field took 0.00129ms
typeclass inference of Field took 0.00117ms
typeclass inference of Semiring took 0.0063ms
typeclass inference of DivisionRing took 0.394ms
typeclass inference of DivisionRing took 0.00265ms
typeclass inference of DivisionRing took 0.00134ms
typeclass inference of DivisionRing took 0.0012ms
typeclass inference of DivisionRing took 0.0023ms
typeclass inference of DivisionRing took 0.00137ms
typeclass inference of DivisionRing took 0.00113ms
typeclass inference of DivisionRing took 0.00138ms
typeclass inference of DivisionRing took 0.00107ms
typeclass inference of DivisionRing took 0.00108ms
typeclass inference of DivisionRing took 0.00163ms
typeclass inference of DivisionRing took 0.00126ms
typeclass inference of DivisionRing took 0.0024ms
typeclass inference of DivisionRing took 0.00125ms
typeclass inference of DivisionRing took 0.00121ms
typeclass inference of DivisionRing took 0.00119ms
typeclass inference of DivisionRing took 0.0012ms
typeclass inference of DivisionRing took 0.00121ms
typeclass inference of DivisionRing took 0.00116ms
typeclass inference of DivisionRing took 0.00163ms
typeclass inference of DivisionRing took 0.00111ms
typeclass inference of DivisionRing took 0.00131ms
typeclass inference of DivisionRing took 0.0011ms
typeclass inference of DivisionRing took 0.00106ms
typeclass inference of DivisionRing took 0.00129ms
typeclass inference of DivisionRing took 0.00188ms
typeclass inference of DivisionRing took 0.00114ms
typeclass inference of DivisionRing took 0.00119ms
typeclass inference of DivisionRing took 0.00112ms
typeclass inference of DivisionRing took 0.00102ms
typeclass inference of Semifield took 0.364ms
typeclass inference of Semifield took 0.00262ms
typeclass inference of Semifield took 0.00141ms
typeclass inference of Semifield took 0.00124ms
typeclass inference of Semifield took 0.00119ms
typeclass inference of Semifield took 0.00115ms
typeclass inference of Semifield took 0.00112ms
typeclass inference of Semifield took 0.00103ms
typeclass inference of Semifield took 0.00104ms
typeclass inference of Semifield took 0.00205ms
typeclass inference of Semifield took 0.00123ms
typeclass inference of Semifield took 0.00111ms
typeclass inference of Semifield took 0.00117ms
typeclass inference of Semifield took 0.00106ms
typeclass inference of Semifield took 0.00116ms
typeclass inference of Semifield took 0.00112ms
typeclass inference of Field took 0.00255ms
typeclass inference of Field took 0.00115ms
typeclass inference of Field took 0.00123ms
typeclass inference of Field took 0.00244ms
typeclass inference of Field took 0.00146ms
typeclass inference of Field took 0.00128ms
typeclass inference of Field took 0.00115ms
typeclass inference of Field took 0.00114ms
typeclass inference of Field took 0.00109ms
typeclass inference of Field took 0.00109ms
typeclass inference of Field took 0.00105ms
typeclass inference of Field took 0.00104ms
typeclass inference of Field took 0.00215ms
typeclass inference of Field took 0.00117ms
typeclass inference of Field took 0.00116ms
typeclass inference of Field took 0.00109ms
typeclass inference of Field took 0.0011ms
typeclass inference of Field took 0.00106ms
typeclass inference of Field took 0.00105ms
typeclass inference of Field took 0.00109ms
typeclass inference of Field took 0.00201ms
typeclass inference of Field took 0.00119ms
typeclass inference of Field took 0.00114ms
typeclass inference of Field took 0.00112ms
typeclass inference of Field took 0.00106ms
typeclass inference of Field took 0.00107ms
typeclass inference of Field took 0.00107ms
typeclass inference of DivisionRing took 0.00211ms
typeclass inference of DivisionRing took 0.00213ms
typeclass inference of DivisionRing took 0.00124ms
typeclass inference of DivisionRing took 0.00122ms
typeclass inference of DivisionRing took 0.00117ms
typeclass inference of DivisionRing took 0.00111ms
typeclass inference of DivisionRing took 0.00111ms
typeclass inference of DivisionRing took 0.00105ms
typeclass inference of DivisionRing took 0.00102ms
typeclass inference of DivisionRing took 0.00205ms
typeclass inference of DivisionRing took 0.0012ms
typeclass inference of DivisionRing took 0.00112ms
typeclass inference of DivisionRing took 0.00123ms
typeclass inference of DivisionRing took 0.00108ms
typeclass inference of DivisionRing took 0.00106ms
typeclass inference of DivisionRing took 0.00105ms
typeclass inference of EuclideanDomain took 0.384ms
typeclass inference of EuclideanDomain took 0.00309ms
typeclass inference of EuclideanDomain took 0.00152ms
typeclass inference of EuclideanDomain took 0.00126ms
typeclass inference of EuclideanDomain took 0.00126ms
typeclass inference of EuclideanDomain took 0.00124ms
typeclass inference of EuclideanDomain took 0.00129ms
typeclass inference of EuclideanDomain took 0.00105ms
typeclass inference of EuclideanDomain took 0.00211ms
typeclass inference of EuclideanDomain took 0.00103ms
typeclass inference of EuclideanDomain took 0.00142ms
typeclass inference of EuclideanDomain took 0.00115ms
typeclass inference of EuclideanDomain took 0.000972ms
typeclass inference of EuclideanDomain took 0.00231ms
typeclass inference of EuclideanDomain took 0.00137ms
typeclass inference of EuclideanDomain took 0.00113ms
typeclass inference of EuclideanDomain took 0.00131ms
typeclass inference of EuclideanDomain took 0.00107ms
typeclass inference of EuclideanDomain took 0.00104ms
typeclass inference of EuclideanDomain took 0.00113ms
typeclass inference of EuclideanDomain took 0.00104ms
typeclass inference of EuclideanDomain took 0.00105ms
typeclass inference of EuclideanDomain took 0.00234ms
typeclass inference of EuclideanDomain took 0.00125ms
typeclass inference of EuclideanDomain took 0.00117ms
typeclass inference of EuclideanDomain took 0.00112ms
typeclass inference of EuclideanDomain took 0.00134ms
typeclass inference of EuclideanDomain took 0.00112ms
typeclass inference of EuclideanDomain took 0.0011ms
typeclass inference of EuclideanDomain took 0.00109ms
typeclass inference of EuclideanDomain took 0.00222ms
typeclass inference of EuclideanDomain took 0.00114ms
typeclass inference of EuclideanDomain took 0.00177ms
typeclass inference of EuclideanDomain took 0.00113ms
typeclass inference of EuclideanDomain took 0.00107ms
typeclass inference of EuclideanDomain took 0.00122ms
typeclass inference of EuclideanDomain took 0.00106ms
typeclass inference of CommMonoidWithZero took 0.817ms
typeclass inference of Semiring took 0.00522ms
typeclass inference of CommMonoidWithZero took 0.00516ms
typeclass inference of CommMonoidWithZero took 0.00397ms
typeclass inference of CommGroupWithZero took 0.379ms
typeclass inference of CommGroupWithZero took 0.00255ms
typeclass inference of CommGroupWithZero took 0.00142ms
typeclass inference of CommGroupWithZero took 0.00121ms
typeclass inference of CommGroupWithZero took 0.00114ms
typeclass inference of CommGroupWithZero took 0.00106ms
typeclass inference of CommGroupWithZero took 0.00107ms
typeclass inference of CommGroupWithZero took 0.000932ms
typeclass inference of LinearOrderedCommMonoidWithZero took 0.0449ms
typeclass inference of LinearOrderedCommMonoidWithZero took 0.00183ms
typeclass inference of LinearOrderedCommMonoidWithZero took 0.00227ms
typeclass inference of LinearOrderedCommMonoidWithZero took 0.00128ms
typeclass inference of LinearOrderedCommMonoidWithZero took 0.00115ms
typeclass inference of LinearOrderedCommMonoidWithZero took 0.00108ms
typeclass inference of LinearOrderedCommMonoidWithZero took 0.00108ms
typeclass inference of LinearOrderedCommMonoidWithZero took 0.0011ms
typeclass inference of LinearOrderedCommMonoidWithZero took 0.00102ms
typeclass inference of LinearOrderedCommMonoidWithZero took 0.00262ms
typeclass inference of LinearOrderedCommMonoidWithZero took 0.00248ms
typeclass inference of LinearOrderedCommMonoidWithZero took 0.00248ms
typeclass inference of LinearOrderedCommMonoidWithZero took 0.00184ms
typeclass inference of LinearOrderedCommMonoidWithZero took 0.00118ms
typeclass inference of LinearOrderedCommMonoidWithZero took 0.00117ms
typeclass inference of LinearOrderedCommMonoidWithZero took 0.00126ms
typeclass inference of LinearOrderedCommMonoidWithZero took 0.00118ms
typeclass inference of LinearOrderedCommMonoidWithZero took 0.00105ms
typeclass inference of LinearOrderedCommMonoidWithZero took 0.000941ms
typeclass inference of LinearOrderedCommMonoidWithZero took 0.002ms
typeclass inference of LinearOrderedCommMonoidWithZero took 0.00117ms
typeclass inference of LinearOrderedCommMonoidWithZero took 0.00115ms
typeclass inference of LinearOrderedCommMonoidWithZero took 0.00103ms
typeclass inference of LinearOrderedCommMonoidWithZero took 0.00112ms
typeclass inference of LinearOrderedCommMonoidWithZero took 0.00104ms
typeclass inference of LinearOrderedCommMonoidWithZero took 0.00234ms
typeclass inference of LinearOrderedCommMonoidWithZero took 0.00124ms
typeclass inference of LinearOrderedCommMonoidWithZero took 0.00112ms
typeclass inference of LinearOrderedCommMonoidWithZero took 0.00109ms
typeclass inference of LinearOrderedCommMonoidWithZero took 0.00108ms
typeclass inference of LinearOrderedCommMonoidWithZero took 0.00187ms
typeclass inference of LinearOrderedCommMonoidWithZero took 0.00137ms
typeclass inference of LinearOrderedCommMonoidWithZero took 0.00113ms
typeclass inference of LinearOrderedCommMonoidWithZero took 0.00187ms
typeclass inference of LinearOrderedCommMonoidWithZero took 0.00122ms
typeclass inference of LinearOrderedCommMonoidWithZero took 0.0012ms
typeclass inference of LinearOrderedCommMonoidWithZero took 0.00111ms
typeclass inference of LinearOrderedCommMonoidWithZero took 0.00114ms
typeclass inference of LinearOrderedCommMonoidWithZero took 0.00109ms
typeclass inference of LinearOrderedCommMonoidWithZero took 0.000982ms
typeclass inference of LinearOrderedCommMonoidWithZero took 0.00125ms
typeclass inference of LinearOrderedCommMonoidWithZero took 0.00109ms
typeclass inference of LinearOrderedCommMonoidWithZero took 0.00102ms
typeclass inference of LinearOrderedCommMonoidWithZero took 0.00184ms
typeclass inference of LinearOrderedCommMonoidWithZero took 0.00108ms
typeclass inference of LinearOrderedCommMonoidWithZero took 0.00114ms
typeclass inference of LinearOrderedCommMonoidWithZero took 0.00106ms
typeclass inference of LinearOrderedCommMonoidWithZero took 0.00115ms
typeclass inference of LinearOrderedCommMonoidWithZero took 0.00105ms
typeclass inference of LinearOrderedCommMonoidWithZero took 0.001ms
typeclass inference of LinearOrderedCommMonoidWithZero took 0.00198ms
typeclass inference of LinearOrderedCommMonoidWithZero took 0.00126ms
typeclass inference of LinearOrderedCommMonoidWithZero took 0.00117ms
typeclass inference of LinearOrderedCommMonoidWithZero took 0.00109ms
typeclass inference of LinearOrderedCommMonoidWithZero took 0.00113ms
typeclass inference of LinearOrderedCommMonoidWithZero took 0.000992ms
typeclass inference of LinearOrderedCommMonoidWithZero took 0.00173ms
typeclass inference of LinearOrderedCommMonoidWithZero took 0.00118ms
typeclass inference of LinearOrderedCommMonoidWithZero took 0.00115ms
typeclass inference of LinearOrderedCommMonoidWithZero took 0.00109ms
typeclass inference of LinearOrderedCommMonoidWithZero took 0.001ms
typeclass inference of LinearOrderedCommMonoidWithZero took 0.00212ms
typeclass inference of LinearOrderedCommMonoidWithZero took 0.00121ms
typeclass inference of LinearOrderedCommMonoidWithZero took 0.00115ms
typeclass inference of LinearOrderedCommMonoidWithZero took 0.00191ms
typeclass inference of LinearOrderedCommMonoidWithZero took 0.00112ms
typeclass inference of LinearOrderedCommMonoidWithZero took 0.00196ms
typeclass inference of LinearOrderedCommMonoidWithZero took 0.00113ms
typeclass inference of LinearOrderedCommMonoidWithZero took 0.00111ms
typeclass inference of LinearOrderedCommMonoidWithZero took 0.0011ms
typeclass inference of LinearOrderedCommMonoidWithZero took 0.00106ms
typeclass inference of LinearOrderedCommMonoidWithZero took 0.00106ms
typeclass inference of LinearOrderedCommMonoidWithZero took 0.00102ms
typeclass inference of LinearOrderedCommMonoidWithZero took 0.00124ms
typeclass inference of LinearOrderedCommMonoidWithZero took 0.00106ms
typeclass inference of LinearOrderedCommMonoidWithZero took 0.001ms
typeclass inference of LinearOrderedCommMonoidWithZero took 0.00182ms
typeclass inference of LinearOrderedCommMonoidWithZero took 0.00108ms
typeclass inference of LinearOrderedCommMonoidWithZero took 0.00261ms
typeclass inference of LinearOrderedCommMonoidWithZero took 0.00202ms
typeclass inference of LinearOrderedCommMonoidWithZero took 0.00208ms
typeclass inference of LinearOrderedCommMonoidWithZero took 0.00185ms
typeclass inference of LinearOrderedCommMonoidWithZero took 0.00139ms
typeclass inference of LinearOrderedCommMonoidWithZero took 0.00623ms
typeclass inference of LinearOrderedCommMonoidWithZero took 0.00116ms
typeclass inference of LinearOrderedCommMonoidWithZero took 0.00116ms
typeclass inference of LinearOrderedCommMonoidWithZero took 0.0011ms
typeclass inference of LinearOrderedCommMonoidWithZero took 0.00113ms
typeclass inference of LinearOrderedCommMonoidWithZero took 0.0011ms
typeclass inference of LinearOrderedCommMonoidWithZero took 0.0016ms
typeclass inference of LinearOrderedCommMonoidWithZero took 0.00108ms
typeclass inference of LinearOrderedCommMonoidWithZero took 0.0012ms
typeclass inference of LinearOrderedCommMonoidWithZero took 0.00108ms
typeclass inference of LinearOrderedCommMonoidWithZero took 0.00106ms
typeclass inference of LinearOrderedCommMonoidWithZero took 0.00166ms
typeclass inference of LinearOrderedCommMonoidWithZero took 0.00117ms
typeclass inference of LinearOrderedCommMonoidWithZero took 0.001ms
typeclass inference of LinearOrderedCommMonoidWithZero took 0.00183ms
typeclass inference of LinearOrderedCommMonoidWithZero took 0.00113ms
typeclass inference of LinearOrderedCommMonoidWithZero took 0.00115ms
typeclass inference of LinearOrderedCommMonoidWithZero took 0.00111ms
typeclass inference of LinearOrderedCommMonoidWithZero took 0.00107ms
typeclass inference of LinearOrderedCommMonoidWithZero took 0.00104ms
typeclass inference of LinearOrderedCommMonoidWithZero took 0.000992ms
typeclass inference of LinearOrderedCommMonoidWithZero took 0.00131ms
typeclass inference of LinearOrderedCommMonoidWithZero took 0.00109ms
typeclass inference of LinearOrderedCommMonoidWithZero took 0.00101ms
typeclass inference of LinearOrderedCommMonoidWithZero took 0.00171ms
typeclass inference of LinearOrderedCommMonoidWithZero took 0.00107ms
typeclass inference of LinearOrderedCommMonoidWithZero took 0.00115ms
typeclass inference of LinearOrderedCommMonoidWithZero took 0.00139ms
typeclass inference of LinearOrderedCommMonoidWithZero took 0.00107ms
typeclass inference of LinearOrderedCommMonoidWithZero took 0.00105ms
typeclass inference of LinearOrderedCommMonoidWithZero took 0.000982ms
typeclass inference of LinearOrderedCommMonoidWithZero took 0.00201ms
typeclass inference of LinearOrderedCommMonoidWithZero took 0.00119ms
typeclass inference of LinearOrderedCommMonoidWithZero took 0.00114ms
typeclass inference of LinearOrderedCommMonoidWithZero took 0.00107ms
typeclass inference of LinearOrderedCommMonoidWithZero took 0.00105ms
typeclass inference of LinearOrderedCommMonoidWithZero took 0.00108ms
typeclass inference of LinearOrderedCommMonoidWithZero took 0.00166ms
typeclass inference of LinearOrderedCommMonoidWithZero took 0.00108ms
typeclass inference of LinearOrderedCommMonoidWithZero took 0.00115ms
typeclass inference of LinearOrderedCommMonoidWithZero took 0.00115ms
typeclass inference of LinearOrderedCommMonoidWithZero took 0.00103ms
typeclass inference of LinearOrderedCommMonoidWithZero took 0.0016ms
typeclass inference of LinearOrderedCommMonoidWithZero took 0.00111ms
typeclass inference of LinearOrderedCommMonoidWithZero took 0.00108ms
typeclass inference of LinearOrderedCommMonoidWithZero took 0.00171ms
typeclass inference of LinearOrderedCommMonoidWithZero took 0.00138ms
typeclass inference of LinearOrderedCommMonoidWithZero took 0.00106ms
typeclass inference of LinearOrderedCommMonoidWithZero took 0.00184ms
typeclass inference of LinearOrderedCommMonoidWithZero took 0.00113ms
typeclass inference of LinearOrderedCommMonoidWithZero took 0.00112ms
typeclass inference of LinearOrderedCommMonoidWithZero took 0.0011ms
typeclass inference of LinearOrderedCommMonoidWithZero took 0.00135ms
typeclass inference of LinearOrderedCommMonoidWithZero took 0.00107ms
typeclass inference of LinearOrderedCommMonoidWithZero took 0.00101ms
typeclass inference of LinearOrderedCommMonoidWithZero took 0.00124ms
typeclass inference of LinearOrderedCommMonoidWithZero took 0.00116ms
typeclass inference of LinearOrderedCommMonoidWithZero took 0.00101ms
typeclass inference of LinearOrderedCommMonoidWithZero took 0.00178ms
typeclass inference of LinearOrderedCommMonoidWithZero took 0.00113ms
typeclass inference of LinearOrderedCommMonoidWithZero took 0.00111ms
typeclass inference of LinearOrderedCommMonoidWithZero took 0.0011ms
typeclass inference of LinearOrderedCommMonoidWithZero took 0.00107ms
typeclass inference of LinearOrderedCommMonoidWithZero took 0.00107ms
typeclass inference of LinearOrderedCommMonoidWithZero took 0.000982ms
typeclass inference of LinearOrderedCommMonoidWithZero took 0.00188ms
typeclass inference of LinearOrderedCommMonoidWithZero took 0.00115ms
typeclass inference of LinearOrderedCommMonoidWithZero took 0.00114ms
typeclass inference of LinearOrderedCommMonoidWithZero took 0.0011ms
typeclass inference of LinearOrderedCommMonoidWithZero took 0.00106ms
typeclass inference of LinearOrderedCommMonoidWithZero took 0.00108ms
typeclass inference of LinearOrderedCommMonoidWithZero took 0.00172ms
typeclass inference of LinearOrderedCommMonoidWithZero took 0.0011ms
typeclass inference of LinearOrderedCommMonoidWithZero took 0.00112ms
typeclass inference of LinearOrderedCommMonoidWithZero took 0.00112ms
typeclass inference of LinearOrderedCommMonoidWithZero took 0.00106ms
typeclass inference of LinearOrderedCommMonoidWithZero took 0.00209ms
typeclass inference of LinearOrderedCommMonoidWithZero took 0.00114ms
typeclass inference of LinearOrderedCommMonoidWithZero took 0.00118ms
typeclass inference of LinearOrderedCommMonoidWithZero took 0.00107ms
typeclass inference of LinearOrderedCommMonoidWithZero took 0.00157ms
typeclass inference of LinearOrderedCommMonoidWithZero took 0.00112ms
typeclass inference of LinearOrderedCommMonoidWithZero took 0.00113ms
typeclass inference of NonUnitalNonAssocRing took 0.395ms
typeclass inference of NormedRing took 0.437ms
typeclass inference of NormedRing took 0.00409ms
typeclass inference of NormedRing took 0.00223ms
typeclass inference of NormedRing took 0.00229ms
typeclass inference of NormedRing took 0.0013ms
typeclass inference of NormedRing took 0.00121ms
typeclass inference of NormedRing took 0.00105ms
typeclass inference of NormedRing took 0.00109ms
typeclass inference of NormedRing took 0.00133ms
typeclass inference of NormedRing took 0.00161ms
typeclass inference of NormedRing took 0.0012ms
typeclass inference of NormedRing took 0.00115ms
typeclass inference of NormedRing took 0.00125ms
typeclass inference of NormedRing took 0.00297ms
typeclass inference of NormedRing took 0.00125ms
typeclass inference of NormedRing took 0.00118ms
typeclass inference of NormedRing took 0.0019ms
typeclass inference of NormedRing took 0.00152ms
typeclass inference of NormedRing took 0.00105ms
typeclass inference of NormedRing took 0.00109ms
typeclass inference of NormedRing took 0.00145ms
typeclass inference of NormedRing took 0.00196ms
typeclass inference of NormedRing took 0.00121ms
typeclass inference of NormedRing took 0.0012ms
typeclass inference of NormedRing took 0.00114ms
typeclass inference of NormedRing took 0.00118ms
typeclass inference of NormedRing took 0.00161ms
typeclass inference of NormedRing took 0.00107ms
typeclass inference of NormedRing took 0.00157ms
typeclass inference of NormedRing took 0.00114ms
typeclass inference of NormedRing took 0.00109ms
typeclass inference of NormedRing took 0.00107ms
typeclass inference of NormedRing took 0.00104ms
typeclass inference of NormedRing took 0.00187ms
typeclass inference of NormedRing took 0.00109ms
typeclass inference of NormedRing took 0.00113ms
typeclass inference of NormedRing took 0.00103ms
typeclass inference of NormedRing took 0.00149ms
typeclass inference of NormedRing took 0.00113ms
typeclass inference of NormedRing took 0.00116ms
typeclass inference of Semiring took 0.0108ms
typeclass inference of Semiring took 0.00844ms
typeclass inference of GroupWithZero took 1ms
typeclass inference of GroupWithZero took 0.00288ms
typeclass inference of GroupWithZero took 0.00216ms
typeclass inference of GroupWithZero took 0.0016ms
typeclass inference of GroupWithZero took 0.00147ms
typeclass inference of GroupWithZero took 0.00145ms
typeclass inference of GroupWithZero took 0.00101ms
typeclass inference of GroupWithZero took 0.00156ms
typeclass inference of GroupWithZero took 0.00116ms
typeclass inference of GroupWithZero took 0.00114ms
typeclass inference of GroupWithZero took 0.00105ms
typeclass inference of GroupWithZero took 0.00141ms
typeclass inference of GroupWithZero took 0.00198ms
typeclass inference of GroupWithZero took 0.00141ms
typeclass inference of MulZeroClass took 1.16ms
typeclass inference of Semiring took 0.00515ms
typeclass inference of CommMonoidWithZero took 0.00885ms
typeclass inference of CommMonoidWithZero took 0.00472ms
typeclass inference of LinearOrderedCommMonoidWithZero took 0.004ms
typeclass inference of LinearOrderedCommMonoidWithZero took 0.00199ms
typeclass inference of LinearOrderedCommMonoidWithZero took 0.00131ms
typeclass inference of LinearOrderedCommMonoidWithZero took 0.00127ms
typeclass inference of LinearOrderedCommMonoidWithZero took 0.00158ms
typeclass inference of LinearOrderedCommMonoidWithZero took 0.0013ms
typeclass inference of LinearOrderedCommMonoidWithZero took 0.00167ms
typeclass inference of LinearOrderedCommMonoidWithZero took 0.00123ms
typeclass inference of LinearOrderedCommMonoidWithZero took 0.00114ms
typeclass inference of LinearOrderedCommMonoidWithZero took 0.0011ms
typeclass inference of LinearOrderedCommMonoidWithZero took 0.00161ms
typeclass inference of LinearOrderedCommMonoidWithZero took 0.00106ms
typeclass inference of LinearOrderedCommMonoidWithZero took 0.00105ms
typeclass inference of NonUnitalNonAssocRing took 0.0112ms
typeclass inference of GroupWithZero took 0.00297ms
typeclass inference of GroupWithZero took 0.00161ms
typeclass inference of GroupWithZero took 0.00177ms
typeclass inference of GroupWithZero took 0.0012ms
typeclass inference of GroupWithZero took 0.00115ms
typeclass inference of GroupWithZero took 0.00111ms
typeclass inference of GroupWithZero took 0.00106ms
typeclass inference of GroupWithZero took 0.00154ms
typeclass inference of GroupWithZero took 0.00122ms
typeclass inference of GroupWithZero took 0.00113ms
typeclass inference of GroupWithZero took 0.00105ms
typeclass inference of GroupWithZero took 0.00142ms
typeclass inference of GroupWithZero took 0.00108ms
typeclass inference of GroupWithZero took 0.00113ms
typeclass inference of MulZeroClass took 0.00358ms
typeclass inference of GroupWithZero took 0.00244ms
typeclass inference of GroupWithZero took 0.0013ms
typeclass inference of GroupWithZero took 0.00215ms
typeclass inference of GroupWithZero took 0.00122ms
typeclass inference of GroupWithZero took 0.00121ms
typeclass inference of GroupWithZero took 0.00118ms
typeclass inference of GroupWithZero took 0.00112ms
typeclass inference of GroupWithZero took 0.00101ms
typeclass inference of GroupWithZero took 0.0015ms
typeclass inference of GroupWithZero took 0.00106ms
typeclass inference of GroupWithZero took 0.00108ms
typeclass inference of GroupWithZero took 0.00194ms
typeclass inference of GroupWithZero took 0.00113ms
typeclass inference of GroupWithZero took 0.00112ms
typeclass inference of GroupWithZero took 0.0016ms
typeclass inference of GroupWithZero took 0.00109ms
typeclass inference of GroupWithZero took 0.00104ms
typeclass inference of GroupWithZero took 0.00188ms
typeclass inference of GroupWithZero took 0.00117ms
typeclass inference of GroupWithZero took 0.00115ms
typeclass inference of GroupWithZero took 0.00113ms
typeclass inference of GroupWithZero took 0.00104ms
typeclass inference of GroupWithZero took 0.00152ms
typeclass inference of GroupWithZero took 0.00109ms
typeclass inference of GroupWithZero took 0.00108ms
typeclass inference of GroupWithZero took 0.00165ms
typeclass inference of GroupWithZero took 0.00111ms
typeclass inference of GroupWithZero took 0.00179ms
typeclass inference of GroupWithZero took 0.00111ms
typeclass inference of GroupWithZero took 0.00117ms
typeclass inference of GroupWithZero took 0.00109ms
typeclass inference of GroupWithZero took 0.00109ms
typeclass inference of GroupWithZero took 0.000982ms
typeclass inference of GroupWithZero took 0.0014ms
typeclass inference of GroupWithZero took 0.00106ms
typeclass inference of GroupWithZero took 0.00106ms
typeclass inference of GroupWithZero took 0.00206ms
typeclass inference of GroupWithZero took 0.00118ms
typeclass inference of GroupWithZero took 0.00119ms
typeclass inference of GroupWithZero took 0.00111ms
typeclass inference of GroupWithZero took 0.00124ms
typeclass inference of GroupWithZero took 0.000932ms
typeclass inference of GroupWithZero took 0.00171ms
typeclass inference of GroupWithZero took 0.00113ms
typeclass inference of GroupWithZero took 0.00116ms
typeclass inference of GroupWithZero took 0.00106ms
typeclass inference of GroupWithZero took 0.00107ms
typeclass inference of GroupWithZero took 0.00137ms
typeclass inference of GroupWithZero took 0.00115ms
typeclass inference of GroupWithZero took 0.00108ms
typeclass inference of GroupWithZero took 0.00143ms
typeclass inference of GroupWithZero took 0.00111ms
typeclass inference of GroupWithZero took 0.00107ms
typeclass inference of GroupWithZero took 0.00175ms
typeclass inference of GroupWithZero took 0.00116ms
typeclass inference of GroupWithZero took 0.00116ms
typeclass inference of GroupWithZero took 0.00108ms
typeclass inference of GroupWithZero took 0.00109ms
typeclass inference of GroupWithZero took 0.00101ms
typeclass inference of GroupWithZero took 0.004ms
typeclass inference of GroupWithZero took 0.00128ms
typeclass inference of GroupWithZero took 0.00114ms
typeclass inference of GroupWithZero took 0.00111ms
typeclass inference of GroupWithZero took 0.00107ms
typeclass inference of GroupWithZero took 0.00156ms
typeclass inference of GroupWithZero took 0.0011ms
typeclass inference of GroupWithZero took 0.00113ms
typeclass inference of GroupWithZero took 0.00101ms
typeclass inference of GroupWithZero took 0.00148ms
typeclass inference of GroupWithZero took 0.00109ms
typeclass inference of GroupWithZero took 0.00107ms
typeclass inference of CommMonoidWithZero took 0.00431ms
typeclass inference of LinearOrderedCommMonoidWithZero took 0.00257ms
typeclass inference of LinearOrderedCommMonoidWithZero took 0.00209ms
typeclass inference of LinearOrderedCommMonoidWithZero took 0.00124ms
typeclass inference of LinearOrderedCommMonoidWithZero took 0.00113ms
typeclass inference of LinearOrderedCommMonoidWithZero took 0.00111ms
typeclass inference of LinearOrderedCommMonoidWithZero took 0.00124ms
typeclass inference of LinearOrderedCommMonoidWithZero took 0.00174ms
typeclass inference of LinearOrderedCommMonoidWithZero took 0.00113ms
typeclass inference of LinearOrderedCommMonoidWithZero took 0.00116ms
typeclass inference of LinearOrderedCommMonoidWithZero took 0.00154ms
typeclass inference of LinearOrderedCommMonoidWithZero took 0.00148ms
typeclass inference of LinearOrderedCommMonoidWithZero took 0.00113ms
typeclass inference of LinearOrderedCommMonoidWithZero took 0.00107ms
typeclass inference of NonUnitalNonAssocRing took 0.00561ms
typeclass inference of GroupWithZero took 0.00265ms
typeclass inference of GroupWithZero took 0.00137ms
typeclass inference of GroupWithZero took 0.00251ms
typeclass inference of GroupWithZero took 0.00182ms
typeclass inference of GroupWithZero took 0.00171ms
typeclass inference of GroupWithZero took 0.00176ms
typeclass inference of GroupWithZero took 0.00107ms
typeclass inference of GroupWithZero took 0.00169ms
typeclass inference of GroupWithZero took 0.00134ms
typeclass inference of GroupWithZero took 0.00114ms
typeclass inference of GroupWithZero took 0.00124ms
typeclass inference of GroupWithZero took 0.00141ms
typeclass inference of GroupWithZero took 0.00112ms
typeclass inference of GroupWithZero took 0.00115ms
sym typeclass inference of Lean.Grind.NoNatZeroDivisors took 62.1ms
sym typeclass inference of Lean.Grind.Field took 0.721ms
typeclass inference of Lean.Grind.CommSemiring took 0.93ms
typeclass inference of Field took 0.00277ms
typeclass inference of Field took 0.0126ms
typeclass inference of Field took 0.0013ms
typeclass inference of Field took 0.00126ms
typeclass inference of Field took 0.00254ms
typeclass inference of Field took 0.00116ms
typeclass inference of Field took 0.00112ms
typeclass inference of Field took 0.00111ms
typeclass inference of Field took 0.00119ms
typeclass inference of Field took 0.00102ms
typeclass inference of Field took 0.00158ms
typeclass inference of Field took 0.00111ms
typeclass inference of Field took 0.00202ms
typeclass inference of Field took 0.00116ms
typeclass inference of Field took 0.00116ms
typeclass inference of Field took 0.00117ms
typeclass inference of Field took 0.00207ms
typeclass inference of Field took 0.00104ms
typeclass inference of Field took 0.00104ms
typeclass inference of Field took 0.00107ms
typeclass inference of Field took 0.000971ms
typeclass inference of Field took 0.00227ms
typeclass inference of Field took 0.00124ms
typeclass inference of Field took 0.00113ms
typeclass inference of Field took 0.00142ms
typeclass inference of Field took 0.00115ms
typeclass inference of Field took 0.00136ms
typeclass inference of Field took 0.00109ms
typeclass inference of Field took 0.00142ms
typeclass inference of Field took 0.00162ms
typeclass inference of Field took 0.00111ms
typeclass inference of Field took 0.00104ms
typeclass inference of Field took 0.00114ms
typeclass inference of Field took 0.00101ms
typeclass inference of Field took 0.000991ms
typeclass inference of Field took 0.000952ms
typeclass inference of Field took 0.002ms
typeclass inference of Field took 0.00114ms
typeclass inference of Field took 0.00421ms
typeclass inference of Field took 0.00115ms
typeclass inference of Field took 0.00109ms
typeclass inference of Field took 0.00105ms
typeclass inference of Field took 0.00108ms
typeclass inference of Field took 0.00102ms
typeclass inference of Field took 0.000982ms
typeclass inference of Field took 0.00201ms
typeclass inference of Field took 0.00123ms
typeclass inference of Field took 0.00116ms
typeclass inference of Field took 0.00111ms
typeclass inference of Field took 0.00102ms
typeclass inference of Field took 0.00104ms
typeclass inference of Field took 0.00104ms
typeclass inference of Field took 0.00105ms
typeclass inference of Field took 0.00203ms
typeclass inference of Field took 0.00113ms
typeclass inference of Field took 0.00112ms
typeclass inference of Field took 0.00112ms
typeclass inference of Field took 0.00104ms
typeclass inference of Field took 0.00108ms
typeclass inference of Field took 0.00106ms
typeclass inference of Field took 0.00203ms
typeclass inference of Field took 0.00108ms
typeclass inference of Field took 0.00135ms
typeclass inference of Field took 0.00151ms
typeclass inference of Field took 0.00104ms
typeclass inference of Field took 0.000992ms
typeclass inference of Field took 0.00251ms
typeclass inference of Field took 0.00135ms
typeclass inference of Field took 0.00139ms
typeclass inference of Field took 0.00107ms
typeclass inference of Field took 0.00107ms
typeclass inference of Field took 0.00158ms
typeclass inference of Field took 0.00122ms
typeclass inference of Field took 0.00112ms
typeclass inference of Field took 0.00101ms
typeclass inference of Field took 0.00135ms
typeclass inference of Field took 0.0011ms
typeclass inference of Field took 0.00105ms
typeclass inference of Field took 0.00226ms
typeclass inference of Field took 0.00225ms
typeclass inference of Field took 0.00126ms
typeclass inference of Field took 0.00112ms
typeclass inference of Field took 0.00149ms
typeclass inference of Field took 0.00121ms
typeclass inference of Field took 0.0011ms
typeclass inference of Field took 0.0011ms
typeclass inference of Field took 0.00104ms
typeclass inference of Field took 0.00112ms
typeclass inference of Field took 0.00203ms
typeclass inference of Field took 0.00141ms
typeclass inference of Field took 0.00234ms
typeclass inference of Field took 0.00141ms
typeclass inference of Field took 0.00122ms
typeclass inference of Field took 0.00112ms
typeclass inference of Field took 0.00111ms
typeclass inference of Field took 0.0011ms
typeclass inference of Field took 0.00112ms
typeclass inference of Field took 0.00119ms
typeclass inference of Field took 0.00104ms
typeclass inference of Field took 0.00224ms
typeclass inference of Field took 0.00115ms
typeclass inference of Field took 0.00113ms
typeclass inference of Field took 0.0011ms
typeclass inference of Field took 0.00107ms
typeclass inference of Field took 0.00105ms
typeclass inference of Field took 0.00108ms
typeclass inference of Field took 0.00104ms
typeclass inference of Field took 0.00212ms
typeclass inference of Field took 0.00123ms
typeclass inference of Field took 0.00108ms
typeclass inference of Field took 0.00104ms
typeclass inference of Field took 0.00116ms
typeclass inference of Field took 0.00106ms
typeclass inference of Field took 0.001ms
typeclass inference of Field took 0.00226ms
typeclass inference of Field took 0.00119ms
typeclass inference of Field took 0.00115ms
typeclass inference of Field took 0.00112ms
typeclass inference of Field took 0.00111ms
typeclass inference of Field took 0.00108ms
typeclass inference of Field took 0.00107ms
typeclass inference of Field took 0.00106ms
typeclass inference of Field took 0.00112ms
typeclass inference of Field took 0.00769ms
typeclass inference of Field took 0.0049ms
typeclass inference of Field took 0.00154ms
typeclass inference of Field took 0.00127ms
typeclass inference of Field took 0.00114ms
typeclass inference of Field took 0.0011ms
typeclass inference of Field took 0.00111ms
typeclass inference of Field took 0.0011ms
typeclass inference of Field took 0.00195ms
typeclass inference of Field took 0.00137ms
typeclass inference of Field took 0.00115ms
typeclass inference of Field took 0.00109ms
typeclass inference of Field took 0.00111ms
typeclass inference of Field took 0.00109ms
typeclass inference of Field took 0.00189ms
typeclass inference of Field took 0.00245ms
typeclass inference of Field took 0.00137ms
typeclass inference of Field took 0.00138ms
typeclass inference of Field took 0.00179ms
typeclass inference of Field took 0.00142ms
typeclass inference of Field took 0.00108ms
typeclass inference of Field took 0.00193ms
typeclass inference of Field took 0.0011ms
typeclass inference of Field took 0.00113ms
typeclass inference of Field took 0.00107ms
typeclass inference of Field took 0.00103ms
typeclass inference of Field took 0.00154ms
typeclass inference of Field took 0.00141ms
typeclass inference of Field took 0.00113ms
typeclass inference of Field took 0.00108ms
typeclass inference of Field took 0.0014ms
typeclass inference of Field took 0.00111ms
typeclass inference of Field took 0.00112ms
sym typeclass inference of Lean.Grind.PowIdentity took 15.4ms
sym typeclass inference of HSub took 0.0156ms
sym canon took 0.0273ms
sym typeclass inference of HMul took 0.00841ms
sym canon took 0.0162ms
sym typeclass inference of Lean.Grind.ToInt took 0.0841ms
sym typeclass inference of LE took 3.77ms
sym typeclass inference of LT took 2.45ms
sym typeclass inference of LE took 0.00274ms
congr simp thm took 0.00203ms
congr simp thm took 0.00039ms
congr simp thm took 0.00029ms
congr simp thm took 0.000371ms
congr simp thm took 0.00425ms
grind simp took 0.438ms
grind mark subsingleton took 0.141ms
typeclass inference of CategoryTheory.CartesianMonoidalCategory took 0.0658ms
typeclass inference of CategoryTheory.CartesianMonoidalCategory took 0.00461ms
sym typeclass inference of HPow took 2.27ms
sym typeclass inference of OfNat took 0.847ms
sym typeclass inference of OfNat took 0.0412ms
sym canon took 0.184ms
grind mark subsingleton took 0.00233ms
sym canon took 0.000481ms
grind mark subsingleton took 0.000711ms
sym canon took 0.000261ms
grind mark subsingleton took 0.000491ms
sym canon took 0.000151ms
grind mark subsingleton took 0.021ms
sym typeclass inference of Pow took 0.168ms
sym canon took 0.213ms
grind mark subsingleton took 0.00143ms
sym canon took 0.000461ms
grind mark subsingleton took 0.000591ms
sym canon took 0.000211ms
grind mark subsingleton took 0.000381ms
sym canon took 0.00015ms
grind mark subsingleton took 0.00538ms
sym canon took 0.000381ms
sym typeclass inference of Lean.Grind.CommRing took 0.875ms
sym typeclass inference of Lean.Grind.CommSemiring took 0.0362ms
sym typeclass inference of Lean.Grind.Semiring took 0.103ms
sym canon took 0.0265ms
typeclass inference of Lean.Grind.CommSemiring took 0.0214ms
sym typeclass inference of Lean.Grind.CommRing took 0.122ms
sym typeclass inference of Lean.Grind.IsCharP took 0.648ms
typeclass inference of Lean.Grind.CommSemiring took 0.00624ms
sym typeclass inference of Lean.Grind.NatModule took 5.1ms
sym typeclass inference of Lean.Grind.NoNatZeroDivisors took 0.364ms
sym typeclass inference of Lean.Grind.Field took 0.296ms
typeclass inference of Lean.Grind.CommSemiring took 0.0198ms
typeclass inference of Lean.Grind.CommSemiring took 0.116ms
typeclass inference of Field took 0.272ms
typeclass inference of Field took 0.00236ms
typeclass inference of Field took 0.00139ms
typeclass inference of Field took 0.00108ms
typeclass inference of Field took 0.0023ms
typeclass inference of Field took 0.00149ms
typeclass inference of Field took 0.00122ms
typeclass inference of Field took 0.00101ms
sym typeclass inference of Lean.Grind.PowIdentity took 1.16ms
sym typeclass inference of Lean.Grind.CommRing took 0.0418ms
sym typeclass inference of Lean.Grind.IsCharP took 0.143ms
sym typeclass inference of Lean.Grind.NatModule took 0.106ms
sym typeclass inference of Lean.Grind.NoNatZeroDivisors took 0.7ms
sym typeclass inference of Lean.Grind.Field took 0.326ms
typeclass inference of Lean.Grind.CommSemiring took 0.0746ms
typeclass inference of Field took 0.305ms
typeclass inference of Field took 0.00269ms
typeclass inference of Field took 0.00159ms
typeclass inference of Field took 0.00206ms
typeclass inference of Field took 0.0016ms
typeclass inference of Field took 0.00112ms
sym typeclass inference of Lean.Grind.PowIdentity took 0.888ms
sym typeclass inference of NatCast took 0.0329ms
sym typeclass inference of NatCast took 0.00315ms
sym canon took 0.0199ms
sym typeclass inference of LE took 0.00036ms
typeclass inference of Preorder took 0.996ms
typeclass inference of Std.IsPreorder took 0.329ms
typeclass inference of PartialOrder took 0.765ms
typeclass inference of Std.IsPartialOrder took 0.123ms
typeclass inference of Std.LinearPreorderPackage took 0.0491ms
typeclass inference of Std.LinearPreorderPackage took 0.00229ms
typeclass inference of Std.LinearPreorderPackage took 0.00151ms
typeclass inference of Std.IsLinearPreorder took 0.267ms
sym typeclass inference of LT took 0.000351ms
sym typeclass inference of LE took 0.00023ms
sym canon took 0.0131ms
typeclass inference of Std.LawfulOrderLT took 0.038ms
sym typeclass inference of LT took 0.00022ms
sym canon took 0.0128ms
sym typeclass inference of Lean.Grind.OrderedRing took 0.0905ms
typeclass inference of OfNat took 0.0466ms
typeclass inference of OfNat took 0.031ms
sym typeclass inference of HAdd took 0.000191ms
sym typeclass inference of HAdd took 0.00019ms
sym canon took 0.0173ms
typeclass inference of OfNat took 0.003ms
sym typeclass inference of IntCast took 0.0285ms
sym typeclass inference of IntCast took 0.00272ms
sym canon took 0.0185ms
typeclass inference of OfNat took 0.00462ms
typeclass inference of OfNat took 0.0464ms
typeclass inference of OfNat took 0.00232ms
sym typeclass inference of HPow took 0.00416ms
sym canon took 0.00983ms
congr simp thm took 0.00468ms
congr simp thm took 0.00332ms
congr simp thm took 0.000672ms
congr simp thm took 0.000811ms
grind simp took 0.497ms
grind mark subsingleton took 0.0199ms
sym typeclass inference of LE took 0.000471ms
sym typeclass inference of OfNat took 0.0605ms
sym canon took 0.105ms
typeclass inference of OfNat took 0.0633ms
typeclass inference of OfNat took 0.0409ms
typeclass inference of OfNat took 0.00393ms
typeclass inference of OfNat took 0.00156ms
congr simp thm took 0.0155ms
congr simp thm took 0.000351ms
congr simp thm took 0.00105ms
congr simp thm took 0.000872ms
congr simp thm took 0.0172ms
typeclass inference of Decidable took 0.342ms
congr simp thm took 0.000671ms
grind simp took 1.73ms
grind mark subsingleton took 0.0176ms
sym typeclass inference of OfNat took 0.057ms
sym canon took 0.114ms
typeclass inference of OfNat took 0.0539ms
typeclass inference of OfNat took 0.0541ms
typeclass inference of OfNat took 0.00267ms
typeclass inference of OfNat took 0.00161ms
congr simp thm took 0.000571ms
congr simp thm took 0.00022ms
congr simp thm took 0.000571ms
congr simp thm took 0.000301ms
typeclass inference of Decidable took 0.131ms
congr simp thm took 0.000631ms
grind simp took 0.375ms
grind mark subsingleton took 0.016ms
sym canon took 0.0933ms
typeclass inference of OfNat took 0.061ms
typeclass inference of OfNat took 0.0483ms
typeclass inference of OfNat took 0.00232ms
typeclass inference of OfNat took 0.00148ms
congr simp thm took 0.000581ms
congr simp thm took 0.00026ms
congr simp thm took 0.000601ms
congr simp thm took 0.000291ms
typeclass inference of Decidable took 0.106ms
congr simp thm took 0.000571ms
grind simp took 0.301ms
grind mark subsingleton took 0.0213ms
sym typeclass inference of OfNat took 0.0612ms
sym canon took 0.0816ms
typeclass inference of OfNat took 0.0463ms
typeclass inference of OfNat took 0.0334ms
typeclass inference of OfNat took 0.00222ms
typeclass inference of OfNat took 0.00149ms
congr simp thm took 0.000772ms
grind simp took 0.14ms
grind mark subsingleton took 0.0252ms
sym typeclass inference of OfNat took 0.045ms
sym canon took 0.0231ms
typeclass inference of OfNat took 0.0484ms
typeclass inference of OfNat took 0.0333ms
typeclass inference of OfNat took 0.00213ms
congr simp thm took 0.000681ms
grind simp took 0.128ms
grind mark subsingleton took 0.0291ms
sym canon took 0.0602ms
congr simp thm took 0.000741ms
congr simp thm took 0.000431ms
grind simp took 0.189ms
grind mark subsingleton took 0.143ms
sym typeclass inference of HAdd took 1.43ms
sym canon took 0.199ms
sym typeclass inference of HAdd took 0.00482ms
sym canon took 0.00688ms
congr simp thm took 0.000691ms
congr simp thm took 0.000642ms
congr simp thm took 0.000331ms
congr simp thm took 0.000641ms
grind simp took 0.308ms
grind mark subsingleton took 0.0129ms
sym typeclass inference of OfNat took 0.0491ms
sym canon took 0.0227ms
typeclass inference of OfNat took 0.0512ms
typeclass inference of OfNat took 0.0346ms
typeclass inference of OfNat took 0.00242ms
congr simp thm took 0.000801ms
congr simp thm took 0.000371ms
congr simp thm took 0.000581ms
grind simp took 0.254ms
grind mark subsingleton took 0.0853ms
sym typeclass inference of OfNat took 0.0463ms
sym canon took 0.0799ms
typeclass inference of OfNat took 0.0536ms
typeclass inference of OfNat took 0.0331ms
typeclass inference of OfNat took 0.00227ms
congr simp thm took 0.000711ms
congr simp thm took 0.000441ms
congr simp thm took 0.000441ms
congr simp thm took 0.000651ms
congr simp thm took 0.00033ms
congr simp thm took 0.000351ms
grind simp took 0.343ms
grind mark subsingleton took 0.0367ms
sym typeclass inference of HAdd took 0.000311ms
sym typeclass inference of HMul took 0.00013ms
sym typeclass inference of OfNat took 0.0461ms
sym canon took 0.0605ms
sym typeclass inference of HMul took 0.000401ms
sym typeclass inference of HMul took 0.000261ms
sym canon took 0.0132ms
typeclass inference of OfNat took 0.0448ms
typeclass inference of OfNat took 0.00245ms
typeclass inference of OfNat took 0.0507ms
typeclass inference of OfNat took 0.00197ms
congr simp thm took 0.000782ms
congr simp thm took 0.0003ms
congr simp thm took 0.000371ms
congr simp thm took 0.00132ms
congr simp thm took 0.000601ms
congr simp thm took 0.000361ms
grind simp took 0.466ms
grind mark subsingleton took 0.103ms
sym canon took 0.0738ms
sym typeclass inference of HMul took 0.00045ms
sym canon took 0.00622ms
congr simp thm took 0.00438ms
congr simp thm took 0.000501ms
congr simp thm took 0.000361ms
congr simp thm took 0.000441ms
congr simp thm took 0.000401ms
congr simp thm took 0.00029ms
congr simp thm took 0.0003ms
congr simp thm took 0.000612ms
congr simp thm took 0.00028ms
congr simp thm took 0.00022ms
congr simp thm took 0.000291ms
congr simp thm took 0.000762ms
congr simp thm took 0.000361ms
congr simp thm took 0.00032ms
grind simp took 0.703ms
grind mark subsingleton took 0.0425ms
sym canon took 0.023ms
typeclass inference of OfNat took 0.0529ms
typeclass inference of OfNat took 0.00286ms
typeclass inference of OfNat took 0.00165ms
typeclass inference of OfNat took 0.0014ms
grind ring took 0.0527ms
grind cutsat took 0.156ms
grind took 11.4ms
instantiate metavars took 0.0206ms
tactic execution of Lean.Parser.Tactic.grind took 1.4ms
tactic execution of Lean.Parser.Tactic.tacticSeq1Indented took 0.0108ms
tactic execution of Lean.Parser.Tactic.tacticSeq took 0.00498ms
tactic execution of Lean.Parser.Tactic.paren took 0.00443ms
tactic execution of Lean.Parser.Tactic.withAnnotateState took 0.00656ms
tactic execution of Lean.Parser.Tactic.tacticSeq1Indented took 0.00496ms
tactic execution of Lean.Parser.Tactic.tacticSeq took 0.00399ms
tactic execution of Lean.Parser.Tactic.case took 0.0997ms
tactic execution of Lean.Parser.Tactic.tacticSeq1Indented took 0.0125ms
tactic execution of Lean.Parser.Tactic.tacticSeq took 0.00404ms
tactic execution of Lean.Parser.Tactic.focus took 0.00633ms
tactic execution of Lean.Parser.Tactic.tacticHave__ took 0.0261ms
typeclass inference of OfNat took 1.53ms
typeclass inference of OfNat took 0.119ms
typeclass inference of OfNat took 0.0536ms
typeclass inference of HAdd took 1.32ms
typeclass inference of HMul took 1.05ms
typeclass inference of HPow took 0.186ms
typeclass inference of HMul took 0.0965ms
typeclass inference of HAdd took 0.0874ms
typeclass inference of OfNat took 0.0962ms
typeclass inference of HPow took 0.153ms
typeclass inference of HMul took 0.0638ms
typeclass inference of HAdd took 0.0573ms
typeclass inference of OfNat took 0.0845ms
typeclass inference of OfNat took 0.114ms
typeclass inference of OfNat took 0.067ms
typeclass inference of HPow took 0.155ms
typeclass inference of HMul took 0.0797ms
typeclass inference of HAdd took 0.0651ms
typeclass inference of OfNat took 0.0612ms
typeclass inference of OfNat took 0.0405ms
typeclass inference of HAdd took 0.15ms
typeclass inference of HMul took 0.133ms
typeclass inference of HPow took 0.159ms
typeclass inference of HMul took 0.0694ms
typeclass inference of HAdd took 0.0524ms
typeclass inference of OfNat took 0.0488ms
typeclass inference of HPow took 0.119ms
typeclass inference of HMul took 0.0573ms
typeclass inference of HAdd took 0.0556ms
typeclass inference of OfNat took 0.0394ms
typeclass inference of OfNat took 0.0478ms
typeclass inference of HPow took 0.118ms
typeclass inference of HMul took 0.0514ms
typeclass inference of HAdd took 0.0466ms
typeclass inference of OfNat took 0.0476ms
typeclass inference of HPow took 0.137ms
typeclass inference of HMul took 0.0555ms
typeclass inference of HAdd took 0.0507ms
typeclass inference of OfNat took 0.0414ms
typeclass inference of HPow took 0.111ms
typeclass inference of HMul took 0.0504ms
typeclass inference of HAdd took 0.046ms
typeclass inference of OfNat took 0.0484ms
typeclass inference of HPow took 0.11ms
typeclass inference of HMul took 0.0548ms
typeclass inference of HAdd took 0.0478ms
typeclass inference of OfNat took 0.0405ms
typeclass inference of HPow took 0.109ms
typeclass inference of HMul took 0.051ms
typeclass inference of HAdd took 0.046ms
typeclass inference of OfNat took 0.0384ms
typeclass inference of HPow took 0.117ms
typeclass inference of HMul took 0.0795ms
typeclass inference of HAdd took 0.0607ms
typeclass inference of OfNat took 0.0517ms
typeclass inference of HPow took 0.12ms
typeclass inference of HMul took 0.0537ms
typeclass inference of HAdd took 0.0454ms
typeclass inference of Pow took 0.0425ms
typeclass inference of CategoryTheory.CartesianMonoidalCategory took 0.0531ms
typeclass inference of CategoryTheory.CartesianMonoidalCategory took 0.00463ms
typeclass inference of NPow took 1.9ms
typeclass inference of OfNat took 0.0414ms
typeclass inference of HMul took 0.816ms
typeclass inference of HAdd took 0.00321ms
typeclass inference of OfNat took 0.0549ms
typeclass inference of HPow took 0.125ms
typeclass inference of HMul took 0.0735ms
typeclass inference of HAdd took 0.0475ms
typeclass inference of OfNat took 0.0407ms
typeclass inference of HPow took 0.113ms
typeclass inference of HMul took 0.0512ms
typeclass inference of HAdd took 0.0461ms
typeclass inference of OfNat took 0.0389ms
typeclass inference of HPow took 0.11ms
typeclass inference of HMul took 0.0496ms
typeclass inference of HAdd took 0.0514ms
typeclass inference of Pow took 0.0404ms
typeclass inference of NPow took 0.0838ms
typeclass inference of OfNat took 0.00357ms
typeclass inference of HMul took 0.145ms
typeclass inference of HAdd took 0.00297ms
tactic execution of Lean.Parser.Tactic.refine took 2.45ms
tactic execution of Lean.Parser.Tactic.rewriteSeq took 0.194ms
tactic execution of Lean.Parser.Tactic.exact took 0.131ms
tactic execution of Lean.Parser.Tactic.exact took 0.108ms
tactic execution of Lean.Parser.Tactic.eqRefl took 0.0102ms
tactic execution of Lean.Parser.Tactic.applyRfl took 0.0317ms
tactic execution of Lean.Parser.Tactic.tacticRfl took 0.0538ms
tactic execution of Lean.Parser.Tactic.tacticSeq1Indented took 0.00961ms
tactic execution of Lean.Parser.Tactic.tacticSeq took 0.00705ms
tactic execution of Lean.Parser.Tactic.withReducible took 0.0159ms
tactic execution of Lean.Parser.Tactic.tacticSeq1Indented took 0.00485ms
tactic execution of Lean.Parser.Tactic.tacticSeq took 0.00397ms
tactic execution of Lean.Parser.Tactic.paren took 0.00439ms
tactic execution of Lean.Parser.Tactic.tacticSeq1Indented took 0.00415ms
tactic execution of Lean.Parser.Tactic.tacticSeq took 0.00502ms
tactic execution of Lean.Parser.Tactic.skip took 0.00301ms
tactic execution of Lean.Parser.Tactic.tacticSeq1Indented took 0.00444ms
tactic execution of Lean.Parser.Tactic.tacticSeq took 0.00409ms
tactic execution of Lean.Parser.Tactic.first took 0.00969ms
tactic execution of Lean.Parser.Tactic.tacticTry_ took 0.00832ms
tactic execution of Lean.Parser.Tactic.tacticSeq1Indented took 0.00458ms
tactic execution of Lean.Parser.Tactic.tacticSeq took 0.00508ms
tactic execution of Lean.Parser.Tactic.paren took 0.00433ms
tactic execution of Lean.Parser.Tactic.withAnnotateState took 0.00943ms
tactic execution of Lean.Parser.Tactic.tacticSeq1Indented took 0.018ms
tactic execution of Lean.Parser.Tactic.tacticSeq took 0.00853ms
tactic execution of Lean.Parser.Tactic.paren took 0.00699ms
tactic execution of Lean.Parser.Tactic.rwSeq took 0.0185ms
tactic execution of Lean.Parser.Tactic.exact took 0.0538ms
tactic execution of Lean.Parser.Tactic.tacticSeq1Indented took 0.0192ms
tactic execution of Lean.Parser.Tactic.tacticSeq took 0.021ms
tactic execution of Lean.Parser.Tactic.rewriteSeq took 2.91ms
tactic execution of Lean.Parser.Tactic.exact took 0.0941ms
tactic execution of Lean.Parser.Tactic.exact took 0.0822ms
tactic execution of Lean.Parser.Tactic.eqRefl took 0.0106ms
tactic execution of Lean.Parser.Tactic.tacticRfl took 0.0293ms
tactic execution of Lean.Parser.Tactic.tacticSeq1Indented took 0.00402ms
tactic execution of Lean.Parser.Tactic.tacticSeq took 0.00293ms
tactic execution of Lean.Parser.Tactic.withReducible took 0.00326ms
tactic execution of Lean.Parser.Tactic.tacticSeq1Indented took 0.00299ms
tactic execution of Lean.Parser.Tactic.tacticSeq took 0.00298ms
tactic execution of Lean.Parser.Tactic.paren took 0.00269ms
tactic execution of Lean.Parser.Tactic.tacticSeq1Indented took 0.00267ms
tactic execution of Lean.Parser.Tactic.tacticSeq took 0.00237ms
tactic execution of Lean.Parser.Tactic.first took 0.0034ms
tactic execution of Lean.Parser.Tactic.tacticTry_ took 0.00491ms
tactic execution of Lean.Parser.Tactic.tacticSeq1Indented took 0.00346ms
tactic execution of Lean.Parser.Tactic.tacticSeq took 0.00281ms
tactic execution of Lean.Parser.Tactic.paren took 0.00335ms
tactic execution of Lean.Parser.Tactic.withAnnotateState took 0.0123ms
tactic execution of Lean.Parser.Tactic.tacticSeq1Indented took 0.0121ms
tactic execution of Lean.Parser.Tactic.tacticSeq took 0.00469ms
tactic execution of Lean.Parser.Tactic.paren took 0.00477ms
tactic execution of Lean.Parser.Tactic.rwSeq took 0.0176ms
tactic execution of Lean.Parser.Tactic.tacticSeq1Indented took 0.00514ms
tactic execution of Lean.Parser.Tactic.tacticSeq took 0.00479ms
tactic execution of Lean.Parser.Tactic.paren took 0.00441ms
tactic execution of Lean.Parser.Tactic.withAnnotateState took 0.00727ms
tactic execution of Lean.Parser.Tactic.tacticSeq1Indented took 0.00629ms
tactic execution of Lean.Parser.Tactic.tacticSeq took 0.00568ms
tactic execution of Lean.Parser.Tactic.case took 0.178ms
tactic execution of Lean.Parser.Tactic.tacticSeq1Indented took 0.0175ms
tactic execution of Lean.Parser.Tactic.tacticSeq took 0.00589ms
tactic execution of Lean.Parser.Tactic.focus took 0.0103ms
tactic execution of Lean.Parser.Tactic.tacticHave__ took 0.044ms
typeclass inference of OfNat took 0.123ms
typeclass inference of OfNat took 0.0553ms
typeclass inference of OfNat took 0.0504ms
typeclass inference of OfNat took 0.0444ms
typeclass inference of OfNat took 0.0364ms
typeclass inference of OfNat took 0.0334ms
typeclass inference of OfNat took 0.0314ms
typeclass inference of OfNat took 0.0309ms
typeclass inference of HMul took 0.154ms
typeclass inference of HMul took 0.00376ms
typeclass inference of HMul took 0.145ms
typeclass inference of HPow took 0.19ms
typeclass inference of HPow took 0.167ms
typeclass inference of HMul took 0.0658ms
typeclass inference of LT took 0.0292ms
typeclass inference of OfNat took 0.0404ms
typeclass inference of OfNat took 0.0494ms
typeclass inference of OfNat took 0.00307ms
typeclass inference of OfNat took 0.0549ms
typeclass inference of HPow took 0.12ms
typeclass inference of HPow took 0.112ms
typeclass inference of HMul took 0.0487ms
typeclass inference of OfNat took 0.0414ms
typeclass inference of OfNat took 0.0335ms
typeclass inference of HPow took 0.108ms
typeclass inference of HPow took 0.111ms
typeclass inference of HMul took 0.0459ms
typeclass inference of OfNat took 0.0408ms
typeclass inference of OfNat took 0.0325ms
typeclass inference of HPow took 0.109ms
typeclass inference of HPow took 0.111ms
typeclass inference of HMul took 0.0562ms
typeclass inference of OfNat took 0.039ms
typeclass inference of OfNat took 0.0327ms
typeclass inference of HPow took 0.115ms
typeclass inference of HPow took 0.106ms
typeclass inference of HMul took 0.0476ms
typeclass inference of Pow took 0.0398ms
typeclass inference of NPow took 0.0956ms
typeclass inference of OfNat took 0.0369ms
typeclass inference of OfNat took 0.0423ms
typeclass inference of HPow took 0.136ms
typeclass inference of HMul took 0.0555ms
typeclass inference of OfNat took 0.0498ms
typeclass inference of HPow took 0.109ms
typeclass inference of HMul took 0.0505ms
typeclass inference of OfNat took 0.0385ms
typeclass inference of HPow took 0.106ms
typeclass inference of HMul took 0.0503ms
typeclass inference of Pow took 0.0376ms
typeclass inference of NPow took 0.00304ms
typeclass inference of OfNat took 0.0382ms
typeclass inference of HMul took 0.00286ms
typeclass inference of OfNat took 0.0665ms
typeclass inference of OfNat took 0.0462ms
typeclass inference of OfNat took 0.0494ms
typeclass inference of OfNat took 0.0369ms
typeclass inference of HMul took 0.00373ms
typeclass inference of HMul took 0.00217ms
typeclass inference of HMul took 0.0336ms
typeclass inference of HPow took 0.155ms
typeclass inference of HMul took 0.076ms
typeclass inference of LE took 0.0339ms
typeclass inference of OfNat took 0.00407ms
typeclass inference of OfNat took 0.0575ms
typeclass inference of HPow took 0.126ms
typeclass inference of HMul took 0.054ms
typeclass inference of OfNat took 0.041ms
typeclass inference of HPow took 0.11ms
typeclass inference of HMul took 0.0505ms
typeclass inference of OfNat took 0.0587ms
typeclass inference of OfNat took 0.0473ms
typeclass inference of OfNat took 0.0569ms
typeclass inference of OfNat took 0.05ms
typeclass inference of OfNat took 0.0377ms
typeclass inference of OfNat took 0.0318ms
typeclass inference of OfNat took 0.0314ms
typeclass inference of OfNat took 0.0314ms
typeclass inference of HMul took 0.00367ms
typeclass inference of HPow took 0.138ms
typeclass inference of HPow took 0.127ms
typeclass inference of HMul took 0.0534ms
typeclass inference of LT took 0.00333ms
typeclass inference of OfNat took 0.00317ms
typeclass inference of OfNat took 0.0506ms
typeclass inference of OfNat took 0.00296ms
typeclass inference of OfNat took 0.0434ms
typeclass inference of HPow took 0.121ms
typeclass inference of HPow took 0.115ms
typeclass inference of HMul took 0.0477ms
typeclass inference of OfNat took 0.0397ms
typeclass inference of OfNat took 0.0331ms
typeclass inference of HPow took 0.11ms
typeclass inference of HPow took 0.108ms
typeclass inference of HMul took 0.0461ms
typeclass inference of OfNat took 0.00546ms
typeclass inference of HPow took 0.284ms
typeclass inference of HMul took 0.00295ms
typeclass inference of OfNat took 0.0022ms
typeclass inference of OfNat took 0.00171ms
typeclass inference of HPow took 0.00186ms
typeclass inference of HPow took 0.00139ms
typeclass inference of HMul took 0.00161ms
typeclass inference of Trans took 0.21ms
typeclass inference of LE took 0.206ms
typeclass inference of LE took 0.0663ms
typeclass inference of Zero took 0.116ms
typeclass inference of PartialOrder took 0.0468ms
typeclass inference of Ring took 0.934ms
typeclass inference of AddMonoidWithOne took 0.035ms
norm_num took 0.269ms
typeclass inference of Semiring took 0.0354ms
typeclass inference of PartialOrder took 0.00274ms
typeclass inference of CommSemiring took 0.0471ms
typeclass inference of IsOrderedRing took 1.14ms
typeclass inference of Nontrivial took 0.0553ms
typeclass inference of Semiring took 0.00278ms
typeclass inference of IsStrictOrderedRing took 0.0341ms
tactic execution of Mathlib.Tactic.Positivity.positivity took 1.13ms
tactic execution of Lean.Parser.Tactic.tacticSeq1Indented took 0.00623ms
tactic execution of Lean.Parser.Tactic.tacticSeq took 0.00849ms
tactic execution of Lean.Parser.Tactic.refine took 5.66ms
tactic execution of Lean.Parser.Tactic.rotateRight took 0.00855ms
tactic execution of Lean.Parser.Tactic.tacticSeq1Indented took 0.0219ms
tactic execution of Lean.Parser.Tactic.tacticSeq took 0.0114ms
tactic execution of Lean.Parser.Tactic.paren took 0.00662ms
tactic execution of Lean.Parser.Tactic.tacticSeq1Indented took 0.00881ms
tactic execution of Lean.Parser.Tactic.tacticSeq took 0.00981ms
tactic execution of Lean.Parser.Tactic.focus took 0.00984ms
tactic execution of Lean.Parser.Tactic.tacticRefine_lift_ took 0.0321ms
tactic execution of Lean.Parser.Tactic.tacticHave__ took 0.05ms
typeclass inference of HMul took 0.236ms
typeclass inference of HMul took 0.184ms
typeclass inference of LT took 0.0693ms
tactic execution of Lean.Parser.Tactic.refine took 0.697ms
interpretation of Lean.Meta.Grind.reduceCtorEqCheap took 0.0034ms
interpretation of Lean.Meta.Grind.reduceSimpMatchDiscrsOnly took 0.00113ms
interpretation of Lean.Meta.Grind.reducePreMatchCond took 0.0012ms
interpretation of Lean.Meta.Grind.Arith.expandPow01 took 0.00123ms
interpretation of Lean.Meta.Grind.Arith.expandDiv took 0.000581ms
interpretation of Lean.Meta.Grind.Arith.normNatAddInst took 0.000792ms
interpretation of Lean.Meta.Grind.Arith.normNatMulInst took 0.0012ms
interpretation of Lean.Meta.Grind.Arith.normNatSubInst took 0.001ms
interpretation of Lean.Meta.Grind.Arith.normNatDivInst took 0.000731ms
interpretation of Lean.Meta.Grind.Arith.normNatModInst took 0.000561ms
interpretation of Lean.Meta.Grind.Arith.normNatPowInst took 0.00106ms
interpretation of Lean.Meta.Grind.Arith.normNatOfNatInst took 0.000932ms
interpretation of Lean.Meta.Grind.Arith.normIntNegInst took 0.00121ms
interpretation of Lean.Meta.Grind.Arith.normIntAddInst took 0.00102ms
interpretation of Lean.Meta.Grind.Arith.normIntMulInst took 0.00126ms
interpretation of Lean.Meta.Grind.Arith.normIntSubInst took 0.00175ms
interpretation of Lean.Meta.Grind.Arith.normIntDivInst took 0.000862ms
interpretation of Lean.Meta.Grind.Arith.normIntModInst took 0.00122ms
interpretation of Lean.Meta.Grind.Arith.normIntPowInst took 0.000992ms
interpretation of Lean.Meta.Grind.Arith.normNatCastInst took 0.00113ms
interpretation of Lean.Meta.Grind.Arith.normIntOfNatInst took 0.000982ms
interpretation of Lean.Meta.Grind.Arith.normNatCastNum took 0.000852ms
interpretation of Lean.Meta.Grind.Arith.normIntCastNum took 0.0014ms
interpretation of Lean.Meta.Grind.Arith.normPowRatInt took 0.000581ms
interpretation of Lean.Meta.Grind.Arith.normFieldInv took 0.000832ms
interpretation of Lean.Meta.Grind.simpForall took 0.000982ms
interpretation of Lean.Meta.Grind.simpExists took 0.000942ms
interpretation of Lean.Meta.Grind.simpEq took 0.00108ms
interpretation of Lean.Meta.Grind.simpOr took 0.00101ms
interpretation of Lean.Meta.Grind.simpDIte took 0.000962ms
interpretation of Lean.Meta.Grind.pushNot took 0.000751ms
interpretation of Lean.Meta.Grind.unfoldReducibleSimproc took 0.000881ms
congr simp thm took 0.0114ms
congr simp thm took 0.00466ms
congr simp thm took 0.00456ms
grind simp took 0.533ms
grind mark subsingleton took 0.0656ms
sym typeclass inference of HSub took 1.3ms
sym typeclass inference of HMul took 1.19ms
sym typeclass inference of OfNat took 1.02ms
sym canon took 0.198ms
sym typeclass inference of Lean.Grind.CommRing took 0.482ms
typeclass inference of Lean.Grind.Ring took 0.535ms
typeclass inference of Semiring took 0.865ms
typeclass inference of AddLeftCancelSemigroup took 1.06ms
sym typeclass inference of Lean.Grind.IsCharP took 9.2ms
sym typeclass inference of Lean.Grind.NatModule took 0.907ms
typeclass inference of AddCommMonoid took 0.874ms
typeclass inference of AddCommMonoid took 0.00601ms
typeclass inference of AddCommMonoid took 0.00582ms
typeclass inference of AddCancelMonoid took 1.09ms
typeclass inference of AddCommMonoid took 0.0136ms
typeclass inference of AddGroup took 0.976ms
typeclass inference of Field took 0.521ms
typeclass inference of Field took 0.0065ms
typeclass inference of Field took 0.00167ms
typeclass inference of Field took 0.00494ms
typeclass inference of Field took 0.00144ms
typeclass inference of Field took 0.00211ms
typeclass inference of Field took 0.0031ms
typeclass inference of Field took 0.00131ms
typeclass inference of Field took 0.00111ms
typeclass inference of Field took 0.00137ms
typeclass inference of Field took 0.00126ms
typeclass inference of Field took 0.00108ms
typeclass inference of Field took 0.00242ms
typeclass inference of Field took 0.00127ms
typeclass inference of Field took 0.00115ms
typeclass inference of Field took 0.00115ms
typeclass inference of Field took 0.00156ms
typeclass inference of Field took 0.00113ms
typeclass inference of Field took 0.00108ms
typeclass inference of Field took 0.00115ms
typeclass inference of Field took 0.00279ms
typeclass inference of Field took 0.00121ms
typeclass inference of Field took 0.0012ms
typeclass inference of Field took 0.00114ms
typeclass inference of Field took 0.00111ms
typeclass inference of Field took 0.00111ms
typeclass inference of Field took 0.0011ms
typeclass inference of Field took 0.00209ms
typeclass inference of Field took 0.00116ms
typeclass inference of Field took 0.00113ms
typeclass inference of Semiring took 0.00618ms
typeclass inference of RCLike took 0.0235ms
typeclass inference of RCLike took 0.00171ms
typeclass inference of RCLike took 0.00126ms
typeclass inference of RCLike took 0.00284ms
typeclass inference of RCLike took 0.00166ms
typeclass inference of RCLike took 0.00132ms
typeclass inference of RCLike took 0.00137ms
typeclass inference of RCLike took 0.00122ms
typeclass inference of RCLike took 0.00123ms
typeclass inference of RCLike took 0.00118ms
typeclass inference of RCLike took 0.0013ms
typeclass inference of RCLike took 0.0012ms
typeclass inference of RCLike took 0.00232ms
typeclass inference of RCLike took 0.0015ms
typeclass inference of RCLike took 0.00143ms
typeclass inference of RCLike took 0.00202ms
typeclass inference of RCLike took 0.00125ms
typeclass inference of RCLike took 0.00125ms
typeclass inference of RCLike took 0.00122ms
typeclass inference of RCLike took 0.00127ms
typeclass inference of RCLike took 0.00212ms
typeclass inference of RCLike took 0.00122ms
typeclass inference of RCLike took 0.0015ms
typeclass inference of RCLike took 0.00131ms
typeclass inference of RCLike took 0.00122ms
typeclass inference of RCLike took 0.00121ms
typeclass inference of RCLike took 0.00122ms
typeclass inference of RCLike took 0.00164ms
typeclass inference of RCLike took 0.00125ms
typeclass inference of RCLike took 0.00119ms
typeclass inference of Semiring took 0.00455ms
typeclass inference of NonAssocRing took 0.24ms
typeclass inference of Field took 0.00396ms
typeclass inference of Field took 0.00206ms
typeclass inference of Field took 0.00201ms
typeclass inference of Field took 0.00125ms
typeclass inference of Field took 0.00121ms
typeclass inference of Field took 0.00122ms
typeclass inference of Field took 0.00125ms
typeclass inference of Field took 0.00149ms
typeclass inference of Field took 0.00139ms
typeclass inference of Field took 0.00196ms
typeclass inference of Field took 0.00164ms
typeclass inference of Field took 0.00136ms
typeclass inference of Field took 0.00106ms
typeclass inference of Field took 0.00233ms
typeclass inference of Field took 0.00128ms
typeclass inference of Field took 0.00127ms
typeclass inference of Field took 0.00121ms
typeclass inference of Field took 0.00125ms
typeclass inference of Field took 0.00123ms
typeclass inference of Field took 0.00123ms
typeclass inference of Field took 0.00124ms
typeclass inference of Field took 0.00108ms
typeclass inference of Field took 0.00219ms
typeclass inference of Field took 0.00126ms
typeclass inference of Field took 0.00129ms
typeclass inference of Field took 0.0012ms
typeclass inference of Field took 0.00124ms
typeclass inference of Field took 0.0011ms
typeclass inference of Field took 0.00126ms
typeclass inference of Field took 0.0014ms
typeclass inference of Field took 0.00203ms
typeclass inference of Field took 0.00116ms
typeclass inference of Field took 0.00121ms
typeclass inference of Field took 0.00123ms
typeclass inference of Field took 0.00113ms
typeclass inference of Field took 0.00118ms
typeclass inference of Field took 0.00104ms
typeclass inference of Field took 0.0021ms
typeclass inference of Field took 0.00123ms
typeclass inference of Field took 0.00139ms
typeclass inference of Field took 0.00128ms
typeclass inference of Field took 0.00116ms
typeclass inference of Field took 0.00178ms
typeclass inference of Field took 0.00115ms
typeclass inference of Field took 0.00112ms
typeclass inference of Field took 0.00121ms
typeclass inference of Field took 0.00169ms
typeclass inference of Field took 0.00128ms
typeclass inference of Field took 0.00114ms
typeclass inference of Field took 0.0017ms
typeclass inference of Field took 0.00144ms
typeclass inference of Field took 0.00156ms
typeclass inference of Field took 0.00151ms
typeclass inference of Field took 0.00198ms
typeclass inference of Field took 0.00119ms
typeclass inference of Field took 0.00293ms
typeclass inference of Field took 0.00111ms
typeclass inference of Field took 0.00113ms
typeclass inference of Field took 0.00119ms
typeclass inference of Field took 0.00119ms
typeclass inference of Field took 0.00215ms
typeclass inference of Field took 0.00128ms
typeclass inference of Field took 0.0013ms
typeclass inference of Field took 0.00123ms
typeclass inference of Field took 0.00114ms
typeclass inference of Field took 0.00173ms
typeclass inference of Field took 0.00127ms
typeclass inference of Field took 0.00118ms
typeclass inference of Field took 0.00112ms
typeclass inference of Field took 0.00196ms
typeclass inference of Field took 0.00123ms
typeclass inference of Field took 0.00114ms
typeclass inference of Semiring took 0.00551ms
typeclass inference of DivisionRing took 0.447ms
typeclass inference of DivisionRing took 0.0024ms
typeclass inference of DivisionRing took 0.00141ms
typeclass inference of DivisionRing took 0.0011ms
typeclass inference of DivisionRing took 0.00213ms
typeclass inference of DivisionRing took 0.0013ms
typeclass inference of DivisionRing took 0.00124ms
typeclass inference of DivisionRing took 0.00125ms
typeclass inference of DivisionRing took 0.00111ms
typeclass inference of DivisionRing took 0.00107ms
typeclass inference of DivisionRing took 0.00109ms
typeclass inference of DivisionRing took 0.00102ms
typeclass inference of DivisionRing took 0.00214ms
typeclass inference of DivisionRing took 0.00133ms
typeclass inference of DivisionRing took 0.00115ms
typeclass inference of DivisionRing took 0.00112ms
typeclass inference of DivisionRing took 0.00105ms
typeclass inference of DivisionRing took 0.00109ms
typeclass inference of DivisionRing took 0.00102ms
typeclass inference of DivisionRing took 0.00179ms
typeclass inference of DivisionRing took 0.00114ms
typeclass inference of DivisionRing took 0.0014ms
typeclass inference of DivisionRing took 0.00106ms
typeclass inference of DivisionRing took 0.00107ms
typeclass inference of DivisionRing took 0.00103ms
typeclass inference of DivisionRing took 0.00171ms
typeclass inference of DivisionRing took 0.00213ms
typeclass inference of DivisionRing took 0.00111ms
typeclass inference of DivisionRing took 0.00104ms
typeclass inference of DivisionRing took 0.00108ms
typeclass inference of Semifield took 0.399ms
typeclass inference of Semifield took 0.00265ms
typeclass inference of Semifield took 0.00147ms
typeclass inference of Semifield took 0.00169ms
typeclass inference of Semifield took 0.00168ms
typeclass inference of Semifield took 0.00131ms
typeclass inference of Semifield took 0.00139ms
typeclass inference of Semifield took 0.00124ms
typeclass inference of Semifield took 0.00128ms
typeclass inference of Semifield took 0.00248ms
typeclass inference of Semifield took 0.00122ms
typeclass inference of Semifield took 0.00117ms
typeclass inference of Semifield took 0.00103ms
typeclass inference of Semifield took 0.001ms
typeclass inference of Semifield took 0.00104ms
typeclass inference of Semifield took 0.00105ms
typeclass inference of Field took 0.00209ms
typeclass inference of Field took 0.00122ms
typeclass inference of Field took 0.00104ms
typeclass inference of Field took 0.00214ms
typeclass inference of Field took 0.00212ms
typeclass inference of Field took 0.00143ms
typeclass inference of Field took 0.00112ms
typeclass inference of Field took 0.0011ms
typeclass inference of Field took 0.00105ms
typeclass inference of Field took 0.00109ms
typeclass inference of Field took 0.00108ms
typeclass inference of Field took 0.00103ms
typeclass inference of Field took 0.00482ms
typeclass inference of Field took 0.00119ms
typeclass inference of Field took 0.00124ms
typeclass inference of Field took 0.0011ms
typeclass inference of Field took 0.00109ms
typeclass inference of Field took 0.00107ms
typeclass inference of Field took 0.00103ms
typeclass inference of Field took 0.00106ms
typeclass inference of Field took 0.00204ms
typeclass inference of Field took 0.00126ms
typeclass inference of Field took 0.00115ms
typeclass inference of Field took 0.00114ms
typeclass inference of Field took 0.00104ms
typeclass inference of Field took 0.00105ms
typeclass inference of Field took 0.00102ms
typeclass inference of DivisionRing took 0.002ms
typeclass inference of DivisionRing took 0.00218ms
typeclass inference of DivisionRing took 0.00132ms
typeclass inference of DivisionRing took 0.00131ms
typeclass inference of DivisionRing took 0.00118ms
typeclass inference of DivisionRing took 0.00117ms
typeclass inference of DivisionRing took 0.00108ms
typeclass inference of DivisionRing took 0.00106ms
typeclass inference of DivisionRing took 0.00106ms
typeclass inference of DivisionRing took 0.00212ms
typeclass inference of DivisionRing took 0.00116ms
typeclass inference of DivisionRing took 0.00115ms
typeclass inference of DivisionRing took 0.0011ms
typeclass inference of DivisionRing took 0.0011ms
typeclass inference of DivisionRing took 0.00107ms
typeclass inference of DivisionRing took 0.00115ms
typeclass inference of EuclideanDomain took 0.38ms
typeclass inference of EuclideanDomain took 0.00264ms
typeclass inference of EuclideanDomain took 0.00137ms
typeclass inference of EuclideanDomain took 0.00117ms
typeclass inference of EuclideanDomain took 0.00114ms
typeclass inference of EuclideanDomain took 0.00114ms
typeclass inference of EuclideanDomain took 0.00115ms
typeclass inference of EuclideanDomain took 0.00113ms
typeclass inference of EuclideanDomain took 0.0011ms
typeclass inference of EuclideanDomain took 0.0011ms
typeclass inference of EuclideanDomain took 0.00139ms
typeclass inference of EuclideanDomain took 0.00112ms
typeclass inference of EuclideanDomain took 0.00105ms
typeclass inference of EuclideanDomain took 0.00203ms
typeclass inference of EuclideanDomain took 0.00123ms
typeclass inference of EuclideanDomain took 0.00126ms
typeclass inference of EuclideanDomain took 0.00112ms
typeclass inference of EuclideanDomain took 0.00113ms
typeclass inference of EuclideanDomain took 0.00128ms
typeclass inference of EuclideanDomain took 0.00112ms
typeclass inference of EuclideanDomain took 0.00108ms
typeclass inference of EuclideanDomain took 0.000982ms
typeclass inference of EuclideanDomain took 0.00204ms
typeclass inference of EuclideanDomain took 0.00121ms
typeclass inference of EuclideanDomain took 0.00115ms
typeclass inference of EuclideanDomain took 0.00114ms
typeclass inference of EuclideanDomain took 0.00118ms
typeclass inference of EuclideanDomain took 0.00104ms
typeclass inference of EuclideanDomain took 0.00109ms
typeclass inference of EuclideanDomain took 0.00105ms
typeclass inference of EuclideanDomain took 0.00211ms
typeclass inference of EuclideanDomain took 0.00122ms
typeclass inference of EuclideanDomain took 0.0012ms
typeclass inference of EuclideanDomain took 0.00109ms
typeclass inference of EuclideanDomain took 0.00108ms
typeclass inference of EuclideanDomain took 0.00107ms
typeclass inference of EuclideanDomain took 0.00103ms
typeclass inference of CommMonoidWithZero took 0.769ms
typeclass inference of Semiring took 0.00497ms
typeclass inference of CommMonoidWithZero took 0.00419ms
typeclass inference of CommMonoidWithZero took 0.00401ms
typeclass inference of CommGroupWithZero took 0.489ms
typeclass inference of CommGroupWithZero took 0.00348ms
typeclass inference of CommGroupWithZero took 0.0015ms
typeclass inference of CommGroupWithZero took 0.00127ms
typeclass inference of CommGroupWithZero took 0.0012ms
typeclass inference of CommGroupWithZero took 0.0014ms
typeclass inference of CommGroupWithZero took 0.00105ms
typeclass inference of CommGroupWithZero took 0.001ms
typeclass inference of LinearOrderedCommMonoidWithZero took 0.0609ms
typeclass inference of LinearOrderedCommMonoidWithZero took 0.0056ms
typeclass inference of LinearOrderedCommMonoidWithZero took 0.00265ms
typeclass inference of LinearOrderedCommMonoidWithZero took 0.00123ms
typeclass inference of LinearOrderedCommMonoidWithZero took 0.00119ms
typeclass inference of LinearOrderedCommMonoidWithZero took 0.00115ms
typeclass inference of LinearOrderedCommMonoidWithZero took 0.00106ms
typeclass inference of LinearOrderedCommMonoidWithZero took 0.00108ms
typeclass inference of LinearOrderedCommMonoidWithZero took 0.00103ms
typeclass inference of LinearOrderedCommMonoidWithZero took 0.0015ms
typeclass inference of LinearOrderedCommMonoidWithZero took 0.00121ms
typeclass inference of LinearOrderedCommMonoidWithZero took 0.00113ms
typeclass inference of LinearOrderedCommMonoidWithZero took 0.00226ms
typeclass inference of LinearOrderedCommMonoidWithZero took 0.00119ms
typeclass inference of LinearOrderedCommMonoidWithZero took 0.00112ms
typeclass inference of LinearOrderedCommMonoidWithZero took 0.00115ms
typeclass inference of LinearOrderedCommMonoidWithZero took 0.00112ms
typeclass inference of LinearOrderedCommMonoidWithZero took 0.00108ms
typeclass inference of LinearOrderedCommMonoidWithZero took 0.00102ms
typeclass inference of LinearOrderedCommMonoidWithZero took 0.00181ms
typeclass inference of LinearOrderedCommMonoidWithZero took 0.00129ms
typeclass inference of LinearOrderedCommMonoidWithZero took 0.00108ms
typeclass inference of LinearOrderedCommMonoidWithZero took 0.00103ms
typeclass inference of LinearOrderedCommMonoidWithZero took 0.00109ms
typeclass inference of LinearOrderedCommMonoidWithZero took 0.00104ms
typeclass inference of LinearOrderedCommMonoidWithZero took 0.00243ms
typeclass inference of LinearOrderedCommMonoidWithZero took 0.00361ms
typeclass inference of LinearOrderedCommMonoidWithZero took 0.00113ms
typeclass inference of LinearOrderedCommMonoidWithZero took 0.00108ms
typeclass inference of LinearOrderedCommMonoidWithZero took 0.00105ms
typeclass inference of LinearOrderedCommMonoidWithZero took 0.00171ms
typeclass inference of LinearOrderedCommMonoidWithZero took 0.0015ms
typeclass inference of LinearOrderedCommMonoidWithZero took 0.00105ms
typeclass inference of LinearOrderedCommMonoidWithZero took 0.00374ms
typeclass inference of LinearOrderedCommMonoidWithZero took 0.00111ms
typeclass inference of LinearOrderedCommMonoidWithZero took 0.00115ms
typeclass inference of LinearOrderedCommMonoidWithZero took 0.00111ms
typeclass inference of LinearOrderedCommMonoidWithZero took 0.00113ms
typeclass inference of LinearOrderedCommMonoidWithZero took 0.00103ms
typeclass inference of LinearOrderedCommMonoidWithZero took 0.000972ms
typeclass inference of LinearOrderedCommMonoidWithZero took 0.00121ms
typeclass inference of LinearOrderedCommMonoidWithZero took 0.00104ms
typeclass inference of LinearOrderedCommMonoidWithZero took 0.000962ms
typeclass inference of LinearOrderedCommMonoidWithZero took 0.00181ms
typeclass inference of LinearOrderedCommMonoidWithZero took 0.0011ms
typeclass inference of LinearOrderedCommMonoidWithZero took 0.00113ms
typeclass inference of LinearOrderedCommMonoidWithZero took 0.00116ms
typeclass inference of LinearOrderedCommMonoidWithZero took 0.00111ms
typeclass inference of LinearOrderedCommMonoidWithZero took 0.00104ms
typeclass inference of LinearOrderedCommMonoidWithZero took 0.00102ms
typeclass inference of LinearOrderedCommMonoidWithZero took 0.00225ms
typeclass inference of LinearOrderedCommMonoidWithZero took 0.00112ms
typeclass inference of LinearOrderedCommMonoidWithZero took 0.00115ms
typeclass inference of LinearOrderedCommMonoidWithZero took 0.00102ms
typeclass inference of LinearOrderedCommMonoidWithZero took 0.00108ms
typeclass inference of LinearOrderedCommMonoidWithZero took 0.000992ms
typeclass inference of LinearOrderedCommMonoidWithZero took 0.00149ms
typeclass inference of LinearOrderedCommMonoidWithZero took 0.00111ms
typeclass inference of LinearOrderedCommMonoidWithZero took 0.00112ms
typeclass inference of LinearOrderedCommMonoidWithZero took 0.00109ms
typeclass inference of LinearOrderedCommMonoidWithZero took 0.001ms
typeclass inference of LinearOrderedCommMonoidWithZero took 0.00188ms
typeclass inference of LinearOrderedCommMonoidWithZero took 0.00125ms
typeclass inference of LinearOrderedCommMonoidWithZero took 0.00108ms
typeclass inference of LinearOrderedCommMonoidWithZero took 0.0021ms
typeclass inference of LinearOrderedCommMonoidWithZero took 0.00115ms
typeclass inference of LinearOrderedCommMonoidWithZero took 0.00169ms
typeclass inference of LinearOrderedCommMonoidWithZero took 0.00117ms
typeclass inference of LinearOrderedCommMonoidWithZero took 0.00108ms
typeclass inference of LinearOrderedCommMonoidWithZero took 0.00105ms
typeclass inference of LinearOrderedCommMonoidWithZero took 0.00108ms
typeclass inference of LinearOrderedCommMonoidWithZero took 0.00107ms
typeclass inference of LinearOrderedCommMonoidWithZero took 0.00101ms
typeclass inference of LinearOrderedCommMonoidWithZero took 0.00124ms
typeclass inference of LinearOrderedCommMonoidWithZero took 0.00104ms
typeclass inference of LinearOrderedCommMonoidWithZero took 0.00103ms
typeclass inference of LinearOrderedCommMonoidWithZero took 0.0017ms
typeclass inference of LinearOrderedCommMonoidWithZero took 0.00108ms
typeclass inference of LinearOrderedCommMonoidWithZero took 0.00122ms
typeclass inference of LinearOrderedCommMonoidWithZero took 0.00108ms
typeclass inference of LinearOrderedCommMonoidWithZero took 0.00109ms
typeclass inference of LinearOrderedCommMonoidWithZero took 0.00107ms
typeclass inference of LinearOrderedCommMonoidWithZero took 0.000972ms
typeclass inference of LinearOrderedCommMonoidWithZero took 0.00171ms
typeclass inference of LinearOrderedCommMonoidWithZero took 0.00114ms
typeclass inference of LinearOrderedCommMonoidWithZero took 0.00128ms
typeclass inference of LinearOrderedCommMonoidWithZero took 0.00107ms
typeclass inference of LinearOrderedCommMonoidWithZero took 0.0011ms
typeclass inference of LinearOrderedCommMonoidWithZero took 0.00113ms
typeclass inference of LinearOrderedCommMonoidWithZero took 0.00193ms
typeclass inference of LinearOrderedCommMonoidWithZero took 0.00114ms
typeclass inference of LinearOrderedCommMonoidWithZero took 0.00111ms
typeclass inference of LinearOrderedCommMonoidWithZero took 0.00214ms
typeclass inference of LinearOrderedCommMonoidWithZero took 0.000992ms
typeclass inference of LinearOrderedCommMonoidWithZero took 0.00147ms
typeclass inference of LinearOrderedCommMonoidWithZero took 0.00116ms
typeclass inference of LinearOrderedCommMonoidWithZero took 0.00105ms
typeclass inference of LinearOrderedCommMonoidWithZero took 0.00178ms
typeclass inference of LinearOrderedCommMonoidWithZero took 0.00109ms
typeclass inference of LinearOrderedCommMonoidWithZero took 0.00129ms
typeclass inference of LinearOrderedCommMonoidWithZero took 0.00129ms
typeclass inference of LinearOrderedCommMonoidWithZero took 0.00114ms
typeclass inference of LinearOrderedCommMonoidWithZero took 0.00107ms
typeclass inference of LinearOrderedCommMonoidWithZero took 0.000932ms
typeclass inference of LinearOrderedCommMonoidWithZero took 0.00126ms
typeclass inference of LinearOrderedCommMonoidWithZero took 0.00104ms
typeclass inference of LinearOrderedCommMonoidWithZero took 0.000982ms
typeclass inference of LinearOrderedCommMonoidWithZero took 0.0018ms
typeclass inference of LinearOrderedCommMonoidWithZero took 0.00113ms
typeclass inference of LinearOrderedCommMonoidWithZero took 0.00113ms
typeclass inference of LinearOrderedCommMonoidWithZero took 0.00108ms
typeclass inference of LinearOrderedCommMonoidWithZero took 0.00114ms
typeclass inference of LinearOrderedCommMonoidWithZero took 0.00114ms
typeclass inference of LinearOrderedCommMonoidWithZero took 0.001ms
typeclass inference of LinearOrderedCommMonoidWithZero took 0.00184ms
typeclass inference of LinearOrderedCommMonoidWithZero took 0.00111ms
typeclass inference of LinearOrderedCommMonoidWithZero took 0.00109ms
typeclass inference of LinearOrderedCommMonoidWithZero took 0.00115ms
typeclass inference of LinearOrderedCommMonoidWithZero took 0.00105ms
typeclass inference of LinearOrderedCommMonoidWithZero took 0.001ms
typeclass inference of LinearOrderedCommMonoidWithZero took 0.00157ms
typeclass inference of LinearOrderedCommMonoidWithZero took 0.00114ms
typeclass inference of LinearOrderedCommMonoidWithZero took 0.00113ms
typeclass inference of LinearOrderedCommMonoidWithZero took 0.00106ms
typeclass inference of LinearOrderedCommMonoidWithZero took 0.00102ms
typeclass inference of LinearOrderedCommMonoidWithZero took 0.00161ms
typeclass inference of LinearOrderedCommMonoidWithZero took 0.00115ms
typeclass inference of LinearOrderedCommMonoidWithZero took 0.00104ms
typeclass inference of LinearOrderedCommMonoidWithZero took 0.00161ms
typeclass inference of LinearOrderedCommMonoidWithZero took 0.00127ms
typeclass inference of LinearOrderedCommMonoidWithZero took 0.00106ms
typeclass inference of LinearOrderedCommMonoidWithZero took 0.00197ms
typeclass inference of LinearOrderedCommMonoidWithZero took 0.00113ms
typeclass inference of LinearOrderedCommMonoidWithZero took 0.00114ms
typeclass inference of LinearOrderedCommMonoidWithZero took 0.00105ms
typeclass inference of LinearOrderedCommMonoidWithZero took 0.00102ms
typeclass inference of LinearOrderedCommMonoidWithZero took 0.00104ms
typeclass inference of LinearOrderedCommMonoidWithZero took 0.000932ms
typeclass inference of LinearOrderedCommMonoidWithZero took 0.00115ms
typeclass inference of LinearOrderedCommMonoidWithZero took 0.00106ms
typeclass inference of LinearOrderedCommMonoidWithZero took 0.00107ms
typeclass inference of LinearOrderedCommMonoidWithZero took 0.00168ms
typeclass inference of LinearOrderedCommMonoidWithZero took 0.0011ms
typeclass inference of LinearOrderedCommMonoidWithZero took 0.00114ms
typeclass inference of LinearOrderedCommMonoidWithZero took 0.00107ms
typeclass inference of LinearOrderedCommMonoidWithZero took 0.00106ms
typeclass inference of LinearOrderedCommMonoidWithZero took 0.00105ms
typeclass inference of LinearOrderedCommMonoidWithZero took 0.00101ms
typeclass inference of LinearOrderedCommMonoidWithZero took 0.00195ms
typeclass inference of LinearOrderedCommMonoidWithZero took 0.00126ms
typeclass inference of LinearOrderedCommMonoidWithZero took 0.00123ms
typeclass inference of LinearOrderedCommMonoidWithZero took 0.0014ms
typeclass inference of LinearOrderedCommMonoidWithZero took 0.00128ms
typeclass inference of LinearOrderedCommMonoidWithZero took 0.00103ms
typeclass inference of LinearOrderedCommMonoidWithZero took 0.00218ms
typeclass inference of LinearOrderedCommMonoidWithZero took 0.00109ms
typeclass inference of LinearOrderedCommMonoidWithZero took 0.00164ms
typeclass inference of LinearOrderedCommMonoidWithZero took 0.00123ms
typeclass inference of LinearOrderedCommMonoidWithZero took 0.00103ms
typeclass inference of LinearOrderedCommMonoidWithZero took 0.00187ms
typeclass inference of LinearOrderedCommMonoidWithZero took 0.0011ms
typeclass inference of LinearOrderedCommMonoidWithZero took 0.00137ms
typeclass inference of LinearOrderedCommMonoidWithZero took 0.00108ms
typeclass inference of LinearOrderedCommMonoidWithZero took 0.00177ms
typeclass inference of LinearOrderedCommMonoidWithZero took 0.00126ms
typeclass inference of LinearOrderedCommMonoidWithZero took 0.00116ms
typeclass inference of NonUnitalNonAssocRing took 0.47ms
typeclass inference of NormedRing took 0.438ms
typeclass inference of NormedRing took 0.00274ms
typeclass inference of NormedRing took 0.00202ms
typeclass inference of NormedRing took 0.00135ms
typeclass inference of NormedRing took 0.00126ms
typeclass inference of NormedRing took 0.00117ms
typeclass inference of NormedRing took 0.00111ms
typeclass inference of NormedRing took 0.00111ms
typeclass inference of NormedRing took 0.00127ms
typeclass inference of NormedRing took 0.0017ms
typeclass inference of NormedRing took 0.0012ms
typeclass inference of NormedRing took 0.00104ms
typeclass inference of NormedRing took 0.00137ms
typeclass inference of NormedRing took 0.00227ms
typeclass inference of NormedRing took 0.00121ms
typeclass inference of NormedRing took 0.00122ms
typeclass inference of NormedRing took 0.0011ms
typeclass inference of NormedRing took 0.00113ms
typeclass inference of NormedRing took 0.00112ms
typeclass inference of NormedRing took 0.00108ms
typeclass inference of NormedRing took 0.000972ms
typeclass inference of NormedRing took 0.00225ms
typeclass inference of NormedRing took 0.00129ms
typeclass inference of NormedRing took 0.00121ms
typeclass inference of NormedRing took 0.00111ms
typeclass inference of NormedRing took 0.00109ms
typeclass inference of NormedRing took 0.00109ms
typeclass inference of NormedRing took 0.00106ms
typeclass inference of NormedRing took 0.00164ms
typeclass inference of NormedRing took 0.00119ms
typeclass inference of NormedRing took 0.00115ms
typeclass inference of NormedRing took 0.00112ms
typeclass inference of NormedRing took 0.00105ms
typeclass inference of NormedRing took 0.0016ms
typeclass inference of NormedRing took 0.0012ms
typeclass inference of NormedRing took 0.00107ms
typeclass inference of NormedRing took 0.00105ms
typeclass inference of NormedRing took 0.00167ms
typeclass inference of NormedRing took 0.00111ms
typeclass inference of NormedRing took 0.00105ms
typeclass inference of Semiring took 0.00565ms
typeclass inference of Semiring took 0.00428ms
typeclass inference of GroupWithZero took 0.623ms
typeclass inference of GroupWithZero took 0.00226ms
typeclass inference of GroupWithZero took 0.00204ms
typeclass inference of GroupWithZero took 0.00141ms
typeclass inference of GroupWithZero took 0.00123ms
typeclass inference of GroupWithZero took 0.00117ms
typeclass inference of GroupWithZero took 0.00109ms
typeclass inference of GroupWithZero took 0.00165ms
typeclass inference of GroupWithZero took 0.00117ms
typeclass inference of GroupWithZero took 0.00117ms
typeclass inference of GroupWithZero took 0.00171ms
typeclass inference of GroupWithZero took 0.00162ms
typeclass inference of GroupWithZero took 0.00113ms
typeclass inference of GroupWithZero took 0.00107ms
typeclass inference of MulZeroClass took 0.878ms
typeclass inference of Semiring took 0.00441ms
typeclass inference of CommMonoidWithZero took 0.00478ms
typeclass inference of CommMonoidWithZero took 0.00394ms
typeclass inference of LinearOrderedCommMonoidWithZero took 0.00234ms
typeclass inference of LinearOrderedCommMonoidWithZero took 0.00192ms
typeclass inference of LinearOrderedCommMonoidWithZero took 0.00135ms
typeclass inference of LinearOrderedCommMonoidWithZero took 0.00149ms
typeclass inference of LinearOrderedCommMonoidWithZero took 0.00126ms
typeclass inference of LinearOrderedCommMonoidWithZero took 0.00102ms
typeclass inference of LinearOrderedCommMonoidWithZero took 0.0018ms
typeclass inference of LinearOrderedCommMonoidWithZero took 0.00128ms
typeclass inference of LinearOrderedCommMonoidWithZero took 0.00121ms
typeclass inference of LinearOrderedCommMonoidWithZero took 0.00125ms
typeclass inference of LinearOrderedCommMonoidWithZero took 0.0015ms
typeclass inference of LinearOrderedCommMonoidWithZero took 0.0015ms
typeclass inference of LinearOrderedCommMonoidWithZero took 0.00109ms
typeclass inference of NonUnitalNonAssocRing took 0.00435ms
typeclass inference of GroupWithZero took 0.00308ms
typeclass inference of GroupWithZero took 0.00129ms
typeclass inference of GroupWithZero took 0.00166ms
typeclass inference of GroupWithZero took 0.00121ms
typeclass inference of GroupWithZero took 0.00133ms
typeclass inference of GroupWithZero took 0.00159ms
typeclass inference of GroupWithZero took 0.00112ms
typeclass inference of GroupWithZero took 0.00152ms
typeclass inference of GroupWithZero took 0.00114ms
typeclass inference of GroupWithZero took 0.00119ms
typeclass inference of GroupWithZero took 0.00106ms
typeclass inference of GroupWithZero took 0.00139ms
typeclass inference of GroupWithZero took 0.0011ms
typeclass inference of GroupWithZero took 0.00127ms
typeclass inference of MulZeroClass took 0.00348ms
typeclass inference of GroupWithZero took 0.00249ms
typeclass inference of GroupWithZero took 0.00126ms
typeclass inference of GroupWithZero took 0.00216ms
typeclass inference of GroupWithZero took 0.00129ms
typeclass inference of GroupWithZero took 0.00133ms
typeclass inference of GroupWithZero took 0.00115ms
typeclass inference of GroupWithZero took 0.0012ms
typeclass inference of GroupWithZero took 0.000972ms
typeclass inference of GroupWithZero took 0.00143ms
typeclass inference of GroupWithZero took 0.00107ms
typeclass inference of GroupWithZero took 0.001ms
typeclass inference of GroupWithZero took 0.0033ms
typeclass inference of GroupWithZero took 0.00128ms
typeclass inference of GroupWithZero took 0.00123ms
typeclass inference of GroupWithZero took 0.0011ms
typeclass inference of GroupWithZero took 0.00113ms
typeclass inference of GroupWithZero took 0.00104ms
typeclass inference of GroupWithZero took 0.00191ms
typeclass inference of GroupWithZero took 0.00126ms
typeclass inference of GroupWithZero took 0.00119ms
typeclass inference of GroupWithZero took 0.00119ms
typeclass inference of GroupWithZero took 0.00108ms
typeclass inference of GroupWithZero took 0.0016ms
typeclass inference of GroupWithZero took 0.00116ms
typeclass inference of GroupWithZero took 0.00106ms
typeclass inference of GroupWithZero took 0.0018ms
typeclass inference of GroupWithZero took 0.00107ms
typeclass inference of GroupWithZero took 0.00223ms
typeclass inference of GroupWithZero took 0.00126ms
typeclass inference of GroupWithZero took 0.00119ms
typeclass inference of GroupWithZero took 0.00115ms
typeclass inference of GroupWithZero took 0.00108ms
typeclass inference of GroupWithZero took 0.00105ms
typeclass inference of GroupWithZero took 0.00146ms
typeclass inference of GroupWithZero took 0.00128ms
typeclass inference of GroupWithZero took 0.00121ms
typeclass inference of GroupWithZero took 0.00225ms
typeclass inference of GroupWithZero took 0.00124ms
typeclass inference of GroupWithZero took 0.00126ms
typeclass inference of GroupWithZero took 0.00122ms
typeclass inference of GroupWithZero took 0.00124ms
typeclass inference of GroupWithZero took 0.00142ms
typeclass inference of GroupWithZero took 0.00195ms
typeclass inference of GroupWithZero took 0.00145ms
typeclass inference of GroupWithZero took 0.00129ms
typeclass inference of GroupWithZero took 0.00136ms
typeclass inference of GroupWithZero took 0.00124ms
typeclass inference of GroupWithZero took 0.00159ms
typeclass inference of GroupWithZero took 0.0012ms
typeclass inference of GroupWithZero took 0.00124ms
typeclass inference of GroupWithZero took 0.00172ms
typeclass inference of GroupWithZero took 0.00136ms
typeclass inference of GroupWithZero took 0.0011ms
typeclass inference of GroupWithZero took 0.00236ms
typeclass inference of GroupWithZero took 0.00114ms
typeclass inference of GroupWithZero took 0.00117ms
typeclass inference of GroupWithZero took 0.00126ms
typeclass inference of GroupWithZero took 0.00115ms
typeclass inference of GroupWithZero took 0.00109ms
typeclass inference of GroupWithZero took 0.00184ms
typeclass inference of GroupWithZero took 0.00119ms
typeclass inference of GroupWithZero took 0.0013ms
typeclass inference of GroupWithZero took 0.00134ms
typeclass inference of GroupWithZero took 0.00125ms
typeclass inference of GroupWithZero took 0.00188ms
typeclass inference of GroupWithZero took 0.00115ms
typeclass inference of GroupWithZero took 0.00126ms
typeclass inference of GroupWithZero took 0.00122ms
typeclass inference of GroupWithZero took 0.00159ms
typeclass inference of GroupWithZero took 0.00128ms
typeclass inference of GroupWithZero took 0.00112ms
typeclass inference of CommMonoidWithZero took 0.00499ms
typeclass inference of LinearOrderedCommMonoidWithZero took 0.00275ms
typeclass inference of LinearOrderedCommMonoidWithZero took 0.00198ms
typeclass inference of LinearOrderedCommMonoidWithZero took 0.00131ms
typeclass inference of LinearOrderedCommMonoidWithZero took 0.00115ms
typeclass inference of LinearOrderedCommMonoidWithZero took 0.00105ms
typeclass inference of LinearOrderedCommMonoidWithZero took 0.00101ms
typeclass inference of LinearOrderedCommMonoidWithZero took 0.00177ms
typeclass inference of LinearOrderedCommMonoidWithZero took 0.00125ms
typeclass inference of LinearOrderedCommMonoidWithZero took 0.00111ms
typeclass inference of LinearOrderedCommMonoidWithZero took 0.00117ms
typeclass inference of LinearOrderedCommMonoidWithZero took 0.0202ms
typeclass inference of LinearOrderedCommMonoidWithZero took 0.00126ms
typeclass inference of LinearOrderedCommMonoidWithZero took 0.00108ms
typeclass inference of NonUnitalNonAssocRing took 0.00469ms
typeclass inference of GroupWithZero took 0.00258ms
typeclass inference of GroupWithZero took 0.00134ms
typeclass inference of GroupWithZero took 0.00192ms
typeclass inference of GroupWithZero took 0.00131ms
typeclass inference of GroupWithZero took 0.00121ms
typeclass inference of GroupWithZero took 0.00115ms
typeclass inference of GroupWithZero took 0.0011ms
typeclass inference of GroupWithZero took 0.00173ms
typeclass inference of GroupWithZero took 0.00119ms
typeclass inference of GroupWithZero took 0.00123ms
typeclass inference of GroupWithZero took 0.00108ms
typeclass inference of GroupWithZero took 0.00159ms
typeclass inference of GroupWithZero took 0.00129ms
typeclass inference of GroupWithZero took 0.00112ms
sym typeclass inference of Lean.Grind.NoNatZeroDivisors took 62.6ms
sym typeclass inference of Lean.Grind.Field took 0.518ms
typeclass inference of Lean.Grind.CommSemiring took 0.556ms
typeclass inference of Field took 0.00285ms
typeclass inference of Field took 0.00239ms
typeclass inference of Field took 0.00148ms
typeclass inference of Field took 0.00131ms
typeclass inference of Field took 0.00134ms
typeclass inference of Field took 0.00125ms
typeclass inference of Field took 0.00119ms
typeclass inference of Field took 0.00157ms
typeclass inference of Field took 0.00104ms
typeclass inference of Field took 0.00107ms
typeclass inference of Field took 0.00182ms
typeclass inference of Field took 0.0013ms
typeclass inference of Field took 0.00196ms
typeclass inference of Field took 0.0012ms
typeclass inference of Field took 0.00131ms
typeclass inference of Field took 0.00121ms
typeclass inference of Field took 0.00113ms
typeclass inference of Field took 0.00119ms
typeclass inference of Field took 0.0016ms
typeclass inference of Field took 0.00115ms
typeclass inference of Field took 0.00102ms
typeclass inference of Field took 0.00215ms
typeclass inference of Field took 0.00127ms
typeclass inference of Field took 0.00118ms
typeclass inference of Field took 0.00119ms
typeclass inference of Field took 0.00106ms
typeclass inference of Field took 0.0012ms
typeclass inference of Field took 0.00113ms
typeclass inference of Field took 0.00107ms
typeclass inference of Field took 0.00162ms
typeclass inference of Field took 0.00113ms
typeclass inference of Field took 0.00108ms
typeclass inference of Field took 0.00118ms
typeclass inference of Field took 0.00105ms
typeclass inference of Field took 0.0011ms
typeclass inference of Field took 0.00203ms
typeclass inference of Field took 0.00202ms
typeclass inference of Field took 0.0013ms
typeclass inference of Field took 0.00116ms
typeclass inference of Field took 0.00108ms
typeclass inference of Field took 0.00108ms
typeclass inference of Field took 0.00112ms
typeclass inference of Field took 0.00107ms
typeclass inference of Field took 0.00115ms
typeclass inference of Field took 0.000982ms
typeclass inference of Field took 0.00244ms
typeclass inference of Field took 0.0012ms
typeclass inference of Field took 0.00113ms
typeclass inference of Field took 0.00253ms
typeclass inference of Field took 0.00119ms
typeclass inference of Field took 0.0011ms
typeclass inference of Field took 0.00106ms
typeclass inference of Field took 0.00107ms
typeclass inference of Field took 0.00198ms
typeclass inference of Field took 0.00113ms
typeclass inference of Field took 0.00134ms
typeclass inference of Field took 0.00116ms
typeclass inference of Field took 0.00144ms
typeclass inference of Field took 0.00109ms
typeclass inference of Field took 0.0015ms
typeclass inference of Field took 0.00183ms
typeclass inference of Field took 0.00116ms
typeclass inference of Field took 0.00115ms
typeclass inference of Field took 0.0011ms
typeclass inference of Field took 0.00106ms
typeclass inference of Field took 0.00102ms
typeclass inference of Field took 0.00173ms
typeclass inference of Field took 0.00114ms
typeclass inference of Field took 0.00162ms
typeclass inference of Field took 0.00105ms
typeclass inference of Field took 0.001ms
typeclass inference of Field took 0.00181ms
typeclass inference of Field took 0.00119ms
typeclass inference of Field took 0.00171ms
typeclass inference of Field took 0.00102ms
typeclass inference of Field took 0.00242ms
typeclass inference of Field took 0.00271ms
typeclass inference of Field took 0.00105ms
typeclass inference of Field took 0.00213ms
typeclass inference of Field took 0.00477ms
typeclass inference of Field took 0.00128ms
typeclass inference of Field took 0.00118ms
typeclass inference of Field took 0.00112ms
typeclass inference of Field took 0.00106ms
typeclass inference of Field took 0.00108ms
typeclass inference of Field took 0.00109ms
typeclass inference of Field took 0.00198ms
typeclass inference of Field took 0.00124ms
typeclass inference of Field took 0.00134ms
typeclass inference of Field took 0.00102ms
typeclass inference of Field took 0.00229ms
typeclass inference of Field took 0.00117ms
typeclass inference of Field took 0.00114ms
typeclass inference of Field took 0.0011ms
typeclass inference of Field took 0.00129ms
typeclass inference of Field took 0.00109ms
typeclass inference of Field took 0.00133ms
typeclass inference of Field took 0.0013ms
typeclass inference of Field took 0.00149ms
typeclass inference of Field took 0.00233ms
typeclass inference of Field took 0.00121ms
typeclass inference of Field took 0.00138ms
typeclass inference of Field took 0.00106ms
typeclass inference of Field took 0.00125ms
typeclass inference of Field took 0.00159ms
typeclass inference of Field took 0.00108ms
typeclass inference of Field took 0.00106ms
typeclass inference of Field took 0.00147ms
typeclass inference of Field took 0.00139ms
typeclass inference of Field took 0.00104ms
typeclass inference of Field took 0.00101ms
typeclass inference of Field took 0.00121ms
typeclass inference of Field took 0.00108ms
typeclass inference of Field took 0.00105ms
typeclass inference of Field took 0.00257ms
typeclass inference of Field took 0.0015ms
typeclass inference of Field took 0.00133ms
typeclass inference of Field took 0.00291ms
typeclass inference of Field took 0.00114ms
typeclass inference of Field took 0.00195ms
typeclass inference of Field took 0.00108ms
typeclass inference of Field took 0.00105ms
typeclass inference of Field took 0.000992ms
typeclass inference of Field took 0.00211ms
typeclass inference of Field took 0.00214ms
typeclass inference of Field took 0.00109ms
typeclass inference of Field took 0.0011ms
typeclass inference of Field took 0.00106ms
typeclass inference of Field took 0.00107ms
typeclass inference of Field took 0.00192ms
typeclass inference of Field took 0.00103ms
typeclass inference of Field took 0.00179ms
typeclass inference of Field took 0.00113ms
typeclass inference of Field took 0.0011ms
typeclass inference of Field took 0.00111ms
typeclass inference of Field took 0.00133ms
typeclass inference of Field took 0.00117ms
typeclass inference of Field took 0.000992ms
typeclass inference of Field took 0.00189ms
typeclass inference of Field took 0.00119ms
typeclass inference of Field took 0.00106ms
typeclass inference of Field took 0.00124ms
typeclass inference of Field took 0.00106ms
typeclass inference of Field took 0.00103ms
typeclass inference of Field took 0.00173ms
typeclass inference of Field took 0.00155ms
typeclass inference of Field took 0.00107ms
typeclass inference of Field took 0.00115ms
typeclass inference of Field took 0.00103ms
typeclass inference of Field took 0.00214ms
typeclass inference of Field took 0.00108ms
typeclass inference of Field took 0.00115ms
typeclass inference of Field took 0.00102ms
typeclass inference of Field took 0.00162ms
typeclass inference of Field took 0.00117ms
typeclass inference of Field took 0.00103ms
sym typeclass inference of Lean.Grind.PowIdentity took 13.6ms
sym typeclass inference of HSub took 0.0144ms
sym canon took 0.0235ms
sym typeclass inference of HMul took 0.00597ms
sym canon took 0.00717ms
sym typeclass inference of Lean.Grind.ToInt took 0.0459ms
sym typeclass inference of LE took 2.94ms
sym typeclass inference of LT took 2.38ms
sym typeclass inference of LE took 0.00199ms
congr simp thm took 0.00184ms
congr simp thm took 0.000661ms
congr simp thm took 0.000391ms
congr simp thm took 0.00041ms
congr simp thm took 0.00461ms
grind simp took 0.439ms
grind mark subsingleton took 0.185ms
typeclass inference of CategoryTheory.CartesianMonoidalCategory took 0.0847ms
typeclass inference of CategoryTheory.CartesianMonoidalCategory took 0.0052ms
sym typeclass inference of HPow took 2.7ms
sym typeclass inference of OfNat took 1.29ms
sym typeclass inference of OfNat took 0.0585ms
sym canon took 0.28ms
grind mark subsingleton took 0.00252ms
sym canon took 0.000471ms
grind mark subsingleton took 0.000611ms
sym canon took 0.00022ms
grind mark subsingleton took 0.000461ms
sym canon took 0.00017ms
grind mark subsingleton took 0.0262ms
sym typeclass inference of Pow took 0.196ms
sym canon took 0.286ms
grind mark subsingleton took 0.00141ms
sym canon took 0.000471ms
grind mark subsingleton took 0.000601ms
sym canon took 0.00025ms
grind mark subsingleton took 0.000431ms
sym canon took 0.00016ms
grind mark subsingleton took 0.00571ms
sym canon took 0.00032ms
sym typeclass inference of Lean.Grind.CommRing took 1.11ms
sym typeclass inference of Lean.Grind.CommSemiring took 0.0377ms
sym typeclass inference of Lean.Grind.Semiring took 0.101ms
sym canon took 0.034ms
typeclass inference of Lean.Grind.CommSemiring took 0.0236ms
sym typeclass inference of Lean.Grind.CommRing took 0.104ms
sym typeclass inference of Lean.Grind.IsCharP took 0.913ms
typeclass inference of Lean.Grind.CommSemiring took 0.00582ms
sym typeclass inference of Lean.Grind.NatModule took 6.17ms
sym typeclass inference of Lean.Grind.NoNatZeroDivisors took 0.346ms
sym typeclass inference of Lean.Grind.Field took 0.313ms
typeclass inference of Lean.Grind.CommSemiring took 0.0212ms
typeclass inference of Lean.Grind.CommSemiring took 0.155ms
typeclass inference of Field took 0.38ms
typeclass inference of Field took 0.00304ms
typeclass inference of Field took 0.00143ms
typeclass inference of Field took 0.00138ms
typeclass inference of Field took 0.00215ms
typeclass inference of Field took 0.00142ms
typeclass inference of Field took 0.00112ms
typeclass inference of Field took 0.00106ms
sym typeclass inference of Lean.Grind.PowIdentity took 1.37ms
sym typeclass inference of Lean.Grind.CommRing took 0.0466ms
sym typeclass inference of Lean.Grind.IsCharP took 0.187ms
sym typeclass inference of Lean.Grind.NatModule took 0.159ms
sym typeclass inference of Lean.Grind.NoNatZeroDivisors took 1.65ms
sym typeclass inference of Lean.Grind.Field took 0.612ms
typeclass inference of Lean.Grind.CommSemiring took 0.0945ms
typeclass inference of Field took 0.55ms
typeclass inference of Field took 0.00338ms
typeclass inference of Field took 0.0015ms
typeclass inference of Field took 0.00227ms
typeclass inference of Field took 0.00188ms
typeclass inference of Field took 0.00111ms
sym typeclass inference of Lean.Grind.PowIdentity took 1ms
sym typeclass inference of NatCast took 0.0438ms
sym typeclass inference of NatCast took 0.00312ms
sym canon took 0.035ms
sym typeclass inference of LE took 0.000391ms
typeclass inference of Preorder took 1.56ms
typeclass inference of Std.IsPreorder took 0.587ms
typeclass inference of PartialOrder took 0.883ms
typeclass inference of Std.IsPartialOrder took 0.133ms
typeclass inference of Std.LinearPreorderPackage took 0.0536ms
typeclass inference of Std.LinearPreorderPackage took 0.00227ms
typeclass inference of Std.LinearPreorderPackage took 0.00138ms
typeclass inference of Std.IsLinearPreorder took 0.296ms
sym typeclass inference of LT took 0.00032ms
sym typeclass inference of LE took 0.000211ms
sym canon took 0.0191ms
typeclass inference of Std.LawfulOrderLT took 0.0397ms
sym typeclass inference of LT took 0.000201ms
sym canon took 0.0135ms
sym typeclass inference of Lean.Grind.OrderedRing took 0.0955ms
typeclass inference of OfNat took 0.0492ms
typeclass inference of OfNat took 0.0399ms
sym typeclass inference of HAdd took 0.0002ms
sym typeclass inference of HAdd took 0.00021ms
sym canon took 0.0245ms
typeclass inference of OfNat took 0.0034ms
sym typeclass inference of IntCast took 0.0304ms
sym typeclass inference of IntCast took 0.00277ms
sym canon took 0.0125ms
typeclass inference of OfNat took 0.00467ms
typeclass inference of OfNat took 0.0476ms
typeclass inference of OfNat took 0.00209ms
sym typeclass inference of HPow took 0.00458ms
sym canon took 0.0126ms
congr simp thm took 0.00811ms
congr simp thm took 0.00597ms
congr simp thm took 0.000882ms
congr simp thm took 0.000691ms
grind simp took 0.659ms
grind mark subsingleton took 0.0204ms
sym typeclass inference of LE took 0.000561ms
sym typeclass inference of OfNat took 0.0577ms
sym canon took 0.136ms
typeclass inference of OfNat took 0.0573ms
typeclass inference of OfNat took 0.0371ms
typeclass inference of OfNat took 0.00226ms
typeclass inference of OfNat took 0.00149ms
congr simp thm took 0.00525ms
congr simp thm took 0.000311ms
congr simp thm took 0.00109ms
congr simp thm took 0.000711ms
congr simp thm took 0.00359ms
typeclass inference of Decidable took 0.129ms
congr simp thm took 0.000661ms
grind simp took 0.718ms
grind mark subsingleton took 0.0144ms
sym typeclass inference of OfNat took 0.0482ms
sym canon took 0.0797ms
typeclass inference of OfNat took 0.0518ms
typeclass inference of OfNat took 0.0329ms
typeclass inference of OfNat took 0.00233ms
typeclass inference of OfNat took 0.00147ms
congr simp thm took 0.000581ms
congr simp thm took 0.000221ms
congr simp thm took 0.000571ms
congr simp thm took 0.00027ms
typeclass inference of Decidable took 0.106ms
congr simp thm took 0.000581ms
grind simp took 0.287ms
grind mark subsingleton took 0.0136ms
sym canon took 0.0729ms
typeclass inference of OfNat took 0.0527ms
typeclass inference of OfNat took 0.0355ms
typeclass inference of OfNat took 0.00229ms
typeclass inference of OfNat took 0.00144ms
congr simp thm took 0.000582ms
congr simp thm took 0.00021ms
congr simp thm took 0.000561ms
congr simp thm took 0.00025ms
typeclass inference of Decidable took 0.108ms
congr simp thm took 0.000622ms
grind simp took 0.291ms
grind mark subsingleton took 0.0151ms
sym typeclass inference of OfNat took 0.0451ms
sym canon took 0.0762ms
typeclass inference of OfNat took 0.0479ms
typeclass inference of OfNat took 0.0558ms
typeclass inference of OfNat took 0.00235ms
typeclass inference of OfNat took 0.00145ms
congr simp thm took 0.000942ms
grind simp took 0.161ms
grind mark subsingleton took 0.0113ms
sym typeclass inference of OfNat took 0.0481ms
sym canon took 0.0374ms
typeclass inference of OfNat took 0.0565ms
typeclass inference of OfNat took 0.0503ms
typeclass inference of OfNat took 0.00224ms
congr simp thm took 0.00118ms
grind simp took 0.145ms
grind mark subsingleton took 0.0285ms
sym canon took 0.0636ms
congr simp thm took 0.000711ms
congr simp thm took 0.000371ms
grind simp took 0.254ms
grind mark subsingleton took 0.107ms
sym typeclass inference of HAdd took 1.43ms
sym canon took 0.0893ms
sym typeclass inference of HAdd took 0.00479ms
sym canon took 0.00686ms
congr simp thm took 0.00103ms
congr simp thm took 0.000621ms
congr simp thm took 0.00032ms
congr simp thm took 0.000641ms
grind simp took 0.31ms
grind mark subsingleton took 0.0131ms
sym typeclass inference of OfNat took 0.0496ms
sym canon took 0.0256ms
typeclass inference of OfNat took 0.0531ms
typeclass inference of OfNat took 0.0355ms
typeclass inference of OfNat took 0.00327ms
congr simp thm took 0.000921ms
congr simp thm took 0.000461ms
congr simp thm took 0.000651ms
grind simp took 0.257ms
grind mark subsingleton took 0.0975ms
sym typeclass inference of OfNat took 0.0657ms
sym canon took 0.106ms
typeclass inference of OfNat took 0.0531ms
typeclass inference of OfNat took 0.034ms
typeclass inference of OfNat took 0.00221ms
congr simp thm took 0.000832ms
congr simp thm took 0.000521ms
congr simp thm took 0.000441ms
congr simp thm took 0.000571ms
congr simp thm took 0.000331ms
congr simp thm took 0.000351ms
grind simp took 0.348ms
grind mark subsingleton took 0.0374ms
sym typeclass inference of HAdd took 0.00032ms
sym typeclass inference of HMul took 0.00019ms
sym typeclass inference of OfNat took 0.0466ms
sym canon took 0.061ms
sym typeclass inference of HMul took 0.000431ms
sym typeclass inference of HMul took 0.0003ms
sym canon took 0.0139ms
typeclass inference of OfNat took 0.0446ms
typeclass inference of OfNat took 0.00265ms
typeclass inference of OfNat took 0.0345ms
typeclass inference of OfNat took 0.00183ms
congr simp thm took 0.000802ms
congr simp thm took 0.000381ms
congr simp thm took 0.00044ms
congr simp thm took 0.000421ms
congr simp thm took 0.000692ms
congr simp thm took 0.00032ms
grind simp took 0.495ms
grind mark subsingleton took 0.14ms
sym canon took 0.0724ms
sym typeclass inference of HMul took 0.000401ms
sym canon took 0.00613ms
congr simp thm took 0.000852ms
congr simp thm took 0.000431ms
congr simp thm took 0.000471ms
congr simp thm took 0.000391ms
congr simp thm took 0.000301ms
congr simp thm took 0.0003ms
congr simp thm took 0.000622ms
congr simp thm took 0.000261ms
congr simp thm took 0.00021ms
congr simp thm took 0.00026ms
grind simp took 0.488ms
grind mark subsingleton took 0.0404ms
sym canon took 0.0372ms
typeclass inference of OfNat took 0.0559ms
typeclass inference of OfNat took 0.0029ms
typeclass inference of OfNat took 0.0359ms
typeclass inference of OfNat took 0.00194ms
congr simp thm took 0.000781ms
congr simp thm took 0.0003ms
congr simp thm took 0.000361ms
congr simp thm took 0.00041ms
congr simp thm took 0.00041ms
congr simp thm took 0.000311ms
congr simp thm took 0.000271ms
congr simp thm took 0.000631ms
congr simp thm took 0.00029ms
congr simp thm took 0.00026ms
grind simp took 0.647ms
grind mark subsingleton took 0.114ms
sym canon took 0.0689ms
sym typeclass inference of HAdd took 0.000451ms
sym canon took 0.00673ms
congr simp thm took 0.000872ms
congr simp thm took 0.000431ms
congr simp thm took 0.000441ms
congr simp thm took 0.000541ms
congr simp thm took 0.00032ms
congr simp thm took 0.00037ms
typeclass inference of Decidable took 0.158ms
congr simp thm took 0.000661ms
congr simp thm took 0.00033ms
grind simp took 0.477ms
grind mark subsingleton took 0.0448ms
sym typeclass inference of OfNat took 0.0484ms
sym canon took 0.0302ms
typeclass inference of OfNat took 0.0493ms
typeclass inference of OfNat took 0.0342ms
typeclass inference of OfNat took 0.00224ms
typeclass inference of OfNat took 0.00156ms
sym typeclass inference of Neg took 0.0509ms
sym typeclass inference of OfNat took 0.00311ms
sym canon took 0.112ms
sym typeclass inference of Neg took 0.00243ms
sym canon took 0.00291ms
typeclass inference of OfNat took 0.00311ms
grind mark subsingleton took 0.0434ms
sym canon took 0.00144ms
sym canon took 0.00104ms
typeclass inference of OfNat took 0.00438ms
grind mark subsingleton took 0.0223ms
sym canon took 0.00135ms
congr simp thm took 0.00527ms
congr simp thm took 0.000551ms
congr simp thm took 0.000391ms
congr simp thm took 0.000711ms
congr simp thm took 0.000341ms
congr simp thm took 0.000361ms
congr simp thm took 0.000722ms
congr simp thm took 0.00034ms
grind simp took 0.426ms
grind mark subsingleton took 0.0217ms
sym canon took 0.0106ms
sym typeclass inference of OfNat took 0.0616ms
sym canon took 0.0636ms
typeclass inference of OfNat took 0.00375ms
grind mark subsingleton took 0.0563ms
sym canon took 0.00171ms
sym canon took 0.00104ms
typeclass inference of OfNat took 0.00493ms
grind mark subsingleton took 0.0304ms
sym canon took 0.00165ms
grind took 12.9ms
instantiate metavars took 0.023ms
tactic execution of Lean.Parser.Tactic.grind took 1.64ms
tactic execution of Lean.Parser.Tactic.tacticSeq1Indented took 0.011ms
tactic execution of Lean.Parser.Tactic.tacticSeq took 0.00477ms
tactic execution of Lean.Parser.Tactic.paren took 0.00914ms
tactic execution of Lean.Parser.Tactic.withAnnotateState took 0.0226ms
tactic execution of Lean.Parser.Tactic.tacticSeq1Indented took 0.00599ms
tactic execution of Lean.Parser.Tactic.tacticSeq took 0.00502ms
tactic execution of Lean.Parser.Tactic.case took 0.0875ms
tactic execution of Lean.Parser.Tactic.tacticSeq1Indented took 0.0169ms
tactic execution of Lean.Parser.Tactic.tacticSeq took 0.00452ms
tactic execution of Lean.Parser.Tactic.focus took 0.0104ms
tactic execution of Lean.Parser.Tactic.tacticHave__ took 0.0341ms
typeclass inference of HMul took 1.25ms
typeclass inference of HMul took 1.03ms
typeclass inference of HMul took 0.17ms
typeclass inference of HMul took 0.214ms
tactic execution of Lean.Parser.Tactic.refine took 1.21ms
tactic execution of Lean.Parser.Tactic.rotateRight took 0.00981ms
tactic execution of Lean.Parser.Tactic.tacticSeq1Indented took 0.0199ms
tactic execution of Lean.Parser.Tactic.tacticSeq took 0.00593ms
tactic execution of Lean.Parser.Tactic.paren took 0.0112ms
tactic execution of Lean.Parser.Tactic.tacticSeq1Indented took 0.00691ms
tactic execution of Lean.Parser.Tactic.tacticSeq took 0.00968ms
tactic execution of Lean.Parser.Tactic.focus took 0.0152ms
tactic execution of Lean.Parser.Tactic.tacticRefine_lift_ took 0.0117ms
tactic execution of Lean.Parser.Tactic.tacticHave__ took 0.0349ms
tactic execution of Lean.Parser.Tactic.rewriteSeq took 0.976ms
tactic execution of Lean.Parser.Tactic.exact took 0.196ms
tactic execution of Lean.Parser.Tactic.exact took 0.15ms
tactic execution of Lean.Parser.Tactic.eqRefl took 0.0235ms
tactic execution of Lean.Parser.Tactic.tacticRfl took 0.0702ms
tactic execution of Lean.Parser.Tactic.tacticSeq1Indented took 0.00908ms
tactic execution of Lean.Parser.Tactic.tacticSeq took 0.00425ms
tactic execution of Lean.Parser.Tactic.withReducible took 0.0088ms
tactic execution of Lean.Parser.Tactic.tacticSeq1Indented took 0.00325ms
tactic execution of Lean.Parser.Tactic.tacticSeq took 0.00377ms
tactic execution of Lean.Parser.Tactic.paren took 0.00262ms
tactic execution of Lean.Parser.Tactic.tacticSeq1Indented took 0.00433ms
tactic execution of Lean.Parser.Tactic.tacticSeq took 0.00441ms
tactic execution of Lean.Parser.Tactic.first took 0.00937ms
tactic execution of Lean.Parser.Tactic.tacticTry_ took 0.0139ms
tactic execution of Lean.Parser.Tactic.tacticSeq1Indented took 0.00665ms
tactic execution of Lean.Parser.Tactic.tacticSeq took 0.00365ms
tactic execution of Lean.Parser.Tactic.paren took 0.0119ms
tactic execution of Lean.Parser.Tactic.withAnnotateState took 0.0302ms
tactic execution of Lean.Parser.Tactic.tacticSeq1Indented took 0.0173ms
tactic execution of Lean.Parser.Tactic.tacticSeq took 0.00541ms
tactic execution of Lean.Parser.Tactic.paren took 0.00515ms
tactic execution of Lean.Parser.Tactic.rwSeq took 0.0538ms
tactic execution of Lean.Parser.Tactic.tacticSeq1Indented took 0.102ms
tactic execution of Lean.Parser.Tactic.tacticSeq took 0.0181ms
instantiate metavars took 0.306ms
instantiate metavars took 0.000862ms
instantiate metavars took 0.00028ms
instantiate metavars took 0.000231ms
instantiate metavars took 0.00011ms
share common exprs took 4.03ms
fix level params took 0.0884ms
let-to-have transformation took 0.0109ms
attribute application took 0.00594ms
attribute application took 0.000852ms
process pre-definitions took 2.92ms
elaboration took 1.72ms
type checking took 0.142ms
type checking took 4.51ms
type checking took 6.74ms
type checking took 8.56ms
type checking took 6.92ms
type checking took 8.4ms
overlappingInstancesLinter took 0.156ms
tacticAnalysis took 3.86ms
linting took 12.2ms
attribute application took 0.00164ms
typeclass inference of OfNat took 0.0646ms
typeclass inference of OfNat took 0.0373ms
typeclass inference of HSub took 0.844ms
typeclass inference of HMul took 0.835ms
typeclass inference of HMul took 0.811ms
typeclass inference of HSub took 1.63ms
typeclass inference of OfNat took 0.975ms
typeclass inference of OfNat took 0.11ms
typeclass inference of OfNat took 0.0478ms
typeclass inference of OfNat took 0.0417ms
typeclass inference of OfNat took 0.0314ms
typeclass inference of OfNat took 0.039ms
typeclass inference of OfNat took 0.0329ms
typeclass inference of OfNat took 0.0365ms
typeclass inference of OfNat took 0.0316ms
typeclass inference of HSub took 0.00483ms
typeclass inference of HSub took 0.00269ms
typeclass inference of HMul took 0.00374ms
typeclass inference of HSub took 0.0378ms
typeclass inference of HPow took 0.195ms
typeclass inference of HMul took 0.0807ms
typeclass inference of HSub took 0.0545ms
typeclass inference of OfNat took 0.914ms
typeclass inference of OfNat took 0.0747ms
typeclass inference of OfNat took 0.00414ms
typeclass inference of HPow took 0.14ms
typeclass inference of HMul took 0.0818ms
typeclass inference of HSub took 0.0666ms
typeclass inference of OfNat took 0.055ms
typeclass inference of HPow took 0.103ms
typeclass inference of HMul took 0.049ms
typeclass inference of HSub took 0.0417ms
typeclass inference of OfNat took 0.0562ms
typeclass inference of OfNat took 0.0422ms
typeclass inference of OfNat took 0.034ms
typeclass inference of OfNat took 0.0298ms
typeclass inference of HPow took 0.129ms
typeclass inference of LE took 0.0314ms
typeclass inference of OfNat took 0.0446ms
typeclass inference of OfNat took 0.0452ms
typeclass inference of HPow took 0.109ms
typeclass inference of OfNat took 0.0373ms
typeclass inference of HPow took 0.106ms
typeclass inference of OfNat took 0.0548ms
typeclass inference of OfNat took 0.0414ms
typeclass inference of OfNat took 0.0331ms
typeclass inference of OfNat took 0.0295ms
typeclass inference of HPow took 0.123ms
typeclass inference of LT took 0.0301ms
typeclass inference of OfNat took 0.00333ms
typeclass inference of OfNat took 0.0551ms
typeclass inference of HPow took 0.119ms
typeclass inference of OfNat took 0.0661ms
typeclass inference of HPow took 0.143ms
typeclass inference of OfNat took 0.0538ms
typeclass inference of OfNat took 0.0429ms
typeclass inference of OfNat took 0.0334ms
typeclass inference of OfNat took 0.0296ms
typeclass inference of HPow took 0.125ms
typeclass inference of LT took 0.00369ms
typeclass inference of OfNat took 0.00265ms
typeclass inference of OfNat took 0.0536ms
typeclass inference of HPow took 0.109ms
typeclass inference of OfNat took 0.036ms
typeclass inference of HPow took 0.102ms
typeclass inference of OfNat took 0.0531ms
typeclass inference of OfNat took 0.0414ms
typeclass inference of OfNat took 0.0333ms
typeclass inference of OfNat took 0.0292ms
typeclass inference of HPow took 0.127ms
typeclass inference of LT took 0.0142ms
typeclass inference of OfNat took 0.0029ms
typeclass inference of OfNat took 0.047ms
typeclass inference of HPow took 0.115ms
typeclass inference of OfNat took 0.0365ms
typeclass inference of HPow took 0.103ms
typeclass inference of OfNat took 0.0667ms
typeclass inference of OfNat took 0.064ms
typeclass inference of OfNat took 0.0469ms
typeclass inference of OfNat took 0.0326ms
typeclass inference of HMul took 0.126ms
typeclass inference of HAdd took 0.14ms
typeclass inference of HMul took 0.00321ms
typeclass inference of HMul took 0.14ms
typeclass inference of HPow took 0.135ms
typeclass inference of HMul took 0.0543ms
typeclass inference of HAdd took 0.0502ms
typeclass inference of OfNat took 0.00351ms
typeclass inference of OfNat took 0.049ms
typeclass inference of HPow took 0.132ms
typeclass inference of HMul took 0.0751ms
typeclass inference of HAdd took 0.0696ms
typeclass inference of OfNat took 0.0529ms
typeclass inference of HPow took 0.114ms
typeclass inference of HMul took 0.0496ms
typeclass inference of HAdd took 0.0445ms
typeclass inference of OfNat took 0.0425ms
typeclass inference of HPow took 0.115ms
typeclass inference of HMul took 0.0529ms
typeclass inference of HSub took 0.0479ms
typeclass inference of OfNat took 0.0402ms
typeclass inference of HPow took 0.109ms
typeclass inference of OfNat took 0.0385ms
typeclass inference of HPow took 0.106ms
typeclass inference of OfNat took 0.0431ms
typeclass inference of HPow took 0.108ms
typeclass inference of OfNat took 0.0376ms
typeclass inference of HPow took 0.105ms
typeclass inference of OfNat took 0.0367ms
typeclass inference of HPow took 0.105ms
typeclass inference of HMul took 0.049ms
typeclass inference of HAdd took 0.0442ms
typeclass inference of OfNat took 0.0382ms
typeclass inference of HPow took 0.115ms
typeclass inference of HMul took 0.0504ms
typeclass inference of HSub took 0.044ms
typeclass inference of OfNat took 0.0381ms
typeclass inference of HPow took 0.103ms
typeclass inference of OfNat took 0.0359ms
typeclass inference of HPow took 0.112ms
typeclass inference of OfNat took 0.0363ms
typeclass inference of HPow took 0.102ms
typeclass inference of OfNat took 0.0361ms
typeclass inference of HPow took 0.101ms
typeclass inference of OfNat took 0.0376ms
typeclass inference of HPow took 0.1ms
typeclass inference of HMul took 0.0481ms
typeclass inference of HAdd took 0.0474ms
typeclass inference of Pow took 0.0561ms
typeclass inference of CategoryTheory.CartesianMonoidalCategory took 0.0662ms
typeclass inference of CategoryTheory.CartesianMonoidalCategory took 0.00477ms
typeclass inference of NPow took 1.79ms
typeclass inference of OfNat took 0.0396ms
typeclass inference of HMul took 0.0391ms
typeclass inference of HSub took 0.00454ms
typeclass inference of OfNat took 0.0485ms
typeclass inference of HPow took 0.128ms
typeclass inference of OfNat took 0.0406ms
typeclass inference of HPow took 0.111ms
typeclass inference of OfNat took 0.0381ms
typeclass inference of HPow took 0.117ms
typeclass inference of OfNat took 0.0725ms
typeclass inference of HPow took 0.12ms
typeclass inference of OfNat took 0.0378ms
typeclass inference of HPow took 0.104ms
typeclass inference of HMul took 0.0508ms
typeclass inference of HAdd took 0.046ms
typeclass inference of OfNat took 0.0386ms
typeclass inference of HPow took 0.2ms
typeclass inference of OfNat took 0.133ms
typeclass inference of HPow took 0.151ms
typeclass inference of OfNat took 0.0392ms
typeclass inference of HPow took 0.129ms
typeclass inference of OfNat took 0.0917ms
typeclass inference of HPow took 0.176ms
typeclass inference of OfNat took 0.0377ms
typeclass inference of HPow took 0.103ms
typeclass inference of HMul took 0.0608ms
typeclass inference of HAdd took 0.0495ms
typeclass inference of OfNat took 0.0416ms
typeclass inference of HPow took 0.103ms
typeclass inference of OfNat took 0.0369ms
typeclass inference of HPow took 0.106ms
typeclass inference of OfNat took 0.0373ms
typeclass inference of HPow took 0.121ms
typeclass inference of OfNat took 0.0388ms
typeclass inference of HPow took 0.111ms
typeclass inference of OfNat took 0.0427ms
typeclass inference of HPow took 0.11ms
typeclass inference of HMul took 0.0567ms
typeclass inference of HAdd took 0.0609ms
typeclass inference of Pow took 0.0485ms
typeclass inference of NPow took 0.18ms
typeclass inference of OfNat took 0.049ms
typeclass inference of OfNat took 0.0526ms
typeclass inference of HPow took 0.126ms
typeclass inference of OfNat took 0.0387ms
typeclass inference of HPow took 0.117ms
typeclass inference of OfNat took 0.0369ms
typeclass inference of HPow took 0.111ms
typeclass inference of OfNat took 0.0385ms
typeclass inference of HPow took 0.105ms
typeclass inference of HMul took 0.0506ms
typeclass inference of HAdd took 0.0457ms
typeclass inference of OfNat took 0.0382ms
typeclass inference of HPow took 0.102ms
typeclass inference of OfNat took 0.0377ms
typeclass inference of HPow took 0.101ms
typeclass inference of OfNat took 0.0361ms
typeclass inference of HPow took 0.115ms
typeclass inference of OfNat took 0.0358ms
typeclass inference of HPow took 0.1ms
typeclass inference of HMul took 0.0487ms
typeclass inference of HAdd took 0.0473ms
typeclass inference of OfNat took 0.0405ms
typeclass inference of HPow took 0.108ms
typeclass inference of OfNat took 0.036ms
typeclass inference of HPow took 0.104ms
typeclass inference of OfNat took 0.0358ms
typeclass inference of HPow took 0.122ms
typeclass inference of OfNat took 0.111ms
typeclass inference of HPow took 0.167ms
typeclass inference of HMul took 0.0491ms
typeclass inference of HAdd took 0.0437ms
typeclass inference of Pow took 0.0374ms
typeclass inference of NPow took 0.00315ms
typeclass inference of OfNat took 0.00348ms
typeclass inference of OfNat took 0.0417ms
typeclass inference of HPow took 0.11ms
typeclass inference of OfNat took 0.0363ms
typeclass inference of HPow took 0.104ms
typeclass inference of OfNat took 0.0364ms
typeclass inference of HPow took 0.102ms
typeclass inference of HMul took 0.0484ms
typeclass inference of HAdd took 0.0448ms
typeclass inference of OfNat took 0.0377ms
typeclass inference of HPow took 0.102ms
typeclass inference of OfNat took 0.0369ms
typeclass inference of HPow took 0.103ms
typeclass inference of OfNat took 0.0376ms
typeclass inference of HPow took 0.113ms
typeclass inference of HMul took 0.05ms
typeclass inference of HAdd took 0.0458ms
typeclass inference of OfNat took 0.0393ms
typeclass inference of HPow took 0.118ms
typeclass inference of OfNat took 0.0551ms
typeclass inference of HPow took 0.111ms
typeclass inference of OfNat took 0.0383ms
typeclass inference of HPow took 0.113ms
typeclass inference of HMul took 0.0553ms
typeclass inference of HAdd took 0.0534ms
typeclass inference of Pow took 0.0649ms
typeclass inference of NPow took 0.00541ms
typeclass inference of OfNat took 0.00595ms
typeclass inference of OfNat took 0.0954ms
typeclass inference of HPow took 0.124ms
typeclass inference of OfNat took 0.0409ms
typeclass inference of HPow took 0.117ms
typeclass inference of HMul took 0.0594ms
typeclass inference of HAdd took 0.0521ms
typeclass inference of OfNat took 0.0493ms
typeclass inference of HPow took 0.116ms
typeclass inference of OfNat took 0.0429ms
typeclass inference of HPow took 0.12ms
typeclass inference of HMul took 0.0569ms
typeclass inference of HAdd took 0.0601ms
typeclass inference of OfNat took 0.0501ms
typeclass inference of HPow took 0.133ms
typeclass inference of OfNat took 0.0465ms
typeclass inference of HPow took 0.115ms
typeclass inference of HMul took 0.0516ms
typeclass inference of HAdd took 0.0459ms
typeclass inference of Pow took 0.0385ms
typeclass inference of NPow took 0.00353ms
typeclass inference of OfNat took 0.00387ms
typeclass inference of OfNat took 0.0414ms
typeclass inference of HPow took 0.106ms
typeclass inference of HMul took 0.0482ms
typeclass inference of HAdd took 0.0491ms
typeclass inference of OfNat took 0.0436ms
typeclass inference of HPow took 0.137ms
typeclass inference of HMul took 0.116ms
typeclass inference of HAdd took 0.0836ms
typeclass inference of OfNat took 0.038ms
typeclass inference of HPow took 0.104ms
typeclass inference of HMul took 0.0472ms
typeclass inference of HAdd took 0.045ms
typeclass inference of Pow took 0.0383ms
typeclass inference of NPow took 0.00303ms
typeclass inference of OfNat took 0.00332ms
typeclass inference of HMul took 0.036ms
typeclass inference of HAdd took 0.00649ms
instantiate metavars took 0.0936ms
instantiate metavars took 0.000221ms
typeclass inference of AddMonoidWithOne took 0.042ms
norm_num took 0.183ms
typeclass inference of AddMonoidWithOne took 0.00375ms
norm_num took 0.0444ms
norm_num took 0.242ms
typeclass inference of Semiring took 0.038ms
typeclass inference of AddMonoidWithOne took 0.00323ms
norm_num took 0.0522ms
norm_num took 0.506ms
norm_num took 0.0123ms
norm_num took 0.135ms
congr simp thm took 0.0322ms
norm_num took 0.0051ms
norm_num took 0.00265ms
typeclass inference of AddMonoidWithOne took 0.00529ms
norm_num took 0.087ms
typeclass inference of AddMonoidWithOne took 0.00322ms
norm_num took 0.0629ms
norm_num took 0.102ms
typeclass inference of Semiring took 0.00329ms
typeclass inference of AddMonoidWithOne took 0.00233ms
norm_num took 0.045ms
norm_num took 0.13ms
norm_num took 0.00577ms
typeclass inference of Preorder took 0.145ms
typeclass inference of Preorder took 0.0513ms
typeclass inference of AddMonoidWithOne took 0.0047ms
norm_num took 0.0987ms
typeclass inference of AddMonoidWithOne took 0.00295ms
norm_num took 0.0424ms
typeclass inference of LT took 0.0347ms
typeclass inference of Semiring took 0.00286ms
typeclass inference of PartialOrder took 0.0337ms
typeclass inference of CommSemiring took 0.0292ms
typeclass inference of IsOrderedRing took 1.27ms
typeclass inference of CharZero took 0.0446ms
norm_num took 0.276ms
tactic execution of Mathlib.Tactic.normNum took 1.91ms
tactic execution of Lean.Parser.Tactic.tacticSeq1Indented took 0.016ms
tactic execution of Lean.Parser.Tactic.tacticSeq took 0.0199ms
typeclass inference of AddMonoidWithOne took 0.0383ms
norm_num took 0.271ms
typeclass inference of AddMonoidWithOne took 0.00446ms
norm_num took 0.0473ms
norm_num took 0.184ms
typeclass inference of Semiring took 0.0342ms
typeclass inference of AddMonoidWithOne took 0.00252ms
norm_num took 0.0498ms
norm_num took 0.358ms
norm_num took 0.0188ms
norm_num took 0.131ms
congr simp thm took 0.00594ms
norm_num took 0.00561ms
norm_num took 0.00327ms
typeclass inference of AddMonoidWithOne took 0.00551ms
norm_num took 0.085ms
typeclass inference of AddMonoidWithOne took 0.00298ms
norm_num took 0.0365ms
norm_num took 0.0965ms
typeclass inference of Semiring took 0.00284ms
typeclass inference of AddMonoidWithOne took 0.00196ms
norm_num took 0.0369ms
norm_num took 0.121ms
norm_num took 0.00388ms
typeclass inference of Preorder took 0.142ms
typeclass inference of Preorder took 0.0935ms
typeclass inference of AddMonoidWithOne took 0.00469ms
norm_num took 0.105ms
typeclass inference of AddMonoidWithOne took 0.0033ms
norm_num took 0.0459ms
typeclass inference of LT took 0.0301ms
typeclass inference of Semiring took 0.00269ms
typeclass inference of PartialOrder took 0.0329ms
typeclass inference of CommSemiring took 0.0231ms
typeclass inference of IsOrderedRing took 1.03ms
typeclass inference of CharZero took 0.0376ms
norm_num took 0.147ms
tactic execution of Mathlib.Tactic.normNum took 0.929ms
tactic execution of Lean.Parser.Tactic.tacticSeq1Indented took 0.0108ms
tactic execution of Lean.Parser.Tactic.tacticSeq took 0.016ms
instantiate metavars took 0.00716ms
instantiate metavars took 0.00024ms
instantiate metavars took 0.000141ms
instantiate metavars took 0.000171ms
instantiate metavars took 0.000111ms
share common exprs took 0.204ms
fix level params took 0.0327ms
attribute application took 0.00317ms
attribute application took 0.000682ms
process pre-definitions took 0.452ms
elaboration took 8.23ms
type checking took 2.42ms
overlappingInstancesLinter took 0.138ms
tacticAnalysis took 0.922ms
linting took 3.5ms
elaboration took 0.133ms
overlappingInstancesLinter took 0.0538ms
tacticAnalysis took 0.275ms
linting took 2.3ms
'RmsNorm.carry_stage_lift' depends on axioms: [propext, Classical.choice, Quot.sound]
elaboration took 715ms
overlappingInstancesLinter took 0.04ms
tacticAnalysis took 0.219ms
linting took 1.39ms
'RmsNorm.carry_stage_lift_production' depends on axioms: [propext, Classical.choice, Quot.sound]
elaboration took 1.18ms
overlappingInstancesLinter took 0.0179ms
tacticAnalysis took 0.129ms
linting took 0.9ms
elaboration took 0.0175ms
overlappingInstancesLinter took 0.0165ms
tacticAnalysis took 0.0858ms
linting took 0.729ms
module linting took 0.00133ms
cumulative profiling times:
	attribute application 0.0493ms
	congr simp thm 0.554ms
	elaboration 746ms
	fix level params 0.261ms
	grind 45.6ms
	grind cutsat 0.327ms
	grind mark subsingleton 3.16ms
	grind ring 0.128ms
	grind simp 22.6ms
	instantiate metavars 0.915ms
	interpretation 0.154ms
	let-to-have transformation 0.0781ms
	linting 57.8ms
	module linting 0.000882ms
	norm_num 10.2ms
	overlappingInstancesLinter 1.52ms
	parsing 6.26ms
	process pre-definitions 5.96ms
	ring 12ms
	share common exprs 6.75ms
	simp 1.6ms
	sym canon 7.55ms
	sym typeclass inference 461ms
	tactic execution 115ms
	tacticAnalysis 15.3ms
	type checking 80.1ms
	typeclass inference 358ms
PEAK_RSS_BYTES=689213440
EXIT=0 WALL=5.0s CAP=8G
