parsing took 0.0149ms
parsing took 0.451ms
parsing took 0.584ms
parsing took 0.484ms
parsing took 2.2ms
overlappingInstancesLinter took 0.113ms
tacticAnalysis took 0.492ms
linting took 4.58ms
elaboration took 0.237ms
overlappingInstancesLinter took 0.0219ms
tacticAnalysis took 0.17ms
linting took 4.99ms
attribute application took 0.00433ms
typeclass inference of HAdd took 0.272ms
typeclass inference of HAdd took 0.142ms
typeclass inference of LT took 0.0319ms
typeclass inference of HAdd took 1.2ms
typeclass inference of HAdd took 0.886ms
typeclass inference of HAdd took 0.01ms
typeclass inference of HAdd took 0.0983ms
instantiate metavars took 0.0108ms
instantiate metavars took 0.00154ms
let-to-have transformation took 0.0205ms
attribute application took 0.00208ms
attribute application took 0.00146ms
elaboration took 2.9ms
typeclass inference of NeZero took 0.165ms
typeclass inference of NeZero took 0.0415ms
typeclass inference of NeZero took 0.0379ms
tactic execution of Lean.Parser.Tactic.rewriteSeq took 0.918ms
tactic execution of Lean.Parser.Tactic.exact took 0.0938ms
tactic execution of Lean.Parser.Tactic.exact took 0.0858ms
tactic execution of Lean.Parser.Tactic.eqRefl took 0.00764ms
tactic execution of Lean.Parser.Tactic.tacticRfl took 0.0379ms
tactic execution of Lean.Parser.Tactic.tacticSeq1Indented took 0.00551ms
tactic execution of Lean.Parser.Tactic.tacticSeq took 0.00509ms
tactic execution of Lean.Parser.Tactic.withReducible took 0.0122ms
tactic execution of Lean.Parser.Tactic.tacticSeq1Indented took 0.00631ms
tactic execution of Lean.Parser.Tactic.tacticSeq took 0.0042ms
tactic execution of Lean.Parser.Tactic.paren took 0.00424ms
tactic execution of Lean.Parser.Tactic.tacticSeq1Indented took 0.00499ms
tactic execution of Lean.Parser.Tactic.tacticSeq took 0.00971ms
tactic execution of Lean.Parser.Tactic.first took 0.00348ms
tactic execution of Lean.Parser.Tactic.tacticTry_ took 0.00708ms
tactic execution of Lean.Parser.Tactic.tacticSeq1Indented took 0.0031ms
tactic execution of Lean.Parser.Tactic.tacticSeq took 0.0029ms
tactic execution of Lean.Parser.Tactic.paren took 0.00307ms
tactic execution of Lean.Parser.Tactic.withAnnotateState took 0.0117ms
tactic execution of Lean.Parser.Tactic.tacticSeq1Indented took 0.0193ms
tactic execution of Lean.Parser.Tactic.tacticSeq took 0.00475ms
tactic execution of Lean.Parser.Tactic.paren took 0.00631ms
tactic execution of Lean.Parser.Tactic.rwSeq took 0.0275ms
tactic execution of Lean.Parser.Tactic.tacticSeq1Indented took 0.00622ms
tactic execution of Lean.Parser.Tactic.tacticSeq took 0.00933ms
instantiate metavars took 0.00471ms
instantiate metavars took 0.00022ms
instantiate metavars took 0.00013ms
instantiate metavars took 0.00012ms
instantiate metavars took 0.00011ms
share common exprs took 0.0562ms
fix level params took 0.00868ms
let-to-have transformation took 0.00597ms
attribute application took 0.0019ms
attribute application took 0.000831ms
process pre-definitions took 0.133ms
elaboration took 0.263ms
type checking took 0.243ms
overlappingInstancesLinter took 0.335ms
tacticAnalysis took 0.695ms
linting took 4.73ms
attribute application took 0.00234ms
typeclass inference of HMul took 0.355ms
typeclass inference of HMul took 0.142ms
typeclass inference of LT took 0.0345ms
typeclass inference of HMul took 1.06ms
typeclass inference of HMul took 0.785ms
typeclass inference of HMul took 0.00493ms
typeclass inference of HMul took 0.035ms
instantiate metavars took 0.00365ms
instantiate metavars took 0.000211ms
let-to-have transformation took 0.007ms
attribute application took 0.00164ms
attribute application took 0.000531ms
elaboration took 1.58ms
tactic execution of Lean.Parser.Tactic.rewriteSeq took 0.806ms
tactic execution of Lean.Parser.Tactic.exact took 0.113ms
tactic execution of Lean.Parser.Tactic.exact took 0.0927ms
tactic execution of Lean.Parser.Tactic.eqRefl took 0.0152ms
tactic execution of Lean.Parser.Tactic.tacticRfl took 0.0569ms
tactic execution of Lean.Parser.Tactic.tacticSeq1Indented took 0.00553ms
tactic execution of Lean.Parser.Tactic.tacticSeq took 0.00459ms
tactic execution of Lean.Parser.Tactic.withReducible took 0.00981ms
tactic execution of Lean.Paparsing took 1.68ms
rser.Tactic.tacticSeq1Indented took 0.00858ms
tactic execution of Lean.Parser.Tactic.tacticSeq took 0.00428ms
tactic execution of Lean.Parser.Tactic.paren took 0.00397ms
tactic execution of Lean.Parser.Tactic.tacticSeq1Indented took 0.00761ms
tactic execution of Lean.Parser.Tactic.tacticSeq took 0.00501ms
tactic execution of Lean.Parser.Tactic.first took 0.0067ms
tactic execution of Lean.Parser.Tactic.tacticTry_ took 0.0109ms
tactic execution of Lean.Parser.Tactic.tacticSeq1Indented took 0.00313ms
tactic execution of Lean.Parser.Tactic.tacticSeq took 0.00269ms
tactic execution of Lean.Parser.Tactic.paren took 0.00315ms
tactic execution of Lean.Parser.Tactic.withAnnotateState took 0.0124ms
tactic execution of Lean.Parser.Tactic.tacticSeq1Indented took 0.022ms
tactic execution of Lean.Parser.Tactic.tacticSeq took 0.00462ms
tactic execution of Lean.Parser.Tactic.paren took 0.00565ms
tactic execution of Lean.Parser.Tactic.rwSeq took 0.011ms
tactic execution of Lean.Parser.Tactic.tacticSeq1Indented took 0.00621ms
tactic execution of Lean.Parser.Tactic.tacticSeq took 0.0231ms
instantiate metavars took 0.00512ms
instantiate metavars took 0.000241ms
instantiate metavars took 0.00014ms
instantiate metavars took 0.00013ms
instantiate metavars took 0.000121ms
share common exprs took 0.0562ms
fix level params took 0.011ms
let-to-have transformation took 0.00541ms
attribute application took 0.00252ms
attribute application took 0.000901ms
process pre-definitions took 0.15ms
elaboration took 0.313ms
type checking took 0.23ms
overlappingInstancesLinter took 0.103ms
tacticAnalysis took 0.602ms
linting took 4.81ms
attribute application took 0.00176ms
typeclass inference of OfNat took 0.145ms
typeclass inference of OfNat took 0.0415ms
typeclass inference of OfNat took 0.0392ms
typeclass inference of HPow took 0.4ms
typeclass inference of LT took 0.0341ms
typeclass inference of OfNat took 0.0635ms
typeclass inference of OfNat took 1.2ms
typeclass inference of CategoryTheory.CartesianMonoidalCategory took 0.0966ms
typeclass inference of CategoryTheory.CartesianMonoidalCategory took 0.00491ms
typeclass inference of HPow took 2.69ms
typeclass inference of OfNat took 0.0956ms
typeclass inference of OfNat took 0.0416ms
typeclass inference of HPow took 0.0388ms
typeclass inference of OfNat took 0.00359ms
instantiate metavars took 0.00433ms
instantiate metavars took 0.00016ms
let-to-have transformation took 0.00638ms
attribute application took 0.00172ms
attribute application took 0.000551ms
elaboration took 1.51ms
typeclass inference of OfNat took 1.17ms
typeclass inference of OfNat took 0.193ms
typeclass inference of OfNat took 0.051ms
typeclass inference of HPow took 0.41ms
typeclass inference of CoeT took 1.02ms
typeclass inference of OfNat took 0.0552ms
typeclass inference of CategoryTheory.CartesianMonoidalCategory took 0.0532ms
typeclass inference of CategoryTheory.CartesianMonoidalCategory took 0.0106ms
typeclass inference of HPow took 2.31ms
tactic execution of Lean.Parser.Tactic.refine took 1.64ms
congr simp thm took 0.0446ms
congr simp thm took 0.0544ms
congr simp thm took 0.0223ms
congr simp thm took 0.000661ms
typeclass inference of NatCast took 0.139ms
typeclass inference of NatCast took 0.063ms
typeclass inference of FunLike took 1.69ms
typeclass inference of One took 0.637ms
typeclass inference of SMul took 0.468ms
typeclass inference of SMul took 0.783ms
typeclass inference of IsSMulApply took 0.0416ms
congr simp thm took 0.0439ms
congr simp thm took 0.0004ms
typeclass inference of Semiring took 0.677ms
congr simp thm took 0.000852ms
congr simp thm took 0.00039ms
typeclass inference of Nat.AtLeastTwo took 0.187ms
congr simp thm took 0.000671ms
congr simp thm took 0.000551ms
simp took 1.83ms
simp took 0.00409ms
tactic execution of Lean.Parser.Tactic.pushCast took 0.0703ms
tactic execution of Lean.Parser.Tactic.exact took 0.109ms
tactic execution of Lean.Parser.Tactic.exact took 0.0915ms
tactic execution of Lean.Parser.Tactic.eqRefl took 0.535ms
tactic execution of Lean.Parser.Tactic.tacticRfl took 0.0518ms
tactic execution of Lean.Parser.Tactic.tacticSeq1Indented took 0.015ms
tactic execution of Lean.Parser.Tactic.tacticSeq took 0.00364ms
tactic execution of Lean.Parser.Tactic.paren took 0.00555ms
tactic execution of Lean.Parser.Tactic.withAnnotateState took 0.00718ms
tactic execution of Lean.Parser.Tactic.tacticSeq1Indented took 0.00493ms
tactic execution of Lean.Parser.Tactic.tacticSeq took 0.0146ms
tactic execution of Lean.Parser.Tactic.case took 0.0749ms
tactic execution of Lean.Parser.Tactic.tacticSeq1Indented took 0.0227ms
tactic execution of Lean.Parser.Tactic.tacticSeq took 0.00618ms
tactic execution of Lean.Parser.Tactic.focus took 0.0207ms
tactic execution of Lean.Parser.Tactic.tacticHave__ took 0.0287ms
tactic execution of Lean.Parser.Tactic.rewriteSeq took 0.224ms
tactic execution of Lean.Parser.Tactic.exact took 0.109ms
tactic execution of Lean.Parser.Tactic.exact took 0.0836ms
tactic execution of Lean.Parser.Tactic.eqRefl took 0.0272ms
tactic execution of Lean.Parser.Tactic.applyRfl took 0.0202ms
tactic execution of Lean.Parser.Tactic.tacticRfl took 0.04ms
tactic execution of Lean.Parser.Tactic.tacticSeq1Indented took 0.00996ms
tactic execution of Lean.Parser.Tactic.tacticSeq took 0.00384ms
tactic execution of Lean.Parser.Tactic.withReducible took 0.00716ms
tactic execution of Lean.Parser.Tactic.tacticSeq1Indented took 0.00459ms
tactic execution of Lean.Parser.Tactic.tacticSeq took 0.00343ms
tactic execution of Lean.Parser.Tactic.paren took 0.00379ms
tactic execution of Lean.Parser.Tactic.tacticSeq1Indented took 0.00405ms
tactic execution of Lean.Parser.Tactic.tacticSeq took 0.0036ms
tactic execution of Lean.Parser.Tactic.skip took 0.00249ms
tactic execution of Lean.Parser.Tactic.tacticSeq1Indented took 0.00343ms
tactic execution of Lean.Parser.Tactic.tacticSeq took 0.00369ms
tactic execution of Lean.Parser.Tactic.first took 0.00863ms
tactic execution of Lean.Parser.Tactic.tacticTry_ took 0.0077ms
tactic execution of Lean.Parser.Tactic.tacticSeq1Indented took 0.0044ms
tactic execution of Lean.Parser.Tactic.tacticSeq took 0.00317ms
tactic execution of Lean.Parser.Tactic.paren took 0.0037ms
tactic execution of Lean.Parser.Tactic.withAnnotateState took 0.0142ms
tactic execution of Lean.Parser.Tactic.tacticSeq1Indented took 0.0126ms
tactic execution of Lean.Parser.Tactic.tacticSeq took 0.0192ms
tactic execution of Lean.Parser.Tactic.paren took 0.00483ms
tactic execution of Lean.Parser.Tactic.rwSeq took 0.041ms
tactic execution of Lean.Parser.Tactic.exact took 0.259ms
tactic execution of Lean.Parser.Tactic.tacticSeq1Indented took 0.0409ms
tactic execution of Lean.Parser.Tactic.tacticSeq took 0.0588ms
instantiate metavars took 0.0423ms
instantiate metavars took 0.00025ms
instantiate metavars took 0.00014ms
instantiate metavars took 0.00016ms
instantiate metavars took 0.000111ms
share common exprs took 0.0794ms
fix level params took 0.0172ms
let-to-have transformation took 0.00485ms
attribute application took 0.00664ms
attribute application took 0.000661ms
process pre-definitions took 0.211ms
elaboration took 0.466ms
type checking took 1.13ms
overlappingInstancesLinter took 0.166ms
tacticAnalysis took 0.818ms
linting took 4.51ms
attribute application took 0.00265ms
typeclass inference of OfNat took 0.107ms
typeclass inference of OfNat took 0.0477ms
typeclass inference of HSub took 1.34ms
typeclass inference of HMul took 1.88ms
typeclass inference of HMul took 0.827ms
typeclass inference of HSub took 1.13ms
typeclass inference of OfNat took 0.831ms
typeclass inference of OfNat took 0.0887ms
typeclass inference of OfNat took 0.0541ms
typeclass inference of OfNat took 0.0482ms
typeclass inference of OfNat took 0.0348ms
typeclass inference of OfNat took 0.0316ms
typeclass inference of HSub took 0.00522ms
typeclass inference of HSub took 0.00279ms
typeclass inference of HMul took 0.00308ms
typeclass inference of HSub took 0.0377ms
typeclass inference of CategoryTheory.CartesianMonoidalCategory took 0.0535ms
typeclass inference of CategoryTheory.CartesianMonoidalCategory took 0.00483ms
typeclass inference of HPow took 2.29ms
typeclass inference ofparsing took 0.629ms
parsing took 0.0323ms
parsing took 0.0464ms
 HMul took 0.0492ms
typeclass inference of HSub took 0.0518ms
typeclass inference of OfNat took 1.05ms
typeclass inference of OfNat took 0.00481ms
typeclass inference of OfNat took 0.103ms
typeclass inference of OfNat took 0.0438ms
typeclass inference of HPow took 0.286ms
typeclass inference of LE took 0.0318ms
typeclass inference of OfNat took 0.0397ms
typeclass inference of OfNat took 0.0572ms
typeclass inference of OfNat took 0.0415ms
typeclass inference of HPow took 0.0359ms
typeclass inference of LT took 0.0344ms
typeclass inference of OfNat took 0.00288ms
typeclass inference of OfNat took 0.0685ms
typeclass inference of OfNat took 0.064ms
typeclass inference of HPow took 0.0416ms
typeclass inference of LT took 0.00352ms
typeclass inference of OfNat took 0.00498ms
typeclass inference of OfNat took 0.0538ms
typeclass inference of OfNat took 0.038ms
typeclass inference of HPow took 0.0331ms
typeclass inference of LT took 0.00285ms
typeclass inference of OfNat took 0.00226ms
typeclass inference of OfNat took 0.0531ms
typeclass inference of OfNat took 0.051ms
typeclass inference of HAdd took 0.161ms
typeclass inference of HAdd took 0.151ms
typeclass inference of OfNat took 0.0503ms
typeclass inference of OfNat took 0.0446ms
typeclass inference of HPow took 0.0343ms
typeclass inference of LT took 0.00303ms
typeclass inference of OfNat took 0.00255ms
typeclass inference of OfNat took 0.0543ms
typeclass inference of OfNat took 0.0438ms
typeclass inference of HAdd took 0.00394ms
typeclass inference of HAdd took 0.0328ms
typeclass inference of OfNat took 0.0556ms
typeclass inference of OfNat took 0.0588ms
typeclass inference of HPow took 0.035ms
typeclass inference of LT took 0.00279ms
typeclass inference of OfNat took 0.00255ms
typeclass inference of OfNat took 0.054ms
typeclass inference of OfNat took 0.0429ms
typeclass inference of HMul took 0.135ms
typeclass inference of HAdd took 0.00358ms
typeclass inference of HMul took 0.00213ms
typeclass inference of HMul took 0.179ms
typeclass inference of HPow took 0.043ms
typeclass inference of HMul took 0.0313ms
typeclass inference of HAdd took 0.0297ms
typeclass inference of OfNat took 0.00306ms
instantiate metavars took 0.014ms
instantiate metavars took 0.000201ms
let-to-have transformation took 0.0129ms
attribute application took 0.002ms
attribute application took 0.000531ms
elaboration took 5.22ms
typeclass inference of HMul took 1.22ms
typeclass inference of HMul took 1.82ms
tactic execution of Lean.Parser.Tactic.refine took 0.609ms
typeclass inference of Add took 0.851ms
typeclass inference of AddRightCancelSemigroup took 1.71ms
typeclass inference of IsRightCancelAdd took 3.73ms
typeclass inference of AddGroup took 0.545ms
typeclass inference of CommSemiring took 0.454ms
typeclass inference of CommRing took 0.0454ms
typeclass inference of Semifield took 0.31ms
typeclass inference of Field took 0.3ms
typeclass inference of Field took 0.00237ms
typeclass inference of Field took 0.00221ms
typeclass inference of Field took 0.00658ms
typeclass inference of Field took 0.00347ms
typeclass inference of Field took 0.00318ms
typeclass inference of Field took 0.00287ms
typeclass inference of Field took 0.00245ms
typeclass inference of Field took 0.00113ms
typeclass inference of Field took 0.00103ms
typeclass inference of Field took 0.00104ms
typeclass inference of Field took 0.00115ms
typeclass inference of Field took 0.00205ms
typeclass inference of Field took 0.00118ms
typeclass inference of Field took 0.00117ms
typeclass inference of Field took 0.00125ms
typeclass inference of Field took 0.00237ms
typeclass inference of Field took 0.00115ms
typeclass inference of Field took 0.00122ms
typeclass inference of Field took 0.00106ms
typeclass inference of Field took 0.00223ms
typeclass inference of Field took 0.00131ms
typeclass inference of Field took 0.00114ms
typeclass inference of Field took 0.00108ms
typeclass inference of Field took 0.00105ms
typeclass inference of Field took 0.00109ms
typeclass inference of Field took 0.00113ms
typeclass inference of Field took 0.00183ms
typeclass inference of Field took 0.00123ms
typeclass inference of Field took 0.00122ms
typeclass inference of Semiring took 0.723ms
typeclass inference of RCLike took 0.0124ms
typeclass inference of RCLike took 0.00195ms
typeclass inference of RCLike took 0.00148ms
typeclass inference of RCLike took 0.00242ms
typeclass inference of RCLike took 0.00138ms
typeclass inference of RCLike took 0.00161ms
typeclass inference of RCLike took 0.00128ms
typeclass inference of RCLike took 0.00112ms
typeclass inference of RCLike took 0.00106ms
typeclass inference of RCLike took 0.00109ms
typeclass inference of RCLike took 0.00105ms
typeclass inference of RCLike took 0.00106ms
typeclass inference of RCLike took 0.00185ms
typeclass inference of RCLike took 0.00114ms
typeclass inference of RCLike took 0.00115ms
typeclass inference of RCLike took 0.00112ms
typeclass inference of RCLike took 0.0011ms
typeclass inference of RCLike took 0.00139ms
typeclass inference of RCLike took 0.00115ms
typeclass inference of RCLike took 0.00111ms
typeclass inference of RCLike took 0.00186ms
typeclass inference of RCLike took 0.00119ms
typeclass inference of RCLike took 0.00111ms
typeclass inference of RCLike took 0.00116ms
typeclass inference of RCLike took 0.00116ms
typeclass inference of RCLike took 0.00115ms
typeclass inference of RCLike took 0.00108ms
typeclass inference of RCLike took 0.00177ms
typeclass inference of RCLike took 0.00117ms
typeclass inference of RCLike took 0.00106ms
typeclass inference of Semiring took 0.00482ms
typeclass inference of NonAssocRing took 0.21ms
typeclass inference of Field took 0.00352ms
typeclass inference of Field took 0.00832ms
typeclass inference of Field took 0.00464ms
typeclass inference of Field took 0.00155ms
typeclass inference of Field took 0.00132ms
typeclass inference of Field took 0.00119ms
typeclass inference of Field took 0.00107ms
typeclass inference of Field took 0.00104ms
typeclass inference of Field took 0.00127ms
typeclass inference of Field took 0.00244ms
typeclass inference of Field took 0.00189ms
typeclass inference of Field took 0.00192ms
typeclass inference of Field took 0.00114ms
typeclass inference of Field took 0.00235ms
typeclass inference of Field took 0.00122ms
typeclass inference of Field took 0.00128ms
typeclass inference of Field took 0.00118ms
typeclass inference of Field took 0.00109ms
typeclass inference of Field took 0.00107ms
typeclass inference of Field took 0.00113ms
typeclass inference of Field took 0.00136ms
typeclass inference of Field took 0.000942ms
typeclass inference of Field took 0.00209ms
typeclass inference of Field took 0.00132ms
typeclass inference of Field took 0.00108ms
typeclass inference of Field took 0.00105ms
typeclass inference of Field took 0.00107ms
typeclass inference of Field took 0.00109ms
typeclass inference of Field took 0.00108ms
typeclass inference of Field took 0.00116ms
typeclass inference of Field took 0.00177ms
typeclass inference of Field took 0.00114ms
typeclass inference of Field took 0.00113ms
typeclass inference of Field took 0.0011ms
typeclass inference of Field took 0.00111ms
typeclass inference of Field took 0.00108ms
typeclass inference of Field took 0.00104ms
typeclass inference of Field took 0.00204ms
typeclass inference of Field took 0.00132ms
typeclass inference of Field took 0.00123ms
typeclass inference of Field took 0.00117ms
typeclass inference of Field took 0.00111ms
typeclass inference of Field took 0.00214ms
typeclass inference of Field took 0.00116ms
typeclass inference of Field took 0.00109ms
typeclass inference of Field took 0.00123ms
typeclass inference of Field took 0.00247ms
typeclass inference of Field took 0.00127ms
typeclass inference of Field took 0.00171ms
typeclass inference of Field took 0.0023ms
typeclass inference of Field took 0.00161ms
typeclass inference of Field took 0.00245ms
typeclass inference of Field took 0.00171ms
typeclass inference of Field took 0.00193ms
typeclass inference of Field took 0.0014ms
typeclass inference of Field took 0.00116ms
typeclass inference of Field took 0.0011ms
typeclass inference of Field took 0.00115ms
typeclass inference of Field took 0.00105ms
typeclass inference of Field took 0.00286ms
typeclass inference of Field took 0.00303ms
typeclass inference of Field took 0.00147ms
typeclass inference of Field took 0.00165ms
typeclass inference of Field took 0.00105ms
typeclass inference of Field took 0.00109ms
typeclass inference of Field took 0.00171ms
typeclass inference of Field took 0.00115ms
typeclass inference of Field took 0.0011ms
typeclass inference of Field took 0.00136ms
typeclass inference of Field took 0.00193ms
typeclass inference of Field took 0.00125ms
typeclass inference of Field took 0.00118ms
typeclass inference of Semiring took 0.0061ms
typeclass inference of CharZero took 22.5ms
norm_num took 0.135ms
norm_num took 0.00602ms
typeclass inference of AddMonoidWithOne took 0.619ms
norm_num took 0.671ms
norm_num took 0.012ms
norm_num took 0.00421ms
norm_num took 0.00279ms
norm_num took 0.00283ms
typeclass inference of AddMonoidWithOne took 0.00783ms
norm_num took 0.348ms
ring took 2.56ms
tactic execution of Mathlib.Tactic.LinearCombination.linearCombination took 2.95ms
tactic execution of Lean.Parser.Tactic.tacticSeq1Indented took 0.00861ms
tactic execution of Lean.Parser.Tactic.tacticSeq took 0.00539ms
tactic execution of Lean.Parser.Tactic.paren took 0.00573ms
tactic execution of Lean.Parser.Tactic.withAnnotateState took 0.00816ms
tactic execution of Lean.Parser.Tactic.tacticSeq1Indented took 0.00544ms
tactic execution of Lean.Parser.Tactic.tacticSeq took 0.0051ms
tactic execution of Lean.Parser.Tactic.case took 0.0801ms
tactic execution of Lean.Parser.Tactic.tacticSeq1Indented took 0.0174ms
tactic execution of Lean.Parser.Tactic.tacticSeq took 0.00714ms
tactic execution of Lean.Parser.Tactic.focus took 0.0121ms
tactic execution of Lean.Parser.Tactic.tacticHave__ took 0.0227ms
typeclass inference of OfNat took 0.0827ms
typeclass inference of OfNat took 0.0487ms
typeclass inference of HAdd took 0.971ms
typeclass inference of HMul took 0.804ms
typeclass inference of CategoryTheory.CartesianMonoidalCategory took 0.0538ms
typeclass inference of CategoryTheory.CartesianMonoidalCategory took 0.00467ms
typeclass inference of HPow took 1.97ms
typeclass inference of HMul took 0.816ms
typeclass inference of HAdd took 0.824ms
typeclass inference of OfNat took 0.866ms
tactic execution of Lean.Parser.Tactic.refine took 0.682ms
typeclass inference of Add took 2.04ms
typeclass inference of AddRightCancelSemigroup took 0.831ms
typeclass inference of IsRightCancelAdd took 3.4ms
typeclass inference of AddGroup took 0.585ms
typeclass inference of CommSemiring took 0.473ms
typeclass inference of CommRing took 0.0403ms
typeclass inference of Semifield took 0.311ms
typeclass inference of Field took 0.323ms
typeclass inference of Field took 0.00221ms
typeclass inference of Field took 0.00159ms
typeclass inference of Field took 0.00233ms
typeclass inference of Field took 0.00134ms
typeclass inference of Field took 0.0013ms
typeclass inference of Field took 0.00118ms
typeclass inference of Field took 0.00117ms
typeclass inference of Field took 0.00119ms
typeclass inference of Field took 0.00112ms
typeclass inference of Field took 0.00117ms
typeclass inference of Field took 0.00106ms
typeclass inference of Field took 0.00213ms
typeclass inference of Field took 0.00119ms
typeclass inference of Field took 0.00124ms
typeclass inference of Field took 0.00125ms
typeclass inference of Field took 0.00111ms
typeclass inference of Field took 0.00112ms
typeclass inference of Field took 0.00114ms
typeclass inference of Field took 0.00107ms
typeclass inference of Field took 0.00194ms
typeclass inference of Field took 0.00132ms
typeclass inference of Field took 0.00128ms
typeclass inference of Field took 0.00124ms
typeclass inference of Field took 0.00115ms
typeclass inference of Field took 0.00118ms
typeclass inference of Field took 0.00113ms
typeclass inference of Field took 0.002ms
typeclass inference of Field took 0.00143ms
typeclass inference of Field took 0.00123ms
typeclass inference of Semiring took 0.792ms
typeclass inference of RCLike took 0.0114ms
typeclass inference of RCLike took 0.00198ms
typeclass inference of RCLike took 0.00146ms
typeclass inference of RCLike took 0.00431ms
typeclass inference of RCLike took 0.00375ms
typeclass inference of RCLike took 0.00144ms
typeclass inference of RCLike took 0.00122ms
typeclass inference of RCLike took 0.00112ms
typeclass inference of RCLike took 0.0011ms
typeclass inference of RCLike took 0.00154ms
typeclass inference of RCLike took 0.00109ms
typeclass inference of RCLike took 0.00108ms
typeclass inference of RCLike took 0.00194ms
typeclass inference of RCLike took 0.00122ms
typeclass inference of RCLike took 0.00124ms
typeclass inference of RCLike took 0.00113ms
typeclass inference of RCLike took 0.00111ms
typeclass inference of RCLike took 0.00111ms
typeclass inference of RCLike took 0.0011ms
typeclass inference of RCLike took 0.00107ms
typeclass inference of RCLike took 0.00172ms
typeclass inference of RCLike took 0.0012ms
typeclass inference of RCLike took 0.00126ms
typeclass inference of RCLike took 0.00121ms
typeclass inference of RCLike took 0.00152ms
typeclass inference of RCLike took 0.0027ms
typeclass inference of RCLike took 0.00107ms
typeclass inference of RCLike took 0.00193ms
typeclass inference of RCLike took 0.00113ms
typeclass inference of RCLike took 0.00111ms
typeclass inference of Semiring took 0.00492ms
typeclass inference of NonAssocRing took 0.18ms
typeclass inference of Field took 0.00319ms
typeclass inference of Field took 0.00237ms
typeclass inference of Field took 0.00197ms
typeclass inference of Field took 0.00138ms
typeclass inference of Field took 0.00128ms
typeclass inference of Field took 0.00117ms
typeclass inference of Field took 0.0011ms
typeclass inference of Field took 0.00104ms
typeclass inference of Field took 0.0012ms
typeclass inference of Field took 0.00174ms
typeclass inference of Field took 0.00138ms
typeclass inference of Field took 0.00142ms
typeclass inference of Field took 0.00115ms
typeclass inference of Field took 0.00216ms
typeclass inference of Field took 0.00118ms
typeclass inference of Field took 0.00115ms
typeclass inference of Field took 0.00115ms
typeclass inference of Field took 0.00108ms
typeclass inference of Field took 0.00117ms
typeclass inference of Field took 0.00112ms
typeclass inference of Field took 0.00106ms
typeclass inference of Field took 0.00109ms
typeclass inference of Field took 0.00218ms
typeclass inference of Field took 0.00125ms
typeclass inference of Field took 0.0012ms
typeclass inference of Field took 0.0013ms
typeclass inference of Field took 0.00112ms
typeclass inference of Field took 0.00121ms
typeclass inference of Field took 0.0011ms
typeclass inference of Field took 0.00102ms
typeclass inference of Field took 0.00169ms
typeclass inference of Field took 0.00106ms
typeclass inference of Field took 0.00116ms
typeclass inference of Field took 0.00116ms
typeclass inference of Field took 0.00108ms
typeclass inference of Field took 0.00111ms
typeclass inference of Field took 0.00111ms
typeclass inference of Field took 0.00234ms
typeclass inference of Field took 0.00135ms
typeclass inference of Field took 0.00126ms
typeclass inference of Field took 0.00118ms
typeclass inference of Field took 0.0011ms
typeclass inference of Field took 0.00166ms
typeclass inference of Field took 0.00124ms
typeclass inference of Field took 0.0013ms
typeclass inference of Field took 0.00111ms
typeclass inference of Field took 0.00152ms
typeclass inference of Field took 0.00139ms
typeclass inference of Field took 0.00119ms
typeclass inference of Field took 0.00154ms
typeclass inference of Field took 0.00178ms
typeclass inference of Field took 0.0015ms
typeclass inference of Field took 0.0017ms
typeclass inference of Field took 0.00238ms
typeclass inference of Field took 0.00144ms
typeclass inference of Field took 0.00124ms
typeclass inference of Field took 0.00112ms
typeclass inference of Field took 0.00115ms
typeclass inference of Field took 0.00114ms
typeclass inference of Field took 0.00128ms
typeclass inference of Field took 0.00466ms
typeclass inference of Field took 0.00155ms
typeclass inference of Field took 0.00126ms
typeclass inference of Field took 0.00116ms
typeclass inference of Field took 0.00123ms
typeclass inference of Field took 0.00333ms
typeclass inference of Field took 0.00524ms
typeclass inference of Field took 0.00236ms
typeclass inference of Field took 0.0016ms
typeclass inference of Field took 0.00192ms
typeclass inference of Field took 0.0012ms
typeclass inference of Field took 0.00143ms
typeclass inference of Semiring took 0.00603ms
typeclass inference of CharZero took 21.1ms
norm_num took 0.0267ms
typeclass inference of AddMonoidWithOne took 0.628ms
norm_num took 0.373ms
norm_num took 0.0063ms
typeclass inference of AddMonoidWithOne took 0.00541ms
norm_num took 0.126ms
norm_num took 0.00528ms
norm_num took 0.00664ms
norm_num took 0.00668ms
norm_num took 0.0027ms
typeclass inference of AddMonoidWithOne took 0.00421ms
norm_num took 0.139ms
norm_num took 0.00484ms
norm_num took 0.00302ms
typeclass inference of AddMonoidWithOne took 0.00433ms
norm_num took 0.364ms
ring took 2.29ms
tactic execution of Mathlib.Tactic.LinearCombination.linearCombination took 2.2ms
tactic execution of Lean.Parser.Tactic.tacticSeq1Indented took 0.0239ms
tactic execution of Lean.Parser.Tactic.tacticSeq took 0.0154ms
tactic execution of Lean.Parser.Tactic.paren took 0.024ms
tactic execution of Lean.Parser.Tactic.withAnnotateState took 0.036ms
tactic execution of Lean.Parser.Tactic.tacticSeq1Indented took 0.0246ms
tactic execution of Lean.Parser.Tactic.tacticSeq took 0.0188ms
tactic execution of Lean.Parser.Tactic.case took 0.151ms
tactic execution of Lean.Parser.Tactic.tacticSeq1Indented took 0.019ms
tactic execution of Lean.Parser.Tactic.tacticSeq took 0.00782ms
tactic execution of Lean.Parser.Tactic.focus took 0.0117ms
tactic execution of Lean.Parser.Tactic.tacticHave__ took 0.0266ms
typeclass inference of OfNat took 0.079ms
typeclass inference of OfNat took 0.0496ms
typeclass inference of OfNat took 0.0449ms
typeclass inference of HPow took 0.332ms
typeclass inference of LT took 0.0329ms
typeclass inference of OfNat took 0.0404ms
typeclass inference of Preorder took 0.168ms
typeclass inference of Preorder took 0.031ms
typeclass inference of Preorder took 0.0312ms
typeclass inference of AddMonoidWithOne took 0.0378ms
norm_num took 0.184ms
typeclass inference of AddMonoidWithOne took 0.004ms
norm_num took 0.0538ms
typeclass inference of LT took 0.0296ms
typeclass inference of Semiring took 0.0289ms
typeclass inference of PartialOrder took 0.0447ms
typeclass inference of CommSemiring took 0.0336ms
typeclass inference of IsOrderedRing took 0.903ms
typeclass inference of CharZero took 0.0381ms
norm_num took 0.229ms
tactic execution of Mathlib.Tactic.normNum took 0.469ms
tactic execution of Lean.Parser.Tactic.tacticSeq1Indented took 0.00749ms
tactic execution of Lean.Parser.Tactic.tacticSeq took 0.0088ms
tactic execution of Lean.Parser.Tactic.refine took 3.37ms
tactic execution of Lean.Parser.Tactic.rotateRight took 0.00697ms
tactic execution of Lean.Parser.Tactic.tacticSeq1Indented took 0.0111ms
tactic execution of Lean.Parser.Tactic.tacticSeq took 0.00582ms
tactic execution of Lean.Parser.Tactic.paren took 0.00434ms
tactic execution of Lean.Parser.Tactic.tacticSeq1Indented took 0.00475ms
tactic execution of Lean.Parser.Tactic.tacticSeq took 0.00491ms
tactic execution of Lean.Parser.Tactic.focus took 0.00778ms
tactic execution of Lean.Parser.Tactic.tacticRefine_lift_ took 0.00768ms
tactic execution of Lean.Parser.Tactic.tacticHave__ took 0.71ms
typeclass inference of OfNat took 0.89ms
typeclass inference of CategoryTheory.CartesianMonoidalCategory took 0.0527ms
typeclass inference of CategoryTheory.CartesianMonoidalCategory took 0.00449ms
typeclass inference of HPow took 1.87ms
typeclass inference of OfNat took 0.0648ms
typeclass inference of OfNat took 0.0443ms
typeclass inference of HPow took 0.255ms
typeclass inference of OfNat took 0.0416ms
tactic execution of Lean.Parser.Tactic.refine took 0.848ms
tactic execution of Lean.Parser.Tactic.rotateRight took 0.00491ms
tactic execution of Lean.Parser.Tactic.tacticSeq1Indented took 0.012ms
tactic execution of Lean.Parser.Tactic.tacticSeq took 0.00299ms
tactic execution of Lean.Parser.Tactic.paren took 0.00292ms
tactic execution of Lean.Parser.Tactic.tacticSeq1Indented took 0.00349ms
tactic execution of Lean.Parser.Tactic.tacticSeq took 0.00309ms
tactic execution of Lean.Parser.Tactic.focus took 0.00551ms
tactic execution of Lean.Parser.Tactic.tacticRefine_lift_ took 0.00481ms
tactic execution of Lean.Parser.Tactic.tacticHave__ took 0.0136ms
typeclass inference of OfNat took 0.0632ms
typeclass inference of OfNat took 0.0489ms
typeclass inference of OfNat took 0.0424ms
typeclass inference of HMul took 0.151ms
typeclass inference of HPow took 0.0367ms
typeclass inference of HMul took 0.16ms
typeclass inference of LT took 0.0256ms
typeclass inference of OfNat took 0.00322ms
tactic execution of Lean.Parser.Tactic.refine took 0.497ms
typeclass inference of OfNat took 0.0622ms
typeclass inference of OfNat took 0.0564ms
typeclass inference of OfNat took 0.0497ms
typeclass inference of OfNat took 0.0508ms
typeclass inference of OfNat took 0.0408ms
typeclass inference of OfNat took 0.0334ms
typeclass inference of OfNat took 0.0315ms
typeclass inference of HMul took 0.00403ms
typeclass inference of HMul took 0.00252ms
typeclass inference of HPow took 0.0333ms
typeclass inference of HMul took 0.0295ms
typeclass inference of HPow took 0.0369ms
typeclass inference of HPow took 0.031ms
typeclass inference of HMul took 0.0298ms
typeclass inference of LT took 0.00332ms
typeclass inference of OfNat took 0.00262ms
typeclass inference of OfNat took 0.0022ms
typeclass inference of OfNat took 0.00169ms
typeclass inference of OfNat took 0.06ms
typeclass inference of OfNat took 0.061ms
typeclass inference of HAdd took 0.245ms
typeclass inference of HAdd took 0.158ms
typeclass inference of OfNat took 0.0495ms
typeclass inference of HPow took 0.0431ms
typeclass inference of OfNat took 0.00358ms
typeclass inference of Trans took 0.328ms
typeclass inference of LT took 0.00429ms
typeclass inference of Trans took 0.206ms
typeclass inference of LE took 0.227ms
typeclass inference of LE took 0.104ms
typeclass inference of Zero took 0.141ms
typeclass inference of PartialOrder took 0.0625ms
typeclass inference of Ring took 1.07ms
typeclass inference of AddMonoidWithOne took 0.0391ms
norm_num took 0.277ms
typeclass inference of Semiring took 0.0338ms
typeclass inference of PartialOrder took 0.00316ms
typeclass inference of CommSemiring took 0.0276ms
typeclass inference of IsOrderedRing took 0.991ms
typeclass inference of Nontrivial took 0.0462ms
typeclass inference of Semiring took 0.00299ms
typeclass inference of IsStrictOrderedRing took 0.0293ms
tactic execution of Mathlib.Tactic.Positivity.positivity took 1.37ms
tactic execution of Lean.Parser.Tactic.tacticSeq1Indented took 0.00774ms
tactic execution of Lean.Parser.Tactic.tacticSeq took 0.011ms
typeclass inference of Monoid took 0.288ms
typeclass inference of Monoid took 0.124ms
typeclass inference of Monoid took 0.0345ms
typeclass inference of Monoid took 0.0286ms
tactic execution of Lean.Parser.Tactic.rewriteSeq took 0.549ms
tactic execution of Lean.Parser.Tactic.exact took 0.117ms
tactic execution of Lean.Parser.Tactic.exact took 0.0828ms
tactic execution of Lean.Parser.Tactic.eqRefl took 0.167ms
tactic execution of Lean.Parser.Tactic.tacticRfl took 0.042ms
tactic execution of Lean.Parser.Tactic.tacticSeq1Indented took 0.00781ms
tactic execution of Lean.Parser.Tactic.tacticSeq took 0.00701ms
tactic execution of Lean.Parser.Tactic.withReducible took 0.00626ms
tactic execution of Lean.Parser.Tactic.tacticSeq1Indented took 0.00715ms
tactic execution of Lean.Parser.Tactic.tacticSeq took 0.00487ms
tactic execution of Lean.Parser.Tactic.paren took 0.00576ms
tactic execution of Lean.Parser.Tactic.tacticSeq1Indented took 0.00588ms
tactic execution of Lean.Parser.Tactic.tacticSeq took 0.0103ms
tactic execution of Lean.Parser.Tactic.first took 0.00552ms
tactic execution of Lean.Parser.Tactic.tacticTry_ took 0.00867ms
tactic execution of Lean.Parser.Tactic.tacticSeq1Indented took 0.00303ms
tactic execution of Lean.Parser.Tactic.tacticSeq took 0.00288ms
tactic execution of Lean.Parser.Tactic.paren took 0.00305ms
tactic execution of Lean.Parser.Tactic.withAnnotateState took 0.0184ms
tactic execution of Lean.Parser.Tactic.tacticSeq1Indented took 0.0097ms
tactic execution of Lean.Parser.Tactic.tacticSeq took 0.00313ms
tactic execution of Lean.Parser.Tactic.paren took 0.00402ms
tactic execution of Lean.Parser.Tactic.rwSeq took 0.0085ms
tactic execution of Lean.Parser.Tactic.tacticSeq1Indented took 0.00469ms
tactic execution of Lean.Parser.Tactic.tacticSeq took 0.00763ms
tactic execution of Lean.calcTactic took 4.52ms
tactic execution of Lean.Parser.Tactic.tacticSeq1Indented took 0.00532ms
tactic execution of Lean.Parser.Tactic.tacticSeq took 0.0037ms
tactic execution of Lean.Parser.Tactic.paren took 0.00381ms
tactic execution of Lean.Parser.Tactic.withAnnotateState took 0.00593ms
tactic execution of Lean.Parser.Tactic.tacticSeq1Indented took 0.00382ms
tactic execution of Lean.Parser.Tactic.tacticSeq took 0.00392ms
tactic execution of Lean.Parser.Tactic.case took 0.047ms
tactic execution of Lean.Parser.Tactic.tacticSeq1Indented took 0.0116ms
tactic execution of Lean.Parser.Tactic.tacticSeq took 0.00373ms
tactic execution of Lean.Parser.Tactic.focus took 0.00578ms
tactic execution of Lean.Parser.Tactic.tacticHave__ took 0.139ms
typeclass inference of OfNat took 0.875ms
typeclass inference of HMul took 0.857ms
typeclass inference of CategoryTheory.CartesianMonoidalCategory took 0.0552ms
typeclass inference of CategoryTheory.CartesianMonoidalCategory took 0.00454ms
typeclass inference of HPow took 1.88ms
typeclass inference of HMul took 0.81ms
typeclass inference of OfNat took 0.0997ms
typeclass inference of OfNat took 0.0492ms
typeclass inference of HMul took 0.14ms
typeclass inference of HPow took 0.275ms
typeclass inference of HMul took 0.14ms
typeclass inference of OfNat took 0.0409ms
tactic execution of Lean.Parser.Tactic.refine took 0.935ms
tactic execution of Lean.Parser.Tactic.rewriteSeq took 0.481ms
tactic execution of Lean.Parser.Tactic.exact took 0.245ms
tactic execution of Lean.Parser.Tactic.exact took 0.0935ms
tactic execution of Lean.Parser.Tactic.eqRefl took 0.0112ms
tactic execution of Lean.Parser.Tactic.applyRfl took 0.0257ms
tactic execution of Lean.Parser.Tactic.tacticRfl took 0.065ms
tactic execution of Lean.Parser.Tactic.tacticSeq1Indented took 0.00849ms
tactic execution of Lean.Parser.Tactic.tacticSeq took 0.00678ms
tactic execution of Lean.Parser.Tactic.withReducible took 0.0108ms
tactic execution of Lean.Parser.Tactic.tacticSeq1Indented took 0.00848ms
tactic execution of Lean.Parser.Tactic.tacticSeq took 0.00547ms
tactic execution of Lean.Parser.Tactic.paren took 0.00591ms
tactic execution of Lean.Parser.Tactic.tacticSeq1Indented took 0.00892ms
tactic execution of Lean.Parser.Tactic.tacticSeq took 0.00612ms
tactic execution of Lean.Parser.Tactic.skip took 0.00277ms
tactic execution of Lean.Parser.Tactic.tacticSeq1Indented took 0.00346ms
tactic execution of Lean.Parser.Tactic.tacticSeq took 0.00347ms
tactic execution of Lean.Parser.Tactic.first took 0.0126ms
tactic execution of Lean.Parser.Tactic.tacticTry_ took 0.0172ms
tactic execution of Lean.Parser.Tactic.tacticSeq1Indented took 0.00487ms
tactic execution of Lean.Parser.Tactic.tacticSeq took 0.00421ms
tactic execution of Lean.Parser.Tactic.paren took 0.00443ms
tactic execution of Lean.Parser.Tactic.withAnnotateState took 0.0114ms
tactic execution of Lean.Parser.Tactic.tacticSeq1Indented took 0.0354ms
tactic execution of Lean.Parser.Tactic.tacticSeq took 0.0239ms
tactic execution of Lean.Parser.Tactic.paren took 0.0173ms
tactic execution of Lean.Parser.Tactic.rwSeq took 0.0528ms
tactic execution of Lean.Parser.Tactic.exact took 0.0514ms
tactic execution of Lean.Parser.Tactic.tacticSeq1Indented took 0.0281ms
tactic execution of Lean.Parser.Tactic.tacticSeq took 0.0362ms
tactic execution of Lean.Parser.Tactic.rewriteSeq took 2.55ms
tactic execution of Lean.Parser.Tactic.exact took 0.105ms
tactic execution of Lean.Parser.Tactic.exact took 0.0804ms
tactic execution of Lean.Parser.Tactic.eqRefl took 0.0093ms
tactic execution of Lean.Parser.Tactic.tacticRfl took 0.0352ms
tactic execution of Lean.Parser.Tactic.tacticSeq1Indented took 0.00384ms
tactic execution of Lean.Parser.Tactic.tacticSeq took 0.00255ms
tactic execution of Lean.Parser.Tactic.withReducible took 0.00328ms
tactic execution of Lean.Parser.Tactic.tacticSeq1Indented took 0.00286ms
tactic execution of Lean.Parser.Tactic.tacticSeq took 0.00246ms
tactic execution of Lean.Parser.Tactic.paren took 0.00249ms
tactic execution of Lean.Parser.Tactic.tacticSeq1Indented took 0.00285ms
tactic execution of Lean.Parser.Tactic.tacticSeq took 0.00256ms
tactic execution of Lean.Parser.Tactic.first took 0.00324ms
tactic execution of Lean.Parser.Tactic.tacticTry_ took 0.00507ms
tactic execution of Lean.Parser.Tactic.tacticSeq1Indented took 0.00291ms
tactic execution of Lean.Parser.Tactic.tacticSeq took 0.00255ms
tactic execution of Lean.Parser.Tactic.paren took 0.00328ms
tactic execution of Lean.Parser.Tactic.withAnnotateState took 0.0117ms
tactic execution of Lean.Parser.Tactic.tacticSeq1Indented took 0.0118ms
tactic execution of Lean.Parser.Tactic.tacticSeq took 0.00416ms
tactic execution of Lean.Parser.Tactic.paren took 0.00405ms
tactic execution of Lean.Parser.Tactic.rwSeq took 0.0113ms
tactic execution of Lean.Parser.Tactic.tacticSeq1Indented took 0.00338ms
tactic execution of Lean.Parser.Tactic.tacticSeq took 0.00311ms
tactic execution of Lean.Parser.Tactic.paren took 0.00285ms
tactic execution of Lean.Parser.Tactic.withAnnotateState took 0.00564ms
tactic execution of Lean.Parser.Tactic.tacticSeq1Indented took 0.00399ms
tactic execution of Lean.Parser.Tactic.tacticSeq took 0.00399ms
tactic execution of Lean.Parser.Tactic.case took 0.195ms
tactic execution of Lean.Parser.Tactic.tacticSeq1Indented took 0.0145ms
tactic execution of Lean.Parser.Tactic.tacticSeq took 0.00448ms
tactic execution of Lean.Parser.Tactic.focus took 0.00653ms
tactic execution of Lean.Parser.Tactic.tacticHave__ took 0.0208ms
typeclass inference of OfNat took 0.0931ms
typeclass inference of OfNat took 0.0504ms
typeclass inference of OfNat took 0.0446ms
typeclass inference of HAdd took 0.159ms
typeclass inference of HMul took 0.142ms
typeclass inference of HPow took 0.304ms
typeclass inference of HMul took 0.161ms
typeclass inference of HAdd took 0.132ms
typeclass inference of LT took 0.028ms
typeclass inference of OfNat took 0.0383ms
tactic execution of Lean.Parser.Tactic.refine took 0.767ms
typeclass inference of OfNat took 0.0646ms
typeclass inference of OfNat took 0.0554ms
typeclass inference of OfNat took 0.0614ms
typeclass inference of OfNat took 0.0357ms
typeclass inference of OfNat took 0.0458ms
typeclass inference of OfNat took 0.0482ms
typeclass inference of OfNat took 0.0393ms
typeclass inference of OfNat took 0.0301ms
typeclass inference of OfNat took 0.0296ms
typeclass inference of OfNat took 0.0297ms
typeclass inference of HAdd took 0.00376ms
typeclass inference of HMul took 0.00236ms
typeclass inference of HMul took 0.00247ms
typeclass inference of HPow took 0.0381ms
typeclass inference of HMul took 0.0475ms
typeclass inference of HPow took 0.0381ms
typeclass inference of HAdd took 0.0315ms
typeclass inference of HPow took 0.029ms
typeclass inference of HPow took 0.0322ms
typeclass inference of HMul took 0.0276ms
typeclass inference of LE took 0.0335ms
typeclass inference of OfNat took 0.00331ms
typeclass inference of OfNat took 0.00262ms
typeclass inference of OfNat took 0.00193ms
typeclass inference of OfNat took 0.00167ms
tactic execution of Lean.Parser.Tactic.refine took 1.02ms
typeclass inference of OfNat took 0.0651ms
typeclass inference of OfNat took 0.0389ms
typeclass inference of OfNat took 0.046ms
typeclass inference of OfNat took 0.0421ms
typeclass inference of OfNat took 0.0326ms
typeclass inference of HAdd took 0.00377ms
typeclass inference of HAdd took 0.0386ms
typeclass inference of HPow took 0.0294ms
typeclass inference of LE took 0.00299ms
typeclass inference of OfNat took 0.0408ms
typeclass inference of OfNat took 0.00272ms
tactic execution of Lean.Parser.Tactic.refine took 0.682ms
tactic execution of Lean.Parser.Tactic.rotateRight took 0.00553ms
tactic execution of Lean.Parser.Tactic.tacticSeq1Indented took 0.0113ms
tactic execution of Lean.Parser.Tactic.tacticSeq took 0.00297ms
tactic execution of Lean.Parser.Tactic.paren took 0.00301ms
tactic execution of Lean.Parser.Tactic.tacticSeq1Indented took 0.00335ms
tactic execution of Lean.Parser.Tactic.tacticSeq took 0.0027ms
tactic execution of Lean.Parser.Tactic.focus took 0.00408ms
tactic execution of Lean.Parser.Tactic.tacticRefine_lift_ took 0.00609ms
tactic execution of Lean.Parser.Tactic.tacticHave__ took 0.00776ms
typeclass inference of OfNat took 0.0687ms
typeclass inference of OfNat took 0.0596ms
typeclass inference of OfNat took 0.0445ms
typeclass inference of OfNat took 0.0334ms
typeclass inference of OfNat took 0.0502ms
typeclass inference of OfNat took 0.0566ms
typeclass inference of OfNat took 0.0375ms
typeclass inference of OfNat took 0.0323ms
typeclass inference of OfNat took 0.0362ms
typeclass inference of OfNat took 0.033ms
typeclass inference of HAdd took 0.00392ms
typeclass inference of HMul took 0.00251ms
typeclass inference of HMul took 0.00239ms
typeclass inference of HAdd took 0.00213ms
typeclass inference of HPow took 0.0339ms
typeclass inference of HMul took 0.0353ms
typeclass inference of HPow took 0.0366ms
typeclass inference of HAdd took 0.0326ms
typeclass inference of HPow took 0.0344ms
typeclass inference of HAdd took 0.034ms
typeclass inference of HMul took 0.0305ms
typeclass inference of OfNat took 0.00346ms
typeclass inference of OfNat took 0.00243ms
typeclass inference of OfNat took 0.00174ms
typeclass inference of OfNat took 0.0018ms
typeclass inference of OfNat took 0.0889ms
typeclass inference of OfNat took 0.0718ms
typeclass inference of OfNat took 0.0519ms
typeclass inference of OfNat took 0.0401ms
typeclass inference of HMul took 0.00389ms
typeclass inference of HPow took 0.0371ms
typeclass inference of HPow took 0.0308ms
typeclass inference of HMul took 0.0284ms
typeclass inference of LE took 0.00277ms
typeclass inference of OfNat took 0.00296ms
typeclass inference of OfNat took 0.00291ms
typeclass inference of Trans took 0.244ms
typeclass inference of CommSemiring took 0.0427ms
typeclass inference of CommRing took 0.653ms
typeclass inference of Semifield took 0.276ms
typeclass inference of CharZero took 1.03ms
typeclass inference of AddMonoidWithOne took 0.0519ms
norm_num took 0.43ms
norm_num took 0.042ms
norm_num took 0.0104ms
typeclass inference of AddMonoidWithOne took 0.0132ms
norm_num took 0.438ms
norm_num took 0.00431ms
typeclass inference of AddMonoidWithOne took 0.00385ms
norm_num took 0.0889ms
norm_num took 0.00427ms
norm_num took 0.00539ms
typeclass inference of AddMonoidWithOne took 0.0039ms
norm_num took 0.0808ms
ring took 2.82ms
tactic execution of Mathlib.Tactic.Ring.ring1 took 0.615ms
tactic execution of Lean.Parser.Tactic.tacticSeq1Indented took 0.00708ms
tactic execution of Lean.Parser.Tactic.tacticSeq took 0.00533ms
tactic execution of Lean.Parser.Tactic.first took 0.0091ms
tactic execution of Mathlib.Tactic.RingNF.ring took 0.202ms
tactic execution of Lean.Parser.Tactic.tacticSeq1Indented took 0.00683ms
tactic execution of Lean.Parser.Tactic.tacticSeq took 0.00944ms
tactic execution of Lean.calcTactic took 3.47ms
tactic execution of Lean.Parser.Tactic.tacticSeq1Indented took 0.0108ms
tactic execution of Lean.Parser.Tactic.tacticSeq took 0.00386ms
tactic execution of Lean.Parser.Tactic.paren took 0.00397ms
tactic execution of Lean.Parser.Tactic.withAnnotateState took 0.00475ms
tactic execution of Lean.Parser.Tactic.tacticSeq1Indented took 0.00454ms
tactic execution of Lean.Parser.Tactic.tacticSeq took 0.00435ms
tactic execution of Lean.Parser.Tactic.case took 0.0507ms
tactic execution of Lean.Parser.Tactic.tacticSeq1Indented took 0.0126ms
tactic execution of Lean.Parser.Tactic.tacticSeq took 0.00519ms
tactic execution of Lean.Parser.Tactic.focus took 0.00689ms
tactic execution of Lean.Parser.Tactic.tacticHave__ took 0.0165ms
typeclass inference of OfNat took 0.115ms
typeclass inference of OfNat took 0.0543ms
typeclass inference of OfNat took 0.0534ms
typeclass inference of OfNat took 0.0365ms
typeclass inference of OfNat took 0.0471ms
typeclass inference of OfNat took 0.0463ms
typeclass inference of OfNat took 0.033ms
typeclass inference of OfNat took 0.0313ms
typeclass inference of HAdd took 0.148ms
typeclass inference of HAdd took 0.141ms
typeclass inference of OfNat took 0.0466ms
typeclass inference of OfNat took 0.0359ms
typeclass inference of OfNat took 0.0342ms
typeclass inference of HPow took 0.0652ms
typeclass inference of HPow took 0.0537ms
typeclass inference of HMul took 0.0695ms
typeclass inference of HPow took 0.0524ms
typeclass inference of OfNat took 0.0478ms
typeclass inference of OfNat took 0.041ms
typeclass inference of OfNat took 0.0374ms
typeclass inference of HPow took 0.0462ms
typeclass inference of HPow took 0.0424ms
typeclass inference of HMul took 0.0484ms
typeclass inference of HPow took 0.0451ms
typeclass inference of OfNat took 0.0389ms
typeclass inference of OfNat took 0.0317ms
typeclass inference of OfNat took 0.0298ms
typeclass inference of HPow took 0.0429ms
typeclass inference of HPow took 0.0403ms
typeclass inference of HMul took 0.0425ms
typeclass inference of HPow took 0.0412ms
typeclass inference of OfNat took 0.0354ms
typeclass inference of OfNat took 0.0378ms
typeclass inference of OfNat took 0.0293ms
typeclass inference of HPow took 0.0412ms
typeclass inference of HPow took 0.0401ms
typeclass inference of HMul took 0.0399ms
typeclass inference of HPow took 0.0398ms
typeclass inference of Pow took 0.239ms
typeclass inference of NPow took 0.261ms
typeclass inference of HomogeneousPow took 0.0134ms
typeclass inference of NatPow took 0.034ms
typeclass inference of Pow took 0.132ms
typeclass inference of NPow took 0.159ms
typeclass inference of HomogeneousPow took 0.0023ms
typeclass inference of NatPow took 0.0288ms
typeclass inference of Mul took 0.472ms
typeclass inference of Pow took 0.111ms
typeclass inference of NPow took 0.154ms
typeclass inference of HomogeneousPow took 0.00203ms
typeclass inference of NatPow took 0.0257ms
typeclass inference of OfNat took 0.0485ms
typeclass inference of OfNat took 0.0358ms
typeclass inference of HPow took 0.283ms
typeclass inference of HPow took 0.079ms
typeclass inference of HMul took 0.0583ms
typeclass inference of HPow took 0.0459ms
typeclass inference of OfNat took 0.0401ms
typeclass inference of OfNat took 0.0315ms
typeclass inference of HPow took 0.044ms
typeclass inference of HMul took 0.0495ms
typeclass inference of HPow took 0.0447ms
typeclass inference of OfNat took 0.0354ms
typeclass inference of OfNat took 0.0304ms
typeclass inference of HPow took 0.0418ms
typeclass inference of HMul took 0.0474ms
typeclass inference of HPow took 0.0427ms
typeclass inference of Pow took 0.0934ms
typeclass inference of NPow took 0.161ms
typeclass inference of HomogeneousPow took 0.00182ms
typeclass inference of NatPow took 0.0278ms
typeclass inference of Mul took 0.0278ms
typeclass inference of OfNat took 0.0446ms
typeclass inference of OfNat took 0.0346ms
typeclass inference of HPow took 0.0495ms
typeclass inference of HPow took 0.0452ms
typeclass inference of OfNat took 0.0365ms
typeclass inference of OfNat took 0.0309ms
typeclass inference of HPow took 0.0425ms
typeclass inference of HPow took 0.0409ms
typeclass inference of Pow took 0.119ms
typeclass inference of OfNat took 0.0376ms
typeclass inference of OfNat took 0.0412ms
typeclass inference of HPow took 0.0695ms
typeclass inference of OfNat took 0.0392ms
typeclass inference of HPow took 0.0419ms
typeclass inference of OfNat took 0.0421ms
typeclass inference of HPow took 0.0448ms
typeclass inference of Pow took 0.00383ms
typeclass inference of OfNat took 0.00244ms
tactic execution of Lean.Parser.Tactic.refine took 2.1ms
typeclass inference of Monoid took 0.121ms
typeclass inference of Monoid took 0.0935ms
typeclass inference of Monoid took 0.0343ms
typeclass inference of Monoid took 0.026ms
tactic execution of Lean.Parser.Tactic.rewriteSeq took 0.576ms
tactic execution of Lean.Parser.Tactic.exact took 0.108ms
tactic execution of Lean.Parser.Tactic.exact took 0.0879ms
tactic execution of Lean.Parser.Tactic.eqRefl took 0.139ms
tactic execution of Lean.Parser.Tactic.tacticRfl took 0.0453ms
tactic execution of Lean.Parser.Tactic.tacticSeq1Indented took 0.0139ms
tactic execution of Lean.Parser.Tactic.tacticSeq took 0.0042ms
tactic execution of Lean.Parser.Tactic.withReducible took 0.0216ms
tactic execution of Lean.Parser.Tactic.tacticSeq1Indented took 0.00639ms
tactic execution of Lean.Parser.Tactic.tacticSeq took 0.00317ms
tactic execution of Lean.Parser.Tactic.paren took 0.00578ms
tactic execution of Lean.Parser.Tactic.tacticSeq1Indented took 0.00783ms
tactic execution of Lean.Parser.Tactic.tacticSeq took 0.00563ms
tactic execution of Lean.Parser.Tactic.first took 0.00912ms
tactic execution of Lean.Parser.Tactic.tacticTry_ took 0.011ms
tactic execution of Lean.Parser.Tactic.tacticSeq1Indented took 0.00311ms
tactic execution of Lean.Parser.Tactic.tacticSeq took 0.00267ms
tactic execution of Lean.Parser.Tactic.paren took 0.00312ms
tactic execution of Lean.Parser.Tactic.withAnnotateState took 0.0264ms
tactic execution of Lean.Parser.Tactic.tacticSeq1Indented took 0.0121ms
tactic execution of Lean.Parser.Tactic.tacticSeq took 0.00544ms
tactic execution of Lean.Parser.Tactic.paren took 0.00547ms
tactic execution of Lean.Parser.Tactic.rwSeq took 0.0166ms
tactic execution of Lean.Parser.Tactic.tacticSeq1Indented took 0.00416ms
tactic execution of Lean.Parser.Tactic.tacticSeq took 0.00272ms
tactic execution of Lean.Parser.Tactic.paren took 0.0052ms
tactic execution of Lean.Parser.Tactic.withAnnotateState took 0.00712ms
tactic execution of Lean.Parser.Tactic.tacticSeq1Indented took 0.00346ms
tactic execution of Lean.Parser.Tactic.tacticSeq took 0.00491ms
tactic execution of Lean.Parser.Tactic.case took 0.061ms
tactic execution of Lean.Parser.Tactic.tacticSeq1Indented took 0.0171ms
tactic execution of Lean.Parser.Tactic.tacticSeq took 0.00562ms
tactic execution of Lean.Parser.Tactic.focus took 0.0081ms
tactic execution of Lean.Parser.Tactic.tacticHave__ took 0.0208ms
typeclass inference of Decidable took 0.231ms
typeclass inference of LE took 0.0392ms
typeclass inference of LE took 0.0162ms
typeclass inference of LE took 0.00982ms
typeclass inference of LE took 0.0065ms
typeclass inference of Decidable took 0.224ms
typeclass inference of Decidable took 0.00482ms
instantiate metavars took 0.00141ms
tactic execution of Lean.Parser.Tactic.omega took 9.1ms
tactic execution of Lean.Parser.Tactic.tacticSeq1Indented took 0.0198ms
tactic execution of Lean.Parser.Tactic.tacticSeq took 0.00727ms
tactic execution of Lean.Parser.Tactic.paren took 0.00683ms
tactic execution of Lean.Parser.Tactic.withAnnotateState took 0.007ms
tactic execution of Lean.Parser.Tactic.tacticSeq1Indented took 0.00694ms
tactic execution of Lean.Parser.Tactic.tacticSeq took 0.0068ms
tactic execution of Lean.Parser.Tactic.case took 0.0764ms
tactic execution of Lean.Parser.Tactic.tacticSeq1Indented took 0.0144ms
tactic execution of Lean.Parser.Tactic.tacticSeq took 0.00547ms
tactic execution of Lean.Parser.Tactic.focus took 0.008ms
tactic execution of Lean.Parser.Tactic.tacticHave__ took 0.0438ms
typeclass inference of OfNat took 1.52ms
typeclass inference of HAdd took 1.5ms
typeclass inference of HMul took 1.39ms
typeclass inference of CategoryTheory.CartesianMonoidalCategory took 0.125ms
typeclass inference of CategoryTheory.CartesianMonoidalCategory took 0.00506ms
typeclass inference of HPow took 2.7ms
typeclass inference of HMul took 0.877ms
typeclass inference of HAdd took 1.05ms
typeclass inference of OfNat took 0.0908ms
typeclass inference of OfNat took 0.0559ms
typeclass inference of HAdd took 0.151ms
typeclass inference of HMul took 0.142ms
typeclass inference of HPow took 0.311ms
typeclass inference of HMul took 0.157ms
typeclass inference of HAdd took 0.151ms
typeclass inference of OfNat took 0.0464ms
tactic execution of Lean.Parser.Tactic.refine took 1.82ms
tactic execution of Lean.Parser.Tactic.rewriteSeq took 0.212ms
tactic execution of Lean.Parser.Tactic.exact took 0.151ms
tactic execution of Lean.Parser.Tactic.exact took 0.106ms
tactic execution of Lean.Parser.Tactic.eqRefl took 0.0142ms
tactic execution of Lean.Parser.Tactic.applyRfl took 0.0362ms
tactic execution of Lean.Parser.Tactic.tacticRfl took 0.0605ms
tactic execution of Lean.Parser.Tactic.tacticSeq1Indented took 0.00818ms
tactic execution of Lean.Parser.Tactic.tacticSeq took 0.0123ms
tactic execution of Lean.Parser.Tactic.withReducible took 0.0121ms
tactic execution of Lean.Parser.Tactic.tacticSeq1Indented took 0.00656ms
tactic execution of Lean.Parser.Tactic.tacticSeq took 0.00495ms
tactic execution of Lean.Parser.Tactic.paren took 0.00537ms
tactic execution of Lean.Parser.Tactic.tacticSeq1Indented took 0.00631ms
tactic execution of Lean.Parser.Tactic.tacticSeq took 0.00678ms
tactic execution of Lean.Parser.Tactic.skip took 0.00389ms
tactic execution of Lean.Parser.Tactic.tacticSeq1Indented took 0.00415ms
tactic execution of Lean.Parser.Tactic.tacticSeq took 0.00415ms
tactic execution of Lean.Parser.Tactic.first took 0.0134ms
tactic execution of Lean.Parser.Tactic.tacticTry_ took 0.0118ms
tactic execution of Lean.Parser.Tactic.tacticSeq1Indented took 0.00572ms
tactic execution of Lean.Parser.Tactic.tacticSeq took 0.00345ms
tactic execution of Lean.Parser.Tactic.paren took 0.0037ms
tactic execution of Lean.Parser.Tactic.withAnnotateState took 0.0132ms
tactic execution of Lean.Parser.Tactic.tacticSeq1Indented took 0.0153ms
tactic execution of Lean.Parser.Tactic.tacticSeq took 0.00443ms
tactic execution of Lean.Parser.Tactic.paren took 0.00566ms
tactic execution of Lean.Parser.Tactic.rwSeq took 0.0182ms
tactic execution of Lean.Parser.Tactic.exact took 0.0556ms
tactic execution of Lean.Parser.Tactic.tacticSeq1Indented took 0.0106ms
tactic execution of Lean.Parser.Tactic.tacticSeq took 0.0133ms
tactic execution of Lean.Parser.Tactic.rewriteSeq took 5.72ms
tactic execution of Lean.Parser.Tactic.exact took 0.14ms
tactic execution of Lean.Parser.Tactic.exact took 0.123ms
tactic execution of Lean.Parser.Tactic.eqRefl took 0.013ms
tactic execution of Lean.Parser.Tactic.tacticRfl took 0.033ms
tactic execution of Lean.Parser.Tactic.tacticSeq1Indented took 0.00452ms
tactic execution of Lean.Parser.Tactic.tacticSeq took 0.00329ms
tactic execution of Lean.Parser.Tactic.withReducible took 0.00386ms
tactic execution of Lean.Parser.Tactic.tacticSeq1Indented took 0.0036ms
tactic execution of Lean.Parser.Tactic.tacticSeq took 0.0029ms
tactic execution of Lean.Parser.Tactic.paren took 0.00297ms
tactic execution of Lean.Parser.Tactic.tacticSeq1Indented took 0.00306ms
tactic execution of Lean.Parser.Tactic.tacticSeq took 0.00303ms
tactic execution of Lean.Parser.Tactic.first took 0.00362ms
tactic execution of Lean.Parser.Tactic.tacticTry_ took 0.00573ms
tactic execution of Lean.Parser.Tactic.tacticSeq1Indented took 0.00368ms
tactic execution of Lean.Parser.Tactic.tacticSeq took 0.00375ms
tactic execution of Lean.Parser.Tactic.paren took 0.00337ms
tactic execution of Lean.Parser.Tactic.withAnnotateState took 0.0142ms
tactic execution of Lean.Parser.Tactic.tacticSeq1Indented took 0.0196ms
tactic execution of Lean.Parser.Tactic.tacticSeq took 0.00968ms
tactic execution of Lean.Parser.Tactic.paren took 0.00683ms
tactic execution of Lean.Parser.Tactic.rwSeq took 0.0362ms
tactic execution of Lean.Parser.Tactic.tacticSeq1Indented took 0.0093ms
tactic execution of Lean.Parser.Tactic.tacticSeq took 0.011ms
tactic execution of Lean.Parser.Tactic.paren took 0.0098ms
tactic execution of Lean.Parser.Tactic.withAnnotateState took 0.0172ms
tactic execution of Lean.Parser.Tactic.tacticSeq1Indented took 0.0101ms
tactic execution of Lean.Parser.Tactic.tacticSeq took 0.0142ms
tactic execution of Lean.Parser.Tactic.case took 0.559ms
tactic execution of Lean.Parser.Tactic.tacticSeq1Indented took 0.0446ms
tactic execution of Lean.Parser.Tactic.tacticSeq took 0.00998ms
tactic execution of Lean.Parser.Tactic.focus took 0.0123ms
tactic execution of Lean.Parser.Tactic.tacticHave__ took 0.0478ms
typeclass inference of HMul took 0.199ms
typeclass inference of HMul took 0.161ms
typeclass inference of LT took 0.0358ms
tactic execution of Lean.Parser.Tactic.refine took 1.06ms
typeclass inference of OfNat took 0.176ms
typeclass inference of OfNat took 0.053ms
typeclass inference of HMul took 0.00393ms
typeclass inference of HMul took 0.00257ms
typeclass inference of HMul took 0.0359ms
typeclass inference of HPow took 0.344ms
typeclass inference of HMul took 0.0459ms
typeclass inference of LE took 0.0423ms
typeclass inference of OfNat took 0.0504ms
typeclass inference of OfNat took 0.0662ms
typeclass inference of OfNat took 0.0568ms
typeclass inference of OfNat took 0.0471ms
typeclass inference of OfNat took 0.0386ms
typeclass inference of HMul took 0.00427ms
typeclass inference of HPow took 0.0368ms
typeclass inference of HPow took 0.0369ms
typeclass inference of HMul took 0.0307ms
typeclass inference of LT took 0.00316ms
typeclass inference of OfNat took 0.00283ms
typeclass inference of OfNat took 0.00202ms
typeclass inference of Trans took 0.202ms
typeclass inference of OfNat took 0.0679ms
typeclass inference of OfNat took 0.053ms
typeclass inference of HAdd took 0.168ms
typeclass inference of HAdd took 0.161ms
typeclass inference of OfNat took 0.108ms
typeclass inference of HPow took 0.0413ms
typeclass inference of OfNat took 0.0035ms
typeclass inference of Trans took 0.255ms
typeclass inference of LT took 0.00375ms
typeclass inference of Trans took 0.18ms
typeclass inference of LE took 0.299ms
typeclass inference of LE took 0.0908ms
typeclass inference of Zero took 0.132ms
typeclass inference of PartialOrder took 0.0492ms
typeclass inference of Ring took 1.07ms
typeclass inference of AddMonoidWithOne took 0.0377ms
norm_num took 0.279ms
typeclass inference of Semiring took 0.0362ms
typeclass inference of PartialOrder took 0.00347ms
typeclass inference of CommSemiring took 0.0375ms
typeclass inference of IsOrderedRing took 1.07ms
typeclass inference of Nontrivial took 0.0521ms
typeclass inference of Semiring took 0.00303ms
typeclass inference of IsStrictOrderedRing took 0.0289ms
tactic execution of Mathlib.Tactic.Positivity.positivity took 1.24ms
tactic execution of Lean.Parser.Tactic.tacticSeq1Indented took 0.0114ms
tactic execution of Lean.Parser.Tactic.tacticSeq took 0.0195ms
typeclass inference of Monoid took 0.274ms
typeclass inference of Monoid took 0.108ms
typeclass inference of Monoid took 0.0337ms
typeclass inference of Monoid took 0.0277ms
tactic execution of Lean.Parser.Tactic.rewriteSeq took 0.564ms
tactic execution of Lean.Parser.Tactic.exact took 0.176ms
tactic execution of Lean.Parser.Tactic.exact took 0.0918ms
tactic execution of Lean.Parser.Tactic.eqRefl took 0.133ms
tactic execution of Lean.Parser.Tactic.tacticRfl took 0.0426ms
tactic execution of Lean.Parser.Tactic.tacticSeq1Indented took 0.00767ms
tactic execution of Lean.Parser.Tactic.tacticSeq took 0.00662ms
tactic execution of Lean.Parser.Tactic.withReducible took 0.011ms
tactic execution of Lean.Parser.Tactic.tacticSeq1Indented took 0.00655ms
tactic execution of Lean.Parser.Tactic.tacticSeq took 0.00293ms
tactic execution of Lean.Parser.Tactic.paren took 0.00358ms
tactic execution of Lean.Parser.Tactic.tacticSeq1Indented took 0.00311ms
tactic execution of Lean.Parser.Tactic.tacticSeq took 0.00293ms
tactic execution of Lean.Parser.Tactic.first took 0.0059ms
tactic execution of Lean.Parser.Tactic.tacticTry_ took 0.00741ms
tactic execution of Lean.Parser.Tactic.tacticSeq1Indented took 0.00323ms
tactic execution of Lean.Parser.Tactic.tacticSeq took 0.00287ms
tactic execution of Lean.Parser.Tactic.paren took 0.00321ms
tactic execution of Lean.Parser.Tactic.withAnnotateState took 0.0181ms
tactic execution of Lean.Parser.Tactic.tacticSeq1Indented took 0.00892ms
tactic execution of Lean.Parser.Tactic.tacticSeq took 0.00294ms
tactic execution of Lean.Parser.Tactic.paren took 0.00778ms
tactic execution of Lean.Parser.Tactic.rwSeq took 0.0109ms
tactic execution of Lean.Parser.Tactic.tacticSeq1Indented took 0.00572ms
tactic execution of Lean.Parser.Tactic.tacticSeq took 0.0135ms
tactic execution of Lean.calcTactic took 9.31ms
tactic execution of Lean.Parser.Tactic.tacticSeq1Indented took 0.00635ms
tactic execution of Lean.Parser.Tactic.tacticSeq took 0.00398ms
tactic execution of Lean.Parser.Tactic.paren took 0.00345ms
tactic execution of Lean.Parser.Tactic.withAnnotateState took 0.00536ms
tactic execution of Lean.Parser.Tactic.tacticSeq1Indented took 0.00494ms
tactic execution of Lean.Parser.Tactic.tacticSeq took 0.00399ms
tactic execution of Lean.Parser.Tactic.case took 0.0419ms
tactic execution of Lean.Parser.Tactic.tacticSeq1Indented took 0.0156ms
tactic execution of Lean.Parser.Tactic.tacticSeq took 0.00696ms
tactic execution of Lean.Parser.Tactic.focus took 0.0152ms
tactic execution of Lean.Parser.Tactic.tacticHave__ took 0.0543ms
typeclass inference of HMul took 1.14ms
typeclass inference of HMul took 0.879ms
typeclass inference of HMul took 0.133ms
typeclass inference of HMul took 0.143ms
tactic execution of Lean.Parser.Tactic.refine took 0.935ms
tactic execution of Lean.Parser.Tactic.rotateRight took 0.00465ms
tactic execution of Lean.Parser.Tactic.tacticSeq1Indented took 0.0201ms
tactic execution of Lean.Parser.Tactic.tacticSeq took 0.00381ms
tactic execution of Lean.Parser.Tactic.paren took 0.0034ms
tactic execution of Lean.Parser.Tactic.tacticSeq1Indented took 0.00303ms
tactic execution of Lean.Parser.Tactic.tacticSeq took 0.00279ms
tactic execution of Lean.Parser.Tactic.focus took 0.00544ms
tactic execution of Lean.Parser.Tactic.tacticRefine_lift_ took 0.00604ms
tactic execution of Lean.Parser.Tactic.tacticHave__ took 0.0147ms
tactic execution of Lean.Parser.Tactic.rewriteSeq took 0.65ms
tactic execution of Lean.Parser.Tactic.exact took 0.122ms
tactic execution of Lean.Parser.Tactic.exact took 0.0879ms
tactic execution of Lean.Parser.Tactic.eqRefl took 0.0104ms
tactic execution of Lean.Parser.Tactic.tacticRfl took 0.0323ms
tactic execution of Lean.Parser.Tactic.tacticSeq1Indented took 0.00433ms
tactic execution of Lean.Parser.Tactic.tacticSeq took 0.00355ms
tactic execution of Lean.Parser.Tactic.withReducible took 0.00375ms
tactic execution of Lean.Parser.Tactic.tacticSeq1Indented took 0.00405ms
tactic execution of Lean.Parser.Tactic.tacticSeq took 0.00333ms
tactic execution of Lean.Parser.Tactic.paren took 0.00347ms
tactic execution of Lean.Parser.Tactic.tacticSeq1Indented took 0.00398ms
tactic execution of Lean.Parser.Tactic.tacticSeq took 0.00296ms
tactic execution of Lean.Parser.Tactic.first took 0.00347ms
tactic execution of Lean.Parser.Tactic.tacticTry_ took 0.00505ms
tactic execution of Lean.Parser.Tactic.tacticSeq1Indented took 0.00313ms
tactic execution of Lean.Parser.Tactic.tacticSeq took 0.00249ms
tactic execution of Lean.Parser.Tactic.paren took 0.00281ms
tactic execution of Lean.Parser.Tactic.withAnnotateState took 0.0264ms
tactic execution of Lean.Parser.Tactic.tacticSeq1Indented took 0.0101ms
tactic execution of Lean.Parser.Tactic.tacticSeq took 0.00248ms
tactic execution of Lean.Parser.Tactic.paren took 0.00304ms
tactic execution of Lean.Parser.Tactic.rwSeq took 0.0349ms
tactic execution of Lean.Parser.Tactic.tacticSeq1Indented took 0.0767ms
tactic execution of Lean.Parser.Tactic.tacticSeq took 0.0125ms
instantiate metavars took 0.366ms
instantiate metavars took 0.000801ms
instantiate metavars took 0.000141ms
instantiate metavars took 0.00011ms
instantiate metavars took 0.0001ms
share common exprs took 2.74ms
fix level params took 0.0982ms
let-to-have transformation took 0.0109ms
attribute application took 0.00307ms
attribute application took 0.000721ms
process pre-definitions took 1.64ms
elaboration took 3.69ms
type checking took 34.6ms
type checking took 7.16ms
overlappingInstancesLinter took 0.406ms
tacticAnalysis took 6.51ms
linting took 18.2ms
attribute application took 0.00156ms
typeclass inference of OfNat took 0.0957ms
typeclass inference of OfNat took 0.0384ms
typeclass inference of HSub took 1.13ms
typeclass inference of HMul took 0.85ms
typeclass inference of HMul took 1.13ms
typeclass inference of HSub took 0.724ms
typeclass inference of OfNat took 0.826ms
typeclass inference of OfNat took 0.0983ms
typeclass inference of OfNat took 0.0438ms
typeclass inference of OfNat took 0.0383ms
typeclass inference of OfNat took 0.0306ms
typeclass inference of OfNat took 0.0389ms
typeclass inference of OfNat took 0.0309ms
typeclass inference of OfNat took 0.0331ms
typeclass inference of OfNat took 0.0307ms
typeclass inference of HSub took 0.00445ms
typeclass inference of HSub took 0.00247ms
typeclass inference of HMul took 0.00238ms
typeclass inference of HSub took 0.0346ms
typeclass inference of HPow took 0.175ms
typeclass inference of HMul took 0.0615ms
typeclass inference of HSub took 0.049ms
typeclass inference of OfNat took 0.926ms
typeclass inference of OfNat took 0.0544ms
typeclass inference of OfNat took 0.00384ms
typeclass inference of HPow took 0.123ms
typeclass inference of HMul took 0.0536ms
typeclass inference of HSub took 0.046ms
typeclass inference of OfNat took 0.0434ms
typeclass inference of HPow took 0.12ms
typeclass inference of HMul took 0.0541ms
typeclass inference of HSub took 0.0438ms
typeclass inference of OfNat took 0.0588ms
typeclass inference of OfNat took 0.0425ms
typeclass inference of OfNat took 0.0335ms
typeclass inference of OfNat took 0.0296ms
typeclass inference of HPow took 0.13ms
typeclass inference of LE took 0.0307ms
typeclass inference of OfNat took 0.0374ms
typeclass inference of OfNat took 0.0462ms
typeclass inference of HPow took 0.142ms
typeclass inference of OfNat took 0.0656ms
typeclass inference of HPow took 0.139ms
typeclass inference of OfNat took 0.0548ms
typeclass inference of OfNat took 0.04ms
typeclass inference of OfNat took 0.0327ms
typeclass inference of OfNat took 0.0292ms
typeclass inference of HPow took 0.125ms
typeclass inference of LT took 0.0309ms
typeclass inference of OfNat took 0.00335ms
typeclass inference of OfNat took 0.0493ms
typeclass inference of HPow took 0.138ms
typeclass inference of OfNat took 0.0474ms
typeclass inference of HPow took 0.121ms
typeclass inference of OfNat took 0.0569ms
typeclass inference of OfNat took 0.0409ms
typeclass inference of OfNat took 0.033ms
typeclass inference of OfNat took 0.0296ms
typeclass inference of HPow took 0.126ms
typeclass inference of LT took 0.00335ms
typeclass inference of OfNat took 0.00258ms
typeclass inference of OfNat took 0.0465ms
typeclass inference of HPow took 0.11ms
typeclass inference of OfNat took 0.045ms
typeclass inference of HPow took 0.108ms
typeclass inference of OfNat took 0.0532ms
typeclass inference of OfNat took 0.0414ms
typeclass inference of OfNat took 0.0335ms
typeclass inference of OfNat took 0.0296ms
typeclass inference of HPow took 0.161ms
typeclass inference of LT took 0.00395ms
typeclass inference of OfNat took 0.00382ms
typeclass inference of OfNat took 0.0629ms
typeclass inference of HPow took 0.121ms
typeclass inference of OfNat took 0.044ms
typeclass inference of HPow took 0.131ms
typeclass inference of OfNat took 0.0548ms
typeclass inference of OfNat took 0.0633ms
typeclass inference of OfNat took 0.0446ms
typeclass inference of OfNat took 0.0334ms
typeclass inference of HMul took 0.13ms
typeclass inference of HAdd took 0.146ms
typeclass inference of HMul took 0.00314ms
typeclass inference of HMul took 0.15ms
typeclass inference of HPow took 0.133ms
typeclass inference of HMul took 0.0775ms
typeclass inference of HAdd took 0.0611ms
typeclass inference of OfNat took 0.00356ms
typeclass inference of OfNat took 0.0497ms
typeclass inference of HPow took 0.119ms
typeclass inference of HMul took 0.0512ms
typeclass inference of HAdd took 0.0536ms
typeclass inference of OfNat took 0.0514ms
typeclass inference of HPow took 0.106ms
typeclass inference of HMul took 0.0474ms
typeclass inference of HAdd took 0.043ms
typeclass inference of OfNat took 0.0406ms
typeclass inference of HPow took 0.11ms
typeclass inference of HMul took 0.0501ms
typeclass inference of HSub took 0.0449ms
typeclass inference of OfNat took 0.0378ms
typeclass inference of HPow took 0.104ms
typeclass inference of OfNat took 0.0368ms
typeclass inference of HPow took 0.102ms
typeclass inference of OfNat took 0.0456ms
typeclass inference of HPow took 0.111ms
typeclass inference of OfNat took 0.0369ms
typeclass inference of HPow took 0.102ms
typeclass inference of OfNat took 0.0359ms
typeclass inference of HPow took 0.103ms
typeclass inference of HMul took 0.0482ms
typeclass inference of HAdd took 0.0431ms
typeclass inference of OfNat took 0.0391ms
typeclass inference of HPow took 0.108ms
typeclass inference of HMul took 0.0497ms
typeclass inference of HSub took 0.0434ms
typeclass inference of OfNat took 0.0366ms
typeclass inference of HPow took 0.105ms
typeclass inference of OfNat took 0.0382ms
typeclass inference of HPow took 0.104ms
typeclass inference of OfNat took 0.0463ms
typeclass inference of HPow took 0.103ms
typeclass inference of OfNat took 0.0349ms
typeclass inference of HPow took 0.0992ms
typeclass inference of OfNat took 0.0349ms
typeclass inference of HPow took 0.101ms
typeclass inference of HMul took 0.0475ms
typeclass inference of HAdd took 0.0432ms
typeclass inference of Pow took 0.0848ms
typeclass inference of CategoryTheory.CartesianMonoidalCategory took 0.0567ms
typeclass inference of CategoryTheory.CartesianMonoidalCategory took 0.00638ms
typeclass inference of NPow took 2.53ms
typeclass inference of OfNat took 0.0915ms
typeclass inference of HMul took 0.0946ms
typeclass inference of HSub took 0.0159ms
typeclass inference of OfNat took 0.12ms
typeclass inference of HPow took 0.27ms
typeclass inference of OfNat took 0.0436ms
typeclass inference of HPow took 0.114ms
typeclass inference of OfNat took 0.0389ms
typeclass inference of HPow took 0.106ms
typeclass inference of OfNat took 0.0365ms
typeclass inference of HPow took 0.104ms
typeclass inference of OfNat took 0.0363ms
typeclass inference of HPow took 0.106ms
typeclass inference of HMul took 0.0565ms
typeclass inference of HAdd took 0.0481ms
typeclass inference of OfNat took 0.0377ms
typeclass inference of HPow took 0.109ms
typeclass inference of OfNat took 0.0358ms
typeclass inference of HPow took 0.0993ms
typeclass inference of OfNat took 0.035ms
typeclass inference of HPow took 0.101ms
typeclass inference of OfNat took 0.0341ms
typeclass inference of HPow took 0.0976ms
typeclass inference of OfNat took 0.0349ms
typeclass inference of HPow took 0.0995ms
typeclass inference of HMul took 0.0487ms
typeclass inference of HAdd took 0.0433ms
typeclass inference of OfNat took 0.037ms
typeclass inference of HPow took 0.0986ms
typeclass inference of OfNat took 0.0348ms
typeclass inference of HPow took 0.125ms
typeclass inference of OfNat took 0.0362ms
typeclass inference of HPow took 0.101ms
typeclass inference of OfNat took 0.034ms
typeclass inference of HPow took 0.0978ms
typeclass inference of OfNat took 0.0344ms
typeclass inference of HPow took 0.0981ms
typeclass inference of HMul took 0.0479ms
typeclass inference of HAdd took 0.0432ms
typeclass inference of Pow took 0.0356ms
typeclass inference of NPow took 0.113ms
typeclass inference of OfNat took 0.0514ms
typeclass inference of OfNat took 0.062ms
typeclass inference of HPow took 0.122ms
typeclass inference of OfNat took 0.0379ms
typeclass inference of HPow took 0.102ms
typeclass inference of OfNat took 0.0357ms
typeclass inference of HPow took 0.1ms
typeclass inference of OfNat took 0.0361ms
typeclass inference of HPow took 0.116ms
typeclass inference of HMul took 0.0498ms
typeclass inference of HAdd took 0.0463ms
typeclass inference of OfNat took 0.0391ms
typeclass inference of HPow took 0.103ms
typeclass inference of OfNat took 0.038ms
typeclass inference of HPow took 0.108ms
typeclass inference of OfNat took 0.0499ms
typeclass inference of HPow took 0.111ms
typeclass inference of OfNat took 0.0385ms
typeclass inference of HPow took 0.108ms
typeclass inference of HMul took 0.0519ms
typeclass inference of HAdd took 0.049ms
typeclass inference of OfNat took 0.0415ms
typeclass inference of HPow took 0.111ms
typeclass inference of OfNat took 0.0428ms
typeclass inference of HPow took 0.112ms
typeclass inference of OfNat took 0.0384ms
typeclass inference of HPow took 0.102ms
typeclass inference of OfNat took 0.036ms
typeclass inference of HPow took 0.114ms
typeclass inference of HMul took 0.0591ms
typeclass inference of HAdd took 0.0471ms
typeclass inference of Pow took 0.0377ms
typeclass inference of NPow took 0.00361ms
typeclass inference of OfNat took 0.00291ms
typeclass inference of OfNat took 0.0412ms
typeclass inference of HPow took 0.106ms
typeclass inference of OfNat took 0.0364ms
typeclass inference of HPow took 0.105ms
typeclass inference of OfNat took 0.0361ms
typeclass inference of HPow took 0.102ms
typeclass inference of HMul took 0.0485ms
typeclass inference of HAdd took 0.0438ms
typeclass inference of OfNat took 0.0383ms
typeclass inference of HPow took 0.112ms
typeclass inference of OfNat took 0.0363ms
typeclass inference of HPow took 0.102ms
typeclass inference of OfNat took 0.0356ms
typeclass inference of HPow took 0.1ms
typeclass inference of HMul took 0.0481ms
typeclass inference of HAdd took 0.043ms
typeclass inference of OfNat took 0.0381ms
typeclass inference of HPow took 0.102ms
typeclass inference of OfNat took 0.0361ms
typeclass inference of HPow took 0.101ms
typeclass inference of OfNat took 0.0465ms
typeclass inference of HPow took 0.105ms
typeclass inference of HMul took 0.0488ms
typeclass inference of HAdd took 0.0537ms
typeclass inference of Pow took 0.0508ms
typeclass inference of NPow took 0.00419ms
typeclass inference of OfNat took 0.00377ms
typeclass inference of OfNat took 0.0536ms
typeclass inference of HPow took 0.113ms
typeclass inference of OfNat took 0.0371ms
typeclass inference of HPow took 0.107ms
typeclass inference of HMul took 0.0469ms
typeclass inference of HAdd took 0.0435ms
typeclass inference of OfNat took 0.0377ms
typeclass inference of HPow took 0.101ms
typeclass inference of OfNat took 0.037ms
typeclass inference of HPow took 0.0993ms
typeclass inference of HMul took 0.0751ms
typeclass inference of HAdd took 0.0457ms
typeclass inference of OfNat took 0.0379ms
typeclass inference of HPow took 0.101ms
typeclass inference of OfNat took 0.0358ms
typeclass inference of HPow took 0.0985ms
typeclass inference of HMul took 0.047ms
typeclass inference of HAdd took 0.0435ms
typeclass inference of Pow took 0.0362ms
typeclass inference of NPow took 0.00299ms
typeclass inference of OfNat took 0.0029ms
typeclass inference of OfNat took 0.0394ms
typeclass inference of HPow took 0.107ms
typeclass inference of HMul took 0.048ms
typeclass inference of HAdd took 0.0431ms
typeclass inference of OfNat took 0.0368ms
typeclass inference of HPow took 0.118ms
typeclass inference of HMul took 0.0747ms
typeclass inference of HAdd took 0.0632ms
typeclass inference of OfNat took 0.051ms
typeclass inference of HPow took 0.116ms
typeclass inference of HMul took 0.0475ms
typeclass inference of HAdd took 0.0432ms
typeclass inference of Pow took 0.0357ms
typeclass inference of NPow took 0.00299ms
typeclass inference of OfNat took 0.00252ms
typeclass inference of HMul took 0.0311ms
typeclass inference of HAdd took 0.00385ms
instantiate metavars took 0.0238ms
instantiate metavars took 0.000221ms
let-to-have transformation took 0.0175ms
attribute application took 0.00198ms
attribute application took 0.000611ms
elaboration took 6.19ms
typeclass inference of OfNat took 0.0994ms
typeclass inference of OfNat took 0.0443ms
typeclass inference of OfNat took 0.0524ms
tactic execution of Lean.Parser.Tactic.refine took 0.436ms
tactic execution of Lean.Parser.Tactic.rotateRight took 0.00665ms
tactic execution of Lean.Parser.Tactic.tacticSeq1Indented took 0.0157ms
tactic execution of Lean.Parser.Tactic.tacticSeq took 0.00536ms
tactic execution of Lean.Parser.Tactic.paren took 0.00988ms
tactic execution of Lean.Parser.Tactic.tacticSeq1Indented took 0.0065ms
tactic execution of Lean.Parser.Tactic.tacticSeq took 0.0134ms
tactic execution of Lean.Parser.Tactic.focus took 0.0118ms
tactic execution of Lean.Parser.Tactic.tacticRefine_lift_ took 0.0108ms
tactic execution of Lean.Parser.Tactic.tacticHave__ took 0.0334ms
typeclass inference of HMul took 1.24ms
typeclass inference of HMul took 0.874ms
tactic execution of Lean.Parser.Tactic.refine took 0.349ms
typeclass inference of Add took 0.788ms
typeclass inference of AddRightCancelSemigroup took 0.766ms
typeclass inference of IsRightCancelAdd took 3.73ms
typeclass inference of AddGroup took 0.551ms
typeclass inference of CommSemiring took 0.436ms
typeclass inference of CommRing took 0.0395ms
typeclass inference of Semifield took 0.304ms
typeclass inference of Field took 0.272ms
typeclass inference of Field took 0.00227ms
typeclass inference of Field took 0.00172ms
typeclass inference of Field took 0.0023ms
typeclass inference of Field took 0.00143ms
typeclass inference of Field took 0.00158ms
typeclass inference of Field took 0.0012ms
typeclass inference of Field took 0.00116ms
typeclass inference of Field took 0.00111ms
typeclass inference of Field took 0.00107ms
typeclass inference of Field took 0.00128ms
typeclass inference of Field took 0.00118ms
typeclass inference of Field took 0.00235ms
typeclass inference of Field took 0.00128ms
typeclass inference of Field took 0.00124ms
typeclass inference of Field took 0.00111ms
typeclass inference of Field took 0.00129ms
typeclass inference of Field took 0.00115ms
typeclass inference of Field took 0.00106ms
typeclass inference of Field took 0.0011ms
typeclass inference of Field took 0.0035ms
typeclass inference of Field took 0.00128ms
typeclass inference of Field took 0.00116ms
typeclass inference of Field took 0.00111ms
typeclass inference of Field took 0.00115ms
typeclass inference of Field took 0.00107ms
typeclass inference of Field took 0.00113ms
typeclass inference of Field took 0.00195ms
typeclass inference of Field took 0.00117ms
typeclass inference of Field took 0.00107ms
typeclass inference of Semiring took 0.679ms
typeclass inference of RCLike took 0.011ms
typeclass inference of RCLike took 0.00177ms
typeclass inference of RCLike took 0.00145ms
typeclass inference of RCLike took 0.00406ms
typeclass inference of RCLike took 0.00163ms
typeclass inference of RCLike took 0.00127ms
typeclass inference of RCLike took 0.00123ms
typeclass inference of RCLike took 0.00112ms
typeclass inference of RCLike took 0.00108ms
typeclass inference of RCLike took 0.00255ms
typeclass inference of RCLike took 0.00105ms
typeclass inference of RCLike took 0.001ms
typeclass inference of RCLike took 0.00185ms
typeclass inference of RCLike took 0.00136ms
typeclass inference of RCLike took 0.00156ms
typeclass inference of RCLike took 0.00121ms
typeclass inference of RCLike took 0.00202ms
typeclass inference of RCLike took 0.00133ms
typeclass inference of RCLike took 0.00163ms
typeclass inference of RCLike took 0.00163ms
typeclass inference of RCLike took 0.00199ms
typeclass inference of RCLike took 0.00119ms
typeclass inference of RCLike took 0.00237ms
typeclass inference of RCLike took 0.00124ms
typeclass inference of RCLike took 0.00117ms
typeclass inference of RCLike took 0.00114ms
typeclass inference of RCLike took 0.00133ms
typeclass inference of RCLike took 0.00153ms
typeclass inference of RCLike took 0.00143ms
typeclass inference of RCLike took 0.00127ms
typeclass inference of Semiring took 0.00489ms
typeclass inference of NonAssocRing took 0.21ms
typeclass inference of Field took 0.00319ms
typeclass inference of Field took 0.002ms
typeclass inference of Field took 0.00224ms
typeclass inference of Field took 0.0015ms
typeclass inference of Field took 0.00142ms
typeclass inference of Field took 0.00125ms
typeclass inference of Field took 0.00122ms
typeclass inference of Field took 0.00235ms
typeclass inference of Field took 0.00127ms
typeclass inference of Field took 0.00181ms
typeclass inference of Field took 0.00137ms
typeclass inference of Field took 0.00137ms
typeclass inference of Field took 0.00107ms
typeclass inference of Field took 0.00233ms
typeclass inference of Field took 0.00123ms
typeclass inference of Field took 0.00126ms
typeclass inference of Field took 0.00116ms
typeclass inference of Field took 0.00124ms
typeclass inference of Field took 0.00117ms
typeclass inference of Field took 0.00115ms
typeclass inference of Field took 0.00125ms
typeclass inference of Field took 0.00126ms
typeclass inference of Field took 0.00212ms
typeclass inference of Field took 0.00136ms
typeclass inference of Field took 0.00113ms
typeclass inference of Field took 0.00115ms
typeclass inference of Field took 0.00121ms
typeclass inference of Field took 0.00112ms
typeclass inference of Field took 0.00108ms
typeclass inference of Field took 0.00107ms
typeclass inference of Field took 0.00199ms
typeclass inference of Field took 0.00114ms
typeclass inference of Field took 0.00134ms
typeclass inference of Field took 0.00116ms
typeclass inference of Field took 0.00109ms
typeclass inference of Field took 0.0011ms
typeclass inference of Field took 0.00104ms
typeclass inference of Field took 0.00199ms
typeclass inference of Field took 0.00128ms
typeclass inference of Field took 0.00129ms
typeclass inference of Field took 0.00133ms
typeclass inference of Field took 0.00111ms
typeclass inference of Field took 0.00165ms
typeclass inference of Field took 0.00124ms
typeclass inference of Field took 0.00117ms
typeclass inference of Field took 0.00111ms
typeclass inference of Field took 0.00157ms
typeclass inference of Field took 0.00117ms
typeclass inference of Field took 0.00113ms
typeclass inference of Field took 0.00164ms
typeclass inference of Field took 0.00126ms
typeclass inference of Field took 0.00146ms
typeclass inference of Field took 0.00142ms
typeclass inference of Field took 0.00174ms
typeclass inference of Field took 0.00118ms
typeclass inference of Field took 0.00128ms
typeclass inference of Field took 0.00116ms
typeclass inference of Field took 0.00123ms
typeclass inference of Field took 0.00117ms
typeclass inference of Field took 0.00121ms
typeclass inference of Field took 0.00266ms
typeclass inference of Field took 0.00138ms
typeclass inference of Field took 0.0013ms
typeclass inference of Field took 0.00118ms
typeclass inference of Field took 0.00113ms
typeclass inference of Field took 0.00196ms
typeclass inference of Field took 0.00129ms
typeclass inference of Field took 0.00154ms
typeclass inference of Field took 0.00111ms
typeclass inference of Field took 0.00148ms
typeclass inference of Field took 0.0012ms
typeclass inference of Field took 0.0012ms
typeclass inference of Semiring took 0.00631ms
typeclass inference of CharZero took 19.9ms
norm_num took 0.309ms
norm_num took 0.00686ms
typeclass inference of AddMonoidWithOne took 0.774ms
norm_num took 0.455ms
norm_num took 0.006ms
norm_num took 0.0123ms
norm_num took 0.00562ms
norm_num took 0.00248ms
typeclass inference of AddMonoidWithOne took 0.00502ms
norm_num took 0.327ms
ring took 3.79ms
tactic execution of Mathlib.Tactic.LinearCombination.linearCombination took 1.7ms
tactic execution of Lean.Parser.Tactic.tacticSeq1Indented took 0.00796ms
tactic execution of Lean.Parser.Tactic.tacticSeq took 0.00515ms
tactic execution of Lean.Parser.Tactic.paren took 0.00459ms
tactic execution of Lean.Parser.Tactic.withAnnotateState took 0.00925ms
tactic execution of Lean.Parser.Tactic.tacticSeq1Indented took 0.0052ms
tactic execution of Lean.Parser.Tactic.tacticSeq took 0.0051ms
tactic execution of Lean.Parser.Tactic.case took 0.0579ms
tactic execution of Lean.Parser.Tactic.tacticSeq1Indented took 0.0148ms
tactic execution of Lean.Parser.Tactic.tacticSeq took 0.0497ms
tactic execution of Lean.Parser.Tactic.focus took 0.00632ms
tactic execution of Lean.Parser.Tactic.tacticHave__ took 0.016ms
typeclass inference of OfNat took 0.126ms
typeclass inference of OfNat took 0.0524ms
typeclass inference of OfNat took 0.0471ms
typeclass inference of OfNat took 0.0375ms
typeclass inference of HAdd took 0.979ms
typeclass inference of HMul took 0.00407ms
typeclass inference of HPow took 0.174ms
typeclass inference of HMul took 0.071ms
typeclass inference of HAdd took 0.0578ms
typeclass inference of OfNat took 0.924ms
typeclass inference of OfNat took 0.0631ms
typeclass inference of HPow took 0.135ms
typeclass inference of HMul took 0.0611ms
typeclass inference of HAdd took 0.0562ms
typeclass inference of OfNat took 0.0439ms
typeclass inference of HPow took 0.122ms
typeclass inference of HMul took 0.0745ms
typeclass inference of HAdd took 0.0469ms
typeclass inference of OfNat took 0.0425ms
typeclass inference of HPow took 0.115ms
typeclass inference of HMul took 0.0547ms
typeclass inference of HAdd took 0.0453ms
typeclass inference of OfNat took 0.0408ms
typeclass inference of HPow took 0.118ms
typeclass inference of HMul took 0.0573ms
typeclass inference of HAdd took 0.0466ms
typeclass inference of Pow took 0.05ms
typeclass inference of CategoryTheory.CartesianMonoidalCategory took 0.0682ms
typeclass inference of CategoryTheory.CartesianMonoidalCategory took 0.0048ms
typeclass inference of NPow took 2.22ms
typeclass inference of OfNat took 0.0534ms
typeclass inference of HMul took 0.0432ms
typeclass inference of HAdd took 0.00298ms
tactic execution of Lean.Parser.Tactic.refine took 0.975ms
typeclass inference of Add took 0.00488ms
typeclass inference of IsRightCancelAdd took 0.0373ms
typeclass inference of AddGroup took 0.00621ms
typeclass inference of CommSemiring took 0.00365ms
typeclass inference of CommRing took 0.00251ms
typeclass inference of Semifield took 0.000862ms
typeclass inference of CharZero took 0.00342ms
norm_num took 0.0696ms
typeclass inference of AddMonoidWithOne took 0.0116ms
norm_num took 0.358ms
norm_num took 0.00609ms
typeclass inference of AddMonoidWithOne took 0.00451ms
norm_num took 0.212ms
typeclass inference of AddMonoidWithOne took 0.0435ms
norm_num took 0.107ms
norm_num took 0.00648ms
norm_num took 0.00417ms
norm_num took 0.00232ms
typeclass inference of AddMonoidWithOne took 0.00408ms
norm_num took 0.134ms
typeclass inference of AddMonoidWithOne took 0.00411ms
norm_num took 0.0758ms
norm_num took 0.00447ms
typeclass inference of AddMonoidWithOne took 0.00376ms
norm_num took 0.153ms
ring took 2.63ms
tactic execution of Mathlib.Tactic.LinearCombination.linearCombination took 1.13ms
tactic execution of Lean.Parser.Tactic.tacticSeq1Indented took 0.00768ms
tactic execution of Lean.Parser.Tactic.tacticSeq took 0.00509ms
tactic execution of Lean.Parser.Tactic.paren took 0.00557ms
tactic execution of Lean.Parser.Tactic.withAnnotateState took 0.011ms
tactic execution of Lean.Parser.Tactic.tacticSeq1Indented took 0.00636ms
tactic execution of Lean.Parser.Tactic.tacticSeq took 0.00555ms
tactic execution of Lean.Parser.Tactic.case took 0.041ms
tactic execution of Lean.Parser.Tactic.tacticSeq1Indented took 0.016ms
tactic execution of Lean.Parser.Tactic.tacticSeq took 0.00595ms
tactic execution of Lean.Parser.Tactic.focus took 0.00918ms
tactic execution of Lean.Parser.Tactic.tacticHave__ took 0.115ms
typeclass inference of OfNat took 0.0592ms
typeclass inference of OfNat took 0.354ms
typeclass inference of OfNat took 0.149ms
typeclass inference of OfNat took 0.187ms
typeclass inference of HPow took 0.424ms
typeclass inference of LT took 0.0651ms
typeclass inference of OfNat took 0.0618ms
typeclass inference of HPow took 0.164ms
typeclass inference of OfNat took 0.0486ms
typeclass inference of HPow took 0.136ms
typeclass inference of OfNat took 0.0523ms
typeclass inference of HPow took 0.145ms
typeclass inference of Pow took 0.0522ms
typeclass inference of NPow took 0.12ms
typeclass inference of OfNat took 0.00441ms
tactic execution of Lean.Parser.Tactic.refine took 1.06ms
typeclass inference of Decidable took 0.185ms
typeclass inference of LE took 0.0373ms
typeclass inference of Decidable took 0.144ms
typeclass inference of Decidable took 0.00393ms
instantiate metavars took 0.000902ms
tactic execution of Lean.Parser.Tactic.omega took 1.92ms
tactic execution of Lean.Parser.Tactic.tacticSeq1Indented took 0.00651ms
tactic execution of Lean.Parser.Tactic.tacticSeq took 0.00332ms
tactic execution of Lean.Parser.Tactic.paren took 0.00356ms
tactic execution of Lean.Parser.Tactic.withAnnotateState took 0.00627ms
tactic execution of Lean.Parser.Tactic.tacticSeq1Indented took 0.00379ms
tactic execution of Lean.Parser.Tactic.tacticSeq took 0.00349ms
tactic execution of Lean.Parser.Tactic.case took 0.0355ms
tactic execution of Lean.Parser.Tactic.tacticSeq1Indented took 0.0134ms
tactic execution of Lean.Parser.Tactic.tacticSeq took 0.00509ms
tactic execution of Lean.Parser.Tactic.focus took 0.00847ms
tactic execution of Lean.Parser.Tactic.tacticHave__ took 0.792ms
typeclass inference of OfNat took 1.04ms
typeclass inference of OfNat took 0.0789ms
typeclass inference of OfNat took 0.0414ms
typeclass inference of HPow took 0.174ms
typeclass inference of OfNat took 0.0618ms
typeclass inference of HPow took 0.127ms
typeclass inference of OfNat took 0.0549ms
typeclass inference of OfNat took 0.045ms
typeclass inference of OfNat took 0.0434ms
typeclass inference of HPow took 0.121ms
typeclass inference of OfNat took 0.0395ms
typeclass inference of OfNat took 0.035ms
typeclass inference of HPow took 0.13ms
typeclass inference of OfNat took 0.0447ms
typeclass inference of HPow took 0.121ms
typeclass inference of OfNat took 0.0389ms
typeclass inference of OfNat took 0.0472ms
typeclass inference of HPow took 0.118ms
typeclass inference of OfNat took 0.04ms
typeclass inference of HPow took 0.113ms
typeclass inference of OfNat took 0.0387ms
typeclass inference of HPow took 0.109ms
typeclass inference of OfNat took 0.0392ms
typeclass inference of HPow took 0.11ms
typeclass inference of OfNat took 0.0388ms
typeclass inference of HPow took 0.106ms
typeclass inference of OfNat took 0.0366ms
typeclass inference of HPow took 0.112ms
typeclass inference of OfNat took 0.0376ms
typeclass inference of HPow took 0.104ms
typeclass inference of Pow took 0.0391ms
typeclass inference of CategoryTheory.CartesianMonoidalCategory took 0.0533ms
typeclass inference of CategoryTheory.CartesianMonoidalCategory took 0.00478ms
typeclass inference of NPow took 1.97ms
typeclass inference of OfNat took 0.0396ms
typeclass inference of OfNat took 0.0478ms
typeclass inference of HPow took 0.124ms
typeclass inference of OfNat took 0.0397ms
typeclass inference of HPow took 0.111ms
typeclass inference of OfNat took 0.0529ms
typeclass inference of HPow took 0.109ms
typeclass inference of Pow took 0.158ms
typeclass inference of NPow took 0.212ms
typeclass inference of OfNat took 0.00905ms
tactic execution of Lean.Parser.Tactic.refine took 1.65ms
tactic execution of Lean.Parser.Tactic.rotateRight took 0.00397ms
tactic execution of Lean.Parser.Tactic.tacticSeq1Indented took 0.0121ms
tactic execution of Lean.Parser.Tactic.tacticSeq took 0.00338ms
tactic execution of Lean.Parser.Tactic.paren took 0.00374ms
tactic execution of Lean.Parser.Tactic.tacticSeq1Indented took 0.00439ms
tactic execution of Lean.Parser.Tactic.tacticSeq took 0.0041ms
tactic execution of Lean.Parser.Tactic.focus took 0.00736ms
tactic execution of Lean.Parser.Tactic.tacticRefine_lift_ took 0.00654ms
tactic execution of Lean.Parser.Tactic.tacticHave__ took 0.0214ms
typeclass inference of OfNat took 0.0649ms
typeclass inference of OfNat took 0.048ms
typeclass inference of OfNat took 0.0495ms
typeclass inference of OfNat took 0.0367ms
typeclass inference of OfNat took 0.0419ms
typeclass inference of OfNat took 0.034ms
typeclass inference of HMul took 0.158ms
typeclass inference of HPow took 0.147ms
typeclass inference of HMul took 0.0622ms
typeclass inference of LT took 0.0256ms
typeclass inference of OfNat took 0.00375ms
typeclass inference of OfNat took 0.0535ms
typeclass inference of HPow took 0.119ms
typeclass inference of HMul took 0.0515ms
typeclass inference of OfNat took 0.0504ms
typeclass inference of HPow took 0.107ms
typeclass inference of HMul took 0.0493ms
typeclass inference of OfNat took 0.0399ms
typeclass inference of HPow took 0.103ms
typeclass inference of HMul took 0.0476ms
typeclass inference of OfNat took 0.0438ms
typeclass inference of HPow took 0.106ms
typeclass inference of HMul took 0.049ms
typeclass inference of Pow took 0.0497ms
typeclass inference of NPow took 0.00302ms
typeclass inference of OfNat took 0.00302ms
typeclass inference of HMul took 0.00248ms
tactic execution of Lean.Parser.Tactic.refine took 0.935ms
typeclass inference of Decidable took 0.209ms
typeclass inference of Decidable took 5.15ms
typeclass inference of Decidable took 0.00412ms
typeclass inference of LE took 0.0315ms
typeclass inference of LE took 0.00389ms
typeclass inference of LE took 0.00359ms
typeclass inference of Decidable took 0.113ms
typeclass inference of Decidable took 0.00332ms
instantiate metavars took 0.000992ms
tactic execution of Lean.Parser.Tactic.omega took 3ms
tactic execution of Lean.Parser.Tactic.tacticSeq1Indented took 0.00657ms
tactic execution of Lean.Parser.Tactic.tacticSeq took 0.00456ms
tactic execution of Lean.Parser.Tactic.paren took 0.00443ms
tactic execution of Lean.Parser.Tactic.withAnnotateState took 0.00589ms
tactic execution of Lean.Parser.Tactic.tacticSeq1Indented took 0.00488ms
tactic execution of Lean.Parser.Tactic.tacticSeq took 0.0038ms
tactic execution of Lean.Parser.Tactic.case took 0.0488ms
tactic execution of Lean.Parser.Tactic.tacticSeq1Indented took 0.0142ms
tactic execution of Lean.Parser.Tactic.tacticSeq took 0.00469ms
tactic execution of Lean.Parser.Tactic.focus took 0.00602ms
tactic execution of Lean.Parser.Tactic.tacticHave__ took 0.171ms
typeclass inference of OfNat took 0.949ms
typeclass inference of OfNat took 0.0941ms
typeclass inference of OfNat took 0.0453ms
typeclass inference of HMul took 0.905ms
typeclass inference of HPow took 0.166ms
typeclass inference of HMul took 0.0633ms
typeclass inference of OfNat took 0.0566ms
typeclass inference of HPow took 0.118ms
typeclass inference of HMul took 0.0552ms
typeclass inference of OfNat took 0.0565ms
typeclass inference of OfNat took 0.0486ms
typeclass inference of OfNat took 0.0513ms
typeclass inference of HPow took 0.119ms
typeclass inference of HMul took 0.062ms
typeclass inference of OfNat took 0.0415ms
typeclass inference of OfNat took 0.0336ms
typeclass inference of HMul took 0.119ms
typeclass inference of HPow took 0.132ms
typeclass inference of HMul took 0.056ms
typeclass inference of OfNat took 0.0433ms
typeclass inference of HPow took 0.113ms
typeclass inference of HMul took 0.0539ms
typeclass inference of OfNat took 0.0371ms
typeclass inference of OfNat took 0.0473ms
typeclass inference of HPow took 0.116ms
typeclass inference of HMul took 0.0539ms
typeclass inference of OfNat took 0.0404ms
typeclass inference of HPow took 0.106ms
typeclass inference of HMul took 0.0522ms
typeclass inference of OfNat took 0.0398ms
typeclass inference of HPow took 0.108ms
typeclass inference of HMul took 0.0498ms
typeclass inference of OfNat took 0.0412ms
typeclass inference of HPow took 0.109ms
typeclass inference of HMul took 0.0524ms
typeclass inference of OfNat took 0.0386ms
typeclass inference of HPow took 0.104ms
typeclass inference of HMul took 0.0496ms
typeclass inference of OfNat took 0.0399ms
typeclass inference of HPow took 0.116ms
typeclass inference of HMul took 0.0547ms
typeclass inference of OfNat took 0.0403ms
typeclass inference of HPow took 0.106ms
typeclass inference of HMul took 0.0506ms
typeclass inference of Pow took 0.0421ms
typeclass inference of CategoryTheory.CartesianMonoidalCategory took 0.0461ms
typeclass inference of CategoryTheory.CartesianMonoidalCategory took 0.00459ms
typeclass inference of NPow took 1.97ms
typeclass inference of OfNat took 0.0425ms
typeclass inference of HMul took 0.00392ms
typeclass inference of OfNat took 0.154ms
typeclass inference of HPow took 0.167ms
typeclass inference of HMul took 0.0645ms
typeclass inference of OfNat took 0.0425ms
typeclass inference of HPow took 0.113ms
typeclass inference of HMul took 0.0521ms
typeclass inference of OfNat took 0.0415ms
typeclass inference of HPow took 0.11ms
typeclass inference of HMul took 0.0487ms
typeclass inference of Pow took 0.0397ms
typeclass inference of NPow took 0.108ms
typeclass inference of OfNat took 0.005ms
typeclass inference of HMul took 0.00285ms
tactic execution of Lean.Parser.Tactic.refine took 1.67ms
tactic execution of Lean.Parser.Tactic.rewriteSeq took 0.147ms
tactic execution of Lean.Parser.Tactic.exact took 0.169ms
tactic execution of Lean.Parser.Tactic.exact took 0.131ms
tactic execution of Lean.Parser.Tactic.eqRefl took 0.00844ms
tactic execution of Lean.Parser.Tactic.applyRfl took 0.0297ms
tactic execution of Lean.Parser.Tactic.tacticRfl took 0.0489ms
tactic execution of Lean.Parser.Tactic.tacticSeq1Indented took 0.00893ms
tactic execution of Lean.Parser.Tactic.tacticSeq took 0.00627ms
tactic execution of Lean.Parser.Tactic.withReducible took 0.00626ms
tactic execution of Lean.Parser.Tactic.tacticSeq1Indented took 0.00867ms
tactic execution of Lean.Parser.Tactic.tacticSeq took 0.0117ms
tactic execution of Lean.Parser.Tactic.paren took 0.00656ms
tactic execution of Lean.Parser.Tactic.tacticSeq1Indented took 0.00914ms
tactic execution of Lean.Parser.Tactic.tacticSeq took 0.00817ms
tactic execution of Lean.Parser.Tactic.skip took 0.00242ms
tactic execution of Lean.Parser.Tactic.tacticSeq1Indented took 0.00503ms
tactic execution of Lean.Parser.Tactic.tacticSeq took 0.00606ms
tactic execution of Lean.Parser.Tactic.first took 0.00909ms
tactic execution of Lean.Parser.Tactic.tacticTry_ took 0.00628ms
tactic execution of Lean.Parser.Tactic.tacticSeq1Indented took 0.0088ms
tactic execution of Lean.Parser.Tactic.tacticSeq took 0.00354ms
tactic execution of Lean.Parser.Tactic.paren took 0.00332ms
tactic execution of Lean.Parser.Tactic.withAnnotateState took 0.0107ms
tactic execution of Lean.Parser.Tactic.tacticSeq1Indented took 0.0173ms
tactic execution of Lean.Parser.Tactic.tacticSeq took 0.00427ms
tactic execution of Lean.Parser.Tactic.paren took 0.00441ms
tactic execution of Lean.Parser.Tactic.rwSeq took 0.00915ms
tactic execution of Lean.Parser.Tactic.exact took 0.0503ms
tactic execution of Lean.Parser.Tactic.tacticSeq1Indented took 0.0119ms
tactic execution of Lean.Parser.Tactic.tacticSeq took 0.00761ms
tactic execution of Lean.Parser.Tactic.rewriteSeq took 2.86ms
tactic execution of Lean.Parser.Tactic.exact took 0.09ms
tactic execution of Lean.Parser.Tactic.exact took 0.08ms
tactic execution of Lean.Parser.Tactic.eqRefl took 0.00884ms
tactic execution of Lean.Parser.Tactic.tacticRfl took 0.045ms
tactic execution of Lean.Parser.Tactic.tacticSeq1Indented took 0.00412ms
tactic execution of Lean.Parser.Tactic.tacticSeq took 0.00299ms
tactic execution of Lean.Parser.Tactic.withReducible took 0.00281ms
tactic execution of Lean.Parser.Tactic.tacticSeq1Indented took 0.00324ms
tactic execution of Lean.Parser.Tactic.tacticSeq took 0.00284ms
tactic execution of Lean.Parser.Tactic.paren took 0.00257ms
tactic execution of Lean.Parser.Tactic.tacticSeq1Indented took 0.00344ms
tactic execution of Lean.Parser.Tactic.tacticSeq took 0.00281ms
tactic execution of Lean.Parser.Tactic.first took 0.00301ms
tactic execution of Lean.Parser.Tactic.tacticTry_ took 0.0052ms
tactic execution of Lean.Parser.Tactic.tacticSeq1Indented took 0.00376ms
tactic execution of Lean.Parser.Tactic.tacticSeq took 0.00346ms
tactic execution of Lean.Parser.Tactic.paren took 0.00341ms
tactic execution of Lean.Parser.Tactic.withAnnotateState took 0.013ms
tactic execution of Lean.Parser.Tactic.tacticSeq1Indented took 0.0119ms
tactic execution of Lean.Parser.Tactic.tacticSeq took 0.00442ms
tactic execution of Lean.Parser.Tactic.paren took 0.00433ms
tactic execution of Lean.Parser.Tactic.rwSeq took 0.00991ms
tactic execution of Lean.Parser.Tactic.tacticSeq1Indented took 0.00578ms
tactic execution of Lean.Parser.Tactic.tacticSeq took 0.00653ms
tactic execution of Lean.Parser.Tactic.paren took 0.0024ms
tactic execution of Lean.Parser.Tactic.withAnnotateState took 0.00412ms
tactic execution of Lean.Parser.Tactic.tacticSeq1Indented took 0.00354ms
tactic execution of Lean.Parser.Tactic.tacticSeq took 0.00387ms
tactic execution of Lean.Parser.Tactic.case took 0.153ms
tactic execution of Lean.Parser.Tactic.tacticSeq1Indented took 0.0208ms
tactic execution of Lean.Parser.Tactic.tacticSeq took 0.00453ms
tactic execution of Lean.Parser.Tactic.focus took 0.00819ms
tactic execution of Lean.Parser.Tactic.tacticHave__ took 0.0278ms
typeclass inference of OfNat took 0.0671ms
typeclass inference of OfNat took 0.0467ms
typeclass inference of OfNat took 0.0489ms
typeclass inference of OfNat took 0.0358ms
typeclass inference of OfNat took 0.0408ms
typeclass inference of OfNat took 0.033ms
typeclass inference of HAdd took 0.13ms
typeclass inference of HMul took 0.138ms
typeclass inference of HPow took 0.147ms
typeclass inference of HMul took 0.0564ms
typeclass inference of HAdd took 0.0489ms
typeclass inference of LT took 0.0231ms
typeclass inference of OfNat took 0.0379ms
typeclass inference of OfNat took 0.0493ms
typeclass inference of HPow took 0.125ms
typeclass inference of HMul took 0.0501ms
typeclass inference of HAdd took 0.0454ms
typeclass inference of OfNat took 0.0393ms
typeclass inference of HPow took 0.118ms
typeclass inference of HMul took 0.0497ms
typeclass inference of HAdd took 0.0447ms
typeclass inference of OfNat took 0.0587ms
typeclass inference of HPow took 0.108ms
typeclass inference of HMul took 0.0494ms
typeclass inference of HAdd took 0.0437ms
typeclass inference of OfNat took 0.0393ms
typeclass inference of HPow took 0.108ms
typeclass inference of HMul took 0.0494ms
typeclass inference of HAdd took 0.0459ms
typeclass inference of Pow took 0.0384ms
typeclass inference of NPow took 0.0876ms
typeclass inference of OfNat took 0.039ms
typeclass inference of HMul took 0.153ms
typeclass inference of HAdd took 0.00315ms
tactic execution of Lean.Parser.Tactic.refine took 0.927ms
typeclass inference of Decidable took 0.222ms
typeclass inference of Decidable took 4.7ms
typeclass inference of Decidable took 0.00514ms
typeclass inference of LE took 0.0362ms
typeclass inference of LE took 0.00426ms
typeclass inference of LE took 0.00369ms
typeclass inference of Decidable took 0.00282ms
typeclass inference of Decidable took 0.00265ms
typeclass inference of LE took 0.00382ms
typeclass inference of LE took 0.00354ms
typeclass inference of LE took 0.00371ms
typeclass inference of Decidable took 0.138ms
typeclass inference of Decidable took 0.00331ms
instantiate metavars took 0.00112ms
tactic execution of Lean.Parser.Tactic.omega took 6.44ms
tactic execution of Lean.Parser.Tactic.tacticSeq1Indented took 0.00878ms
tactic execution of Lean.Parser.Tactic.tacticSeq took 0.00452ms
tactic execution of Lean.Parser.Tactic.paren took 0.00457ms
tactic execution of Lean.Parser.Tactic.withAnnotateState took 0.00575ms
tactic execution of Lean.Parser.Tactic.tacticSeq1Indented took 0.00468ms
tactic execution of Lean.Parser.Tactic.tacticSeq took 0.00398ms
tactic execution of Lean.Parser.Tactic.case took 0.053ms
tactic execution of Lean.Parser.Tactic.tacticSeq1Indented took 0.0124ms
tactic execution of Lean.Parser.Tactic.tacticSeq took 0.00408ms
tactic execution of Lean.Parser.Tactic.focus took 0.00591ms
tactic execution of Lean.Parser.Tactic.tacticHave__ took 0.021ms
typeclass inference of OfNat took 1.01ms
typeclass inference of OfNat took 0.0604ms
typeclass inference of OfNat took 0.0451ms
typeclass inference of HAdd took 0.998ms
typeclass inference of HMul took 0.869ms
typeclass inference of HPow took 0.156ms
typeclass inference of HMul took 0.0624ms
typeclass inference of HAdd took 0.0556ms
typeclass inference of OfNat took 0.0768ms
typeclass inference of HPow took 0.137ms
typeclass inference of HMul took 0.0589ms
typeclass inference of HAdd took 0.0544ms
typeclass inference of OfNat took 0.084ms
typeclass inference of OfNat took 0.0659ms
typeclass inference of OfNat took 0.0527ms
typeclass inference of HPow took 0.148ms
typeclass inference of HMul took 0.0608ms
typeclass inference of HAdd took 0.0531ms
typeclass inference of OfNat took 0.0451ms
typeclass inference of OfNat took 0.0361ms
typeclass inference of HAdd took 0.132ms
typeclass inference of HMul took 0.124ms
typeclass inference of HPow took 0.142ms
typeclass inference of HMul took 0.0562ms
typeclass inference of HAdd took 0.0574ms
typeclass inference of OfNat took 0.0483ms
typeclass inference of HPow took 0.123ms
typeclass inference of HMul took 0.0562ms
typeclass inference of HAdd took 0.05ms
typeclass inference of OfNat took 0.0387ms
typeclass inference of OfNat took 0.0525ms
typeclass inference of HPow took 0.122ms
typeclass inference of HMul took 0.0536ms
typeclass inference of HAdd took 0.046ms
typeclass inference of OfNat took 0.0427ms
typeclass inference of HPow took 0.11ms
typeclass inference of HMul took 0.0545ms
typeclass inference of HAdd took 0.0481ms
typeclass inference of OfNat took 0.0462ms
typeclass inference of HPow took 0.117ms
typeclass inference of HMul took 0.0514ms
typeclass inference of HAdd took 0.0481ms
typeclass inference of OfNat took 0.0427ms
typeclass inference of HPow took 0.115ms
typeclass inference of HMul took 0.0532ms
typeclass inference of HAdd took 0.0468ms
typeclass inference of OfNat took 0.0397ms
typeclass inference of HPow took 0.111ms
typeclass inference of HMul took 0.0493ms
typeclass inference of HAdd took 0.0465ms
typeclass inference of OfNat took 0.0587ms
typeclass inference of HPow took 0.161ms
typeclass inference of HMul took 0.0604ms
typeclass inference of HAdd took 0.0484ms
typeclass inference of OfNat took 0.0397ms
typeclass inference of HPow took 0.112ms
typeclass inference of HMul took 0.0499ms
typeclass inference of HAdd took 0.0451ms
typeclass inference of Pow took 0.0405ms
typeclass inference of CategoryTheory.CartesianMonoidalCategory took 0.0653ms
typeclass inference of CategoryTheory.CartesianMonoidalCategory took 0.00477ms
typeclass inference of NPow took 2.04ms
typeclass inference of OfNat took 0.0407ms
typeclass inference of HMul took 0.843ms
typeclass inference of HAdd took 0.00342ms
typeclass inference of OfNat took 0.051ms
typeclass inference of HPow took 0.126ms
typeclass inference of HMul took 0.054ms
typeclass inference of HAdd took 0.0538ms
typeclass inference of OfNat took 0.0441ms
typeclass inference of HPow took 0.117ms
typeclass inference of HMul took 0.0809ms
typeclass inference of HAdd took 0.0474ms
typeclass inference of OfNat took 0.0417ms
typeclass inference of HPow took 0.301ms
typeclass inference of HMul took 0.0609ms
typeclass inference of HAdd took 0.0488ms
typeclass inference of Pow took 0.0415ms
typeclass inference of NPow took 0.0926ms
typeclass inference of OfNat took 0.00371ms
typeclass inference of HMul took 0.354ms
typeclass inference of HAdd took 0.00355ms
tactic execution of Lean.Parser.Tactic.refine took 2.19ms
tactic execution of Lean.Parser.Tactic.rewriteSeq took 0.239ms
tactic execution of Lean.Parser.Tactic.exact took 0.177ms
tactic execution of Lean.Parser.Tactic.exact took 0.114ms
tactic execution of Lean.Parser.Tactic.eqRefl took 0.0157ms
tactic execution of Lean.Parser.Tactic.applyRfl took 0.0415ms
tactic execution of Lean.Parser.Tactic.tacticRfl took 0.0636ms
tactic execution of Lean.Parser.Tactic.tacticSeq1Indented took 0.00909ms
tactic execution of Lean.Parser.Tactic.tacticSeq took 0.00769ms
tactic execution of Lean.Parser.Tactic.withReducible took 0.0114ms
tactic execution of Lean.Parser.Tactic.tacticSeq1Indented took 0.00859ms
tactic execution of Lean.Parser.Tactic.tacticSeq took 0.00713ms
tactic execution of Lean.Parser.Tactic.paren took 0.00747ms
tactic execution of Lean.Parser.Tactic.tacticSeq1Indented took 0.00586ms
tactic execution of Lean.Parser.Tactic.tacticSeq took 0.00723ms
tactic execution of Lean.Parser.Tactic.skip took 0.00431ms
tactic execution of Lean.Parser.Tactic.tacticSeq1Indented took 0.00426ms
tactic execution of Lean.Parser.Tactic.tacticSeq took 0.00415ms
tactic execution of Lean.Parser.Tactic.first took 0.0245ms
tactic execution of Lean.Parser.Tactic.tacticTry_ took 0.0146ms
tactic execution of Lean.Parser.Tactic.tacticSeq1Indented took 0.00734ms
tactic execution of Lean.Parser.Tactic.tacticSeq took 0.0053ms
tactic execution of Lean.Parser.Tactic.paren took 0.00561ms
tactic execution of Lean.Parser.Tactic.withAnnotateState took 0.0121ms
tactic execution of Lean.Parser.Tactic.tacticSeq1Indented took 0.0182ms
tactic execution of Lean.Parser.Tactic.tacticSeq took 0.00781ms
tactic execution of Lean.Parser.Tactic.paren took 0.00748ms
tactic execution of Lean.Parser.Tactic.rwSeq took 0.0135ms
tactic execution of Lean.Parser.Tactic.exact took 0.0615ms
tactic execution of Lean.Parser.Tactic.tacticSeq1Indented took 0.0135ms
tactic execution of Lean.Parser.Tactic.tacticSeq took 0.0162ms
tactic execution of Lean.Parser.Tactic.rewriteSeq took 3.62ms
tactic execution of Lean.Parser.Tactic.exact took 0.12ms
tactic execution of Lean.Parser.Tactic.exact took 0.0851ms
tactic execution of Lean.Parser.Tactic.eqRefl took 0.0135ms
tactic execution of Lean.Parser.Tactic.tacticRfl took 0.0316ms
tactic execution of Lean.Parser.Tactic.tacticSeq1Indented took 0.00408ms
tactic execution of Lean.Parser.Tactic.tacticSeq took 0.0033ms
tactic execution of Lean.Parser.Tactic.withReducible took 0.00408ms
tactic execution of Lean.Parser.Tactic.tacticSeq1Indented took 0.00293ms
tactic execution of Lean.Parser.Tactic.tacticSeq took 0.0026ms
tactic execution of Lean.Parser.Tactic.paren took 0.00291ms
tactic execution of Lean.Parser.Tactic.tacticSeq1Indented took 0.00336ms
tactic execution of Lean.Parser.Tactic.tacticSeq took 0.00288ms
tactic execution of Lean.Parser.Tactic.first took 0.00383ms
tactic execution of Lean.Parser.Tactic.tacticTry_ took 0.00676ms
tactic execution of Lean.Parser.Tactic.tacticSeq1Indented took 0.00338ms
tactic execution of Lean.Parser.Tactic.tacticSeq took 0.00279ms
tactic execution of Lean.Parser.Tactic.paren took 0.00305ms
tactic execution of Lean.Parser.Tactic.withAnnotateState took 0.0145ms
tactic execution of Lean.Parser.Tactic.tacticSeq1Indented took 0.02ms
tactic execution of Lean.Parser.Tactic.tacticSeq took 0.0078ms
tactic execution of Lean.Parser.Tactic.paren took 0.0068ms
tactic execution of Lean.Parser.Tactic.rwSeq took 0.0123ms
tactic execution of Lean.Parser.Tactic.tacticSeq1Indented took 0.0147ms
tactic execution of Lean.Parser.Tactic.tacticSeq took 0.00859ms
tactic execution of Lean.Parser.Tactic.paren took 0.00946ms
tactic execution of Lean.Parser.Tactic.withAnnotateState took 0.00886ms
tactic execution of Lean.Parser.Tactic.tacticSeq1Indented took 0.00747ms
tactic execution of Lean.Parser.Tactic.tacticSeq took 0.00705ms
tactic execution of Lean.Parser.Tactic.case took 0.473ms
tactic execution of Lean.Parser.Tactic.tacticSeq1Indented took 0.0203ms
tactic execution of Lean.Parser.Tactic.tacticSeq took 0.0113ms
tactic execution of Lean.Parser.Tactic.focus took 0.0115ms
tactic execution of Lean.Parser.Tactic.tacticHave__ took 0.0363ms
typeclass inference of OfNat took 0.14ms
typeclass inference of OfNat took 0.0486ms
typeclass inference of OfNat took 0.0511ms
typeclass inference of OfNat took 0.0443ms
typeclass inference of OfNat took 0.0386ms
typeclass inference of OfNat took 0.0335ms
typeclass inference of OfNat took 0.0317ms
typeclass inference of OfNat took 0.0301ms
typeclass inference of HMul took 0.168ms
typeclass inference of HMul took 0.00357ms
typeclass inference of HMul took 0.153ms
typeclass inference of HPow took 0.169ms
typeclass inference of HPow took 0.166ms
typeclass inference of HMul took 0.0784ms
typeclass inference of LT took 0.0313ms
typeclass inference of OfNat took 0.0414ms
typeclass inference of OfNat took 0.059ms
typeclass inference of OfNat took 0.00354ms
typeclass inference of OfNat took 0.0519ms
typeclass inference of HPow took 0.125ms
typeclass inference of HPow took 0.141ms
typeclass inference of HMul took 0.0512ms
typeclass inference of OfNat took 0.042ms
typeclass inference of OfNat took 0.0353ms
typeclass inference of HPow took 0.116ms
typeclass inference of HPow took 0.111ms
typeclass inference of HMul took 0.0572ms
typeclass inference of OfNat took 0.0435ms
typeclass inference of OfNat took 0.0334ms
typeclass inference of HPow took 0.113ms
typeclass inference of HPow took 0.114ms
typeclass inference of HMul took 0.0464ms
typeclass inference of OfNat took 0.0395ms
typeclass inference of OfNat took 0.0328ms
typeclass inference of HPow took 0.11ms
typeclass inference of HPow took 0.109ms
typeclass inference of HMul took 0.048ms
typeclass inference of Pow took 0.0399ms
typeclass inference of NPow took 0.111ms
typeclass inference of OfNat took 0.0397ms
typeclass inference of OfNat took 0.0428ms
typeclass inference of HPow took 0.121ms
typeclass inference of HMul took 0.0548ms
typeclass inference of OfNat took 0.0396ms
typeclass inference of HPow took 0.117ms
typeclass inference of HMul took 0.0535ms
typeclass inference of OfNat took 0.0383ms
typeclass inference of HPow took 0.11ms
typeclass inference of HMul took 0.0497ms
typeclass inference of Pow took 0.0398ms
typeclass inference of NPow took 0.00343ms
typeclass inference of OfNat took 0.0393ms
typeclass inference of HMul took 0.00319ms
typeclass inference of OfNat took 0.0611ms
typeclass inference of OfNat took 0.0454ms
typeclass inference of OfNat took 0.0516ms
typeclass inference of OfNat took 0.0488ms
typeclass inference of HMul took 0.00428ms
typeclass inference of HMul took 0.00255ms
typeclass inference of HMul took 0.0382ms
typeclass inference of HPow took 0.183ms
typeclass inference of HMul took 0.0755ms
typeclass inference of LE took 0.0333ms
typeclass inference of OfNat took 0.00377ms
typeclass inference of OfNat took 0.0528ms
typeclass inference of HPow took 0.123ms
typeclass inference of HMul took 0.0547ms
typeclass inference of OfNat took 0.0417ms
typeclass inference of HPow took 0.113ms
typeclass inference of HMul took 0.0531ms
typeclass inference of OfNat took 0.0603ms
typeclass inference of OfNat took 0.0488ms
typeclass inference of OfNat took 0.05ms
typeclass inference of OfNat took 0.0419ms
typeclass inference of OfNat took 0.0374ms
typeclass inference of OfNat took 0.0336ms
typeclass inference of OfNat took 0.0315ms
typeclass inference of OfNat took 0.0308ms
typeclass inference of HMul took 0.00398ms
typeclass inference of HPow took 0.154ms
typeclass inference of HPow took 0.141ms
typeclass inference of HMul took 0.0575ms
typeclass inference of LT took 0.00343ms
typeclass inference of OfNat took 0.00319ms
typeclass inference of OfNat took 0.0529ms
typeclass inference of OfNat took 0.00313ms
typeclass inference of OfNat took 0.0444ms
typeclass inference of HPow took 0.141ms
typeclass inference of HPow took 0.146ms
typeclass inference of HMul took 0.0533ms
typeclass inference of OfNat took 0.0457ms
typeclass inference of OfNat took 0.0358ms
typeclass inference of HPow took 0.132ms
typeclass inference of HPow took 0.119ms
typeclass inference of HMul took 0.0499ms
typeclass inference of OfNat took 0.0049ms
typeclass inference of HPow took 0.252ms
typeclass inference of HMul took 0.00286ms
typeclass inference of OfNat took 0.00231ms
typeclass inference of OfNat took 0.00195ms
typeclass inference of HPow took 0.00173ms
typeclass inference of HPow took 0.00144ms
typeclass inference of HMul took 0.00167ms
typeclass inference of Trans took 0.4ms
typeclass inference of LE took 0.385ms
typeclass inference of LE took 0.09ms
typeclass inference of Zero took 0.186ms
typeclass inference of PartialOrder took 0.0495ms
typeclass inference of Ring took 1.56ms
typeclass inference of AddMonoidWithOne took 0.0543ms
norm_num took 0.5ms
typeclass inference of Semiring took 0.0571ms
typeclass inference of PartialOrder took 0.00411ms
typeclass inference of CommSemiring took 0.0354ms
typeclass inference of IsOrderedRing took 1.34ms
typeclass inference of Nontrivial took 0.0689ms
typeclass inference of Semiring took 0.00298ms
typeclass inference of IsStrictOrderedRing took 0.0422ms
tactic execution of Mathlib.Tactic.Positivity.positivity took 2.1ms
tactic execution of Lean.Parser.Tactic.tacticSeq1Indented took 0.0197ms
tactic execution of Lean.Parser.Tactic.tacticSeq took 0.0389ms
tactic execution of Lean.Parser.Tactic.refine took 8.12ms
tactic execution of Lean.Parser.Tactic.rotateRight took 0.0081ms
tactic execution of Lean.Parser.Tactic.tacticSeq1Indented took 0.016ms
tactic execution of Lean.Parser.Tactic.tacticSeq took 0.00847ms
tactic execution of Lean.Parser.Tactic.paren took 0.00871ms
tactic execution of Lean.Parser.Tactic.tacticSeq1Indented took 0.00887ms
tactic execution of Lean.Parser.Tactic.tacticSeq took 0.00994ms
tactic execution of Lean.Parser.Tactic.focus took 0.0116ms
tactic execution of Lean.Parser.Tactic.tacticRefine_lift_ took 0.00961ms
tactic execution of Lean.Parser.Tactic.tacticHave__ took 0.0397ms
typeclass inference of HMul took 0.181ms
typeclass inference of HMul took 0.156ms
typeclass inference of LT took 0.0259ms
tactic execution of Lean.Parser.Tactic.refine took 0.463ms
typeclass inference of Decidable took 0.139ms
typeclass inference of LE took 0.0314ms
typeclass inference of LE took 0.00419ms
typeclass inference of LE took 0.00384ms
typeclass inference of Decidable took 0.175ms
typeclass inference of Decidable took 0.00361ms
instantiate metavars took 0.00135ms
tactic execution of Lean.Parser.Tactic.omega took 3.91ms
tactic execution of Lean.Parser.Tactic.tacticSeq1Indented took 0.00637ms
tactic execution of Lean.Parser.Tactic.tacticSeq took 0.00313ms
tactic execution of Lean.Parser.Tactic.paren took 0.00301ms
tactic execution of Lean.Parser.Tactic.withAnnotateState took 0.00373ms
tactic execution of Lean.Parser.Tactic.tacticSeq1Indented took 0.00341ms
tactic execution of Lean.Parser.Tactic.tacticSeq took 0.00337ms
tactic execution of Lean.Parser.Tactic.case took 0.0163ms
tactic execution of Lean.Parser.Tactic.tacticSeq1Indented took 0.011ms
tactic execution of Lean.Parser.Tactic.tacticSeq took 0.00382ms
tactic execution of Lean.Parser.Tactic.focus took 0.00616ms
tactic execution of Lean.Parser.Tactic.tacticHave__ took 0.0197ms
typeclass inference of HMul took 1.6ms
typeclass inference of HMul took 1.48ms
typeclass inference of HMul took 0.209ms
typeclass inference of HMul took 0.262ms
tactic execution of Lean.Parser.Tactic.refine took 1.18ms
tactic execution of Lean.Parser.Tactic.rotateRight took 0.00591ms
tactic execution of Lean.Parser.Tactic.tacticSeq1Indented took 0.015ms
tactic execution of Lean.Parser.Tactic.tacticSeq took 0.0042ms
tactic execution of Lean.Parser.Tactic.paren took 0.00452ms
tactic execution of Lean.Parser.Tactic.tacticSeq1Indented took 0.00477ms
tactic execution of Lean.Parser.Tactic.tacticSeq took 0.00461ms
tactic execution of Lean.Parser.Tactic.focus took 0.00748ms
tactic execution of Lean.Parser.Tactic.tacticRefine_lift_ took 0.0085ms
tactic execution of Lean.Parser.Tactic.tacticHave__ took 0.0191ms
tactic execution of Lean.Parser.Tactic.rewriteSeq took 0.766ms
tactic execution of Lean.Parser.Tactic.exact took 0.112ms
tactic execution of Lean.Parser.Tactic.exact took 0.0946ms
tactic execution of Lean.Parser.Tactic.eqRefl took 0.0153ms
tactic execution of Lean.Parser.Tactic.tacticRfl took 0.0518ms
tactic execution of Lean.Parser.Tactic.tacticSeq1Indented took 0.00439ms
tactic execution of Lean.Parser.Tactic.tacticSeq took 0.00289ms
tactic execution of Lean.Parser.Tactic.withReducible took 0.00569ms
tactic execution of Lean.Parser.Tactic.tacticSeq1Indented took 0.00305ms
tactic execution of Lean.Parser.Tactic.tacticSeq took 0.00261ms
tactic execution of Lean.Parser.Tactic.paren took 0.00282ms
tactic execution of Lean.Parser.Tactic.tacticSeq1Indented took 0.00275ms
tactic execution of Lean.Parser.Tactic.tacticSeq took 0.0025ms
tactic execution of Lean.Parser.Tactic.first took 0.00621ms
tactic execution of Lean.Parser.Tactic.tacticTry_ took 0.00737ms
tactic execution of Lean.Parser.Tactic.tacticSeq1Indented took 0.00301ms
tactic execution of Lean.Parser.Tactic.tacticSeq took 0.00259ms
tactic execution of Lean.Parser.Tactic.paren took 0.00333ms
tactic execution of Lean.Parser.Tactic.withAnnotateState took 0.0206ms
tactic execution of Lean.Parser.Tactic.tacticSeq1Indented took 0.0109ms
tactic execution of Lean.Parser.Tactic.tacticSeq took 0.00687ms
tactic execution of Lean.Parser.Tactic.paren took 0.00403ms
tactic execution of Lean.Parser.Tactic.rwSeq took 0.0547ms
tactic execution of Lean.Parser.Tactic.tacticSeq1Indented took 0.0874ms
tactic execution of Lean.Parser.Tactic.tacticSeq took 0.0208ms
instantiate metavars took 0.41ms
instantiate metavars took 0.0004ms
instantiate metavars took 0.000151ms
instantiate metavars took 0.0001ms
instantiate metavars took 0.0001ms
share common exprs took 2.93ms
fix level params took 0.0835ms
let-to-have transformation took 0.0108ms
attribute application took 0.00348ms
attribute application took 0.000792ms
process pre-deparsing took 0.154ms
parsing took 0.000941ms
finitions took 1.02ms
elaboration took 1.68ms
type checking took 6.56ms
type checking took 16.7ms
type checking took 29.1ms
type checking took 8.14ms
type checking took 6ms
overlappingInstancesLinter took 0.168ms
tacticAnalysis took 3.46ms
linting took 12.3ms
attribute application took 0.0018ms
typeclass inference of OfNat took 0.0612ms
typeclass inference of OfNat took 0.0446ms
typeclass inference of HSub took 0.929ms
typeclass inference of HMul took 0.907ms
typeclass inference of HMul took 0.88ms
typeclass inference of HSub took 0.738ms
typeclass inference of OfNat took 0.788ms
typeclass inference of OfNat took 0.091ms
typeclass inference of OfNat took 0.0415ms
typeclass inference of OfNat took 0.0382ms
typeclass inference of OfNat took 0.0304ms
typeclass inference of OfNat took 0.0376ms
typeclass inference of OfNat took 0.0312ms
typeclass inference of OfNat took 0.0369ms
typeclass inference of OfNat took 0.0314ms
typeclass inference of HSub took 0.00399ms
typeclass inference of HSub took 0.00247ms
typeclass inference of HMul took 0.00239ms
typeclass inference of HSub took 0.0349ms
typeclass inference of HPow took 0.198ms
typeclass inference of HMul took 0.0765ms
typeclass inference of HSub took 0.0517ms
typeclass inference of OfNat took 0.825ms
typeclass inference of OfNat took 0.0544ms
typeclass inference of OfNat took 0.00412ms
typeclass inference of HPow took 0.137ms
typeclass inference of HMul took 0.0807ms
typeclass inference of HSub took 0.0598ms
typeclass inference of OfNat took 0.0528ms
typeclass inference of HPow took 0.114ms
typeclass inference of HMul took 0.0507ms
typeclass inference of HSub took 0.0423ms
typeclass inference of OfNat took 0.0536ms
typeclass inference of OfNat took 0.0414ms
typeclass inference of OfNat took 0.0327ms
typeclass inference of OfNat took 0.0295ms
typeclass inference of HPow took 0.129ms
typeclass inference of LE took 0.0311ms
typeclass inference of OfNat took 0.0355ms
typeclass inference of OfNat took 0.0455ms
typeclass inference of HPow took 0.136ms
typeclass inference of OfNat took 0.0402ms
typeclass inference of HPow took 0.107ms
typeclass inference of OfNat took 0.0675ms
typeclass inference of OfNat took 0.043ms
typeclass inference of OfNat took 0.0335ms
typeclass inference of OfNat took 0.0298ms
typeclass inference of HPow took 0.127ms
typeclass inference of LT took 0.0312ms
typeclass inference of OfNat took 0.00309ms
typeclass inference of OfNat took 0.0466ms
typeclass inference of HPow took 0.124ms
typeclass inference of OfNat took 0.0655ms
typeclass inference of HPow took 0.143ms
typeclass inference of OfNat took 0.0528ms
typeclass inference of OfNat took 0.0405ms
typeclass inference of OfNat took 0.0324ms
typeclass inference of OfNat took 0.0296ms
typeclass inference of HPow took 0.126ms
typeclass inference of LT took 0.00326ms
typeclass inference of OfNat took 0.00266ms
typeclass inference of OfNat took 0.0472ms
typeclass inference of HPow took 0.108ms
typeclass inference of OfNat took 0.0409ms
typeclass inference of HPow took 0.105ms
typeclass inference of OfNat took 0.0542ms
typeclass inference of OfNat took 0.0405ms
typeclass inference of OfNat took 0.0335ms
typeclass inference of OfNat took 0.0298ms
typeclass inference of HPow took 0.124ms
typeclass inference of LT took 0.00322ms
typeclass inference of OfNat took 0.00265ms
typeclass inference of OfNat took 0.0462ms
typeclass inference of HPow took 0.107ms
typeclass inference of OfNat took 0.0356ms
typeclass inference of HPow took 0.114ms
typeclass inference of OfNat took 0.0853ms
typeclass inference of OfNat took 0.0556ms
typeclass inference of OfNat took 0.0558ms
typeclass inference of OfNat took 0.0322ms
typeclass inference of HMul took 0.137ms
typeclass inference of HAdd took 0.129ms
typeclass inference of HMul took 0.00346ms
typeclass inference of HMul took 0.139ms
typeclass inference of HPow took 0.138ms
typeclass inference of HMul took 0.0551ms
typeclass inference of HAdd took 0.0493ms
typeclass inference of OfNat took 0.00358ms
typeclass inference of OfNat took 0.0494ms
typeclass inference of HPow took 0.131ms
typeclass inference of HMul took 0.0742ms
typeclass inference of HAdd took 0.0609ms
typeclass inference of OfNat took 0.0555ms
typeclass inference of HPow took 0.111ms
typeclass inference of HMul took 0.0488ms
typeclass inference of HAdd took 0.0434ms
typeclass inference of OfNat took 0.0411ms
typeclass inference of HPow took 0.111ms
typeclass inference of HMul took 0.0513ms
typeclass inference of HSub took 0.0509ms
typeclass inference of OfNat took 0.0391ms
typeclass inference of HPow took 0.107ms
typeclass inference of OfNat took 0.0376ms
typeclass inference of HPow took 0.106ms
typeclass inference of OfNat took 0.0372ms
typeclass inference of HPow took 0.105ms
typeclass inference of OfNat took 0.0452ms
typeclass inference of HPow took 0.109ms
typeclass inference of OfNat took 0.0363ms
typeclass inference of HPow took 0.104ms
typeclass inference of HMul took 0.0492ms
typeclass inference of HAdd took 0.0444ms
typeclass inference of OfNat took 0.0378ms
typeclass inference of HPow took 0.106ms
typeclass inference of HMul took 0.0502ms
typeclass inference of HSub took 0.0434ms
typeclass inference of OfNat took 0.0383ms
typeclass inference of HPow took 0.131ms
typeclass inference of OfNat took 0.0365ms
typeclass inference of HPow took 0.104ms
typeclass inference of OfNat took 0.0455ms
typeclass inference of HPow took 0.106ms
typeclass inference of OfNat took 0.0363ms
typeclass inference of HPow took 0.101ms
typeclass inference of OfNat took 0.0353ms
typeclass inference of HPow took 0.101ms
typeclass inference of HMul took 0.0487ms
typeclass inference of HAdd took 0.0445ms
typeclass inference of Pow took 0.0401ms
typeclass inference of CategoryTheory.CartesianMonoidalCategory took 0.098ms
typeclass inference of CategoryTheory.CartesianMonoidalCategory took 0.00476ms
typeclass inference of NPow took 2.97ms
typeclass inference of OfNat took 0.0528ms
typeclass inference of HMul took 0.0907ms
typeclass inference of HSub took 0.0117ms
typeclass inference of OfNat took 0.119ms
typeclass inference of HPow took 0.134ms
typeclass inference of OfNat took 0.0421ms
typeclass inference of HPow took 0.12ms
typeclass inference of OfNat took 0.039ms
typeclass inference of HPow took 0.145ms
typeclass inference of OfNat took 0.0832ms
typeclass inference of HPow took 0.111ms
typeclass inference of OfNat took 0.0544ms
typeclass inference of HPow took 0.111ms
typeclass inference of HMul took 0.0651ms
typeclass inference of HAdd took 0.054ms
typeclass inference of OfNat took 0.0387ms
typeclass inference of HPow took 0.121ms
typeclass inference of OfNat took 0.0644ms
typeclass inference of HPow took 0.107ms
typeclass inference of OfNat took 0.0382ms
typeclass inference of HPow took 0.118ms
typeclass inference of OfNat took 0.0705ms
typeclass inference of HPow took 0.154ms
typeclass inference of OfNat took 0.038ms
typeclass inference of HPow took 0.105ms
typeclass inference of HMul took 0.0529ms
typeclass inference of HAdd took 0.0656ms
typeclass inference of OfNat took 0.0534ms
typeclass inference of HPow took 0.129ms
typeclass inference of OfNat took 0.049ms
typeclass inference of HPow took 0.136ms
typeclass inference of OfNat took 0.0551ms
typeclass inference of HPow took 0.114ms
typeclass inference of OfNat took 0.039ms
typeclass inference of HPow took 0.122ms
typeclass inference of OfNat took 0.0395ms
typeclass inference of HPow took 0.111ms
typeclass inference of HMul took 0.0552ms
typeclass inference of HAdd took 0.0489ms
typeclass inference of Pow took 0.0438ms
typeclass inference of NPow took 0.116ms
typeclass inference of OfNat took 0.0441ms
typeclass inference of OfNat took 0.0527ms
typeclass inference of HPow took 0.129ms
typeclass inference of OfNat took 0.0395ms
typeclass inference of HPow took 0.122ms
typeclass inference of OfNat took 0.0388ms
typeclass inference of HPow took 0.107ms
typeclass inference of OfNat took 0.0373ms
typeclass inference of HPow took 0.117ms
typeclass inference of HMul took 0.0529ms
typeclass inference of HAdd took 0.0466ms
typeclass inference of OfNat took 0.0393ms
typeclass inference of HPow took 0.104ms
typeclass inference of OfNat took 0.0369ms
typeclass inference of HPow took 0.102ms
typeclass inference of OfNat took 0.0362ms
typeclass inference of HPow took 0.104ms
typeclass inference of OfNat took 0.0414ms
typeclass inference of HPow took 0.107ms
typeclass inference of HMul took 0.0518ms
typeclass inference of HAdd took 0.0456ms
typeclass inference of OfNat took 0.0384ms
typeclass inference of HPow took 0.108ms
typeclass inference of OfNat took 0.0371ms
typeclass inference of HPow took 0.103ms
typeclass inference of OfNat took 0.0357ms
typeclass inference of HPow took 0.11ms
typeclass inference of OfNat took 0.0668ms
typeclass inference of HPow took 0.125ms
typeclass inference of HMul took 0.0507ms
typeclass inference of HAdd took 0.0507ms
typeclass inference of Pow took 0.0393ms
typeclass inference of NPow took 0.00344ms
typeclass inference of OfNat took 0.00312ms
typeclass inference of OfNat took 0.042ms
typeclass inference of HPow took 0.109ms
typeclass inference of OfNat took 0.0372ms
typeclass inference of HPow took 0.106ms
typeclass inference of OfNat took 0.041ms
typeclass inference of HPow took 0.103ms
typeclass inference of HMul took 0.0498ms
typeclass inference of HAdd took 0.0456ms
typeclass inference of OfNat took 0.0395ms
typeclass inference of HPow took 0.105ms
typeclass inference of OfNat took 0.0368ms
typeclass inference of HPow took 0.111ms
typeclass inference of OfNat took 0.0378ms
typeclass inference of HPow took 0.102ms
typeclass inference of HMul took 0.0487ms
typeclass inference of HAdd took 0.046ms
typeclass inference of OfNat took 0.0374ms
typeclass inference of HPow took 0.105ms
typeclass inference of OfNat took 0.0369ms
typeclass inference of HPow took 0.103ms
typeclass inference of OfNat took 0.0358ms
typeclass inference of HPow took 0.104ms
typeclass inference of HMul took 0.0493ms
typeclass inference of HAdd took 0.0442ms
typeclass inference of Pow took 0.0614ms
typeclass inference of NPow took 0.00525ms
typeclass inference of OfNat took 0.00552ms
typeclass inference of OfNat took 0.0808ms
typeclass inference of HPow took 0.113ms
typeclass inference of OfNat took 0.0377ms
typeclass inference of HPow took 0.104ms
typeclass inference of HMul took 0.0501ms
typeclass inference of HAdd took 0.0457ms
typeclass inference of OfNat took 0.0385ms
typeclass inference of HPow took 0.105ms
typeclass inference of OfNat took 0.0376ms
typeclass inference of HPow took 0.105ms
typeclass inference of HMul took 0.0491ms
typeclass inference of HAdd took 0.0448ms
typeclass inference of OfNat took 0.0481ms
typeclass inference of HPow took 0.108ms
typeclass inference of OfNat took 0.0381ms
typeclass inference of HPow took 0.104ms
typeclass inference of HMul took 0.0492ms
typeclass inference of HAdd took 0.0456ms
typeclass inference of Pow took 0.037ms
typeclass inference of NPow took 0.00309ms
typeclass inference of OfNat took 0.00278ms
typeclass inference of OfNat took 0.0412ms
typeclass inference of HPow took 0.117ms
typeclass inference of HMul took 0.0559ms
typeclass inference of HAdd took 0.0688ms
typeclass inference of OfNat took 0.0404ms
typeclass inference of HPow took 0.137ms
typeclass inference of HMul took 0.088ms
typeclass inference of HAdd took 0.103ms
typeclass inference of OfNat took 0.0612ms
typeclass inference of HPow took 0.106ms
typeclass inference of HMul took 0.048ms
typeclass inference of HAdd took 0.0457ms
typeclass inference of Pow took 0.038ms
typeclass inference of NPow took 0.00314ms
typeclass inference of OfNat took 0.00269ms
typeclass inference of HMul took 0.0353ms
typeclass inference of HAdd took 0.00498ms
instantiate metavars took 0.0826ms
instantiate metavars took 0.000211ms
typeclass inference of AddMonoidWithOne took 0.0501ms
norm_num took 0.332ms
typeclass inference of AddMonoidWithOne took 0.00382ms
norm_num took 0.049ms
norm_num took 0.396ms
typeclass inference of Semiring took 0.0439ms
typeclass inference of AddMonoidWithOne took 0.00275ms
norm_num took 0.0564ms
norm_num took 0.712ms
norm_num took 0.0196ms
norm_num took 0.254ms
congr simp thm took 0.0315ms
norm_num took 0.00682ms
norm_num took 0.00265ms
typeclass inference of AddMonoidWithOne took 0.00687ms
norm_num took 0.127ms
typeclass inference of AddMonoidWithOne took 0.00515ms
norm_num took 0.0613ms
norm_num took 0.21ms
typeclass inference of Semiring took 0.00321ms
typeclass inference of AddMonoidWithOne took 0.00243ms
norm_num took 0.045ms
norm_num took 0.183ms
norm_num took 0.00545ms
typeclass inference of Preorder took 0.157ms
typeclass inference of Preorder took 0.0491ms
typeclass inference of AddMonoidWithOne took 0.00462ms
norm_num took 0.141ms
typeclass inference of AddMonoidWithOne took 0.00371ms
norm_num took 0.0444ms
typeclass inference of LT took 0.0346ms
typeclass inference of Semiring took 0.00227ms
typeclass inference of PartialOrder took 0.0371ms
typeclass inference of CommSemiring took 0.0284ms
typeclass inference of IsOrderedRing took 1.18ms
typeclass inference of CharZero took 0.0443ms
norm_num took 0.233ms
tactic execution of Mathlib.Tactic.normNum took 2.54ms
tactic execution of Lean.Parser.Tactic.tacticSeq1Indented took 0.0129ms
tactic execution of Lean.Parser.Tactic.tacticSeq took 0.0239ms
typeclass inference of AddMonoidWithOne took 0.0417ms
norm_num took 0.118ms
typeclass inference of AddMonoidWithOne took 0.00352ms
norm_num took 0.0436ms
norm_num took 0.165ms
typeclass inference of Semiring took 0.0313ms
typeclass inference of AddMonoidWithOne took 0.00258ms
norm_num took 0.0466ms
norm_num took 0.285ms
norm_num took 0.0167ms
norm_num took 0.0894ms
congr simp thm took 0.00527ms
norm_num took 0.00544ms
norm_num took 0.00357ms
typeclass inference of AddMonoidWithOne took 0.00537ms
norm_num took 0.0923ms
typeclass inference of AddMonoidWithOne took 0.00411ms
norm_num took 0.0439ms
norm_num took 0.0981ms
typeclass inference of Semiring took 0.00318ms
typeclass inference of AddMonoidWithOne took 0.00221ms
norm_num took 0.0449ms
norm_num took 0.143ms
norm_num took 0.00384ms
typeclass inference of Preorder took 0.191ms
typeclass inference of Preorder took 0.158ms
typeclass inference of AddMonoidWithOne took 0.0049ms
norm_num took 0.101ms
typeclass inference of AddMonoidWithOne took 0.00335ms
norm_num took 0.0476ms
typeclass inference of LT took 0.0345ms
typeclass inference of Semiring took 0.00248ms
typeclass inference of PartialOrder took 0.0406ms
typeclass inference of CommSemiring took 0.0229ms
typeclass inference of IsOrderedRing took 1.09ms
typeclass inference of CharZero took 0.041ms
norm_num took 0.153ms
tactic execution of Mathlib.Tactic.normNum took 0.946ms
tactic execution of Lean.Parser.Tactic.tacticSeq1Indented took 0.01ms
tactic execution of Lean.Parser.Tactic.tacticSeq took 0.0136ms
instantiate metavars took 0.00915ms
instantiate metavars took 0.00621ms
instantiate metavars took 0.000141ms
instantiate metavars took 0.00017ms
instantiate metavars took 0.00011ms
share common exprs took 0.298ms
fix level params took 0.0447ms
attribute application took 0.00323ms
attribute application took 0.000741ms
process pre-definitions took 0.555ms
elaboration took 8.74ms
type checking took 3.15ms
overlappingInstancesLinter took 0.218ms
tacticAnalysis took 0.882ms
linting took 4.16ms
elaboration took 0.143ms
overlappingInstancesLinter took 0.0411ms
tacticAnalysis took 0.223ms
linting took 1.43ms
'RmsNorm.carry_stage_lift' depends on axioms: [propext, Classical.choice, Quot.sound]
elaboration took 206ms
overlappingInstancesLinter took 0.0544ms
tacticAnalysis took 0.252ms
linting took 2.41ms
'RmsNorm.carry_stage_lift_production' depends on axioms: [propext, Classical.choice, Quot.sound]
elaboration took 2.53ms
overlappingInstancesLinter took 0.0242ms
tacticAnalysis took 0.495ms
linting took 0.83ms
elaboration took 0.0226ms
overlappingInstancesLinter took 0.0216ms
tacticAnalysis took 0.12ms
linting took 0.856ms
module linting took 0.00153ms
cumulative profiling times:
	attribute application 0.0496ms
	congr simp thm 0.202ms
	elaboration 242ms
	fix level params 0.262ms
	instantiate metavars 0.989ms
	let-to-have transformation 0.0959ms
	linting 68.2ms
	module linting 0.00121ms
	norm_num 11.5ms
	overlappingInstancesLinter 1.8ms
	parsing 6.3ms
	process pre-definitions 3.71ms
	ring 14.1ms
	share common exprs 6.16ms
	simp 1.84ms
	tactic execution 133ms
	tacticAnalysis 15.4ms
	type checking 113ms
	typeclass inference 299ms
PEAK_RSS_BYTES=691777536
EXIT=0 WALL=4.3s CAP=8G
