parsing took 0.0141ms
parsing took 0.516ms
parsing took 0.336ms
parsing took 0.558ms
overlappingInstancesLinter took 0.122ms
tacticAnalysis took 0.324ms
linting took 3.62ms
elaboration took 0.307ms
overlappingInstancesLinter took 0.0887ms
tacticAnalysis took 0.316ms
linting took 3.32ms
attribute application took 0.00417ms
typeclass inference of HAdd took 0.272ms
typeclass inference of HAdd took 0.142ms
typeclass inference of LT took 0.0296ms
typeclass inference of HAdd took 1.19ms
typeclass inference of HAdd took 0.852ms
typeclass inference of HAdd took 0.00435ms
typeclass inference of HAdd took 0.0349ms
instantiate metavars took 0.00395ms
instantiate metavars took 0.000251ms
let-to-have transformation took 0.00723ms
attribute application took 0.00132ms
attribute application took 0.000501ms
elaboration took 1.95ms
typeclass inference of NeZero took 0.242ms
typeclass inference of NeZero took 0.0612ms
typeclass inference of NeZero took 0.035ms
tactic execution of Lean.Parser.Tactic.rewriteSeq took 0.844ms
tactic execution of Lean.Parser.Tactic.exact took 0.109ms
tactic execution of Lean.Parser.Tactic.exact took 0.0816ms
tactic execution of Lean.Parser.Tactic.eqRefl took 0.0115ms
tactic execution of Lean.Parser.Tactic.tacticRfl took 0.039ms
tactic execution of Lean.Parser.Tactic.tacticSeq1Indented took 0.00572ms
tactic execution of Lean.Parser.Tactic.tacticSeq took 0.00468ms
tactic execution of Lean.Parser.Tactic.withReducible took 0.00788ms
tactic execution of Lean.Parser.Tactic.tacticSeq1Indented took 0.00604ms
tactic execution of Lean.Parser.Tactic.tacticSeq took 0.00411ms
tactic execution of Lean.Parser.Tactic.paren took 0.00435ms
tactic execution of Lean.Parser.Tactic.tacticSeq1Indented took 0.00469ms
tactic execution of Lean.Parser.Tactic.tacticSeq took 0.00684ms
tactic execution of Lean.Parser.Tactic.first took 0.00647ms
tactic execution of Lean.Parser.Tactic.tacticTry_ took 0.00766ms
tactic execution of Lean.Parser.Tactic.tacticSeq1Indented took 0.00332ms
tactic execution of Lean.Parser.Tactic.tacticSeq took 0.00323ms
tactic execution of Lean.Parser.Tactic.paren took 0.00371ms
tactic execution of Lean.Parser.Tactic.withAnnotateState took 0.0157ms
tactic execution of Lean.Parser.Tactic.tacticSeq1Indented took 0.0179ms
tactic execution of Lean.Parser.Tactic.tacticSeq took 0.0169ms
tactic execution of Lean.Parser.Tactic.paren took 0.00994ms
tactic execution of Lean.Parser.Tactic.rwSeq took 0.0295ms
tactic execution of Lean.Parser.Tactic.tacticSeq1Indented took 0.0126ms
tactic execution of Lean.Parser.Tactic.tacticSeq took 0.0206ms
instantiate metavars took 0.00479ms
instantiate metavars took 0.00022ms
instantiate metavars took 0.00012ms
instantiate metavars took 0.00011ms
instantiate metavars took 0.000111ms
share common exprs took 0.0483ms
fix level params took 0.0106ms
let-to-have transformation took 0.00319ms
attribute application took 0.00165ms
attribute application took 0.000691ms
process pre-definitions took 0.133ms
elaboration took 0.369ms
type checking took 0.413ms
overlappingInstancesLinter took 0.295ms
tacticAnalysis took 0.697ms
linting took 3.46ms
attribute application took 0.0015ms
typeclass inference of HMul took 0.185ms
typeclass inference of HMul took 0.137ms
typeclass inference of LT took 0.0329ms
typeclass inference of HMul took 0.99ms
typeclass inference of HMul took 0.924ms
typeclass inference of HMul took 0.00479ms
typeclass inference of HMul took 0.0353ms
instantiate metavars took 0.0033ms
instantiate metavars took 0.000191ms
let-to-have transformation took 0.00401ms
attribute application took 0.00141ms
attribute application took 0.000521ms
elaboration took 1.27ms
tactic execution of Lean.Parser.Tactic.rewriteSeq took 0.603ms
tactic execution of Lean.Parser.Tactic.exact took 0.104ms
tactic execution of Lean.Parser.Tactic.exact took 0.0855ms
tactic execution of Lean.Parser.Tactic.eqRefl took 0.00996ms
tactic execution of Lean.Parser.Tactic.tacticRfl took 0.0392ms
tactic execution of Lean.Parser.Tactic.tacticSeq1Indented took 0.00583ms
tactic execution of Lean.Parser.Tactic.tacticSeq took 0.00545ms
tactic execution of Lean.Parser.Tactic.withReducible took 0.00823ms
tactic execution parsing took 1.9ms
of Lean.Parser.Tactic.tacticSeq1Indented took 0.007ms
tactic execution of Lean.Parser.Tactic.tacticSeq took 0.0045ms
tactic execution of Lean.Parser.Tactic.paren took 0.00423ms
tactic execution of Lean.Parser.Tactic.tacticSeq1Indented took 0.00549ms
tactic execution of Lean.Parser.Tactic.tacticSeq took 0.00621ms
tactic execution of Lean.Parser.Tactic.first took 0.00549ms
tactic execution of Lean.Parser.Tactic.tacticTry_ took 0.00712ms
tactic execution of Lean.Parser.Tactic.tacticSeq1Indented took 0.00356ms
tactic execution of Lean.Parser.Tactic.tacticSeq took 0.00417ms
tactic execution of Lean.Parser.Tactic.paren took 0.00416ms
tactic execution of Lean.Parser.Tactic.withAnnotateState took 0.0142ms
tactic execution of Lean.Parser.Tactic.tacticSeq1Indented took 0.0178ms
tactic execution of Lean.Parser.Tactic.tacticSeq took 0.00735ms
tactic execution of Lean.Parser.Tactic.paren took 0.00906ms
tactic execution of Lean.Parser.Tactic.rwSeq took 0.0162ms
tactic execution of Lean.Parser.Tactic.tacticSeq1Indented took 0.0119ms
tactic execution of Lean.Parser.Tactic.tacticSeq took 0.0201ms
instantiate metavars took 0.00483ms
instantiate metavars took 0.00025ms
instantiate metavars took 0.00015ms
instantiate metavars took 0.00013ms
instantiate metavars took 0.0001ms
share common exprs took 0.048ms
fix level params took 0.0098ms
let-to-have transformation took 0.00272ms
attribute application took 0.00164ms
attribute application took 0.000831ms
process pre-definitions took 0.0986ms
elaboration took 0.265ms
type checking took 0.371ms
overlappingInstancesLinter took 0.0999ms
tacticAnalysis took 0.506ms
linting took 3.37ms
attribute application took 0.00157ms
typeclass inference of OfNat took 0.13ms
typeclass inference of OfNat took 0.0452ms
typeclass inference of OfNat took 0.0389ms
typeclass inference of HPow took 0.391ms
typeclass inference of LT took 0.0277ms
typeclass inference of OfNat took 0.0583ms
typeclass inference of OfNat took 1.05ms
typeclass inference of CategoryTheory.CartesianMonoidalCategory took 0.0883ms
typeclass inference of CategoryTheory.CartesianMonoidalCategory took 0.00531ms
typeclass inference of HPow took 2.24ms
typeclass inference of OfNat took 0.0842ms
typeclass inference of OfNat took 0.0405ms
typeclass inference of HPow took 0.0478ms
typeclass inference of OfNat took 0.00354ms
instantiate metavars took 0.0037ms
instantiate metavars took 0.000211ms
let-to-have transformation took 0.00546ms
attribute application took 0.00149ms
attribute application took 0.000551ms
elaboration took 1.29ms
typeclass inference of OfNat took 1.76ms
typeclass inference of OfNat took 0.0836ms
typeclass inference of OfNat took 0.0565ms
typeclass inference of HPow took 0.301ms
typeclass inference of CoeT took 0.896ms
typeclass inference of OfNat took 0.0458ms
typeclass inference of CategoryTheory.CartesianMonoidalCategory took 0.0458ms
typeclass inference of CategoryTheory.CartesianMonoidalCategory took 0.0051ms
typeclass inference of HPow took 1.9ms
tactic execution of Lean.Parser.Tactic.refine took 1.19ms
congr simp thm took 0.0306ms
congr simp thm took 0.033ms
congr simp thm took 0.0181ms
congr simp thm took 0.000641ms
typeclass inference of NatCast took 0.116ms
typeclass inference of NatCast took 0.0446ms
typeclass inference of FunLike took 1.42ms
typeclass inference of One took 0.623ms
typeclass inference of SMul took 0.465ms
typeclass inference of SMul took 0.754ms
typeclass inference of IsSMulApply took 0.0535ms
congr simp thm took 0.0603ms
congr simp thm took 0.000601ms
typeclass inference of Semiring took 1.03ms
congr simp thm took 0.00133ms
congr simp thm took 0.000361ms
typeclass inference of Nat.AtLeastTwo took 0.273ms
congr simp thm took 0.00179ms
congr simp thm took 0.0004ms
simp took 2.76ms
simp took 0.00643ms
tactic execution of Lean.Parser.Tactic.pushCast took 0.0813ms
tactic execution of Lean.Parser.Tactic.exact took 0.169ms
tactic execution of Lean.Parser.Tactic.exact took 0.137ms
tactic execution of Lean.Parser.Tactic.eqRefl took 0.965ms
tactic execution of Lean.Parser.Tactic.tacticRfl took 0.0767ms
tactic executparsing took 1.53ms
ion of Lean.Parser.Tactic.tacticSeq1Indented took 0.0224ms
tactic execution of Lean.Parser.Tactic.tacticSeq took 0.00753ms
tactic execution of Lean.Parser.Tactic.paren took 0.00728ms
tactic execution of Lean.Parser.Tactic.withAnnotateState took 0.0102ms
tactic execution of Lean.Parser.Tactic.tacticSeq1Indented took 0.00775ms
tactic execution of Lean.Parser.Tactic.tacticSeq took 0.00854ms
tactic execution of Lean.Parser.Tactic.case took 0.134ms
tactic execution of Lean.Parser.Tactic.tacticSeq1Indented took 0.0228ms
tactic execution of Lean.Parser.Tactic.tacticSeq took 0.0115ms
tactic execution of Lean.Parser.Tactic.focus took 0.0154ms
tactic execution of Lean.Parser.Tactic.tacticHave__ took 0.0392ms
tactic execution of Lean.Parser.Tactic.rewriteSeq took 0.214ms
tactic execution of Lean.Parser.Tactic.exact took 0.12ms
tactic execution of Lean.Parser.Tactic.exact took 0.0932ms
tactic execution of Lean.Parser.Tactic.eqRefl took 0.03ms
tactic execution of Lean.Parser.Tactic.applyRfl took 0.0197ms
tactic execution of Lean.Parser.Tactic.tacticRfl took 0.0446ms
tactic execution of Lean.Parser.Tactic.tacticSeq1Indented took 0.0171ms
tactic execution of Lean.Parser.Tactic.tacticSeq took 0.00393ms
tactic execution of Lean.Parser.Tactic.withReducible took 0.00662ms
tactic execution of Lean.Parser.Tactic.tacticSeq1Indented took 0.00409ms
tactic execution of Lean.Parser.Tactic.tacticSeq took 0.00362ms
tactic execution of Lean.Parser.Tactic.paren took 0.00506ms
tactic execution of Lean.Parser.Tactic.tacticSeq1Indented took 0.00488ms
tactic execution of Lean.Parser.Tactic.tacticSeq took 0.00415ms
tactic execution of Lean.Parser.Tactic.skip took 0.00334ms
tactic execution of Lean.Parser.Tactic.tacticSeq1Indented took 0.00401ms
tactic execution of Lean.Parser.Tactic.tacticSeq took 0.00404ms
tactic execution of Lean.Parser.Tactic.first took 0.00972ms
tactic execution of Lean.Parser.Tactic.tacticTry_ took 0.00945ms
tactic execution of Lean.Parser.Tactic.tacticSeq1Indented took 0.00516ms
tactic execution of Lean.Parser.Tactic.tacticSeq took 0.00352ms
tactic execution of Lean.Parser.Tactic.paren took 0.00364ms
tactic execution of Lean.Parser.Tactic.withAnnotateState took 0.0155ms
tactic execution of Lean.Parser.Tactic.tacticSeq1Indented took 0.0137ms
tactic execution of Lean.Parser.Tactic.tacticSeq took 0.00609ms
tactic execution of Lean.Parser.Tactic.paren took 0.00579ms
tactic execution of Lean.Parser.Tactic.rwSeq took 0.0584ms
tactic execution of Lean.Parser.Tactic.exact took 0.232ms
tactic execution of Lean.Parser.Tactic.tacticSeq1Indented took 0.0298ms
tactic execution of Lean.Parser.Tactic.tacticSeq took 0.0243ms
instantiate metavars took 0.0185ms
instantiate metavars took 0.00026ms
instantiate metavars took 0.00015ms
instantiate metavars took 0.00017ms
instantiate metavars took 0.00011ms
share common exprs took 0.0891ms
fix level params took 0.0204ms
let-to-have transformation took 0.00628ms
attribute application took 0.00288ms
attribute application took 0.000701ms
process pre-definitions took 0.184ms
elaboration took 0.367ms
type checking took 1.04ms
overlappingInstancesLinter took 0.169ms
tacticAnalysis took 0.825ms
linting took 4.39ms
attribute application took 0.00249ms
typeclass inference of OfNat took 0.0799ms
typeclass inference of OfNat took 0.0378ms
typeclass inference of HSub took 0.9ms
typeclass inference of HMul took 0.885ms
typeclass inference of HMul took 0.765ms
typeclass inference of HSub took 0.731ms
typeclass inference of OfNat took 0.771ms
typeclass inference of OfNat took 0.0703ms
typeclass inference of OfNat took 0.0425ms
typeclass inference of OfNat took 0.0412ms
typeclass inference of OfNat took 0.0325ms
typeclass inference of OfNat took 0.0297ms
typeclass inference of HSub took 0.00415ms
typeclass inference of HSub took 0.00241ms
typeclass inference of HMul took 0.00217ms
typeclass inference of HSub took 0.0346ms
typeclass inference of CategoryTheory.CartesianMonoidalCategory took 0.0516ms
typeclass inference of CategoryTheory.CartesianMonoidalCategory took 0.00479ms
typeclass inference of HPow took 2.22ms
typecparsing took 0.652ms
parsing took 0.0344ms
parsing took 0.0416ms
lass inference of HMul took 0.0392ms
typeclass inference of HSub took 0.0316ms
typeclass inference of OfNat took 0.938ms
typeclass inference of OfNat took 0.00488ms
typeclass inference of OfNat took 0.0836ms
typeclass inference of OfNat took 0.0469ms
typeclass inference of HPow took 0.317ms
typeclass inference of LE took 0.0492ms
typeclass inference of OfNat took 0.0488ms
typeclass inference of OfNat took 0.104ms
typeclass inference of OfNat took 0.0484ms
typeclass inference of HPow took 0.0431ms
typeclass inference of LT took 0.0499ms
typeclass inference of OfNat took 0.00407ms
typeclass inference of OfNat took 0.0843ms
typeclass inference of OfNat took 0.158ms
typeclass inference of HPow took 0.0968ms
typeclass inference of LT took 0.00811ms
typeclass inference of OfNat took 0.0046ms
typeclass inference of OfNat took 0.122ms
typeclass inference of OfNat took 0.0603ms
typeclass inference of HPow took 0.053ms
typeclass inference of LT took 0.00356ms
typeclass inference of OfNat took 0.00255ms
typeclass inference of OfNat took 0.0736ms
typeclass inference of OfNat took 0.0494ms
typeclass inference of HAdd took 0.262ms
typeclass inference of HAdd took 0.233ms
typeclass inference of OfNat took 0.0743ms
typeclass inference of OfNat took 0.0439ms
typeclass inference of HPow took 0.0384ms
typeclass inference of LT took 0.00342ms
typeclass inference of OfNat took 0.00292ms
typeclass inference of OfNat took 0.0707ms
typeclass inference of OfNat took 0.0661ms
typeclass inference of HAdd took 0.00407ms
typeclass inference of HAdd took 0.0413ms
typeclass inference of OfNat took 0.0697ms
typeclass inference of OfNat took 0.0587ms
typeclass inference of HPow took 0.0432ms
typeclass inference of LT took 0.00319ms
typeclass inference of OfNat took 0.00322ms
typeclass inference of OfNat took 0.0756ms
typeclass inference of OfNat took 0.0569ms
typeclass inference of HMul took 0.174ms
typeclass inference of HAdd took 0.00459ms
typeclass inference of HMul took 0.00221ms
typeclass inference of HMul took 0.213ms
typeclass inference of HPow took 0.036ms
typeclass inference of HMul took 0.0302ms
typeclass inference of HAdd took 0.0313ms
typeclass inference of OfNat took 0.00284ms
instantiate metavars took 0.0459ms
instantiate metavars took 0.000311ms
let-to-have transformation took 0.0184ms
attribute application took 0.00158ms
attribute application took 0.000732ms
elaboration took 6.21ms
typeclass inference of HMul took 1.12ms
typeclass inference of HMul took 0.859ms
tactic execution of Lean.Parser.Tactic.refine took 0.444ms
typeclass inference of Add took 0.769ms
typeclass inference of AddRightCancelSemigroup took 0.894ms
typeclass inference of IsRightCancelAdd took 3.53ms
typeclass inference of AddGroup took 0.532ms
typeclass inference of CommSemiring took 0.468ms
typeclass inference of CommRing took 0.0446ms
typeclass inference of Semifield took 0.33ms
typeclass inference of Field took 0.298ms
typeclass inference of Field took 0.00244ms
typeclass inference of Field took 0.00222ms
typeclass inference of Field took 0.00276ms
typeclass inference of Field took 0.00134ms
typeclass inference of Field took 0.00131ms
typeclass inference of Field took 0.0012ms
typeclass inference of Field took 0.00112ms
typeclass inference of Field took 0.00104ms
typeclass inference of Field took 0.00102ms
typeclass inference of Field took 0.00104ms
typeclass inference of Field took 0.000952ms
typeclass inference of Field took 0.00253ms
typeclass inference of Field took 0.00117ms
typeclass inference of Field took 0.00128ms
typeclass inference of Field took 0.00119ms
typeclass inference of Field took 0.00114ms
typeclass inference of Field took 0.00106ms
typeclass inference of Field took 0.0011ms
typeclass inference of Field took 0.001ms
typeclass inference of Field took 0.0019ms
typeclass inference of Field took 0.00123ms
typeclass inference of Field took 0.00141ms
typeclass inference of Field took 0.00132ms
typeclass inference of Field took 0.00188ms
typeclass inference of Field took 0.00121ms
typeclass inference of Field took 0.00152ms
typeclass inference of Field took 0.00191ms
typeclass inference of Field took 0.00117ms
typeclass inference of Field took 0.00109ms
typeclass inference of Semiring took 0.818ms
typeclass inference of RCLike took 0.0122ms
typeclass inference of RCLike took 0.0019ms
typeclass inference of RCLike took 0.00146ms
typeclass inference of RCLike took 0.00258ms
typeclass inference of RCLike took 0.00128ms
typeclass inference of RCLike took 0.00115ms
typeclass inference of RCLike took 0.00113ms
typeclass inference of RCLike took 0.00107ms
typeclass inference of RCLike took 0.00122ms
typeclass inference of RCLike took 0.00106ms
typeclass inference of RCLike took 0.00102ms
typeclass inference of RCLike took 0.00102ms
typeclass inference of RCLike took 0.00249ms
typeclass inference of RCLike took 0.00114ms
typeclass inference of RCLike took 0.00122ms
typeclass inference of RCLike took 0.00119ms
typeclass inference of RCLike took 0.00101ms
typeclass inference of RCLike took 0.00121ms
typeclass inference of RCLike took 0.00104ms
typeclass inference of RCLike took 0.00106ms
typeclass inference of RCLike took 0.00182ms
typeclass inference of RCLike took 0.00135ms
typeclass inference of RCLike took 0.00183ms
typeclass inference of RCLike took 0.00153ms
typeclass inference of RCLike took 0.00117ms
typeclass inference of RCLike took 0.00104ms
typeclass inference of RCLike took 0.00106ms
typeclass inference of RCLike took 0.00156ms
typeclass inference of RCLike took 0.00107ms
typeclass inference of RCLike took 0.00109ms
typeclass inference of Semiring took 0.00448ms
typeclass inference of NonAssocRing took 0.2ms
typeclass inference of Field took 0.00334ms
typeclass inference of Field took 0.00234ms
typeclass inference of Field took 0.00194ms
typeclass inference of Field took 0.00135ms
typeclass inference of Field took 0.00118ms
typeclass inference of Field took 0.0012ms
typeclass inference of Field took 0.00104ms
typeclass inference of Field took 0.00114ms
typeclass inference of Field took 0.00122ms
typeclass inference of Field took 0.00235ms
typeclass inference of Field took 0.00176ms
typeclass inference of Field took 0.00195ms
typeclass inference of Field took 0.00111ms
typeclass inference of Field took 0.00235ms
typeclass inference of Field took 0.00133ms
typeclass inference of Field took 0.00175ms
typeclass inference of Field took 0.00197ms
typeclass inference of Field took 0.00147ms
typeclass inference of Field took 0.00149ms
typeclass inference of Field took 0.00155ms
typeclass inference of Field took 0.00139ms
typeclass inference of Field took 0.00137ms
typeclass inference of Field took 0.00229ms
typeclass inference of Field took 0.00127ms
typeclass inference of Field took 0.00128ms
typeclass inference of Field took 0.00108ms
typeclass inference of Field took 0.00114ms
typeclass inference of Field took 0.00108ms
typeclass inference of Field took 0.00115ms
typeclass inference of Field took 0.000982ms
typeclass inference of Field took 0.00217ms
typeclass inference of Field took 0.0011ms
typeclass inference of Field took 0.0012ms
typeclass inference of Field took 0.00116ms
typeclass inference of Field took 0.00112ms
typeclass inference of Field took 0.00783ms
typeclass inference of Field took 0.00103ms
typeclass inference of Field took 0.00246ms
typeclass inference of Field took 0.00152ms
typeclass inference of Field took 0.00137ms
typeclass inference of Field took 0.00124ms
typeclass inference of Field took 0.00135ms
typeclass inference of Field took 0.0018ms
typeclass inference of Field took 0.00265ms
typeclass inference of Field took 0.00138ms
typeclass inference of Field took 0.00119ms
typeclass inference of Field took 0.00162ms
typeclass inference of Field took 0.00116ms
typeclass inference of Field took 0.0011ms
typeclass inference of Field took 0.00251ms
typeclass inference of Field took 0.00191ms
typeclass inference of Field took 0.00208ms
typeclass inference of Field took 0.0033ms
typeclass inference of Field took 0.0023ms
typeclass inference of Field took 0.00209ms
typeclass inference of Field took 0.00134ms
typeclass inference of Field took 0.0013ms
typeclass inference of Field took 0.00111ms
typeclass inference of Field took 0.00111ms
typeclass inference of Field took 0.00159ms
typeclass inference of Field took 0.00803ms
typeclass inference of Field took 0.00204ms
typeclass inference of Field took 0.00314ms
typeclass inference of Field took 0.00188ms
typeclass inference of Field took 0.00158ms
typeclass inference of Field took 0.00391ms
typeclass inference of Field took 0.00145ms
typeclass inference of Field took 0.00131ms
typeclass inference of Field took 0.00122ms
typeclass inference of Field took 0.00165ms
typeclass inference of Field took 0.00116ms
typeclass inference of Field took 0.00144ms
typeclass inference of Semiring took 0.00641ms
typeclass inference of CharZero took 21ms
norm_num took 0.128ms
norm_num took 0.00437ms
typeclass inference of AddMonoidWithOne took 0.671ms
norm_num took 0.681ms
norm_num took 0.00742ms
norm_num took 0.00445ms
norm_num took 0.00303ms
norm_num took 0.00413ms
typeclass inference of AddMonoidWithOne took 0.00513ms
norm_num took 0.256ms
ring took 2.53ms
tactic execution of Mathlib.Tactic.LinearCombination.linearCombination took 2.82ms
tactic execution of Lean.Parser.Tactic.tacticSeq1Indented took 0.00692ms
tactic execution of Lean.Parser.Tactic.tacticSeq took 0.00481ms
tactic execution of Lean.Parser.Tactic.paren took 0.00519ms
tactic execution of Lean.Parser.Tactic.withAnnotateState took 0.00648ms
tactic execution of Lean.Parser.Tactic.tacticSeq1Indented took 0.00563ms
tactic execution of Lean.Parser.Tactic.tacticSeq took 0.00418ms
tactic execution of Lean.Parser.Tactic.case took 0.0664ms
tactic execution of Lean.Parser.Tactic.tacticSeq1Indented took 0.0159ms
tactic execution of Lean.Parser.Tactic.tacticSeq took 0.00592ms
tactic execution of Lean.Parser.Tactic.focus took 0.00997ms
tactic execution of Lean.Parser.Tactic.tacticHave__ took 0.0161ms
typeclass inference of OfNat took 0.0937ms
typeclass inference of OfNat took 0.056ms
typeclass inference of HAdd took 0.953ms
typeclass inference of HMul took 0.873ms
typeclass inference of CategoryTheory.CartesianMonoidalCategory took 0.0584ms
typeclass inference of CategoryTheory.CartesianMonoidalCategory took 0.00459ms
typeclass inference of HPow took 2ms
typeclass inference of HMul took 0.83ms
typeclass inference of HAdd took 0.815ms
typeclass inference of OfNat took 0.875ms
tactic execution of Lean.Parser.Tactic.refine took 0.652ms
typeclass inference of Add took 1.08ms
typeclass inference of AddRightCancelSemigroup took 0.746ms
typeclass inference of IsRightCancelAdd took 3.51ms
typeclass inference of AddGroup took 0.609ms
typeclass inference of CommSemiring took 0.462ms
typeclass inference of CommRing took 0.0415ms
typeclass inference of Semifield took 0.323ms
typeclass inference of Field took 0.311ms
typeclass inference of Field took 0.0022ms
typeclass inference of Field took 0.00165ms
typeclass inference of Field took 0.00248ms
typeclass inference of Field took 0.00133ms
typeclass inference of Field took 0.00123ms
typeclass inference of Field took 0.00145ms
typeclass inference of Field took 0.00112ms
typeclass inference of Field took 0.00114ms
typeclass inference of Field took 0.00124ms
typeclass inference of Field took 0.00117ms
typeclass inference of Field took 0.000952ms
typeclass inference of Field took 0.00249ms
typeclass inference of Field took 0.00127ms
typeclass inference of Field took 0.002ms
typeclass inference of Field took 0.00167ms
typeclass inference of Field took 0.00148ms
typeclass inference of Field took 0.00163ms
typeclass inference of Field took 0.00163ms
typeclass inference of Field took 0.00145ms
typeclass inference of Field took 0.00299ms
typeclass inference of Field took 0.00127ms
typeclass inference of Field took 0.00122ms
typeclass inference of Field took 0.0011ms
typeclass inference of Field took 0.00107ms
typeclass inference of Field took 0.00117ms
typeclass inference of Field took 0.00126ms
typeclass inference of Field took 0.00189ms
typeclass inference of Field took 0.00115ms
typeclass inference of Field took 0.00153ms
typeclass inference of Semiring took 0.745ms
typeclass inference of RCLike took 0.0118ms
typeclass inference of RCLike took 0.00188ms
typeclass inference of RCLike took 0.0016ms
typeclass inference of RCLike took 0.00253ms
typeclass inference of RCLike took 0.00145ms
typeclass inference of RCLike took 0.0014ms
typeclass inference of RCLike took 0.00124ms
typeclass inference of RCLike took 0.00119ms
typeclass inference of RCLike took 0.00118ms
typeclass inference of RCLike took 0.00112ms
typeclass inference of RCLike took 0.00114ms
typeclass inference of RCLike took 0.00106ms
typeclass inference of RCLike took 0.00189ms
typeclass inference of RCLike took 0.00123ms
typeclass inference of RCLike took 0.00129ms
typeclass inference of RCLike took 0.00123ms
typeclass inference of RCLike took 0.00137ms
typeclass inference of RCLike took 0.00124ms
typeclass inference of RCLike took 0.00126ms
typeclass inference of RCLike took 0.00127ms
typeclass inference of RCLike took 0.00204ms
typeclass inference of RCLike took 0.00142ms
typeclass inference of RCLike took 0.00135ms
typeclass inference of RCLike took 0.00139ms
typeclass inference of RCLike took 0.0015ms
typeclass inference of RCLike took 0.00125ms
typeclass inference of RCLike took 0.00113ms
typeclass inference of RCLike took 0.00189ms
typeclass inference of RCLike took 0.00116ms
typeclass inference of RCLike took 0.00105ms
typeclass inference of Semiring took 0.00536ms
typeclass inference of NonAssocRing took 0.186ms
typeclass inference of Field took 0.00297ms
typeclass inference of Field took 0.00194ms
typeclass inference of Field took 0.00215ms
typeclass inference of Field took 0.00133ms
typeclass inference of Field took 0.00115ms
typeclass inference of Field took 0.00108ms
typeclass inference of Field took 0.00121ms
typeclass inference of Field took 0.00111ms
typeclass inference of Field took 0.00128ms
typeclass inference of Field took 0.00231ms
typeclass inference of Field took 0.0015ms
typeclass inference of Field took 0.0014ms
typeclass inference of Field took 0.00111ms
typeclass inference of Field took 0.00245ms
typeclass inference of Field took 0.00136ms
typeclass inference of Field took 0.00121ms
typeclass inference of Field took 0.00133ms
typeclass inference of Field took 0.00102ms
typeclass inference of Field took 0.00103ms
typeclass inference of Field took 0.00104ms
typeclass inference of Field took 0.00102ms
typeclass inference of Field took 0.00113ms
typeclass inference of Field took 0.00224ms
typeclass inference of Field took 0.00112ms
typeclass inference of Field took 0.00232ms
typeclass inference of Field took 0.00115ms
typeclass inference of Field took 0.00113ms
typeclass inference of Field took 0.00109ms
typeclass inference of Field took 0.00116ms
typeclass inference of Field took 0.00107ms
typeclass inference of Field took 0.00199ms
typeclass inference of Field took 0.00112ms
typeclass inference of Field took 0.00128ms
typeclass inference of Field took 0.00112ms
typeclass inference of Field took 0.00112ms
typeclass inference of Field took 0.00104ms
typeclass inference of Field took 0.00107ms
typeclass inference of Field took 0.00209ms
typeclass inference of Field took 0.00148ms
typeclass inference of Field took 0.00141ms
typeclass inference of Field took 0.00167ms
typeclass inference of Field took 0.00109ms
typeclass inference of Field took 0.00163ms
typeclass inference of Field took 0.00129ms
typeclass inference of Field took 0.00113ms
typeclass inference of Field took 0.00113ms
typeclass inference of Field took 0.00183ms
typeclass inference of Field took 0.00109ms
typeclass inference of Field took 0.00121ms
typeclass inference of Field took 0.0017ms
typeclass inference of Field took 0.00166ms
typeclass inference of Field took 0.00166ms
typeclass inference of Field took 0.00168ms
typeclass inference of Field took 0.00251ms
typeclass inference of Field took 0.00127ms
typeclass inference of Field took 0.00166ms
typeclass inference of Field took 0.00128ms
typeclass inference of Field took 0.00139ms
typeclass inference of Field took 0.00115ms
typeclass inference of Field took 0.00171ms
typeclass inference of Field took 0.0032ms
typeclass inference of Field took 0.00143ms
typeclass inference of Field took 0.0015ms
typeclass inference of Field took 0.00124ms
typeclass inference of Field took 0.00119ms
typeclass inference of Field took 0.00183ms
typeclass inference of Field took 0.00126ms
typeclass inference of Field took 0.00123ms
typeclass inference of Field took 0.0011ms
typeclass inference of Field took 0.00185ms
typeclass inference of Field took 0.0012ms
typeclass inference of Field took 0.00139ms
typeclass inference of Semiring took 0.00653ms
typeclass inference of CharZero took 20ms
norm_num took 0.185ms
typeclass inference of AddMonoidWithOne took 1.32ms
norm_num took 0.702ms
norm_num took 0.00888ms
typeclass inference of AddMonoidWithOne took 0.00692ms
norm_num took 0.286ms
norm_num took 0.0084ms
norm_num took 0.0065ms
norm_num took 0.00707ms
norm_num took 0.00322ms
typeclass inference of AddMonoidWithOne took 0.00621ms
norm_num took 0.145ms
norm_num took 0.00448ms
norm_num took 0.00369ms
typeclass inference of AddMonoidWithOne took 0.00458ms
norm_num took 0.313ms
ring took 4.32ms
tactic execution of Mathlib.Tactic.LinearCombination.linearCombination took 1.85ms
tactic execution of Lean.Parser.Tactic.tacticSeq1Indented took 0.00736ms
tactic execution of Lean.Parser.Tactic.tacticSeq took 0.00439ms
tactic execution of Lean.Parser.Tactic.paren took 0.00607ms
tactic execution of Lean.Parser.Tactic.withAnnotateState took 0.00835ms
tactic execution of Lean.Parser.Tactic.tacticSeq1Indented took 0.00535ms
tactic execution of Lean.Parser.Tactic.tacticSeq took 0.00521ms
tactic execution of Lean.Parser.Tactic.case took 0.0891ms
tactic execution of Lean.Parser.Tactic.tacticSeq1Indented took 0.0168ms
tactic execution of Lean.Parser.Tactic.tacticSeq took 0.00541ms
tactic execution of Lean.Parser.Tactic.focus took 0.00767ms
tactic execution of Lean.Parser.Tactic.tacticHave__ took 0.0216ms
typeclass inference of OfNat took 0.119ms
typeclass inference of OfNat took 0.0579ms
typeclass inference of OfNat took 0.0489ms
typeclass inference of HPow took 0.336ms
typeclass inference of LT took 0.0332ms
typeclass inference of OfNat took 0.0423ms
typeclass inference of Preorder took 0.171ms
typeclass inference of Preorder took 0.0282ms
typeclass inference of Preorder took 0.0298ms
typeclass inference of AddMonoidWithOne took 0.042ms
norm_num took 0.138ms
typeclass inference of AddMonoidWithOne took 0.00383ms
norm_num took 0.052ms
typeclass inference of LT took 0.0348ms
typeclass inference of Semiring took 0.0326ms
typeclass inference of PartialOrder took 0.0423ms
typeclass inference of CommSemiring took 0.0302ms
typeclass inference of IsOrderedRing took 1.17ms
typeclass inference of CharZero took 0.053ms
norm_num took 0.309ms
tactic execution of Mathlib.Tactic.normNum took 0.533ms
tactic execution of Lean.Parser.Tactic.tacticSeq1Indented took 0.00733ms
tactic execution of Lean.Parser.Tactic.tacticSeq took 0.0106ms
tactic execution of Lean.Parser.Tactic.refine took 2.71ms
tactic execution of Lean.Parser.Tactic.rotateRight took 0.00691ms
tactic execution of Lean.Parser.Tactic.tacticSeq1Indented took 0.0104ms
tactic execution of Lean.Parser.Tactic.tacticSeq took 0.00356ms
tactic execution of Lean.Parser.Tactic.paren took 0.0036ms
tactic execution of Lean.Parser.Tactic.tacticSeq1Indented took 0.00479ms
tactic execution of Lean.Parser.Tactic.tacticSeq took 0.00429ms
tactic execution of Lean.Parser.Tactic.focus took 0.00705ms
tactic execution of Lean.Parser.Tactic.tacticRefine_lift_ took 0.00911ms
tactic execution of Lean.Parser.Tactic.tacticHave__ took 0.839ms
typeclass inference of OfNat took 1.13ms
typeclass inference of CategoryTheory.CartesianMonoidalCategory took 0.0618ms
typeclass inference of CategoryTheory.CartesianMonoidalCategory took 0.00562ms
typeclass inference of HPow took 2.76ms
typeclass inference of OfNat took 0.309ms
typeclass inference of OfNat took 0.0723ms
typeclass inference of HPow took 0.507ms
typeclass inference of OfNat took 0.0705ms
tactic execution of Lean.Parser.Tactic.refine took 1.49ms
tactic execution of Lean.Parser.Tactic.rotateRight took 0.0286ms
tactic execution of Lean.Parser.Tactic.tacticSeq1Indented took 0.0482ms
tactic execution of Lean.Parser.Tactic.tacticSeq took 0.0151ms
tactic execution of Lean.Parser.Tactic.paren took 0.016ms
tactic execution of Lean.Parser.Tactic.tacticSeq1Indented took 0.018ms
tactic execution of Lean.Parser.Tactic.tacticSeq took 0.0159ms
tactic execution of Lean.Parser.Tactic.focus took 0.0193ms
tactic execution of Lean.Parser.Tactic.tacticRefine_lift_ took 0.0227ms
tactic execution of Lean.Parser.Tactic.tacticHave__ took 0.0416ms
typeclass inference of OfNat took 0.102ms
typeclass inference of OfNat took 0.0632ms
typeclass inference of OfNat took 0.0475ms
typeclass inference of HMul took 0.195ms
typeclass inference of HPow took 0.0563ms
typeclass inference of HMul took 0.169ms
typeclass inference of LT took 0.0311ms
typeclass inference of OfNat took 0.00382ms
tactic execution of Lean.Parser.Tactic.refine took 0.682ms
typeclass inference of OfNat took 0.0876ms
typeclass inference of OfNat took 0.0604ms
typeclass inference of OfNat took 0.0924ms
typeclass inference of OfNat took 0.0818ms
typeclass inference of OfNat took 0.0705ms
typeclass inference of OfNat took 0.0523ms
typeclass inference of OfNat took 0.0448ms
typeclass inference of HMul took 0.00496ms
typeclass inference of HMul took 0.00283ms
typeclass inference of HPow took 0.0421ms
typeclass inference of HMul took 0.036ms
typeclass inference of HPow took 0.037ms
typeclass inference of HPow took 0.0339ms
typeclass inference of HMul took 0.0351ms
typeclass inference of LT took 0.00436ms
typeclass inference of OfNat took 0.00335ms
typeclass inference of OfNat took 0.00193ms
typeclass inference of OfNat took 0.00154ms
typeclass inference of OfNat took 0.0765ms
typeclass inference of OfNat took 0.0534ms
typeclass inference of HAdd took 0.182ms
typeclass inference of HAdd took 0.157ms
typeclass inference of OfNat took 0.0531ms
typeclass inference of HPow took 0.0363ms
typeclass inference of OfNat took 0.00372ms
typeclass inference of Trans took 0.313ms
typeclass inference of LT took 0.00395ms
typeclass inference of Trans took 0.18ms
typeclass inference of LE took 0.226ms
typeclass inference of LE took 0.0819ms
typeclass inference of Zero took 0.137ms
typeclass inference of PartialOrder took 0.0491ms
typeclass inference of Ring took 1.11ms
typeclass inference of AddMonoidWithOne took 0.0467ms
norm_num took 0.323ms
typeclass inference of Semiring took 0.0477ms
typeclass inference of PartialOrder took 0.00397ms
typeclass inference of CommSemiring took 0.0356ms
typeclass inference of IsOrderedRing took 1.22ms
typeclass inference of Nontrivial took 0.0594ms
typeclass inference of Semiring took 0.00411ms
typeclass inference of IsStrictOrderedRing took 0.0388ms
tactic execution of Mathlib.Tactic.Positivity.positivity took 1.69ms
tactic execution of Lean.Parser.Tactic.tacticSeq1Indented took 0.0102ms
tactic execution of Lean.Parser.Tactic.tacticSeq took 0.0154ms
typeclass inference of Monoid took 0.847ms
typeclass inference of Monoid took 0.29ms
typeclass inference of Monoid took 0.0635ms
typeclass inference of Monoid took 0.0396ms
tactic execution of Lean.Parser.Tactic.rewriteSeq took 1.04ms
tactic execution of Lean.Parser.Tactic.exact took 0.167ms
tactic execution of Lean.Parser.Tactic.exact took 0.103ms
tactic execution of Lean.Parser.Tactic.eqRefl took 0.172ms
tactic execution of Lean.Parser.Tactic.tacticRfl took 0.0556ms
tactic execution of Lean.Parser.Tactic.tacticSeq1Indented took 0.00847ms
tactic execution of Lean.Parser.Tactic.tacticSeq took 0.00601ms
tactic execution of Lean.Parser.Tactic.withReducible took 0.0073ms
tactic execution of Lean.Parser.Tactic.tacticSeq1Indented took 0.00887ms
tactic execution of Lean.Parser.Tactic.tacticSeq took 0.00558ms
tactic execution of Lean.Parser.Tactic.paren took 0.0054ms
tactic execution of Lean.Parser.Tactic.tacticSeq1Indented took 0.00665ms
tactic execution of Lean.Parser.Tactic.tacticSeq took 0.0198ms
tactic execution of Lean.Parser.Tactic.first took 0.00878ms
tactic execution of Lean.Parser.Tactic.tacticTry_ took 0.019ms
tactic execution of Lean.Parser.Tactic.tacticSeq1Indented took 0.00962ms
tactic execution of Lean.Parser.Tactic.tacticSeq took 0.00798ms
tactic execution of Lean.Parser.Tactic.paren took 0.0066ms
tactic execution of Lean.Parser.Tactic.withAnnotateState took 0.0431ms
tactic execution of Lean.Parser.Tactic.tacticSeq1Indented took 0.019ms
tactic execution of Lean.Parser.Tactic.tacticSeq took 0.00587ms
tactic execution of Lean.Parser.Tactic.paren took 0.00646ms
tactic execution of Lean.Parser.Tactic.rwSeq took 0.0195ms
tactic execution of Lean.Parser.Tactic.tacticSeq1Indented took 0.0131ms
tactic execution of Lean.Parser.Tactic.tacticSeq took 0.0234ms
tactic execution of Lean.calcTactic took 5.19ms
tactic execution of Lean.Parser.Tactic.tacticSeq1Indented took 0.00611ms
tactic execution of Lean.Parser.Tactic.tacticSeq took 0.00421ms
tactic execution of Lean.Parser.Tactic.paren took 0.00473ms
tactic execution of Lean.Parser.Tactic.withAnnotateState took 0.00709ms
tactic execution of Lean.Parser.Tactic.tacticSeq1Indented took 0.00702ms
tactic execution of Lean.Parser.Tactic.tacticSeq took 0.00557ms
tactic execution of Lean.Parser.Tactic.case took 0.0627ms
tactic execution of Lean.Parser.Tactic.tacticSeq1Indented took 0.0231ms
tactic execution of Lean.Parser.Tactic.tacticSeq took 0.00885ms
tactic execution of Lean.Parser.Tactic.focus took 0.0234ms
tactic execution of Lean.Parser.Tactic.tacticHave__ took 0.264ms
typeclass inference of OfNat took 1.05ms
typeclass inference of HMul took 1.07ms
typeclass inference of CategoryTheory.CartesianMonoidalCategory took 0.0465ms
typeclass inference of CategoryTheory.CartesianMonoidalCategory took 0.00516ms
typeclass inference of HPow took 2.09ms
typeclass inference of HMul took 0.949ms
typeclass inference of OfNat took 0.0791ms
typeclass inference of OfNat took 0.0521ms
typeclass inference of HMul took 0.147ms
typeclass inference of HPow took 0.335ms
typeclass inference of HMul took 0.197ms
typeclass inference of OfNat took 0.0473ms
tactic execution of Lean.Parser.Tactic.refine took 1.08ms
tactic execution of Lean.Parser.Tactic.rewriteSeq took 0.17ms
tactic execution of Lean.Parser.Tactic.exact took 0.147ms
tactic execution of Lean.Parser.Tactic.exact took 0.103ms
tactic execution of Lean.Parser.Tactic.eqRefl took 0.0124ms
tactic execution of Lean.Parser.Tactic.applyRfl took 0.0275ms
tactic execution of Lean.Parser.Tactic.tacticRfl took 0.0568ms
tactic execution of Lean.Parser.Tactic.tacticSeq1Indented took 0.00801ms
tactic execution of Lean.Parser.Tactic.tacticSeq took 0.00578ms
tactic execution of Lean.Parser.Tactic.withReducible took 0.00811ms
tactic execution of Lean.Parser.Tactic.tacticSeq1Indented took 0.00538ms
tactic execution of Lean.Parser.Tactic.tacticSeq took 0.00357ms
tactic execution of Lean.Parser.Tactic.paren took 0.00426ms
tactic execution of Lean.Parser.Tactic.tacticSeq1Indented took 0.00508ms
tactic execution of Lean.Parser.Tactic.tacticSeq took 0.00546ms
tactic execution of Lean.Parser.Tactic.skip took 0.00357ms
tactic execution of Lean.Parser.Tactic.tacticSeq1Indented took 0.00396ms
tactic execution of Lean.Parser.Tactic.tacticSeq took 0.004ms
tactic execution of Lean.Parser.Tactic.first took 0.00842ms
tactic execution of Lean.Parser.Tactic.tacticTry_ took 0.00918ms
tactic execution of Lean.Parser.Tactic.tacticSeq1Indented took 0.00523ms
tactic execution of Lean.Parser.Tactic.tacticSeq took 0.00315ms
tactic execution of Lean.Parser.Tactic.paren took 0.00349ms
tactic execution of Lean.Parser.Tactic.withAnnotateState took 0.0164ms
tactic execution of Lean.Parser.Tactic.tacticSeq1Indented took 0.016ms
tactic execution of Lean.Parser.Tactic.tacticSeq took 0.00477ms
tactic execution of Lean.Parser.Tactic.paren took 0.00561ms
tactic execution of Lean.Parser.Tactic.rwSeq took 0.0102ms
tactic execution of Lean.Parser.Tactic.exact took 0.0553ms
tactic execution of Lean.Parser.Tactic.tacticSeq1Indented took 0.0108ms
tactic execution of Lean.Parser.Tactic.tacticSeq took 0.0106ms
tactic execution of Lean.Parser.Tactic.rewriteSeq took 1.84ms
tactic execution of Lean.Parser.Tactic.exact took 0.101ms
tactic execution of Lean.Parser.Tactic.exact took 0.163ms
tactic execution of Lean.Parser.Tactic.eqRefl took 0.0201ms
tactic execution of Lean.Parser.Tactic.tacticRfl took 0.0499ms
tactic execution of Lean.Parser.Tactic.tacticSeq1Indented took 0.00583ms
tactic execution of Lean.Parser.Tactic.tacticSeq took 0.00398ms
tactic execution of Lean.Parser.Tactic.withReducible took 0.00408ms
tactic execution of Lean.Parser.Tactic.tacticSeq1Indented took 0.00423ms
tactic execution of Lean.Parser.Tactic.tacticSeq took 0.00356ms
tactic execution of Lean.Parser.Tactic.paren took 0.00294ms
tactic execution of Lean.Parser.Tactic.tacticSeq1Indented took 0.00524ms
tactic execution of Lean.Parser.Tactic.tacticSeq took 0.00359ms
tactic execution of Lean.Parser.Tactic.first took 0.00435ms
tactic execution of Lean.Parser.Tactic.tacticTry_ took 0.00627ms
tactic execution of Lean.Parser.Tactic.tacticSeq1Indented took 0.00407ms
tactic execution of Lean.Parser.Tactic.tacticSeq took 0.00383ms
tactic execution of Lean.Parser.Tactic.paren took 0.00456ms
tactic execution of Lean.Parser.Tactic.withAnnotateState took 0.0195ms
tactic execution of Lean.Parser.Tactic.tacticSeq1Indented took 0.0174ms
tactic execution of Lean.Parser.Tactic.tacticSeq took 0.00647ms
tactic execution of Lean.Parser.Tactic.paren took 0.00539ms
tactic execution of Lean.Parser.Tactic.rwSeq took 0.0185ms
tactic execution of Lean.Parser.Tactic.tacticSeq1Indented took 0.00703ms
tactic execution of Lean.Parser.Tactic.tacticSeq took 0.00652ms
tactic execution of Lean.Parser.Tactic.paren took 0.00513ms
tactic execution of Lean.Parser.Tactic.withAnnotateState took 0.0064ms
tactic execution of Lean.Parser.Tactic.tacticSeq1Indented took 0.00577ms
tactic execution of Lean.Parser.Tactic.tacticSeq took 0.00503ms
tactic execution of Lean.Parser.Tactic.case took 0.224ms
tactic execution of Lean.Parser.Tactic.tacticSeq1Indented took 0.0198ms
tactic execution of Lean.Parser.Tactic.tacticSeq took 0.00531ms
tactic execution of Lean.Parser.Tactic.focus took 0.00862ms
tactic execution of Lean.Parser.Tactic.tacticHave__ took 0.0273ms
typeclass inference of OfNat took 0.125ms
typeclass inference of OfNat took 0.0797ms
typeclass inference of OfNat took 0.0616ms
typeclass inference of HAdd took 0.196ms
typeclass inference of HMul took 0.148ms
typeclass inference of HPow took 0.307ms
typeclass inference of HMul took 0.2ms
typeclass inference of HAdd took 0.155ms
typeclass inference of LT took 0.0307ms
typeclass inference of OfNat took 0.0558ms
tactic execution of Lean.Parser.Tactic.refine took 0.916ms
typeclass inference of OfNat took 0.0791ms
typeclass inference of OfNat took 0.0731ms
typeclass inference of OfNat took 0.0491ms
typeclass inference of OfNat took 0.0385ms
typeclass inference of OfNat took 0.063ms
typeclass inference of OfNat took 0.0809ms
typeclass inference of OfNat took 0.0526ms
typeclass inference of OfNat took 0.0361ms
typeclass inference of OfNat took 0.0372ms
typeclass inference of OfNat took 0.0351ms
typeclass inference of HAdd took 0.00448ms
typeclass inference of HMul took 0.003ms
typeclass inference of HMul took 0.00237ms
typeclass inference of HPow took 0.0396ms
typeclass inference of HMul took 0.0334ms
typeclass inference of HPow took 0.03ms
typeclass inference of HAdd took 0.0282ms
typeclass inference of HPow took 0.0274ms
typeclass inference of HPow took 0.0277ms
typeclass inference of HMul took 0.027ms
typeclass inference of LE took 0.0386ms
typeclass inference of OfNat took 0.00355ms
typeclass inference of OfNat took 0.00224ms
typeclass inference of OfNat took 0.00189ms
typeclass inference of OfNat took 0.00162ms
tactic execution of Lean.Parser.Tactic.refine took 1.15ms
typeclass inference of OfNat took 0.0969ms
typeclass inference of OfNat took 0.0671ms
typeclass inference of OfNat took 0.0701ms
typeclass inference of OfNat took 0.0636ms
typeclass inference of OfNat took 0.043ms
typeclass inference of HAdd took 0.00432ms
typeclass inference of HAdd took 0.0408ms
typeclass inference of HPow took 0.0322ms
typeclass inference of LE took 0.00341ms
typeclass inference of OfNat took 0.0477ms
typeclass inference of OfNat took 0.00303ms
tactic execution of Lean.Parser.Tactic.refine took 0.77ms
tactic execution of Lean.Parser.Tactic.rotateRight took 0.0069ms
tactic execution of Lean.Parser.Tactic.tacticSeq1Indented took 0.0148ms
tactic execution of Lean.Parser.Tactic.tacticSeq took 0.00459ms
tactic execution of Lean.Parser.Tactic.paren took 0.00436ms
tactic execution of Lean.Parser.Tactic.tacticSeq1Indented took 0.00498ms
tactic execution of Lean.Parser.Tactic.tacticSeq took 0.00467ms
tactic execution of Lean.Parser.Tactic.focus took 0.00687ms
tactic execution of Lean.Parser.Tactic.tacticRefine_lift_ took 0.017ms
tactic execution of Lean.Parser.Tactic.tacticHave__ took 0.0135ms
typeclass inference of OfNat took 0.0749ms
typeclass inference of OfNat took 0.0746ms
typeclass inference of OfNat took 0.0663ms
typeclass inference of OfNat took 0.0474ms
typeclass inference of OfNat took 0.0494ms
typeclass inference of OfNat took 0.0623ms
typeclass inference of OfNat took 0.0397ms
typeclass inference of OfNat took 0.0339ms
typeclass inference of OfNat took 0.0307ms
typeclass inference of OfNat took 0.0381ms
typeclass inference of HAdd took 0.00532ms
typeclass inference of HMul took 0.00395ms
typeclass inference of HMul took 0.00274ms
typeclass inference of HAdd took 0.003ms
typeclass inference of HPow took 0.0435ms
typeclass inference of HMul took 0.038ms
typeclass inference of HPow took 0.0306ms
typeclass inference of HAdd took 0.0296ms
typeclass inference of HPow took 0.0272ms
typeclass inference of HAdd took 0.0286ms
typeclass inference of HMul took 0.029ms
typeclass inference of OfNat took 0.00376ms
typeclass inference of OfNat took 0.00218ms
typeclass inference of OfNat took 0.00185ms
typeclass inference of OfNat took 0.00239ms
typeclass inference of OfNat took 0.0714ms
typeclass inference of OfNat took 0.0542ms
typeclass inference of OfNat took 0.0431ms
typeclass inference of OfNat took 0.0335ms
typeclass inference of HMul took 0.00398ms
typeclass inference of HPow took 0.038ms
typeclass inference of HPow took 0.0344ms
typeclass inference of HMul took 0.0314ms
typeclass inference of LE took 0.00361ms
typeclass inference of OfNat took 0.00303ms
typeclass inference of OfNat took 0.00201ms
typeclass inference of Trans took 0.257ms
typeclass inference of CommSemiring took 0.0511ms
typeclass inference of CommRing took 0.714ms
typeclass inference of Semifield took 0.326ms
typeclass inference of CharZero took 1.33ms
typeclass inference of AddMonoidWithOne took 0.0403ms
norm_num took 0.326ms
norm_num took 0.0274ms
norm_num took 0.00956ms
typeclass inference of AddMonoidWithOne took 0.00574ms
norm_num took 0.212ms
norm_num took 0.00833ms
typeclass inference of AddMonoidWithOne took 0.00549ms
norm_num took 0.149ms
norm_num took 0.00528ms
norm_num took 0.00601ms
typeclass inference of AddMonoidWithOne took 0.00383ms
norm_num took 0.131ms
ring took 2.38ms
tactic execution of Mathlib.Tactic.Ring.ring1 took 0.654ms
tactic execution of Lean.Parser.Tactic.tacticSeq1Indented took 0.0102ms
tactic execution of Lean.Parser.Tactic.tacticSeq took 0.00701ms
tactic execution of Lean.Parser.Tactic.first took 0.0125ms
tactic execution of Mathlib.Tactic.RingNF.ring took 0.215ms
tactic execution of Lean.Parser.Tactic.tacticSeq1Indented took 0.00783ms
tactic execution of Lean.Parser.Tactic.tacticSeq took 0.0126ms
tactic execution of Lean.calcTactic took 3.94ms
tactic execution of Lean.Parser.Tactic.tacticSeq1Indented took 0.0144ms
tactic execution of Lean.Parser.Tactic.tacticSeq took 0.00669ms
tactic execution of Lean.Parser.Tactic.paren took 0.00578ms
tactic execution of Lean.Parser.Tactic.withAnnotateState took 0.00891ms
tactic execution of Lean.Parser.Tactic.tacticSeq1Indented took 0.00734ms
tactic execution of Lean.Parser.Tactic.tacticSeq took 0.00637ms
tactic execution of Lean.Parser.Tactic.case took 0.0699ms
tactic execution of Lean.Parser.Tactic.tacticSeq1Indented took 0.0191ms
tactic execution of Lean.Parser.Tactic.tacticSeq took 0.0077ms
tactic execution of Lean.Parser.Tactic.focus took 0.00975ms
tactic execution of Lean.Parser.Tactic.tacticHave__ took 0.0216ms
typeclass inference of OfNat took 0.154ms
typeclass inference of OfNat took 0.079ms
typeclass inference of OfNat took 0.054ms
typeclass inference of OfNat took 0.0453ms
typeclass inference of OfNat took 0.0604ms
typeclass inference of OfNat took 0.0725ms
typeclass inference of OfNat took 0.0427ms
typeclass inference of OfNat took 0.0424ms
typeclass inference of HAdd took 0.283ms
typeclass inference of HAdd took 0.154ms
typeclass inference of OfNat took 0.101ms
typeclass inference of OfNat took 0.0923ms
typeclass inference of OfNat took 0.0459ms
typeclass inference of HPow took 0.127ms
typeclass inference of HPow took 0.0953ms
typeclass inference of HMul took 0.168ms
typeclass inference of HPow took 0.0961ms
typeclass inference of OfNat took 0.0921ms
typeclass inference of OfNat took 0.0472ms
typeclass inference of OfNat took 0.0428ms
typeclass inference of HPow took 0.0585ms
typeclass inference of HPow took 0.0485ms
typeclass inference of HMul took 0.0896ms
typeclass inference of HPow took 0.0642ms
typeclass inference of OfNat took 0.0562ms
typeclass inference of OfNat took 0.0457ms
typeclass inference of OfNat took 0.0363ms
typeclass inference of HPow took 0.0553ms
typeclass inference of HPow took 0.0639ms
typeclass inference of HMul took 0.0853ms
typeclass inference of HPow took 0.0786ms
typeclass inference of OfNat took 0.0582ms
typeclass inference of OfNat took 0.0323ms
typeclass inference of OfNat took 0.0377ms
typeclass inference of HPow took 0.0476ms
typeclass inference of HPow took 0.0431ms
typeclass inference of HMul took 0.0479ms
typeclass inference of HPow took 0.0553ms
typeclass inference of Pow took 0.284ms
typeclass inference of NPow took 0.316ms
typeclass inference of HomogeneousPow took 0.014ms
typeclass inference of NatPow took 0.0349ms
typeclass inference of Pow took 0.172ms
typeclass inference of NPow took 0.192ms
typeclass inference of HomogeneousPow took 0.00199ms
typeclass inference of NatPow took 0.0301ms
typeclass inference of Mul took 0.314ms
typeclass inference of Pow took 0.155ms
typeclass inference of NPow took 0.189ms
typeclass inference of HomogeneousPow took 0.00201ms
typeclass inference of NatPow took 0.0292ms
typeclass inference of OfNat took 0.0536ms
typeclass inference of OfNat took 0.0386ms
typeclass inference of HPow took 0.301ms
typeclass inference of HPow took 0.0634ms
typeclass inference of HMul took 0.0585ms
typeclass inference of HPow took 0.0558ms
typeclass inference of OfNat took 0.0432ms
typeclass inference of OfNat took 0.034ms
typeclass inference of HPow took 0.0452ms
typeclass inference of HMul took 0.0531ms
typeclass inference of HPow took 0.0476ms
typeclass inference of OfNat took 0.0389ms
typeclass inference of OfNat took 0.0324ms
typeclass inference of HPow took 0.0453ms
typeclass inference of HMul took 0.0497ms
typeclass inference of HPow took 0.0455ms
typeclass inference of Pow took 0.142ms
typeclass inference of NPow took 0.183ms
typeclass inference of HomogeneousPow took 0.00195ms
typeclass inference of NatPow took 0.0286ms
typeclass inference of Mul took 0.03ms
typeclass inference of OfNat took 0.0473ms
typeclass inference of OfNat took 0.0357ms
typeclass inference of HPow took 0.0522ms
typeclass inference of HPow took 0.0488ms
typeclass inference of OfNat took 0.0393ms
typeclass inference of OfNat took 0.0323ms
typeclass inference of HPow took 0.0454ms
typeclass inference of HPow took 0.0444ms
typeclass inference of Pow took 0.134ms
typeclass inference of OfNat took 0.049ms
typeclass inference of OfNat took 0.0496ms
typeclass inference of HPow took 0.0557ms
typeclass inference of OfNat took 0.0381ms
typeclass inference of HPow took 0.0477ms
typeclass inference of OfNat took 0.0384ms
typeclass inference of HPow took 0.0497ms
typeclass inference of Pow took 0.00423ms
typeclass inference of OfNat took 0.00265ms
tactic execution of Lean.Parser.Tactic.refine took 2.59ms
typeclass inference of Monoid took 0.151ms
typeclass inference of Monoid took 0.112ms
typeclass inference of Monoid took 0.0356ms
typeclass inference of Monoid took 0.0277ms
tactic execution of Lean.Parser.Tactic.rewriteSeq took 0.593ms
tactic execution of Lean.Parser.Tactic.exact took 0.15ms
tactic execution of Lean.Parser.Tactic.exact took 0.107ms
tactic execution of Lean.Parser.Tactic.eqRefl took 0.173ms
tactic execution of Lean.Parser.Tactic.tacticRfl took 0.0677ms
tactic execution of Lean.Parser.Tactic.tacticSeq1Indented took 0.0231ms
tactic execution of Lean.Parser.Tactic.tacticSeq took 0.00468ms
tactic execution of Lean.Parser.Tactic.withReducible took 0.00959ms
tactic execution of Lean.Parser.Tactic.tacticSeq1Indented took 0.00668ms
tactic execution of Lean.Parser.Tactic.tacticSeq took 0.00421ms
tactic execution of Lean.Parser.Tactic.paren took 0.00467ms
tactic execution of Lean.Parser.Tactic.tacticSeq1Indented took 0.00781ms
tactic execution of Lean.Parser.Tactic.tacticSeq took 0.00499ms
tactic execution of Lean.Parser.Tactic.first took 0.00963ms
tactic execution of Lean.Parser.Tactic.tacticTry_ took 0.0127ms
tactic execution of Lean.Parser.Tactic.tacticSeq1Indented took 0.00579ms
tactic execution of Lean.Parser.Tactic.tacticSeq took 0.00462ms
tactic execution of Lean.Parser.Tactic.paren took 0.00492ms
tactic execution of Lean.Parser.Tactic.withAnnotateState took 0.0308ms
tactic execution of Lean.Parser.Tactic.tacticSeq1Indented took 0.0139ms
tactic execution of Lean.Parser.Tactic.tacticSeq took 0.00493ms
tactic execution of Lean.Parser.Tactic.paren took 0.00455ms
tactic execution of Lean.Parser.Tactic.rwSeq took 0.0151ms
tactic execution of Lean.Parser.Tactic.tacticSeq1Indented took 0.00416ms
tactic execution of Lean.Parser.Tactic.tacticSeq took 0.00327ms
tactic execution of Lean.Parser.Tactic.paren took 0.00444ms
tactic execution of Lean.Parser.Tactic.withAnnotateState took 0.00592ms
tactic execution of Lean.Parser.Tactic.tacticSeq1Indented took 0.0047ms
tactic execution of Lean.Parser.Tactic.tacticSeq took 0.00462ms
tactic execution of Lean.Parser.Tactic.case took 0.0871ms
tactic execution of Lean.Parser.Tactic.tacticSeq1Indented took 0.0193ms
tactic execution of Lean.Parser.Tactic.tacticSeq took 0.00688ms
tactic execution of Lean.Parser.Tactic.focus took 0.0129ms
tactic execution of Lean.Parser.Tactic.tacticHave__ took 0.0485ms
typeclass inference of Decidable took 0.225ms
typeclass inference of LE took 0.0398ms
typeclass inference of LE took 0.00741ms
typeclass inference of LE took 0.00507ms
typeclass inference of LE took 0.00678ms
typeclass inference of Decidable took 0.15ms
typeclass inference of Decidable took 0.00406ms
instantiate metavars took 0.000932ms
tactic execution of Lean.Parser.Tactic.omega took 7.42ms
tactic execution of Lean.Parser.Tactic.tacticSeq1Indented took 0.0336ms
tactic execution of Lean.Parser.Tactic.tacticSeq took 0.00946ms
tactic execution of Lean.Parser.Tactic.paren took 0.00979ms
tactic execution of Lean.Parser.Tactic.withAnnotateState took 0.0123ms
tactic execution of Lean.Parser.Tactic.tacticSeq1Indented took 0.00888ms
tactic execution of Lean.Parser.Tactic.tacticSeq took 0.00856ms
tactic execution of Lean.Parser.Tactic.case took 0.0884ms
tactic execution of Lean.Parser.Tactic.tacticSeq1Indented took 0.0204ms
tactic execution of Lean.Parser.Tactic.tacticSeq took 0.008ms
tactic execution of Lean.Parser.Tactic.focus took 0.0111ms
tactic execution of Lean.Parser.Tactic.tacticHave__ took 0.053ms
typeclass inference of OfNat took 2.34ms
typeclass inference of HAdd took 1.25ms
typeclass inference of HMul took 1.05ms
typeclass inference of CategoryTheory.CartesianMonoidalCategory took 0.0575ms
typeclass inference of CategoryTheory.CartesianMonoidalCategory took 0.00561ms
typeclass inference of HPow took 2.39ms
typeclass inference of HMul took 1.01ms
typeclass inference of HAdd took 1.01ms
typeclass inference of OfNat took 0.159ms
typeclass inference of OfNat took 0.078ms
typeclass inference of HAdd took 0.155ms
typeclass inference of HMul took 0.142ms
typeclass inference of HPow took 0.308ms
typeclass inference of HMul took 0.177ms
typeclass inference of HAdd took 0.159ms
typeclass inference of OfNat took 0.0489ms
tactic execution of Lean.Parser.Tactic.refine took 1.88ms
tactic execution of Lean.Parser.Tactic.rewriteSeq took 0.354ms
tactic execution of Lean.Parser.Tactic.exact took 0.218ms
tactic execution of Lean.Parser.Tactic.exact took 0.169ms
tactic execution of Lean.Parser.Tactic.eqRefl took 0.0165ms
tactic execution of Lean.Parser.Tactic.applyRfl took 0.0484ms
tactic execution of Lean.Parser.Tactic.tacticRfl took 0.0808ms
tactic execution of Lean.Parser.Tactic.tacticSeq1Indented took 0.0112ms
tactic execution of Lean.Parser.Tactic.tacticSeq took 0.00769ms
tactic execution of Lean.Parser.Tactic.withReducible took 0.0106ms
tactic execution of Lean.Parser.Tactic.tacticSeq1Indented took 0.00898ms
tactic execution of Lean.Parser.Tactic.tacticSeq took 0.0112ms
tactic execution of Lean.Parser.Tactic.paren took 0.0067ms
tactic execution of Lean.Parser.Tactic.tacticSeq1Indented took 0.00523ms
tactic execution of Lean.Parser.Tactic.tacticSeq took 0.00542ms
tactic execution of Lean.Parser.Tactic.skip took 0.00328ms
tactic execution of Lean.Parser.Tactic.tacticSeq1Indented took 0.00378ms
tactic execution of Lean.Parser.Tactic.tacticSeq took 0.00416ms
tactic execution of Lean.Parser.Tactic.first took 0.011ms
tactic execution of Lean.Parser.Tactic.tacticTry_ took 0.0129ms
tactic execution of Lean.Parser.Tactic.tacticSeq1Indented took 0.00685ms
tactic execution of Lean.Parser.Tactic.tacticSeq took 0.0044ms
tactic execution of Lean.Parser.Tactic.paren took 0.00589ms
tactic execution of Lean.Parser.Tactic.withAnnotateState took 0.0187ms
tactic execution of Lean.Parser.Tactic.tacticSeq1Indented took 0.0246ms
tactic execution of Lean.Parser.Tactic.tacticSeq took 0.00466ms
tactic execution of Lean.Parser.Tactic.paren took 0.00531ms
tactic execution of Lean.Parser.Tactic.rwSeq took 0.0167ms
tactic execution of Lean.Parser.Tactic.exact took 0.0542ms
tactic execution of Lean.Parser.Tactic.tacticSeq1Indented took 0.0123ms
tactic execution of Lean.Parser.Tactic.tacticSeq took 0.0258ms
tactic execution of Lean.Parser.Tactic.rewriteSeq took 3.75ms
tactic execution of Lean.Parser.Tactic.exact took 0.205ms
tactic execution of Lean.Parser.Tactic.exact took 0.179ms
tactic execution of Lean.Parser.Tactic.eqRefl took 0.0283ms
tactic execution of Lean.Parser.Tactic.tacticRfl took 0.0496ms
tactic execution of Lean.Parser.Tactic.tacticSeq1Indented took 0.00577ms
tactic execution of Lean.Parser.Tactic.tacticSeq took 0.00477ms
tactic execution of Lean.Parser.Tactic.withReducible took 0.00516ms
tactic execution of Lean.Parser.Tactic.tacticSeq1Indented took 0.00462ms
tactic execution of Lean.Parser.Tactic.tacticSeq took 0.00397ms
tactic execution of Lean.Parser.Tactic.paren took 0.00378ms
tactic execution of Lean.Parser.Tactic.tacticSeq1Indented took 0.0045ms
tactic execution of Lean.Parser.Tactic.tacticSeq took 0.00428ms
tactic execution of Lean.Parser.Tactic.first took 0.00538ms
tactic execution of Lean.Parser.Tactic.tacticTry_ took 0.0112ms
tactic execution of Lean.Parser.Tactic.tacticSeq1Indented took 0.00442ms
tactic execution of Lean.Parser.Tactic.tacticSeq took 0.00399ms
tactic execution of Lean.Parser.Tactic.paren took 0.00482ms
tactic execution of Lean.Parser.Tactic.withAnnotateState took 0.0234ms
tactic execution of Lean.Parser.Tactic.tacticSeq1Indented took 0.0212ms
tactic execution of Lean.Parser.Tactic.tacticSeq took 0.0045ms
tactic execution of Lean.Parser.Tactic.paren took 0.00438ms
tactic execution of Lean.Parser.Tactic.rwSeq took 0.0153ms
tactic execution of Lean.Parser.Tactic.tacticSeq1Indented took 0.00545ms
tactic execution of Lean.Parser.Tactic.tacticSeq took 0.00486ms
tactic execution of Lean.Parser.Tactic.paren took 0.0053ms
tactic execution of Lean.Parser.Tactic.withAnnotateState took 0.0078ms
tactic execution of Lean.Parser.Tactic.tacticSeq1Indented took 0.00777ms
tactic execution of Lean.Parser.Tactic.tacticSeq took 0.00703ms
tactic execution of Lean.Parser.Tactic.case took 0.3ms
tactic execution of Lean.Parser.Tactic.tacticSeq1Indented took 0.0258ms
tactic execution of Lean.Parser.Tactic.tacticSeq took 0.00697ms
tactic execution of Lean.Parser.Tactic.focus took 0.0157ms
tactic execution of Lean.Parser.Tactic.tacticHave__ took 0.0459ms
typeclass inference of HMul took 0.217ms
typeclass inference of HMul took 0.187ms
typeclass inference of LT took 0.0313ms
tactic execution of Lean.Parser.Tactic.refine took 0.583ms
typeclass inference of OfNat took 0.133ms
typeclass inference of OfNat took 0.0742ms
typeclass inference of HMul took 0.00762ms
typeclass inference of HMul took 0.00382ms
typeclass inference of HMul took 0.0509ms
typeclass inference of HPow took 0.359ms
typeclass inference of HMul took 0.041ms
typeclass inference of LE took 0.0353ms
typeclass inference of OfNat took 0.0482ms
typeclass inference of OfNat took 0.0774ms
typeclass inference of OfNat took 0.0573ms
typeclass inference of OfNat took 0.0481ms
typeclass inference of OfNat took 0.0363ms
typeclass inference of HMul took 0.00412ms
typeclass inference of HPow took 0.0463ms
typeclass inference of HPow took 0.0346ms
typeclass inference of HMul took 0.0316ms
typeclass inference of LT took 0.00292ms
typeclass inference of OfNat took 0.00279ms
typeclass inference of OfNat took 0.00204ms
typeclass inference of Trans took 0.226ms
typeclass inference of OfNat took 0.0781ms
typeclass inference of OfNat took 0.0534ms
typeclass inference of HAdd took 0.169ms
typeclass inference of HAdd took 0.184ms
typeclass inference of OfNat took 0.0545ms
typeclass inference of HPow took 0.0557ms
typeclass inference of OfNat took 0.00349ms
typeclass inference of Trans took 0.241ms
typeclass inference of LT took 0.00387ms
typeclass inference of Trans took 0.496ms
typeclass inference of LE took 0.241ms
typeclass inference of LE took 0.0942ms
typeclass inference of Zero took 0.132ms
typeclass inference of PartialOrder took 0.0514ms
typeclass inference of Ring took 1.02ms
typeclass inference of AddMonoidWithOne took 0.0382ms
norm_num took 0.32ms
typeclass inference of Semiring took 0.034ms
typeclass inference of PartialOrder took 0.0046ms
typeclass inference of CommSemiring took 0.0284ms
typeclass inference of IsOrderedRing took 1.08ms
typeclass inference of Nontrivial took 0.0821ms
typeclass inference of Semiring took 0.00301ms
typeclass inference of IsStrictOrderedRing took 0.0388ms
tactic execution of Mathlib.Tactic.Positivity.positivity took 1.36ms
tactic execution of Lean.Parser.Tactic.tacticSeq1Indented took 0.0117ms
tactic execution of Lean.Parser.Tactic.tacticSeq took 0.0146ms
typeclass inference of Monoid took 0.262ms
typeclass inference of Monoid took 0.116ms
typeclass inference of Monoid took 0.034ms
typeclass inference of Monoid took 0.0299ms
tactic execution of Lean.Parser.Tactic.rewriteSeq took 0.539ms
tactic execution of Lean.Parser.Tactic.exact took 0.118ms
tactic execution of Lean.Parser.Tactic.exact took 0.0897ms
tactic execution of Lean.Parser.Tactic.eqRefl took 0.139ms
tactic execution of Lean.Parser.Tactic.tacticRfl took 0.0507ms
tactic execution of Lean.Parser.Tactic.tacticSeq1Indented took 0.0055ms
tactic execution of Lean.Parser.Tactic.tacticSeq took 0.00454ms
tactic execution of Lean.Parser.Tactic.withReducible took 0.00707ms
tactic execution of Lean.Parser.Tactic.tacticSeq1Indented took 0.00391ms
tactic execution of Lean.Parser.Tactic.tacticSeq took 0.00369ms
tactic execution of Lean.Parser.Tactic.paren took 0.0045ms
tactic execution of Lean.Parser.Tactic.tacticSeq1Indented took 0.00486ms
tactic execution of Lean.Parser.Tactic.tacticSeq took 0.0039ms
tactic execution of Lean.Parser.Tactic.first took 0.00615ms
tactic execution of Lean.Parser.Tactic.tacticTry_ took 0.0101ms
tactic execution of Lean.Parser.Tactic.tacticSeq1Indented took 0.00403ms
tactic execution of Lean.Parser.Tactic.tacticSeq took 0.0046ms
tactic execution of Lean.Parser.Tactic.paren took 0.00396ms
tactic execution of Lean.Parser.Tactic.withAnnotateState took 0.0214ms
tactic execution of Lean.Parser.Tactic.tacticSeq1Indented took 0.0114ms
tactic execution of Lean.Parser.Tactic.tacticSeq took 0.00432ms
tactic execution of Lean.Parser.Tactic.paren took 0.00527ms
tactic execution of Lean.Parser.Tactic.rwSeq took 0.013ms
tactic execution of Lean.Parser.Tactic.tacticSeq1Indented took 0.00722ms
tactic execution of Lean.Parser.Tactic.tacticSeq took 0.0173ms
tactic execution of Lean.calcTactic took 10.2ms
tactic execution of Lean.Parser.Tactic.tacticSeq1Indented took 0.0072ms
tactic execution of Lean.Parser.Tactic.tacticSeq took 0.00472ms
tactic execution of Lean.Parser.Tactic.paren took 0.00446ms
tactic execution of Lean.Parser.Tactic.withAnnotateState took 0.00485ms
tactic execution of Lean.Parser.Tactic.tacticSeq1Indented took 0.00522ms
tactic execution of Lean.Parser.Tactic.tacticSeq took 0.00851ms
tactic execution of Lean.Parser.Tactic.case took 0.041ms
tactic execution of Lean.Parser.Tactic.tacticSeq1Indented took 0.0138ms
tactic execution of Lean.Parser.Tactic.tacticSeq took 0.00536ms
tactic execution of Lean.Parser.Tactic.focus took 0.00732ms
tactic execution of Lean.Parser.Tactic.tacticHave__ took 0.0378ms
typeclass inference of HMul took 1.12ms
typeclass inference of HMul took 0.91ms
typeclass inference of HMul took 0.144ms
typeclass inference of HMul took 0.155ms
tactic execution of Lean.Parser.Tactic.refine took 1ms
tactic execution of Lean.Parser.Tactic.rotateRight took 0.00603ms
tactic execution of Lean.Parser.Tactic.tacticSeq1Indented took 0.021ms
tactic execution of Lean.Parser.Tactic.tacticSeq took 0.00371ms
tactic execution of Lean.Parser.Tactic.paren took 0.00395ms
tactic execution of Lean.Parser.Tactic.tacticSeq1Indented took 0.00377ms
tactic execution of Lean.Parser.Tactic.tacticSeq took 0.0036ms
tactic execution of Lean.Parser.Tactic.focus took 0.00635ms
tactic execution of Lean.Parser.Tactic.tacticRefine_lift_ took 0.0076ms
tactic execution of Lean.Parser.Tactic.tacticHave__ took 0.0206ms
tactic execution of Lean.Parser.Tactic.rewriteSeq took 0.722ms
tactic execution of Lean.Parser.Tactic.exact took 0.104ms
tactic execution of Lean.Parser.Tactic.exact took 0.108ms
tactic execution of Lean.Parser.Tactic.eqRefl took 0.0141ms
tactic execution of Lean.Parser.Tactic.tacticRfl took 0.042ms
tactic execution of Lean.Parser.Tactic.tacticSeq1Indented took 0.00458ms
tactic execution of Lean.Parser.Tactic.tacticSeq took 0.00286ms
tactic execution of Lean.Parser.Tactic.withReducible took 0.00459ms
tactic execution of Lean.Parser.Tactic.tacticSeq1Indented took 0.00352ms
tactic execution of Lean.Parser.Tactic.tacticSeq took 0.00257ms
tactic execution of Lean.Parser.Tactic.paren took 0.00253ms
tactic execution of Lean.Parser.Tactic.tacticSeq1Indented took 0.00279ms
tactic execution of Lean.Parser.Tactic.tacticSeq took 0.00257ms
tactic execution of Lean.Parser.Tactic.first took 0.00524ms
tactic execution of Lean.Parser.Tactic.tacticTry_ took 0.00612ms
tactic execution of Lean.Parser.Tactic.tacticSeq1Indented took 0.00358ms
tactic execution of Lean.Parser.Tactic.tacticSeq took 0.00266ms
tactic execution of Lean.Parser.Tactic.paren took 0.00278ms
tactic execution of Lean.Parser.Tactic.withAnnotateState took 0.0212ms
tactic execution of Lean.Parser.Tactic.tacticSeq1Indented took 0.0115ms
tactic execution of Lean.Parser.Tactic.tacticSeq took 0.00328ms
tactic execution of Lean.Parser.Tactic.paren took 0.00399ms
tactic execution of Lean.Parser.Tactic.rwSeq took 0.0356ms
tactic execution of Lean.Parser.Tactic.tacticSeq1Indented took 0.0821ms
tactic execution of Lean.Parser.Tactic.tacticSeq took 0.0105ms
instantiate metavars took 0.304ms
instantiate metavars took 0.000701ms
instantiate metavars took 0.00016ms
instantiate metavars took 0.00012ms
instantiate metavars took 0.000111ms
share common exprs took 2.34ms
fix level params took 0.137ms
let-to-have transformation took 0.0109ms
attribute application took 0.00411ms
attribute application took 0.000802ms
process pre-definitions took 1.77ms
elaboration took 1.8ms
type checking took 26.9ms
type checking took 7.2ms
overlappingInstancesLinter took 0.548ms
tacticAnalysis took 6.22ms
linting took 21.4ms
attribute application took 0.00154ms
typeclass inference of OfNat took 0.101ms
typeclass inference of OfNat took 0.0426ms
typeclass inference of HSub took 0.883ms
typeclass inference of HMul took 0.921ms
typeclass inference of HMul took 0.824ms
typeclass inference of HSub took 0.681ms
typeclass inference of OfNat took 0.833ms
typeclass inference of OfNat took 0.0898ms
typeclass inference of OfNat took 0.0448ms
typeclass inference of OfNat took 0.0396ms
typeclass inference of OfNat took 0.0436ms
typeclass inference of OfNat took 0.0509ms
typeclass inference of OfNat took 0.0343ms
typeclass inference of OfNat took 0.0298ms
typeclass inference of OfNat took 0.03ms
typeclass inference of HSub took 0.00455ms
typeclass inference of HSub took 0.00253ms
typeclass inference of HMul took 0.00255ms
typeclass inference of HSub took 0.0381ms
typeclass inference of HPow took 0.177ms
typeclass inference of HMul took 0.063ms
typeclass inference of HSub took 0.0516ms
typeclass inference of OfNat took 0.931ms
typeclass inference of OfNat took 0.0727ms
typeclass inference of OfNat took 0.00477ms
typeclass inference of HPow took 0.137ms
typeclass inference of HMul took 0.0631ms
typeclass inference of HSub took 0.0526ms
typeclass inference of OfNat took 0.0489ms
typeclass inference of HPow took 0.112ms
typeclass inference of HMul took 0.0516ms
typeclass inference of HSub took 0.0431ms
typeclass inference of OfNat took 0.0616ms
typeclass inference of OfNat took 0.042ms
typeclass inference of OfNat took 0.036ms
typeclass inference of OfNat took 0.0295ms
typeclass inference of HPow took 0.134ms
typeclass inference of LE took 0.0395ms
typeclass inference of OfNat took 0.0377ms
typeclass inference of OfNat took 0.0486ms
typeclass inference of HPow took 0.125ms
typeclass inference of OfNat took 0.0662ms
typeclass inference of HPow took 0.14ms
typeclass inference of OfNat took 0.0556ms
typeclass inference of OfNat took 0.0415ms
typeclass inference of OfNat took 0.0341ms
typeclass inference of OfNat took 0.0306ms
typeclass inference of HPow took 0.133ms
typeclass inference of LT took 0.0322ms
typeclass inference of OfNat took 0.00322ms
typeclass inference of OfNat took 0.0481ms
typeclass inference of HPow took 0.111ms
typeclass inference of OfNat took 0.0419ms
typeclass inference of HPow took 0.108ms
typeclass inference of OfNat took 0.0558ms
typeclass inference of OfNat took 0.0414ms
typeclass inference of OfNat took 0.0333ms
typeclass inference of OfNat took 0.0304ms
typeclass inference of HPow took 0.128ms
typeclass inference of LT took 0.0111ms
typeclass inference of OfNat took 0.00317ms
typeclass inference of OfNat took 0.0475ms
typeclass inference of HPow took 0.111ms
typeclass inference of OfNat took 0.0382ms
typeclass inference of HPow took 0.113ms
typeclass inference of OfNat took 0.0566ms
typeclass inference of OfNat took 0.0421ms
typeclass inference of OfNat took 0.0344ms
typeclass inference of OfNat took 0.0315ms
typeclass inference of HPow took 0.181ms
typeclass inference of LT took 0.00443ms
typeclass inference of OfNat took 0.00414ms
typeclass inference of OfNat took 0.0676ms
typeclass inference of HPow took 0.13ms
typeclass inference of OfNat took 0.0436ms
typeclass inference of HPow took 0.128ms
typeclass inference of OfNat took 0.0613ms
typeclass inference of OfNat took 0.0449ms
typeclass inference of OfNat took 0.0565ms
typeclass inference of OfNat took 0.0358ms
typeclass inference of HMul took 0.19ms
typeclass inference of HAdd took 0.152ms
typeclass inference of HMul took 0.00351ms
typeclass inference of HMul took 0.149ms
typeclass inference of HPow took 0.167ms
typeclass inference of HMul took 0.0657ms
typeclass inference of HAdd took 0.0615ms
typeclass inference of OfNat took 0.00348ms
typeclass inference of OfNat took 0.0583ms
typeclass inference of HPow took 0.173ms
typeclass inference of HMul took 0.0636ms
typeclass inference of HAdd took 0.0467ms
typeclass inference of OfNat took 0.0416ms
typeclass inference of HPow took 0.112ms
typeclass inference of HMul took 0.0493ms
typeclass inference of HAdd took 0.0541ms
typeclass inference of OfNat took 0.0448ms
typeclass inference of HPow took 0.114ms
typeclass inference of HMul took 0.0545ms
typeclass inference of HSub took 0.0497ms
typeclass inference of OfNat took 0.0397ms
typeclass inference of HPow took 0.108ms
typeclass inference of OfNat took 0.0379ms
typeclass inference of HPow took 0.106ms
typeclass inference of OfNat took 0.0381ms
typeclass inference of HPow took 0.109ms
typeclass inference of OfNat took 0.0371ms
typeclass inference of HPow took 0.105ms
typeclass inference of OfNat took 0.036ms
typeclass inference of HPow took 0.105ms
typeclass inference of HMul took 0.0493ms
typeclass inference of HAdd took 0.044ms
typeclass inference of OfNat took 0.0652ms
typeclass inference of HPow took 0.113ms
typeclass inference of HMul took 0.0511ms
typeclass inference of HSub took 0.0457ms
typeclass inference of OfNat took 0.0378ms
typeclass inference of HPow took 0.101ms
typeclass inference of OfNat took 0.0378ms
typeclass inference of HPow took 0.106ms
typeclass inference of OfNat took 0.0372ms
typeclass inference of HPow took 0.104ms
typeclass inference of OfNat took 0.0364ms
typeclass inference of HPow took 0.102ms
typeclass inference of OfNat took 0.0359ms
typeclass inference of HPow took 0.107ms
typeclass inference of HMul took 0.0495ms
typeclass inference of HAdd took 0.0447ms
typeclass inference of Pow took 0.0418ms
typeclass inference of CategoryTheory.CartesianMonoidalCategory took 0.0679ms
typeclass inference of CategoryTheory.CartesianMonoidalCategory took 0.00475ms
typeclass inference of NPow took 2.07ms
typeclass inference of OfNat took 0.0456ms
typeclass inference of HMul took 0.0401ms
typeclass inference of HSub took 0.00438ms
typeclass inference of OfNat took 0.0609ms
typeclass inference of HPow took 0.126ms
typeclass inference of OfNat took 0.0418ms
typeclass inference of HPow took 0.112ms
typeclass inference of OfNat took 0.0425ms
typeclass inference of HPow took 0.111ms
typeclass inference of OfNat took 0.0394ms
typeclass inference of HPow took 0.11ms
typeclass inference of OfNat took 0.0382ms
typeclass inference of HPow took 0.108ms
typeclass inference of HMul took 0.0674ms
typeclass inference of HAdd took 0.0496ms
typeclass inference of OfNat took 0.0421ms
typeclass inference of HPow took 0.11ms
typeclass inference of OfNat took 0.0388ms
typeclass inference of HPow took 0.111ms
typeclass inference of OfNat took 0.0375ms
typeclass inference of HPow took 0.115ms
typeclass inference of OfNat took 0.0373ms
typeclass inference of HPow took 0.108ms
typeclass inference of OfNat took 0.0674ms
typeclass inference of HPow took 0.135ms
typeclass inference of HMul took 0.054ms
typeclass inference of HAdd took 0.0467ms
typeclass inference of OfNat took 0.0398ms
typeclass inference of HPow took 0.105ms
typeclass inference of OfNat took 0.0372ms
typeclass inference of HPow took 0.115ms
typeclass inference of OfNat took 0.0378ms
typeclass inference of HPow took 0.11ms
typeclass inference of OfNat took 0.0413ms
typeclass inference of HPow took 0.105ms
typeclass inference of OfNat took 0.0366ms
typeclass inference of HPow took 0.103ms
typeclass inference of HMul took 0.0514ms
typeclass inference of HAdd took 0.0462ms
typeclass inference of Pow took 0.0401ms
typeclass inference of NPow took 0.0935ms
typeclass inference of OfNat took 0.0392ms
typeclass inference of OfNat took 0.0439ms
typeclass inference of HPow took 0.114ms
typeclass inference of OfNat took 0.0404ms
typeclass inference of HPow took 0.142ms
typeclass inference of OfNat took 0.0387ms
typeclass inference of HPow took 0.11ms
typeclass inference of OfNat took 0.0387ms
typeclass inference of HPow took 0.108ms
typeclass inference of HMul took 0.0528ms
typeclass inference of HAdd took 0.0845ms
typeclass inference of OfNat took 0.0537ms
typeclass inference of HPow took 0.14ms
typeclass inference of OfNat took 0.0432ms
typeclass inference of HPow took 0.114ms
typeclass inference of OfNat took 0.046ms
typeclass inference of HPow took 0.12ms
typeclass inference of OfNat took 0.0398ms
typeclass inference of HPow took 0.118ms
typeclass inference of HMul took 0.0536ms
typeclass inference of HAdd took 0.0478ms
typeclass inference of OfNat took 0.0463ms
typeclass inference of HPow took 0.112ms
typeclass inference of OfNat took 0.0409ms
typeclass inference of HPow took 0.111ms
typeclass inference of OfNat took 0.039ms
typeclass inference of HPow took 0.108ms
typeclass inference of OfNat took 0.0394ms
typeclass inference of HPow took 0.117ms
typeclass inference of HMul took 0.0551ms
typeclass inference of HAdd took 0.0509ms
typeclass inference of Pow took 0.0408ms
typeclass inference of NPow took 0.00348ms
typeclass inference of OfNat took 0.00339ms
typeclass inference of OfNat took 0.0476ms
typeclass inference of HPow took 0.117ms
typeclass inference of OfNat took 0.04ms
typeclass inference of HPow took 0.139ms
typeclass inference of OfNat took 0.0816ms
typeclass inference of HPow took 0.14ms
typeclass inference of HMul took 0.0832ms
typeclass inference of HAdd took 0.0573ms
typeclass inference of OfNat took 0.052ms
typeclass inference of HPow took 0.119ms
typeclass inference of OfNat took 0.0422ms
typeclass inference of HPow took 0.115ms
typeclass inference of OfNat took 0.0417ms
typeclass inference of HPow took 0.13ms
typeclass inference of HMul took 0.0558ms
typeclass inference of HAdd took 0.0465ms
typeclass inference of OfNat took 0.0423ms
typeclass inference of HPow took 0.118ms
typeclass inference of OfNat took 0.0487ms
typeclass inference of HPow took 0.115ms
typeclass inference of OfNat took 0.0396ms
typeclass inference of HPow took 0.121ms
typeclass inference of HMul took 0.0542ms
typeclass inference of HAdd took 0.0492ms
typeclass inference of Pow took 0.0417ms
typeclass inference of NPow took 0.00561ms
typeclass inference of OfNat took 0.00539ms
typeclass inference of OfNat took 0.0494ms
typeclass inference of HPow took 0.115ms
typeclass inference of OfNat took 0.0413ms
typeclass inference of HPow took 0.114ms
typeclass inference of HMul took 0.0719ms
typeclass inference of HAdd took 0.0544ms
typeclass inference of OfNat took 0.0451ms
typeclass inference of HPow took 0.109ms
typeclass inference of OfNat took 0.043ms
typeclass inference of HPow took 0.115ms
typeclass inference of HMul took 0.0541ms
typeclass inference of HAdd took 0.0461ms
typeclass inference of OfNat took 0.0478ms
typeclass inference of HPow took 0.17ms
typeclass inference of OfNat took 0.103ms
typeclass inference of HPow took 0.345ms
typeclass inference of HMul took 0.0989ms
typeclass inference of HAdd took 0.083ms
typeclass inference of Pow took 0.0726ms
typeclass inference of NPow took 0.00562ms
typeclass inference of OfNat took 0.00401ms
typeclass inference of OfNat took 0.0601ms
typeclass inference of HPow took 0.141ms
typeclass inference of HMul took 0.0721ms
typeclass inference of HAdd took 0.0615ms
typeclass inference of OfNat took 0.0593ms
typeclass inference of HPow took 0.119ms
typeclass inference of HMul took 0.0526ms
typeclass inference of HAdd took 0.0481ms
typeclass inference of OfNat took 0.0437ms
typeclass inference of HPow took 0.112ms
typeclass inference of HMul took 0.0518ms
typeclass inference of HAdd took 0.0461ms
typeclass inference of Pow took 0.0387ms
typeclass inference of NPow took 0.00354ms
typeclass inference of OfNat took 0.00348ms
typeclass inference of HMul took 0.0337ms
typeclass inference of HAdd took 0.00428ms
instantiate metavars took 0.0526ms
instantiate metavars took 0.00027ms
let-to-have transformation took 0.0189ms
attribute application took 0.00225ms
attribute application took 0.000521ms
elaboration took 6.62ms
pb_dump_ir: wrote ir/O1.json | hypotheses=9 fragment=LIA | skipped_locals=[q — data local at an undeclarable type (ZMod P); S — data local at an undeclarable type (ZMod P); H — data local at an undeclarable type (ZMod P); g_lo — data local at an undeclarable type (ZMod P); g_hi — data local at an undeclarable type (ZMod P); hquad — proposition outside the reifiable fragment (q * S - H = 0); hF — proposition outside the reifiable fragment (H - g_lo - 2 ^ 18 * g_hi = 0); hqS — proposition outside the reifiable fragment (q * S = H); hH — proposition outside the reifiable fragment (H = g_lo + 2 ^ 18 * g_hi)] | nat_atoms=[_pb_atom_0, _pb_atom_1, _pb_atom_2, _pb_atom_3] | numeral_defs=[RmsNorm.P=18446744069parsing took 0.0999ms
414584321]
pb_dump_ir: wrote ir/O2.json | hypotheses=12 fragment=LIA | skipped_locals=[q — data local at an undeclarable type (ZMod P); S — data local at an undeclarable type (ZMod P); H — data local at an undeclarable type (ZMod P); g_lo — data local at an undeclarable type (ZMod P); g_hi — data local at an undeclarable type (ZMod P); hquad — proposition outside the reifiable fragment (q * S - H = 0); hF — proposition outside the reifiable fragment (H - g_lo - 2 ^ 18 * g_hi = 0); hqS — proposition outside the reifiable fragment (q * S = H); hH — proposition outside the reifiable fragment (H = g_lo + 2 ^ 18 * g_hi)] | nat_atoms=[_pb_atom_0, _pb_atom_1, _pb_atom_2, _pb_atom_3, _pb_atom_4] | numeral_defs=[RmsNorm.P=18446744069414584321]
pb_dump_ir: wrote ir/O3.json | hypotheses=15 fragment=LIA | skipped_locals=[q — data local at an undeclarable type (ZMod P); S — data local at an undeclarable type (ZMod P); H — data local at an undeclarable type (ZMod P); g_lo — data local at an undeclarable type (ZMod P); g_hi — data local at an undeclarable type (ZMod P); hquad — proposition outside the reifiable fragment (q * S - H = 0); hF — proposition outside the reifiable fragment (H - g_lo - 2 ^ 18 * g_hi = 0); hqS — proposition outside the reifiable fragment (q * S = H); hH — proposition outside the reifiable fragment (H = g_lo + 2 ^ 18 * g_hi)] | nat_atoms=[_pb_atom_0, _pb_atom_1, _pb_atom_2, _pb_atom_3, _pb_atom_4, _pb_atom_5] | numeral_defs=[RmsNorm.P=18446744069414584321]
pb_dump_ir: wrote ir/O4.json | hypotheses=20 fragment=LIA | skipped_locals=[q — data local at an undeclarable type (ZMod P); S — data local at an undeclarable type (ZMod P); H — data local at an undeclarable type (ZMod P); g_lo — data local at an undeclarable type (ZMod P); g_hi — data local at an undeclarable type (ZMod P); hquad — proposition outside the reifiable fragment (q * S - H = 0); hF — proposition outside the reifiable fragment (H - g_lo - 2 ^ 18 * g_hi = 0); hqS — proposition outside the reifiable fragment (q * S = H); hH — proposition outside the reifiable fragment (H = g_lo + 2 ^ 18 * g_hi)] | nat_atoms=[_pb_atom_0, _pb_atom_1, _pb_atom_2, _pb_atom_3, _pb_atom_4, _pb_atom_5, _pb_atom_6, _pb_atom_7] | numeral_defs=[RmsNorm.P=18446744069414584321]
typeclass inference of OfNat took 0.178ms
typeclass inference of OfNat took 0.0771ms
typeclass inference of OfNat took 0.0633ms
tactic execution of Lean.Parser.Tactic.refine took 0.497ms
tactic execution of Lean.Parser.Tactic.rotateRight took 0.00677ms
tactic execution of Lean.Parser.Tactic.tacticSeq1Indented took 0.0161ms
tactic execution of Lean.Parser.Tactic.tacticSeq took 0.00461ms
tactic execution of Lean.Parser.Tactic.paren took 0.00577ms
tactic execution of Lean.Parser.Tactic.tacticSeq1Indented took 0.00596ms
tactic execution of Lean.Parser.Tactic.tacticSeq took 0.00422ms
tactic execution of Lean.Parser.Tactic.focus took 0.0111ms
tactic execution of Lean.Parser.Tactic.tacticRefine_lift_ took 0.0113ms
tactic execution of Lean.Parser.Tactic.tacticHave__ took 0.0173ms
typeclass inference of HMul took 1.16ms
typeclass inference of HMul took 0.875ms
tactic execution of Lean.Parser.Tactic.refine took 0.362ms
typeclass inference of Add took 0.783ms
typeclass inference of AddRightCancelSemigroup took 0.735ms
typeclass inference of IsRightCancelAdd took 3.68ms
typeclass inference of AddGroup took 0.617ms
typeclass inference of CommSemiring took 1.01ms
typeclass inference of CommRing took 0.0589ms
typeclass inference of Semifield took 0.324ms
typeclass inference of Field took 0.311ms
typeclass inference of Field took 0.00258ms
typeclass inference of Field took 0.00178ms
typeclass inference of Field took 0.0042ms
typeclass inference of Field took 0.00178ms
typeclass inference of Field took 0.00194ms
typeclass inference of Field took 0.00362ms
typeclass inference of Field took 0.00195ms
typeclass inference of Field took 0.00136ms
typeclass inference of Field took 0.00158ms
typeclass inference of Field took 0.00112ms
typeclass inference of Field took 0.00116ms
typeclass inference of Field took 0.00329ms
typeclass inference of Field took 0.00174ms
typeclass inference of Field took 0.00173ms
typeclass inference of Field took 0.00117ms
typeclass inference of Field took 0.00155ms
typeclass inference of Field took 0.00163ms
typeclass inference of Field took 0.00119ms
typeclass inference of Field took 0.00115ms
typeclass inference of Field took 0.00258ms
typeclass inference of Field took 0.00157ms
typeclass inference of Field took 0.00125ms
typeclass inference of Field took 0.00123ms
typeclass inference of Field took 0.00106ms
typeclass inference of Field took 0.00121ms
typeclass inference of Field took 0.00126ms
typeclass inference of Field took 0.00222ms
typeclass inference of Field took 0.0012ms
typeclass inference of Field took 0.00149ms
typeclass inference of Semiring took 0.813ms
typeclass inference of RCLike took 0.0115ms
typeclass inference of RCLike took 0.0018ms
typeclass inference of RCLike took 0.00152ms
typeclass inference of RCLike took 0.00235ms
typeclass inference of RCLike took 0.00133ms
typeclass inference of RCLike took 0.00121ms
typeclass inference of RCLike took 0.00123ms
typeclass inference of RCLike took 0.00115ms
typeclass inference of RCLike took 0.00118ms
typeclass inference of RCLike took 0.00104ms
typeclass inference of RCLike took 0.00106ms
typeclass inference of RCLike took 0.00113ms
typeclass inference of RCLike took 0.00205ms
typeclass inference of RCLike took 0.00124ms
typeclass inference of RCLike took 0.00113ms
typeclass inference of RCLike took 0.00114ms
typeclass inference of RCLike took 0.00115ms
typeclass inference of RCLike took 0.00124ms
typeclass inference of RCLike took 0.00112ms
typeclass inference of RCLike took 0.00105ms
typeclass inference of RCLike took 0.00185ms
typeclass inference of RCLike took 0.00114ms
typeclass inference of RCLike took 0.00143ms
typeclass inference of RCLike took 0.00163ms
typeclass inference of RCLike took 0.00129ms
typeclass inference of RCLike took 0.00123ms
typeclass inference of RCLike took 0.00114ms
typeclass inference of RCLike took 0.0015ms
typeclass inference of RCLike took 0.00121ms
typeclass inference of RCLike took 0.00103ms
typeclass inference of Semiring took 0.00459ms
typeclass inference of NonAssocRing took 0.517ms
typeclass inference of Field took 0.00348ms
typeclass inference of Field took 0.00202ms
typeclass inference of Field took 0.00201ms
typeclass inference of Field took 0.00123ms
typeclass inference of Field took 0.00123ms
typeclass inference of Field took 0.00121ms
typeclass inference of Field took 0.00123ms
typeclass inference of Field took 0.00108ms
typeclass inference of Field took 0.00123ms
typeclass inference of Field took 0.00174ms
typeclass inference of Field took 0.00135ms
typeclass inference of Field took 0.00131ms
typeclass inference of Field took 0.00107ms
typeclass inference of Field took 0.00239ms
typeclass inference of Field took 0.00123ms
typeclass inference of Field took 0.00118ms
typeclass inference of Field took 0.00121ms
typeclass inference of Field took 0.00121ms
typeclass inference of Field took 0.00108ms
typeclass inference of Field took 0.00107ms
typeclass inference of Field took 0.00101ms
typeclass inference of Field took 0.00107ms
typeclass inference of Field took 0.00201ms
typeclass inference of Field took 0.00118ms
typeclass inference of Field took 0.00124ms
typeclass inference of Field took 0.00115ms
typeclass inference of Field took 0.00113ms
typeclass inference of Field took 0.00105ms
typeclass inference of Field took 0.00114ms
typeclass inference of Field took 0.00104ms
typeclass inference of Field took 0.0017ms
typeclass inference of Field took 0.00108ms
typeclass inference of Field took 0.00122ms
typeclass inference of Field took 0.00112ms
typeclass inference of Field took 0.00108ms
typeclass inference of Field took 0.00106ms
typeclass inference of Field took 0.00104ms
typeclass inference of Field took 0.00216ms
typeclass inference of Field took 0.00162ms
typeclass inference of Field took 0.00773ms
typeclass inference of Field took 0.00408ms
typeclass inference of Field took 0.00299ms
typeclass inference of Field took 0.00519ms
typeclass inference of Field took 0.00309ms
typeclass inference of Field took 0.00252ms
typeclass inference of Field took 0.00265ms
typeclass inference of Field took 0.00334ms
typeclass inference of Field took 0.00128ms
typeclass inference of Field took 0.00114ms
typeclass inference of Field took 0.00269ms
typeclass inference of Field took 0.00142ms
typeclass inference of Field took 0.00145ms
typeclass inference of Field took 0.00167ms
typeclass inference of Field took 0.00213ms
typeclass inference of Field took 0.0013ms
typeclass inference of Field took 0.00154ms
typeclass inference of Field took 0.00136ms
typeclass inference of Field took 0.00122ms
typeclass inference of Field took 0.0012ms
typeclass inference of Field took 0.00112ms
typeclass inference of Field took 0.00249ms
typeclass inference of Field took 0.0016ms
typeclass inference of Field took 0.00144ms
typeclass inference of Field took 0.00118ms
typeclass inference of Field took 0.00105ms
typeclass inference of Field took 0.00182ms
typeclass inference of Field took 0.00113ms
typeclass inference of Field took 0.00139ms
typeclass inference of Field took 0.00144ms
typeclass inference of Field took 0.00225ms
typeclass inference of Field took 0.00139ms
typeclass inference of Field took 0.00122ms
typeclass inference of Semiring took 0.00587ms
typeclass inference of CharZero took 21.7ms
norm_num took 0.162ms
norm_num took 0.00473ms
typeclass inference of AddMonoidWithOne took 0.711ms
norm_num took 0.428ms
norm_num took 0.00652ms
norm_num took 0.00492ms
norm_num took 0.00567ms
norm_num took 0.00366ms
typeclass inference of AddMonoidWithOne took 0.00539ms
norm_num took 0.282ms
ring took 1.93ms
tactic execution of Mathlib.Tactic.LinearCombination.linearCombination took 1.57ms
tactic execution of Lean.Parser.Tactic.tacticSeq1Indented took 0.00757ms
tactic execution of Lean.Parser.Tactic.tacticSeq took 0.00524ms
tactic execution of Lean.Parser.Tactic.paren took 0.00452ms
tactic execution of Lean.Parser.Tactic.withAnnotateState took 0.00876ms
tactic execution of Lean.Parser.Tactic.tacticSeq1Indented took 0.00591ms
tactic execution of Lean.Parser.Tactic.tacticSeq took 0.00475ms
tactic execution of Lean.Parser.Tactic.case took 0.054ms
tactic execution of Lean.Parser.Tactic.tacticSeq1Indented took 0.0136ms
tactic execution of Lean.Parser.Tactic.tacticSeq took 0.00451ms
tactic execution of Lean.Parser.Tactic.focus took 0.00651ms
tactic execution of Lean.Parser.Tactic.tacticHave__ took 0.0167ms
typeclass inference of OfNat took 0.14ms
typeclass inference of OfNat took 0.0594ms
typeclass inference of OfNat took 0.0497ms
typeclass inference of OfNat took 0.0392ms
typeclass inference of HAdd took 1.12ms
typeclass inference of HMul took 0.00433ms
typeclass inference of HPow took 0.185ms
typeclass inference of HMul took 0.0776ms
typeclass inference of HAdd took 0.0589ms
typeclass inference of OfNat took 1.06ms
typeclass inference of OfNat took 0.371ms
typeclass inference of HPow took 1.21ms
typeclass inference of HMul took 0.0756ms
typeclass inference of HAdd took 0.0597ms
typeclass inference of OfNat took 0.0846ms
typeclass inference of HPow took 0.204ms
typeclass inference of HMul took 0.0809ms
typeclass inference of HAdd took 0.0666ms
typeclass inference of OfNat took 0.0931ms
typeclass inference of HPow took 0.151ms
typeclass inference of HMul took 0.071ms
typeclass inference of HAdd took 0.0543ms
typeclass inference of OfNat took 0.0664ms
typeclass inference of HPow took 0.124ms
typeclass inference of HMul took 0.0845ms
typeclass inference of HAdd took 0.0561ms
typeclass inference of Pow took 0.045ms
typeclass inference of CategoryTheory.CartesianMonoidalCategory took 0.0615ms
typeclass inference of CategoryTheory.CartesianMonoidalCategory took 0.0108ms
typeclass inference of NPow took 3.35ms
typeclass inference of OfNat took 0.0586ms
typeclass inference of HMul took 0.0465ms
typeclass inference of HAdd took 0.00347ms
tactic execution of Lean.Parser.Tactic.refine took 1.14ms
typeclass inference of Add took 0.00507ms
typeclass inference of IsRightCancelAdd took 0.0462ms
typeclass inference of AddGroup took 0.00655ms
typeclass inference of CommSemiring took 0.00428ms
typeclass inference of CommRing took 0.00295ms
typeclass inference of Semifield took 0.00105ms
typeclass inference of CharZero took 0.00316ms
norm_num took 0.0464ms
typeclass inference of AddMonoidWithOne took 0.00599ms
norm_num took 0.195ms
norm_num took 0.00567ms
typeclass inference of AddMonoidWithOne took 0.00412ms
norm_num took 0.117ms
typeclass inference of AddMonoidWithOne took 0.039ms
norm_num took 0.0907ms
norm_num took 0.00586ms
norm_num took 0.00583ms
norm_num took 0.00313ms
typeclass inference of AddMonoidWithOne took 0.00412ms
norm_num took 0.111ms
typeclass inference of AddMonoidWithOne took 0.00357ms
norm_num took 0.0754ms
norm_num took 0.00417ms
typeclass inference of AddMonoidWithOne took 0.00359ms
norm_num took 0.145ms
ring took 1.84ms
tactic execution of Mathlib.Tactic.LinearCombination.linearCombination took 1.03ms
tactic execution of Lean.Parser.Tactic.tacticSeq1Indented took 0.00612ms
tactic execution of Lean.Parser.Tactic.tacticSeq took 0.0034ms
tactic execution of Lean.Parser.Tactic.paren took 0.00375ms
tactic execution of Lean.Parser.Tactic.withAnnotateState took 0.0068ms
tactic execution of Lean.Parser.Tactic.tacticSeq1Indented took 0.0061ms
tactic execution of Lean.Parser.Tactic.tacticSeq took 0.00485ms
tactic execution of Lean.Parser.Tactic.case took 0.033ms
tactic execution of Lean.Parser.Tactic.tacticSeq1Indented took 0.0171ms
tactic execution of Lean.Parser.Tactic.tacticSeq took 0.00558ms
tactic execution of Lean.Parser.Tactic.focus took 0.00925ms
tactic execution of Lean.Parser.Tactic.tacticHave__ took 0.118ms
typeclass inference of OfNat took 0.0639ms
typeclass inference of OfNat took 0.0951ms
typeclass inference of OfNat took 0.0455ms
typeclass inference of OfNat took 0.0457ms
typeclass inference of HPow took 0.188ms
typeclass inference of LT took 0.0312ms
typeclass inference of OfNat took 0.07ms
typeclass inference of HPow took 0.141ms
typeclass inference of OfNat took 0.0577ms
typeclass inference of HPow took 0.131ms
typeclass inference of OfNat took 0.0432ms
typeclass inference of HPow took 0.127ms
typeclass inference of Pow took 0.0487ms
typeclass inference of NPow took 0.108ms
typeclass inference of OfNat took 0.00457ms
tactic execution of Lean.Parser.Tactic.refine took 0.71ms
interpretation of term_=_ took 0.00349ms
interpretation of term_-_ took 0.00126ms
interpretation of term_*_ took 0.000962ms
interpretation of term_=_ took 0.000521ms
interpretation of term_-_ took 0.000441ms
interpretation of term_*_ took 0.000461ms
interpretation of term_=_ took 0.00172ms
interpretation of term_-_ took 0.000631ms
interpretation of term_*_ took 0.000491ms
interpretation of term_^_ took 0.00123ms
interpretation of term_-_ took 0.000481ms
interpretation of term_=_ took 0.000601ms
interpretation of term_-_ took 0.000521ms
interpretation of term_*_ took 0.000431ms
interpretation of term_^_ took 0.000391ms
interpretation of term_-_ took 0.000421ms
interpretation of term_=_ took 0.00153ms
interpretation of term_*_ took 0.000562ms
interpretation of term_=_ took 0.000471ms
interpretation of term_*_ took 0.00041ms
interpretation of term_=_ took 0.00148ms
interpretation of term_+_ took 0.00247ms
interpretation of term_*_ took 0.000481ms
interpretation of term_^_ took 0.00102ms
interpretation of term_=_ took 0.000461ms
interpretation of term_+_ took 0.000421ms
interpretation of term_*_ took 0.00039ms
interpretation of term_^_ took 0.000411ms
typeclass inference of UsesSetNotationForOrder took 0.0291ms
typeclass inference of UsesSetNotationForOrder took 0.0152ms
interpretation of term_↔_ took 0.00166ms
interpretation of term_≤_ took 0.000622ms
interpretation of term_≤_ took 0.000561ms
interpretation of coeNotation took 0.00126ms
interpretation of coeNotation took 0.00037ms
interpretation of termℕ took 0.00863ms
interpretation of term_↔_ took 0.000611ms
interpretation of term_≤_ took 0.000461ms
interpretation of term_≤_ took 0.000531ms
interpretation of coeNotation took 0.00036ms
interpretation of coeNotation took 0.000401ms
interpretation of termℕ took 0.00377ms
typeclass inference of UsesSetNotationForOrder took 0.0219ms
typeclass inference of UsesSetNotationForOrder took 0.0155ms
interpretation of term_↔_ took 0.00211ms
interpretation of term_<_ took 0.00113ms
interpretation of term_<_ took 0.000421ms
interpretation of coeNotation took 0.000962ms
interpretation of coeNotation took 0.000331ms
interpretation of termℕ took 0.0072ms
interpretation of term_↔_ took 0.000741ms
interpretation of term_<_ took 0.000581ms
interpretation of term_<_ took 0.000992ms
interpretation of coeNotation took 0.000351ms
interpretation of coeNotation took 0.000711ms
interpretation of termℕ took 0.00366ms
interpretation of term_↔_ took 0.00169ms
interpretation of term_=_ took 0.00105ms
interpretation of term_=_ took 0.00042ms
interpretation of coeNotation took 0.000852ms
interpretation of coeNotation took 0.000321ms
interpretation of termℕ took 0.00631ms
interpretation of term_↔_ took 0.000511ms
interpretation of term_=_ took 0.000381ms
interpretation of term_=_ took 0.000491ms
interpretation of coeNotation took 0.00034ms
interpretation of coeNotation took 0.000481ms
interpretation of termℕ took 0.00334ms
typeclass inference of UsesSetNotationForOrder took 0.0178ms
interpretation of term_≤_ took 0.0013ms
interpretation of coeNotation took 0.000822ms
interpretation of termℕ took 0.00597ms
interpretation of term_≤_ took 0.000561ms
interpretation of coeNotation took 0.000371ms
interpretation of termℕ took 0.00366ms
tactic execution of PbDiag.pbDumpIr took 15.6ms
typeclass inference of Decidable took 0.194ms
typeclass inference of LE took 0.039ms
typeclass inference of Decidable took 0.144ms
typeclass inference of Decidable took 0.00452ms
instantiate metavars took 0.000931ms
tactic execution of Lean.Parser.Tactic.omega took 2.36ms
tactic execution of Lean.Parser.Tactic.tacticSeq1Indented took 0.0202ms
tactic execution of Lean.Parser.Tactic.tacticSeq took 0.00514ms
tactic execution of Lean.Parser.Tactic.paren took 0.00535ms
tactic execution of Lean.Parser.Tactic.withAnnotateState took 0.00769ms
tactic execution of Lean.Parser.Tactic.tacticSeq1Indented took 0.00521ms
tactic execution of Lean.Parser.Tactic.tacticSeq took 0.00665ms
tactic execution of Lean.Parser.Tactic.case took 0.0651ms
tactic execution of Lean.Parser.Tactic.tacticSeq1Indented took 0.0171ms
tactic execution of Lean.Parser.Tactic.tacticSeq took 0.00586ms
tactic execution of Lean.Parser.Tactic.focus took 0.00926ms
tactic execution of Lean.Parser.Tactic.tacticHave__ took 0.881ms
typeclass inference of OfNat took 1.42ms
typeclass inference of OfNat took 0.277ms
typeclass inference of OfNat took 0.0679ms
typeclass inference of HPow took 0.374ms
typeclass inference of OfNat took 0.117ms
typeclass inference of HPow took 0.156ms
typeclass inference of OfNat took 0.1ms
typeclass inference of OfNat took 0.0592ms
typeclass inference of OfNat took 0.163ms
typeclass inference of HPow took 0.344ms
typeclass inference of OfNat took 0.0668ms
typeclass inference of OfNat took 0.0408ms
typeclass inference of HPow took 0.153ms
typeclass inference of OfNat took 0.152ms
typeclass inference of HPow took 0.292ms
typeclass inference of OfNat took 0.0851ms
typeclass inference of OfNat took 0.103ms
typeclass inference of HPow took 0.284ms
typeclass inference of OfNat took 0.0871ms
typeclass inference of HPow took 0.152ms
typeclass inference of OfNat took 0.0415ms
typeclass inference of HPow took 0.121ms
typeclass inference of OfNat took 0.0441ms
typeclass inference of HPow took 0.12ms
typeclass inference of OfNat took 0.0425ms
typeclass inference of HPow took 0.12ms
typeclass inference of OfNat took 0.0425ms
typeclass inference of HPow took 0.137ms
typeclass inference of OfNat took 0.0427ms
typeclass inference of HPow took 0.12ms
typeclass inference of Pow took 0.0445ms
typeclass inference of CategoryTheory.CartesianMonoidalCategory took 0.0569ms
typeclass inference of CategoryTheory.CartesianMonoidalCategory took 0.0055ms
typeclass inference of NPow took 2.05ms
typeclass inference of OfNat took 0.0435ms
typeclass inference of OfNat took 0.0552ms
typeclass inference of HPow took 0.132ms
typeclass inference of OfNat took 0.0409ms
typeclass inference of HPow took 0.118ms
typeclass inference of OfNat took 0.0559ms
typeclass inference of HPow took 0.121ms
typeclass inference of Pow took 0.0422ms
typeclass inference of NPow took 0.0891ms
typeclass inference of OfNat took 0.00383ms
tactic execution of Lean.Parser.Tactic.refine took 1.98ms
tactic execution of Lean.Parser.Tactic.rotateRight took 0.00783ms
tactic execution of Lean.Parser.Tactic.tacticSeq1Indented took 0.0182ms
tactic execution of Lean.Parser.Tactic.tacticSeq took 0.00462ms
tactic execution of Lean.Parser.Tactic.paren took 0.00583ms
tactic execution of Lean.Parser.Tactic.tacticSeq1Indented took 0.00617ms
tactic execution of Lean.Parser.Tactic.tacticSeq took 0.00668ms
tactic execution of Lean.Parser.Tactic.focus took 0.0125ms
tactic execution of Lean.Parser.Tactic.tacticRefine_lift_ took 0.0108ms
tactic execution of Lean.Parser.Tactic.tacticHave__ took 0.0309ms
typeclass inference of OfNat took 0.0798ms
typeclass inference of OfNat took 0.0525ms
typeclass inference of OfNat took 0.0552ms
typeclass inference of OfNat took 0.0401ms
typeclass inference of OfNat took 0.0465ms
typeclass inference of OfNat took 0.0353ms
typeclass inference of HMul took 0.163ms
typeclass inference of HPow took 0.175ms
typeclass inference of HMul took 0.0729ms
typeclass inference of LT took 0.0352ms
typeclass inference of OfNat took 0.00435ms
typeclass inference of OfNat took 0.0603ms
typeclass inference of HPow took 0.132ms
typeclass inference of HMul took 0.059ms
typeclass inference of OfNat took 0.0455ms
typeclass inference of HPow took 0.121ms
typeclass inference of HMul took 0.0571ms
typeclass inference of OfNat took 0.0459ms
typeclass inference of HPow took 0.117ms
typeclass inference of HMul took 0.0525ms
typeclass inference of OfNat took 0.0416ms
typeclass inference of HPow took 0.127ms
typeclass inference of HMul took 0.0536ms
typeclass inference of Pow took 0.0434ms
typeclass inference of NPow took 0.00402ms
typeclass inference of OfNat took 0.00336ms
typeclass inference of HMul took 0.00293ms
tactic execution of Lean.Parser.Tactic.refine took 0.878ms
interpretation of term_=_ took 0.00363ms
interpretation of term_-_ took 0.00172ms
interpretation of term_*_ took 0.00118ms
interpretation of term_=_ took 0.000681ms
interpretation of term_-_ took 0.000491ms
interpretation of term_*_ took 0.00041ms
interpretation of term_=_ took 0.00238ms
interpretation of term_-_ took 0.00112ms
interpretation of term_*_ took 0.000741ms
interpretation of term_^_ took 0.00146ms
interpretation of term_-_ took 0.000471ms
interpretation of term_=_ took 0.000461ms
interpretation of term_-_ took 0.000391ms
interpretation of term_*_ took 0.000421ms
interpretation of term_^_ took 0.000431ms
interpretation of term_-_ took 0.00041ms
interpretation of term_=_ took 0.00175ms
interpretation of term_*_ took 0.000661ms
interpretation of term_=_ took 0.000471ms
interpretation of term_*_ took 0.000431ms
interpretation of term_=_ took 0.00148ms
interpretation of term_+_ took 0.0018ms
interpretation of term_*_ took 0.000481ms
interpretation of term_^_ took 0.000832ms
interpretation of term_=_ took 0.000461ms
interpretation of term_+_ took 0.000731ms
interpretation of term_*_ took 0.00041ms
interpretation of term_^_ took 0.000371ms
typeclass inference of UsesSetNotationForOrder took 0.02ms
typeclass inference of UsesSetNotationForOrder took 0.012ms
interpretation of term_↔_ took 0.00179ms
interpretation of term_≤_ took 0.00118ms
interpretation of term_≤_ took 0.000501ms
interpretation of coeNotation took 0.00125ms
interpretation of coeNotation took 0.00047ms
interpretation of termℕ took 0.00732ms
interpretation of term_↔_ took 0.000621ms
interpretation of term_≤_ took 0.000481ms
interpretation of term_≤_ took 0.000481ms
interpretation of coeNotation took 0.00039ms
interpretation of coeNotation took 0.000401ms
interpretation of termℕ took 0.00341ms
typeclass inference of UsesSetNotationForOrder took 0.0171ms
typeclass inference of UsesSetNotationForOrder took 0.0114ms
interpretation of term_↔_ took 0.00167ms
interpretation of term_<_ took 0.00103ms
interpretation of term_<_ took 0.000421ms
interpretation of coeNotation took 0.00103ms
interpretation of coeNotation took 0.000351ms
interpretation of termℕ took 0.00544ms
interpretation of term_↔_ took 0.000531ms
interpretation of term_<_ took 0.000451ms
interpretation of term_<_ took 0.000461ms
interpretation of coeNotation took 0.000371ms
interpretation of coeNotation took 0.000371ms
interpretation of termℕ took 0.00285ms
interpretation of term_↔_ took 0.0013ms
interpretation of term_=_ took 0.001ms
interpretation of term_=_ took 0.000421ms
interpretation of coeNotation took 0.000921ms
interpretation of coeNotation took 0.000391ms
interpretation of termℕ took 0.0056ms
interpretation of term_↔_ took 0.000511ms
interpretation of term_=_ took 0.000451ms
interpretation of term_=_ took 0.000471ms
interpretation of coeNotation took 0.000371ms
interpretation of coeNotation took 0.000381ms
interpretation of termℕ took 0.00312ms
typeclass inference of UsesSetNotationForOrder took 0.0184ms
interpretation of term_≤_ took 0.00128ms
interpretation of coeNotation took 0.000842ms
interpretation of termℕ took 0.00473ms
interpretation of term_≤_ took 0.000531ms
interpretation of coeNotation took 0.000361ms
interpretation of termℕ took 0.00297ms
interpretation of term_^_ took 0.00245ms
interpretation of term_^_ took 0.000661ms
tactic execution of PbDiag.pbDumpIr took 12ms
typeclass inference of Decidable took 0.217ms
typeclass inference of Decidable took 5.66ms
typeclass inference of Decidable took 0.00469ms
typeclass inference of LE took 0.0408ms
typeclass inference of LE took 0.00493ms
typeclass inference of LE took 0.00496ms
typeclass inference of Decidable took 0.179ms
typeclass inference of Decidable took 0.00478ms
instantiate metavars took 0.00131ms
tactic execution of Lean.Parser.Tactic.omega took 3.35ms
tactic execution of Lean.Parser.Tactic.tacticSeq1Indented took 0.0277ms
tactic execution of Lean.Parser.Tactic.tacticSeq took 0.0109ms
tactic execution of Lean.Parser.Tactic.paren took 0.0109ms
tactic execution of Lean.Parser.Tactic.withAnnotateState took 0.0091ms
tactic execution of Lean.Parser.Tactic.tacticSeq1Indented took 0.00867ms
tactic execution of Lean.Parser.Tactic.tacticSeq took 0.00821ms
tactic execution of Lean.Parser.Tactic.case took 0.117ms
tactic execution of Lean.Parser.Tactic.tacticSeq1Indented took 0.0367ms
tactic execution of Lean.Parser.Tactic.tacticSeq took 0.0185ms
tactic execution of Lean.Parser.Tactic.focus took 0.0129ms
tactic execution of Lean.Parser.Tactic.tacticHave__ took 0.346ms
typeclass inference of OfNat took 1.73ms
typeclass inference of OfNat took 0.0767ms
typeclass inference of OfNat took 0.0509ms
typeclass inference of HMul took 1.06ms
typeclass inference of HPow took 0.166ms
typeclass inference of HMul took 0.0894ms
typeclass inference of OfNat took 0.0695ms
typeclass inference of HPow took 0.136ms
typeclass inference of HMul took 0.0619ms
typeclass inference of OfNat took 0.0613ms
typeclass inference of OfNat took 0.0494ms
typeclass inference of OfNat took 0.0503ms
typeclass inference of HPow took 0.135ms
typeclass inference of HMul took 0.0625ms
typeclass inference of OfNat took 0.0608ms
typeclass inference of OfNat took 0.041ms
typeclass inference of HMul took 0.139ms
typeclass inference of HPow took 0.173ms
typeclass inference of HMul took 0.0682ms
typeclass inference of OfNat took 0.048ms
typeclass inference of HPow took 0.122ms
typeclass inference of HMul took 0.0585ms
typeclass inference of OfNat took 0.0427ms
typeclass inference of OfNat took 0.0498ms
typeclass inference of HPow took 0.142ms
typeclass inference of HMul took 0.0582ms
typeclass inference of OfNat took 0.0443ms
typeclass inference of HPow took 0.113ms
typeclass inference of HMul took 0.0574ms
typeclass inference of OfNat took 0.0422ms
typeclass inference of HPow took 0.116ms
typeclass inference of HMul took 0.0548ms
typeclass inference of OfNat took 0.0442ms
typeclass inference of HPow took 0.118ms
typeclass inference of HMul took 0.0582ms
typeclass inference of OfNat took 0.0436ms
typeclass inference of HPow took 0.126ms
typeclass inference of HMul took 0.0549ms
typeclass inference of OfNat took 0.042ms
typeclass inference of HPow took 0.112ms
typeclass inference of HMul took 0.0578ms
typeclass inference of OfNat took 0.0436ms
typeclass inference of HPow took 0.13ms
typeclass inference of HMul took 0.0686ms
typeclass inference of Pow took 0.0505ms
typeclass inference of CategoryTheory.CartesianMonoidalCategory took 0.0787ms
typeclass inference of CategoryTheory.CartesianMonoidalCategory took 0.00535ms
typeclass inference of NPow took 2.16ms
typeclass inference of OfNat took 0.0499ms
typeclass inference of HMul took 0.00429ms
typeclass inference of OfNat took 0.0578ms
typeclass inference of HPow took 0.137ms
typeclass inference of HMul took 0.0625ms
typeclass inference of OfNat took 0.0463ms
typeclass inference of HPow took 0.121ms
typeclass inference of HMul took 0.0557ms
typeclass inference of OfNat took 0.0423ms
typeclass inference of HPow took 0.117ms
typeclass inference of HMul took 0.0534ms
typeclass inference of Pow took 0.0571ms
typeclass inference of NPow took 0.0894ms
typeclass inference of OfNat took 0.00385ms
typeclass inference of HMul took 0.00278ms
tactic execution of Lean.Parser.Tactic.refine took 2.26ms
tactic execution of Lean.Parser.Tactic.rewriteSeq took 0.17ms
tactic execution of Lean.Parser.Tactic.exact took 0.142ms
tactic execution of Lean.Parser.Tactic.exact took 0.111ms
tactic execution of Lean.Parser.Tactic.eqRefl took 0.0102ms
tactic execution of Lean.Parser.Tactic.applyRfl took 0.0266ms
tactic execution of Lean.Parser.Tactic.tacticRfl took 0.0526ms
tactic execution of Lean.Parser.Tactic.tacticSeq1Indented took 0.00835ms
tactic execution of Lean.Parser.Tactic.tacticSeq took 0.00667ms
tactic execution of Lean.Parser.Tactic.withReducible took 0.00772ms
tactic execution of Lean.Parser.Tactic.tacticSeq1Indented took 0.00712ms
tactic execution of Lean.Parser.Tactic.tacticSeq took 0.00559ms
tactic execution of Lean.Parser.Tactic.paren took 0.00606ms
tactic execution of Lean.Parser.Tactic.tacticSeq1Indented took 0.00877ms
tactic execution of Lean.Parser.Tactic.tacticSeq took 0.00648ms
tactic execution of Lean.Parser.Tactic.skip took 0.00372ms
tactic execution of Lean.Parser.Tactic.tacticSeq1Indented took 0.00395ms
tactic execution of Lean.Parser.Tactic.tacticSeq took 0.00397ms
tactic execution of Lean.Parser.Tactic.first took 0.0105ms
tactic execution of Lean.Parser.Tactic.tacticTry_ took 0.00991ms
tactic execution of Lean.Parser.Tactic.tacticSeq1Indented took 0.0119ms
tactic execution of Lean.Parser.Tactic.tacticSeq took 0.00476ms
tactic execution of Lean.Parser.Tactic.paren took 0.00451ms
tactic execution of Lean.Parser.Tactic.withAnnotateState took 0.0153ms
tactic execution of Lean.Parser.Tactic.tacticSeq1Indented took 0.0263ms
tactic execution of Lean.Parser.Tactic.tacticSeq took 0.00541ms
tactic execution of Lean.Parser.Tactic.paren took 0.0049ms
tactic execution of Lean.Parser.Tactic.rwSeq took 0.0106ms
tactic execution of Lean.Parser.Tactic.exact took 0.053ms
tactic execution of Lean.Parser.Tactic.tacticSeq1Indented took 0.0126ms
tactic execution of Lean.Parser.Tactic.tacticSeq took 0.0117ms
tactic execution of Lean.Parser.Tactic.rewriteSeq took 2.37ms
tactic execution of Lean.Parser.Tactic.exact took 0.0984ms
tactic execution of Lean.Parser.Tactic.exact took 0.086ms
tactic execution of Lean.Parser.Tactic.eqRefl took 0.0125ms
tactic execution of Lean.Parser.Tactic.tacticRfl took 0.0336ms
tactic execution of Lean.Parser.Tactic.tacticSeq1Indented took 0.00379ms
tactic execution of Lean.Parser.Tactic.tacticSeq took 0.00309ms
tactic execution of Lean.Parser.Tactic.withReducible took 0.00403ms
tactic execution of Lean.Parser.Tactic.tacticSeq1Indented took 0.00314ms
tactic execution of Lean.Parser.Tactic.tacticSeq took 0.00256ms
tactic execution of Lean.Parser.Tactic.paren took 0.0027ms
tactic execution of Lean.Parser.Tactic.tacticSeq1Indented took 0.0035ms
tactic execution of Lean.Parser.Tactic.tacticSeq took 0.00281ms
tactic execution of Lean.Parser.Tactic.first took 0.00426ms
tactic execution of Lean.Parser.Tactic.tacticTry_ took 0.00642ms
tactic execution of Lean.Parser.Tactic.tacticSeq1Indented took 0.00314ms
tactic execution of Lean.Parser.Tactic.tacticSeq took 0.00342ms
tactic execution of Lean.Parser.Tactic.paren took 0.00299ms
tactic execution of Lean.Parser.Tactic.withAnnotateState took 0.0151ms
tactic execution of Lean.Parser.Tactic.tacticSeq1Indented took 0.0138ms
tactic execution of Lean.Parser.Tactic.tacticSeq took 0.00494ms
tactic execution of Lean.Parser.Tactic.paren took 0.00462ms
tactic execution of Lean.Parser.Tactic.rwSeq took 0.0115ms
tactic execution of Lean.Parser.Tactic.tacticSeq1Indented took 0.00486ms
tactic execution of Lean.Parser.Tactic.tacticSeq took 0.00348ms
tactic execution of Lean.Parser.Tactic.paren took 0.00345ms
tactic execution of Lean.Parser.Tactic.withAnnotateState took 0.0054ms
tactic execution of Lean.Parser.Tactic.tacticSeq1Indented took 0.00447ms
tactic execution of Lean.Parser.Tactic.tacticSeq took 0.0054ms
tactic execution of Lean.Parser.Tactic.case took 0.138ms
tactic execution of Lean.Parser.Tactic.tacticSeq1Indented took 0.0248ms
tactic execution of Lean.Parser.Tactic.tacticSeq took 0.00724ms
tactic execution of Lean.Parser.Tactic.focus took 0.0102ms
tactic execution of Lean.Parser.Tactic.tacticHave__ took 0.0355ms
typeclass inference of OfNat took 0.112ms
typeclass inference of OfNat took 0.0582ms
typeclass inference of OfNat took 0.075ms
typeclass inference of OfNat took 0.0409ms
typeclass inference of OfNat took 0.0456ms
typeclass inference of OfNat took 0.0382ms
typeclass inference of HAdd took 0.188ms
typeclass inference of HMul took 0.177ms
typeclass inference of HPow took 0.214ms
typeclass inference of HMul took 0.0777ms
typeclass inference of HAdd took 0.0619ms
typeclass inference of LT took 0.0389ms
typeclass inference of OfNat took 0.0542ms
typeclass inference of OfNat took 0.0758ms
typeclass inference of HPow took 0.158ms
typeclass inference of HMul took 0.0624ms
typeclass inference of HAdd took 0.0579ms
typeclass inference of OfNat took 0.0507ms
typeclass inference of HPow took 0.132ms
typeclass inference of HMul took 0.0545ms
typeclass inference of HAdd took 0.049ms
typeclass inference of OfNat took 0.11ms
typeclass inference of HPow took 0.207ms
typeclass inference of HMul took 0.0705ms
typeclass inference of HAdd took 0.0557ms
typeclass inference of OfNat took 0.0549ms
typeclass inference of HPow took 0.133ms
typeclass inference of HMul took 0.0598ms
typeclass inference of HAdd took 0.0506ms
typeclass inference of Pow took 0.0477ms
typeclass inference of NPow took 0.18ms
typeclass inference of OfNat took 0.0478ms
typeclass inference of HMul took 0.193ms
typeclass inference of HAdd took 0.00325ms
tactic execution of Lean.Parser.Tactic.refine took 1.38ms
interpretation of term_=_ took 0.00335ms
interpretation of term_-_ took 0.00161ms
interpretation of term_*_ took 0.000922ms
interpretation of term_=_ took 0.000511ms
interpretation of term_-_ took 0.000491ms
interpretation of term_*_ took 0.000471ms
interpretation of term_=_ took 0.00196ms
interpretation of term_-_ took 0.00121ms
interpretation of term_*_ took 0.000591ms
interpretation of term_^_ took 0.00107ms
interpretation of term_-_ took 0.000651ms
interpretation of term_=_ took 0.000631ms
interpretation of term_-_ took 0.000511ms
interpretation of term_*_ took 0.000401ms
interpretation of term_^_ took 0.000381ms
interpretation of term_-_ took 0.000401ms
interpretation of term_=_ took 0.00174ms
interpretation of term_*_ took 0.000671ms
interpretation of term_=_ took 0.000441ms
interpretation of term_*_ took 0.000451ms
interpretation of term_=_ took 0.00736ms
interpretation of term_+_ took 0.00187ms
interpretation of term_*_ took 0.00045ms
interpretation of term_^_ took 0.000801ms
interpretation of term_=_ took 0.000471ms
interpretation of term_+_ took 0.000421ms
interpretation of term_*_ took 0.000431ms
interpretation of term_^_ took 0.000461ms
typeclass inference of UsesSetNotationForOrder took 0.0202ms
typeclass inference of UsesSetNotationForOrder took 0.0128ms
interpretation of term_↔_ took 0.00168ms
interpretation of term_≤_ took 0.00126ms
interpretation of term_≤_ took 0.000962ms
interpretation of coeNotation took 0.00147ms
interpretation of coeNotation took 0.000561ms
interpretation of termℕ took 0.00862ms
interpretation of term_↔_ took 0.000742ms
interpretation of term_≤_ took 0.000501ms
interpretation of term_≤_ took 0.000641ms
interpretation of coeNotation took 0.000561ms
interpretation of coeNotation took 0.000451ms
interpretation of termℕ took 0.00454ms
typeclass inference of UsesSetNotationForOrder took 0.0182ms
typeclass inference of UsesSetNotationForOrder took 0.0121ms
interpretation of term_↔_ took 0.00164ms
interpretation of term_<_ took 0.00102ms
interpretation of term_<_ took 0.000441ms
interpretation of coeNotation took 0.00111ms
interpretation of coeNotation took 0.000561ms
interpretation of termℕ took 0.0069ms
interpretation of term_↔_ took 0.000572ms
interpretation of term_<_ took 0.00042ms
interpretation of term_<_ took 0.000571ms
interpretation of coeNotation took 0.00036ms
interpretation of coeNotation took 0.000401ms
interpretation of termℕ took 0.00321ms
interpretation of term_↔_ took 0.00126ms
interpretation of term_=_ took 0.000872ms
interpretation of term_=_ took 0.000451ms
interpretation of coeNotation took 0.000731ms
interpretation of coeNotation took 0.000361ms
interpretation of termℕ took 0.00504ms
interpretation of term_↔_ took 0.000491ms
interpretation of term_=_ took 0.000431ms
interpretation of term_=_ took 0.000421ms
interpretation of coeNotation took 0.000331ms
interpretation of coeNotation took 0.00039ms
interpretation of termℕ took 0.00333ms
typeclass inference of UsesSetNotationForOrder took 0.0184ms
interpretation of term_≤_ took 0.00162ms
interpretation of coeNotation took 0.00118ms
interpretation of termℕ took 0.00628ms
interpretation of term_≤_ took 0.000621ms
interpretation of coeNotation took 0.00036ms
interpretation of termℕ took 0.00365ms
interpretation of term_^_ took 0.0032ms
interpretation of term_^_ took 0.000761ms
interpretation of term_*_ took 0.0036ms
interpretation of term_^_ took 0.00154ms
interpretation of term_*_ took 0.000571ms
interpretation of term_^_ took 0.000461ms
tactic execution of PbDiag.pbDumpIr took 13.6ms
typeclass inference of Decidable took 0.257ms
typeclass inference of Decidable took 5.13ms
typeclass inference of Decidable took 0.00467ms
typeclass inference of LE took 0.0355ms
typeclass inference of LE took 0.00443ms
typeclass inference of LE took 0.00393ms
typeclass inference of Decidable took 0.00375ms
typeclass inference of Decidable took 0.00265ms
typeclass inference of LE took 0.00384ms
typeclass inference of LE took 0.00396ms
typeclass inference of LE took 0.00379ms
typeclass inference of Decidable took 0.16ms
typeclass inference of Decidable took 0.0087ms
instantiate metavars took 0.0012ms
tactic execution of Lean.Parser.Tactic.omega took 5.07ms
tactic execution of Lean.Parser.Tactic.tacticSeq1Indented took 0.0258ms
tactic execution of Lean.Parser.Tactic.tacticSeq took 0.00762ms
tactic execution of Lean.Parser.Tactic.paren took 0.00826ms
tactic execution of Lean.Parser.Tactic.withAnnotateState took 0.0169ms
tactic execution of Lean.Parser.Tactic.tacticSeq1Indented took 0.0104ms
tactic execution of Lean.Parser.Tactic.tacticSeq took 0.00528ms
tactic execution of Lean.Parser.Tactic.case took 0.0922ms
tactic execution of Lean.Parser.Tactic.tacticSeq1Indented took 0.0221ms
tactic execution of Lean.Parser.Tactic.tacticSeq took 0.00459ms
tactic execution of Lean.Parser.Tactic.focus took 0.00852ms
tactic execution of Lean.Parser.Tactic.tacticHave__ took 0.0334ms
typeclass inference of OfNat took 1.1ms
typeclass inference of OfNat took 0.0899ms
typeclass inference of OfNat took 0.0511ms
typeclass inference of HAdd took 1.09ms
typeclass inference of HMul took 1ms
typeclass inference of HPow took 0.195ms
typeclass inference of HMul took 0.0859ms
typeclass inference of HAdd took 0.0657ms
typeclass inference of OfNat took 0.0881ms
typeclass inference of HPow took 0.175ms
typeclass inference of HMul took 0.0847ms
typeclass inference of HAdd took 0.0675ms
typeclass inference of OfNat took 0.101ms
typeclass inference of OfNat took 0.0529ms
typeclass inference of OfNat took 0.0601ms
typeclass inference of HPow took 0.15ms
typeclass inference of HMul took 0.101ms
typeclass inference of HAdd took 0.12ms
typeclass inference of OfNat took 0.0597ms
typeclass inference of OfNat took 0.0426ms
typeclass inference of HAdd took 0.169ms
typeclass inference of HMul took 0.163ms
typeclass inference of HPow took 0.209ms
typeclass inference of HMul took 0.0969ms
typeclass inference of HAdd took 0.0607ms
typeclass inference of OfNat took 0.069ms
typeclass inference of HPow took 0.14ms
typeclass inference of HMul took 0.0716ms
typeclass inference of HAdd took 0.0599ms
typeclass inference of OfNat took 0.0552ms
typeclass inference of OfNat took 0.0674ms
typeclass inference of HPow took 0.201ms
typeclass inference of HMul took 0.0897ms
typeclass inference of HAdd took 0.058ms
typeclass inference of OfNat took 0.0562ms
typeclass inference of HPow took 0.155ms
typeclass inference of HMul took 0.0598ms
typeclass inference of HAdd took 0.052ms
typeclass inference of OfNat took 0.044ms
typeclass inference of HPow took 0.117ms
typeclass inference of HMul took 0.055ms
typeclass inference of HAdd took 0.0498ms
typeclass inference of OfNat took 0.0464ms
typeclass inference of HPow took 0.12ms
typeclass inference of HMul took 0.0564ms
typeclass inference of HAdd took 0.057ms
typeclass inference of OfNat took 0.0428ms
typeclass inference of HPow took 0.117ms
typeclass inference of HMul took 0.0514ms
typeclass inference of HAdd took 0.0476ms
typeclass inference of OfNat took 0.0414ms
typeclass inference of HPow took 0.113ms
typeclass inference of HMul took 0.0553ms
typeclass inference of HAdd took 0.0489ms
typeclass inference of OfNat took 0.0401ms
typeclass inference of HPow took 0.114ms
typeclass inference of HMul took 0.0722ms
typeclass inference of HAdd took 0.0552ms
typeclass inference of Pow took 0.0502ms
typeclass inference of CategoryTheory.CartesianMonoidalCategory took 0.0564ms
typeclass inference of CategoryTheory.CartesianMonoidalCategory took 0.00542ms
typeclass inference of NPow took 2.14ms
typeclass inference of OfNat took 0.0448ms
typeclass inference of HMul took 0.908ms
typeclass inference of HAdd took 0.00384ms
typeclass inference of OfNat took 0.0617ms
typeclass inference of HPow took 0.134ms
typeclass inference of HMul took 0.0587ms
typeclass inference of HAdd took 0.0495ms
typeclass inference of OfNat took 0.0449ms
typeclass inference of HPow took 0.125ms
typeclass inference of HMul took 0.0539ms
typeclass inference of HAdd took 0.0495ms
typeclass inference of OfNat took 0.0496ms
typeclass inference of HPow took 0.12ms
typeclass inference of HMul took 0.0544ms
typeclass inference of HAdd took 0.0498ms
typeclass inference of Pow took 0.0451ms
typeclass inference of NPow took 0.0887ms
typeclass inference of OfNat took 0.00349ms
typeclass inference of HMul took 0.149ms
typeclass inference of HAdd took 0.0034ms
tactic execution of Lean.Parser.Tactic.refine took 2.35ms
tactic execution of Lean.Parser.Tactic.rewriteSeq took 0.155ms
tactic execution of Lean.Parser.Tactic.exact took 0.13ms
tactic execution of Lean.Parser.Tactic.exact took 0.0921ms
tactic execution of Lean.Parser.Tactic.eqRefl took 0.00837ms
tactic execution of Lean.Parser.Tactic.applyRfl took 0.0274ms
tactic execution of Lean.Parser.Tactic.tacticRfl took 0.0446ms
tactic execution of Lean.Parser.Tactic.tacticSeq1Indented took 0.00837ms
tactic execution of Lean.Parser.Tactic.tacticSeq took 0.00563ms
tactic execution of Lean.Parser.Tactic.withReducible took 0.00546ms
tactic execution of Lean.Parser.Tactic.tacticSeq1Indented took 0.00533ms
tactic execution of Lean.Parser.Tactic.tacticSeq took 0.00502ms
tactic execution of Lean.Parser.Tactic.paren took 0.0054ms
tactic execution of Lean.Parser.Tactic.tacticSeq1Indented took 0.00449ms
tactic execution of Lean.Parser.Tactic.tacticSeq took 0.0046ms
tactic execution of Lean.Parser.Tactic.skip took 0.00317ms
tactic execution of Lean.Parser.Tactic.tacticSeq1Indented took 0.00361ms
tactic execution of Lean.Parser.Tactic.tacticSeq took 0.0037ms
tactic execution of Lean.Parser.Tactic.first took 0.00853ms
tactic execution of Lean.Parser.Tactic.tacticTry_ took 0.00667ms
tactic execution of Lean.Parser.Tactic.tacticSeq1Indented took 0.00455ms
tactic execution of Lean.Parser.Tactic.tacticSeq took 0.00347ms
tactic execution of Lean.Parser.Tactic.paren took 0.00334ms
tactic execution of Lean.Parser.Tactic.withAnnotateState took 0.00944ms
tactic execution of Lean.Parser.Tactic.tacticSeq1Indented took 0.0136ms
tactic execution of Lean.Parser.Tactic.tacticSeq took 0.0039ms
tactic execution of Lean.Parser.Tactic.paren took 0.00418ms
tactic execution of Lean.Parser.Tactic.rwSeq took 0.00884ms
tactic execution of Lean.Parser.Tactic.exact took 0.0473ms
tactic execution of Lean.Parser.Tactic.tacticSeq1Indented took 0.0109ms
tactic execution of Lean.Parser.Tactic.tacticSeq took 0.00798ms
tactic execution of Lean.Parser.Tactic.rewriteSeq took 2.22ms
tactic execution of Lean.Parser.Tactic.exact took 0.092ms
tactic execution of Lean.Parser.Tactic.exact took 0.0848ms
tactic execution of Lean.Parser.Tactic.eqRefl took 0.0176ms
tactic execution of Lean.Parser.Tactic.tacticRfl took 0.0297ms
tactic execution of Lean.Parser.Tactic.tacticSeq1Indented took 0.00419ms
tactic execution of Lean.Parser.Tactic.tacticSeq took 0.00328ms
tactic execution of Lean.Parser.Tactic.withReducible took 0.00315ms
tactic execution of Lean.Parser.Tactic.tacticSeq1Indented took 0.00293ms
tactic execution of Lean.Parser.Tactic.tacticSeq took 0.00265ms
tactic execution of Lean.Parser.Tactic.paren took 0.00273ms
tactic execution of Lean.Parser.Tactic.tacticSeq1Indented took 0.00371ms
tactic execution of Lean.Parser.Tactic.tacticSeq took 0.00303ms
tactic execution of Lean.Parser.Tactic.first took 0.00346ms
tactic execution of Lean.Parser.Tactic.tacticTry_ took 0.00511ms
tactic execution of Lean.Parser.Tactic.tacticSeq1Indented took 0.00329ms
tactic execution of Lean.Parser.Tactic.tacticSeq took 0.00293ms
tactic execution of Lean.Parser.Tactic.paren took 0.00329ms
tactic execution of Lean.Parser.Tactic.withAnnotateState took 0.0142ms
tactic execution of Lean.Parser.Tactic.tacticSeq1Indented took 0.0141ms
tactic execution of Lean.Parser.Tactic.tacticSeq took 0.00564ms
tactic execution of Lean.Parser.Tactic.paren took 0.00581ms
tactic execution of Lean.Parser.Tactic.rwSeq took 0.0119ms
tactic execution of Lean.Parser.Tactic.tacticSeq1Indented took 0.00507ms
tactic execution of Lean.Parser.Tactic.tacticSeq took 0.00455ms
tactic execution of Lean.Parser.Tactic.paren took 0.00438ms
tactic execution of Lean.Parser.Tactic.withAnnotateState took 0.00709ms
tactic execution of Lean.Parser.Tactic.tacticSeq1Indented took 0.00473ms
tactic execution of Lean.Parser.Tactic.tacticSeq took 0.00485ms
tactic execution of Lean.Parser.Tactic.case took 0.173ms
tactic execution of Lean.Parser.Tactic.tacticSeq1Indented took 0.015ms
tactic execution of Lean.Parser.Tactic.tacticSeq took 0.00551ms
tactic execution of Lean.Parser.Tactic.focus took 0.00995ms
tactic execution of Lean.Parser.Tactic.tacticHave__ took 0.0346ms
typeclass inference of OfNat took 0.0986ms
typeclass inference of OfNat took 0.0501ms
typeclass inference of OfNat took 0.0519ms
typeclass inference of OfNat took 0.0454ms
typeclass inference of OfNat took 0.0377ms
typeclass inference of OfNat took 0.0411ms
typeclass inference of OfNat took 0.0337ms
typeclass inference of OfNat took 0.0314ms
typeclass inference of HMul took 0.164ms
typeclass inference of HMul took 0.00379ms
typeclass inference of HMul took 0.164ms
typeclass inference of HPow took 0.167ms
typeclass inference of HPow took 0.15ms
typeclass inference of HMul took 0.0763ms
typeclass inference of LT took 0.0332ms
typeclass inference of OfNat took 0.045ms
typeclass inference of OfNat took 0.0686ms
typeclass inference of OfNat took 0.00467ms
typeclass inference of OfNat took 0.0691ms
typeclass inference of HPow took 0.14ms
typeclass inference of HPow took 0.182ms
typeclass inference of HMul took 0.0692ms
typeclass inference of OfNat took 0.0644ms
typeclass inference of OfNat took 0.037ms
typeclass inference of HPow took 0.14ms
typeclass inference of HPow took 0.122ms
typeclass inference of HMul took 0.0541ms
typeclass inference of OfNat took 0.047ms
typeclass inference of OfNat took 0.0348ms
typeclass inference of HPow took 0.118ms
typeclass inference of HPow took 0.116ms
typeclass inference of HMul took 0.0498ms
typeclass inference of OfNat took 0.043ms
typeclass inference of OfNat took 0.0348ms
typeclass inference of HPow took 0.114ms
typeclass inference of HPow took 0.111ms
typeclass inference of HMul took 0.0597ms
typeclass inference of Pow took 0.0443ms
typeclass inference of NPow took 0.164ms
typeclass inference of OfNat took 0.0594ms
typeclass inference of OfNat took 0.0702ms
typeclass inference of HPow took 0.154ms
typeclass inference of HMul took 0.068ms
typeclass inference of OfNat took 0.0461ms
typeclass inference of HPow took 0.294ms
typeclass inference of HMul took 0.0648ms
typeclass inference of OfNat took 0.0456ms
typeclass inference of HPow took 0.127ms
typeclass inference of HMul took 0.0544ms
typeclass inference of Pow took 0.0431ms
typeclass inference of NPow took 0.00364ms
typeclass inference of OfNat took 0.0424ms
typeclass inference of HMul took 0.00315ms
typeclass inference of OfNat took 0.0695ms
typeclass inference of OfNat took 0.0481ms
typeclass inference of OfNat took 0.0565ms
typeclass inference of OfNat took 0.044ms
typeclass inference of HMul took 0.00411ms
typeclass inference of HMul took 0.00252ms
typeclass inference of HMul took 0.0384ms
typeclass inference of HPow took 0.149ms
typeclass inference of HMul took 0.0611ms
typeclass inference of LE took 0.0347ms
typeclass inference of OfNat took 0.00374ms
typeclass inference of OfNat took 0.0658ms
typeclass inference of HPow took 0.168ms
typeclass inference of HMul took 0.0579ms
typeclass inference of OfNat took 0.0458ms
typeclass inference of HPow took 0.118ms
typeclass inference of HMul took 0.0539ms
typeclass inference of OfNat took 0.0636ms
typeclass inference of OfNat took 0.0479ms
typeclass inference of OfNat took 0.053ms
typeclass inference of OfNat took 0.0437ms
typeclass inference of OfNat took 0.0398ms
typeclass inference of OfNat took 0.0349ms
typeclass inference of OfNat took 0.0345ms
typeclass inference of OfNat took 0.0322ms
typeclass inference of HMul took 0.00411ms
typeclass inference of HPow took 0.147ms
typeclass inference of HPow took 0.141ms
typeclass inference of HMul took 0.0602ms
typeclass inference of LT took 0.00381ms
typeclass inference of OfNat took 0.00343ms
typeclass inference of OfNat took 0.0554ms
typeclass inference of OfNat took 0.00345ms
typeclass inference of OfNat took 0.0473ms
typeclass inference of HPow took 0.134ms
typeclass inference of HPow took 0.121ms
typeclass inference of HMul took 0.0526ms
typeclass inference of OfNat took 0.0446ms
typeclass inference of OfNat took 0.0355ms
typeclass inference of HPow took 0.12ms
typeclass inference of HPow took 0.157ms
typeclass inference of HMul took 0.0543ms
typeclass inference of OfNat took 0.00546ms
typeclass inference of HPow took 0.279ms
typeclass inference of HMul took 0.00307ms
typeclass inference of OfNat took 0.00258ms
typeclass inference of OfNat took 0.00193ms
typeclass inference of HPow took 0.00178ms
typeclass inference of HPow took 0.00153ms
typeclass inference of HMul took 0.00175ms
typeclass inference of Trans took 0.243ms
typeclass inference of LE took 0.242ms
typeclass inference of LE took 0.0754ms
typeclass inference of Zero took 0.143ms
typeclass inference of PartialOrder took 0.0499ms
typeclass inference of Ring took 1.07ms
typeclass inference of AddMonoidWithOne took 0.0399ms
norm_num took 0.276ms
typeclass inference of Semiring took 0.0346ms
typeclass inference of PartialOrder took 0.00276ms
typeclass inference of CommSemiring took 0.0276ms
typeclass inference of IsOrderedRing took 0.934ms
typeclass inference of Nontrivial took 0.0494ms
typeclass inference of Semiring took 0.0032ms
typeclass inference of IsStrictOrderedRing took 0.0322ms
tactic execution of Mathlib.Tactic.Positivity.positivity took 1.11ms
tactic execution of Lean.Parser.Tactic.tacticSeq1Indented took 0.0113ms
tactic execution of Lean.Parser.Tactic.tacticSeq took 0.0183ms
tactic execution of Lean.Parser.Tactic.refine took 6.31ms
tactic execution of Lean.Parser.Tactic.rotateRight took 0.0111ms
tactic execution of Lean.Parser.Tactic.tacticSeq1Indented took 0.0138ms
tactic execution of Lean.Parser.Tactic.tacticSeq took 0.00508ms
tactic execution of Lean.Parser.Tactic.paren took 0.0047ms
tactic execution of Lean.Parser.Tactic.tacticSeq1Indented took 0.00566ms
tactic execution of Lean.Parser.Tactic.tacticSeq took 0.00993ms
tactic execution of Lean.Parser.Tactic.focus took 0.00905ms
tactic execution of Lean.Parser.Tactic.tacticRefine_lift_ took 0.00902ms
tactic execution of Lean.Parser.Tactic.tacticHave__ took 0.027ms
typeclass inference of HMul took 0.186ms
typeclass inference of HMul took 0.16ms
typeclass inference of LT took 0.0324ms
tactic execution of Lean.Parser.Tactic.refine took 0.614ms
interpretation of term_=_ took 0.00398ms
interpretation of term_-_ took 0.00185ms
interpretation of term_*_ took 0.0011ms
interpretation of term_=_ took 0.000491ms
interpretation of term_-_ took 0.000521ms
interpretation of term_*_ took 0.000421ms
interpretation of term_=_ took 0.00172ms
interpretation of term_-_ took 0.000621ms
interpretation of term_*_ took 0.000481ms
interpretation of term_^_ took 0.00123ms
interpretation of term_-_ took 0.000511ms
interpretation of term_=_ took 0.000431ms
interpretation of term_-_ took 0.000401ms
interpretation of term_*_ took 0.000461ms
interpretation of term_^_ took 0.000421ms
interpretation of term_-_ took 0.000391ms
interpretation of term_=_ took 0.00148ms
interpretation of term_*_ took 0.000581ms
interpretation of term_=_ took 0.000441ms
interpretation of term_*_ took 0.000421ms
interpretation of term_=_ took 0.00179ms
interpretation of term_+_ took 0.00194ms
interpretation of term_*_ took 0.000511ms
interpretation of term_^_ took 0.000511ms
interpretation of term_=_ took 0.000471ms
interpretation of term_+_ took 0.000571ms
interpretation of term_*_ took 0.000411ms
interpretation of term_^_ took 0.000401ms
typeclass inference of UsesSetNotationForOrder took 0.0418ms
typeclass inference of UsesSetNotationForOrder took 0.0125ms
interpretation of term_↔_ took 0.00187ms
interpretation of term_≤_ took 0.00118ms
interpretation of term_≤_ took 0.000481ms
interpretation of coeNotation took 0.00123ms
interpretation of coeNotation took 0.000401ms
interpretation of termℕ took 0.00627ms
interpretation of term_↔_ took 0.000671ms
interpretation of term_≤_ took 0.000471ms
interpretation of term_≤_ took 0.00046ms
interpretation of coeNotation took 0.000371ms
interpretation of coeNotation took 0.000361ms
interpretation of termℕ took 0.00369ms
typeclass inference of UsesSetNotationForOrder took 0.0226ms
typeclass inference of UsesSetNotationForOrder took 0.0114ms
interpretation of term_↔_ took 0.00133ms
interpretation of term_<_ took 0.000891ms
interpretation of term_<_ took 0.000451ms
interpretation of coeNotation took 0.000812ms
interpretation of coeNotation took 0.000341ms
interpretation of termℕ took 0.00518ms
interpretation of term_↔_ took 0.000531ms
interpretation of term_<_ took 0.000501ms
interpretation of term_<_ took 0.000481ms
interpretation of coeNotation took 0.000371ms
interpretation of coeNotation took 0.000381ms
interpretation of termℕ took 0.00338ms
interpretation of term_↔_ took 0.00129ms
interpretation of term_=_ took 0.000912ms
interpretation of term_=_ took 0.000421ms
interpretation of coeNotation took 0.000411ms
interpretation of coeNotation took 0.000361ms
interpretation of termℕ took 0.00383ms
interpretation of term_↔_ took 0.000501ms
interpretation of term_=_ took 0.000411ms
interpretation of term_=_ took 0.000421ms
interpretation of coeNotation took 0.00033ms
interpretation of coeNotation took 0.000381ms
interpretation of termℕ took 0.00314ms
typeclass inference of UsesSetNotationForOrder took 0.0363ms
interpretation of term_≤_ took 0.00248ms
interpretation of coeNotation took 0.001ms
interpretation of termℕ took 0.00875ms
interpretation of term_≤_ took 0.00124ms
interpretation of coeNotation took 0.000792ms
interpretation of termℕ took 0.00629ms
interpretation of term_*_ took 0.00206ms
interpretation of term_*_ took 0.000621ms
interpretation of term_^_ took 0.00387ms
interpretation of term_^_ took 0.00142ms
interpretation of term_*_ took 0.0034ms
interpretation of term_^_ took 0.00337ms
interpretation of term_*_ took 0.00108ms
interpretation of term_^_ took 0.000961ms
interpretation of term_+_ took 0.00222ms
interpretation of term_*_ took 0.000852ms
interpretation of term_^_ took 0.000611ms
interpretation of term_+_ took 0.000581ms
interpretation of term_*_ took 0.000501ms
interpretation of term_^_ took 0.000431ms
tactic execution of PbDiag.pbDumpIr took 15.4ms
typeclass inference of Decidable took 0.187ms
typeclass inference of LE took 0.0471ms
typeclass inference of LE took 0.00541ms
typeclass inference of LE took 0.00491ms
typeclass inference of Decidable took 0.177ms
typeclass inference of Decidable took 0.00409ms
instantiate metavars took 0.00148ms
tactic execution of Lean.Parser.Tactic.omega took 4.36ms
tactic execution of Lean.Parser.Tactic.tacticSeq1Indented took 0.0305ms
tactic execution of Lean.Parser.Tactic.tacticSeq took 0.00481ms
tactic execution of Lean.Parser.Tactic.paren took 0.00522ms
tactic execution of Lean.Parser.Tactic.withAnnotateState took 0.00853ms
tactic execution of Lean.Parser.Tactic.tacticSeq1Indented took 0.00581ms
tactic execution of Lean.Parser.Tactic.tacticSeq took 0.00522ms
tactic execution of Lean.Parser.Tactic.case took 0.0306ms
tactic execution of Lean.Parser.Tactic.tacticSeq1Indented took 0.0144ms
tactic execution of Lean.Parser.Tactic.tacticSeq took 0.00517ms
tactic execution of Lean.Parser.Tactic.focus took 0.00918ms
tactic execution of Lean.Parser.Tactic.tacticHave__ took 0.0267ms
typeclass inference of HMul took 1.39ms
typeclass inference of HMul took 1.12ms
typeclass inference of HMul took 0.182ms
typeclass inference of HMul took 0.161ms
tactic execution of Lean.Parser.Tactic.refine took 1.19ms
tactic execution of Lean.Parser.Tactic.rotateRight took 0.00792ms
tactic execution of Lean.Parser.Tactic.tacticSeq1Indented took 0.0153ms
tactic execution of Lean.Parser.Tactic.tacticSeq took 0.00478ms
tactic execution of Lean.Parser.Tactic.paren took 0.00427ms
tactic execution of Lean.Parser.Tactic.tacticSeq1Indented took 0.00557ms
tactic execution of Lean.Parser.Tactic.tacticSeq took 0.00581ms
tactic execution of Lean.Parser.Tactic.focus took 0.00879ms
tactic execution of Lean.Parser.Tactic.tacticRefine_lift_ took 0.0101ms
tactic execution of Lean.Parser.Tactic.tacticHave__ took 0.0285ms
tactic execution of Lean.Parser.Tactic.rewriteSeq took 0.82ms
tactic execution of Lean.Parser.Tactic.exact took 0.15ms
tactic execution of Lean.Parser.Tactic.exact took 0.0995ms
tactic execution of Lean.Parser.Tactic.eqRefl took 0.0163ms
tactic execution of Lean.Parser.Tactic.tacticRfl took 0.0447ms
tactic execution of Lean.Parser.Tactic.tacticSeq1Indented took 0.00576ms
tactic execution of Lean.Parser.Tactic.tacticSeq took 0.00482ms
tactic execution of Lean.Parser.Tactic.withReducible took 0.00664ms
tactic execution of Lean.Parser.Tactic.tacticSeq1Indented took 0.00569ms
tactic execution of Lean.Parser.Tactic.tacticSeq took 0.00478ms
tactic execution of Lean.Parser.Tactic.paren took 0.00291ms
tactic execution of Lean.Parser.Tactic.tacticSeq1Indented took 0.00321ms
tactic execution of Lean.Parser.Tactic.tacticSeq took 0.00267ms
tactic execution of Lean.Parser.Tactic.first took 0.00699ms
tactic execution of Lean.Parser.Tactic.tacticTry_ took 0.00896ms
tactic execution of Lean.Parser.Tactic.tacticSeq1Indented took 0.00409ms
tactic execution of Lean.Parser.Tactic.taparsing took 0.00132ms
interpretation of PbDiag.pbDumpIr took 0.0361ms
interpretation of PbDiag.pbDumpIr took 0.0153ms
interpretation of PbDiag.pbDumpIr took 0.0148ms
interpretation of PbDiag.pbDumpIr took 0.0117ms
interpretation of PbDiag.pbDumpIr took 0.0118ms
interpretation of PbDiag.pbDumpIr took 0.0103ms
interpretation of PbDiag.pbDumpIr took 0.00927ms
interpretation of PbDiag.pbDumpIr took 0.00913ms
cticSeq took 0.00333ms
tactic execution of Lean.Parser.Tactic.paren took 0.00336ms
tactic execution of Lean.Parser.Tactic.withAnnotateState took 0.0271ms
tactic execution of Lean.Parser.Tactic.tacticSeq1Indented took 0.0127ms
tactic execution of Lean.Parser.Tactic.tacticSeq took 0.00384ms
tactic execution of Lean.Parser.Tactic.paren took 0.00413ms
tactic execution of Lean.Parser.Tactic.rwSeq took 0.0551ms
tactic execution of Lean.Parser.Tactic.tacticSeq1Indented took 0.0909ms
tactic execution of Lean.Parser.Tactic.tacticSeq took 0.0204ms
instantiate metavars took 0.301ms
instantiate metavars took 0.000632ms
instantiate metavars took 0.00015ms
instantiate metavars took 0.000231ms
instantiate metavars took 0.00012ms
share common exprs took 1.89ms
fix level params took 0.172ms
let-to-have transformation took 0.0202ms
attribute application took 0.0065ms
attribute application took 0.00191ms
process pre-definitions took 1.53ms
elaboration took 1.48ms
type checking took 3.32ms
type checking took 13.7ms
type checking took 12.5ms
type checking took 6.4ms
type checking took 8.38ms
ir/CarryLiftDump.lean:95:4: warning: 'pb_dump_ir"ir/O1.json"' tactic does nothing

Note: This linter can be disabled with `set_option linter.unusedTactic false`
ir/CarryLiftDump.lean:99:4: warning: 'pb_dump_ir"ir/O2.json"' tactic does nothing

Note: This linter can be disabled with `set_option linter.unusedTactic false`
ir/CarryLiftDump.lean:104:4: warning: 'pb_dump_ir"ir/O3.json"' tactic does nothing

Note: This linter can be disabled with `set_option linter.unusedTactic false`
ir/CarryLiftDump.lean:113:4: warning: 'pb_dump_ir"ir/O4.json"' tactic does nothing

Note: This linter can be disabled with `set_option linter.unusedTactic false`
overlappingInstancesLinter took 0.266ms
tacticAnalysis took 3.79ms
linting took 16.5ms
attribute application took 0.00195ms
typeclass inference of OfNat took 0.0842ms
typeclass inference of OfNat took 0.0421ms
typeclass inference of HSub took 0.881ms
typeclass inference of HMul took 0.913ms
typeclass inference of HMul took 0.789ms
typeclass inference of HSub took 0.737ms
typeclass inference of OfNat took 0.803ms
typeclass inference of OfNat took 0.0725ms
typeclass inference of OfNat took 0.0468ms
typeclass inference of OfNat took 0.0438ms
typeclass inference of OfNat took 0.0342ms
typeclass inference of OfNat took 0.0406ms
typeclass inference of OfNat took 0.0357ms
typeclass inference of OfNat took 0.0318ms
typeclass inference of OfNat took 0.0326ms
typeclass inference of HSub took 0.00476ms
typeclass inference of HSub took 0.00244ms
typeclass inference of HMul took 0.00258ms
typeclass inference of HSub took 0.0363ms
typeclass inference of HPow took 0.221ms
typeclass inference of HMul took 0.0794ms
typeclass inference of HSub took 0.057ms
typeclass inference of OfNat took 0.887ms
typeclass inference of OfNat took 0.0629ms
typeclass inference of OfNat took 0.00414ms
typeclass inference of HPow took 0.129ms
typeclass inference of HMul took 0.0578ms
typeclass inference of HSub took 0.0492ms
typeclass inference of OfNat took 0.043ms
typeclass inference of HPow took 0.107ms
typeclass inference of HMul took 0.0525ms
typeclass inference of HSub took 0.0452ms
typeclass inference of OfNat took 0.0708ms
typeclass inference of OfNat took 0.0712ms
typeclass inference of OfNat took 0.0494ms
typeclass inference of OfNat took 0.0316ms
typeclass inference of HPow took 0.14ms
typeclass inference of LE took 0.0318ms
typeclass inference of OfNat took 0.0371ms
typeclass inference of OfNat took 0.0479ms
typeclass inference of HPow took 0.116ms
typeclass inference of OfNat took 0.0387ms
typeclass inference of HPow took 0.109ms
typeclass inference of OfNat took 0.058ms
typeclass inference of OfNat took 0.0426ms
typeclass inference of OfNat took 0.0347ms
typeclass inference of OfNat took 0.0302ms
typeclass inference of HPow took 0.153ms
typeclass inference of LT took 0.0342ms
typeclass inference of OfNat took 0.00359ms
typeclass inference of OfNat took 0.0517ms
typeclass inference of HPow took 0.113ms
typeclass inference of OfNat took 0.0376ms
typeclass inference of HPow took 0.108ms
typeclass inference of OfNat took 0.0561ms
typeclass inference of OfNat took 0.057ms
typeclass inference of OfNat took 0.0603ms
typeclass inference of OfNat took 0.0412ms
typeclass inference of HPow took 0.462ms
typeclass inference of LT took 0.00598ms
typeclass inference of OfNat took 0.00397ms
typeclass inference of OfNat took 0.0827ms
typeclass inference of HPow took 0.136ms
typeclass inference of OfNat took 0.0455ms
typeclass inference of HPow took 0.118ms
typeclass inference of OfNat took 0.0639ms
typeclass inference of OfNat took 0.0469ms
typeclass inference of OfNat took 0.037ms
typeclass inference of OfNat took 0.0333ms
typeclass inference of HPow took 0.142ms
typeclass inference of LT took 0.00437ms
typeclass inference of OfNat took 0.00311ms
typeclass inference of OfNat took 0.0606ms
typeclass inference of HPow took 0.127ms
typeclass inference of OfNat took 0.048ms
typeclass inference of HPow took 0.121ms
typeclass inference of OfNat took 0.0757ms
typeclass inference of OfNat took 0.0521ms
typeclass inference of OfNat took 0.0559ms
typeclass inference of OfNat took 0.0388ms
typeclass inference of HMul took 0.151ms
typeclass inference of HAdd took 0.145ms
typeclass inference of HMul took 0.00365ms
typeclass inference of HMul took 0.214ms
typeclass inference of HPow took 0.156ms
typeclass inference of HMul took 0.0696ms
typeclass inference of HAdd took 0.0597ms
typeclass inference of OfNat took 0.00397ms
typeclass inference of OfNat took 0.0661ms
typeclass inference of HPow took 0.14ms
typeclass inference of HMul took 0.0614ms
typeclass inference of HAdd took 0.0532ms
typeclass inference of OfNat took 0.0548ms
typeclass inference of HPow took 0.121ms
typeclass inference of HMul took 0.0549ms
typeclass inference of HAdd took 0.0495ms
typeclass inference of OfNat took 0.0549ms
typeclass inference of HPow took 0.141ms
typeclass inference of HMul took 0.0601ms
typeclass inference of HSub took 0.0588ms
typeclass inference of OfNat took 0.0514ms
typeclass inference of HPow took 0.12ms
typeclass inference of OfNat took 0.0468ms
typeclass inference of HPow took 0.119ms
typeclass inference of OfNat took 0.0455ms
typeclass inference of HPow took 0.126ms
typeclass inference of OfNat took 0.0425ms
typeclass inference of HPow took 0.113ms
typeclass inference of OfNat took 0.0475ms
typeclass inference of HPow took 0.113ms
typeclass inference of HMul took 0.0535ms
typeclass inference of HAdd took 0.0484ms
typeclass inference of OfNat took 0.0421ms
typeclass inference of HPow took 0.113ms
typeclass inference of HMul took 0.0548ms
typeclass inference of HSub took 0.0493ms
typeclass inference of OfNat took 0.04ms
typeclass inference of HPow took 0.123ms
typeclass inference of OfNat took 0.0717ms
typeclass inference of HPow took 0.131ms
typeclass inference of OfNat took 0.04ms
typeclass inference of HPow took 0.119ms
typeclass inference of OfNat took 0.0397ms
typeclass inference of HPow took 0.106ms
typeclass inference of OfNat took 0.0382ms
typeclass inference of HPow took 0.104ms
typeclass inference of HMul took 0.0512ms
typeclass inference of HAdd took 0.0474ms
typeclass inference of Pow took 0.042ms
typeclass inference of CategoryTheory.CartesianMonoidalCategory took 0.0683ms
typeclass inference of CategoryTheory.CartesianMonoidalCategory took 0.00537ms
typeclass inference of NPow took 2.01ms
typeclass inference of OfNat took 0.0468ms
typeclass inference of HMul took 0.0496ms
typeclass inference of HSub took 0.00526ms
typeclass inference of OfNat took 0.0682ms
typeclass inference of HPow took 0.137ms
typeclass inference of OfNat took 0.0457ms
typeclass inference of HPow took 0.122ms
typeclass inference of OfNat took 0.0419ms
typeclass inference of HPow took 0.117ms
typeclass inference of OfNat took 0.0395ms
typeclass inference of HPow took 0.112ms
typeclass inference of OfNat took 0.0393ms
typeclass inference of HPow took 0.109ms
typeclass inference of HMul took 0.0545ms
typeclass inference of HAdd took 0.0517ms
typeclass inference of OfNat took 0.0606ms
typeclass inference of HPow took 0.117ms
typeclass inference of OfNat took 0.039ms
typeclass inference of HPow took 0.109ms
typeclass inference of OfNat took 0.0393ms
typeclass inference of HPow took 0.11ms
typeclass inference of OfNat took 0.0396ms
typeclass inference of HPow took 0.138ms
typeclass inference of OfNat took 0.0798ms
typeclass inference of HPow took 0.145ms
typeclass inference of HMul took 0.0587ms
typeclass inference of HAdd took 0.0587ms
typeclass inference of OfNat took 0.0483ms
typeclass inference of HPow took 0.126ms
typeclass inference of OfNat took 0.0426ms
typeclass inference of HPow took 0.12ms
typeclass inference of OfNat took 0.0636ms
typeclass inference of HPow took 0.152ms
typeclass inference of OfNat took 0.0444ms
typeclass inference of HPow took 0.119ms
typeclass inference of OfNat took 0.0471ms
typeclass inference of HPow took 0.12ms
typeclass inference of HMul took 0.0598ms
typeclass inference of HAdd took 0.0575ms
typeclass inference of Pow took 0.044ms
typeclass inference of NPow took 0.101ms
typeclass inference of OfNat took 0.0429ms
typeclass inference of OfNat took 0.047ms
typeclass inference of HPow took 0.128ms
typeclass inference of OfNat took 0.043ms
typeclass inference of HPow took 0.112ms
typeclass inference of OfNat took 0.0393ms
typeclass inference of HPow took 0.111ms
typeclass inference of OfNat took 0.047ms
typeclass inference of HPow took 0.109ms
typeclass inference of HMul took 0.055ms
typeclass inference of HAdd took 0.0476ms
typeclass inference of OfNat took 0.0404ms
typeclass inference of HPow took 0.108ms
typeclass inference of OfNat took 0.0383ms
typeclass inference of HPow took 0.106ms
typeclass inference of OfNat took 0.038ms
typeclass inference of HPow took 0.121ms
typeclass inference of OfNat took 0.0588ms
typeclass inference of HPow took 0.113ms
typeclass inference of HMul took 0.0522ms
typeclass inference of HAdd took 0.0563ms
typeclass inference of OfNat took 0.0414ms
typeclass inference of HPow took 0.108ms
typeclass inference of OfNat took 0.038ms
typeclass inference of HPow took 0.107ms
typeclass inference of OfNat took 0.0376ms
typeclass inference of HPow took 0.106ms
typeclass inference of OfNat took 0.0377ms
typeclass inference of HPow took 0.107ms
typeclass inference of HMul took 0.0525ms
typeclass inference of HAdd took 0.0465ms
typeclass inference of Pow took 0.0432ms
typeclass inference of NPow took 0.00464ms
typeclass inference of OfNat took 0.00388ms
typeclass inference of OfNat took 0.0584ms
typeclass inference of HPow took 0.116ms
typeclass inference of OfNat took 0.0386ms
typeclass inference of HPow took 0.128ms
typeclass inference of OfNat took 0.0376ms
typeclass inference of HPow took 0.106ms
typeclass inference of HMul took 0.0516ms
typeclass inference of HAdd took 0.0468ms
typeclass inference of OfNat took 0.0396ms
typeclass inference of HPow took 0.106ms
typeclass inference of OfNat took 0.0382ms
typeclass inference of HPow took 0.106ms
typeclass inference of OfNat took 0.0671ms
typeclass inference of HPow took 0.136ms
typeclass inference of HMul took 0.0517ms
typeclass inference of HAdd took 0.047ms
typeclass inference of OfNat took 0.0409ms
typeclass inference of HPow took 0.108ms
typeclass inference of OfNat took 0.0382ms
typeclass inference of HPow took 0.109ms
typeclass inference of OfNat took 0.0371ms
typeclass inference of HPow took 0.107ms
typeclass inference of HMul took 0.0819ms
typeclass inference of HAdd took 0.0759ms
typeclass inference of Pow took 0.0506ms
typeclass inference of NPow took 0.00474ms
typeclass inference of OfNat took 0.00353ms
typeclass inference of OfNat took 0.0538ms
typeclass inference of HPow took 0.139ms
typeclass inference of OfNat took 0.0692ms
typeclass inference of HPow took 0.138ms
typeclass inference of HMul took 0.0552ms
typeclass inference of HAdd took 0.0541ms
typeclass inference of OfNat took 0.0452ms
typeclass inference of HPow took 0.118ms
typeclass inference of OfNat took 0.0412ms
typeclass inference of HPow took 0.116ms
typeclass inference of HMul took 0.0649ms
typeclass inference of HAdd took 0.0515ms
typeclass inference of OfNat took 0.0449ms
typeclass inference of HPow took 0.116ms
typeclass inference of OfNat took 0.0404ms
typeclass inference of HPow took 0.11ms
typeclass inference of HMul took 0.0512ms
typeclass inference of HAdd took 0.0476ms
typeclass inference of Pow took 0.0401ms
typeclass inference of NPow took 0.00329ms
typeclass inference of OfNat took 0.00301ms
typeclass inference of OfNat took 0.0446ms
typeclass inference of HPow took 0.119ms
typeclass inference of HMul took 0.052ms
typeclass inference of HAdd took 0.0482ms
typeclass inference of OfNat took 0.0432ms
typeclass inference of HPow took 0.111ms
typeclass inference of HMul took 0.0502ms
typeclass inference of HAdd took 0.0462ms
typeclass inference of OfNat took 0.039ms
typeclass inference of HPow took 0.108ms
typeclass inference of HMul took 0.0506ms
typeclass inference of HAdd took 0.0466ms
typeclass inference of Pow took 0.0557ms
typeclass inference of NPow took 0.00474ms
typeclass inference of OfNat took 0.00332ms
typeclass inference of HMul took 0.0412ms
typeclass inference of HAdd took 0.00441ms
instantiate metavars took 0.0275ms
instantiate metavars took 0.000351ms
typeclass inference of AddMonoidWithOne took 0.0438ms
norm_num took 0.231ms
typeclass inference of AddMonoidWithOne took 0.00545ms
norm_num took 0.0505ms
norm_num took 0.331ms
typeclass inference of Semiring took 0.0424ms
typeclass inference of AddMonoidWithOne took 0.0031ms
norm_num took 0.0537ms
norm_num took 0.686ms
norm_num took 0.0133ms
norm_num took 0.177ms
congr simp thm took 0.0347ms
norm_num took 0.0054ms
norm_num took 0.00253ms
typeclass inference of AddMonoidWithOne took 0.00593ms
norm_num took 0.098ms
typeclass inference of AddMonoidWithOne took 0.00318ms
norm_num took 0.041ms
norm_num took 0.126ms
typeclass inference of Semiring took 0.00347ms
typeclass inference of AddMonoidWithOne took 0.00227ms
norm_num took 0.0453ms
norm_num took 0.145ms
norm_num took 0.00432ms
typeclass inference of Preorder took 0.146ms
typeclass inference of Preorder took 0.0534ms
typeclass inference of AddMonoidWithOne took 0.00537ms
norm_num took 0.108ms
typeclass inference of AddMonoidWithOne took 0.00342ms
norm_num took 0.0458ms
typeclass inference of LT took 0.0342ms
typeclass inference of Semiring took 0.00271ms
typeclass inference of PartialOrder took 0.0403ms
typeclass inference of CommSemiring took 0.0297ms
typeclass inference of IsOrderedRing took 1.22ms
typeclass inference of CharZero took 0.0432ms
norm_num took 0.229ms
tactic execution of Mathlib.Tactic.normNum took 1.64ms
tactic execution of Lean.Parser.Tactic.tacticSeq1Indented took 0.0103ms
tactic execution of Lean.Parser.Tactic.tacticSeq took 0.0164ms
typeclass inference of AddMonoidWithOne took 0.0356ms
norm_num took 0.103ms
typeclass inference of AddMonoidWithOne took 0.00377ms
norm_num took 0.0527ms
norm_num took 0.203ms
typeclass inference of Semiring took 0.0346ms
typeclass inference of AddMonoidWithOne took 0.00276ms
norm_num took 0.056ms
norm_num took 0.317ms
norm_num took 0.015ms
norm_num took 0.0917ms
congr simp thm took 0.00525ms
norm_num took 0.00417ms
norm_num took 0.00252ms
typeclass inference of AddMonoidWithOne took 0.00547ms
norm_num took 0.0835ms
typeclass inference of AddMonoidWithOne took 0.00324ms
norm_num took 0.0394ms
norm_num took 0.1ms
typeclass inference of Semiring took 0.00485ms
typeclass inference of AddMonoidWithOne took 0.00205ms
norm_num took 0.0416ms
norm_num took 0.137ms
norm_num took 0.00421ms
typeclass inference of Preorder took 0.147ms
typeclass inference of Preorder took 0.0533ms
typeclass inference of AddMonoidWithOne took 0.00513ms
norm_num took 0.145ms
typeclass inference of AddMonoidWithOne took 0.00338ms
norm_num took 0.0472ms
typeclass inference of LT took 0.0339ms
typeclass inference of Semiring took 0.00227ms
typeclass inference of PartialOrder took 0.045ms
typeclass inference of CommSemiring took 0.0269ms
typeclass inference of IsOrderedRing took 2.87ms
typeclass inference of CharZero took 0.0999ms
norm_num took 0.251ms
tactic execution of Mathlib.Tactic.normNum took 1.08ms
tactic execution of Lean.Parser.Tactic.tacticSeq1Indented took 0.0297ms
tactic execution of Lean.Parser.Tactic.tacticSeq took 0.0453ms
instantiate metavars took 0.00619ms
instantiate metavars took 0.00022ms
instantiate metavars took 0.00014ms
instantiate metavars took 0.00015ms
instantiate metavars took 0.000101ms
share common exprs took 0.409ms
fix level params took 0.0342ms
attribute application took 0.00333ms
attribute application took 0.000781ms
process pre-definitions took 0.499ms
elaboration took 8.09ms
type checking took 2.65ms
overlappingInstancesLinter took 0.15ms
tacticAnalysis took 0.925ms
linting took 4.48ms
elaboration took 0.164ms
overlappingInstancesLinter took 0.0513ms
tacticAnalysis took 0.219ms
linting took 1.76ms
'RmsNorm.carry_stage_lift' depends on axioms: [propext, Classical.choice, Quot.sound]
elaboration took 185ms
overlappingInstancesLinter took 0.043ms
tacticAnalysis took 0.217ms
linting took 1.73ms
'RmsNorm.carry_stage_lift_production' depends on axioms: [propext, Classical.choice, Quot.sound]
elaboration took 1.92ms
overlappingInstancesLinter took 0.0289ms
tacticAnalysis took 0.295ms
linting took 1.26ms
elaboration took 0.0182ms
overlappingInstancesLinter took 0.0383ms
tacticAnalysis took 0.179ms
linting took 1.05ms
module linting took 0.00116ms
cumulative profiling times:
	attribute application 0.046ms
	congr simp thm 0.185ms
	elaboration 217ms
	fix level params 0.381ms
	instantiate metavars 0.782ms
	interpretation 0.479ms
	let-to-have transformation 0.0949ms
	linting 69.9ms
	module linting 0.000922ms
	norm_num 10.8ms
	overlappingInstancesLinter 2.01ms
	parsing 5.72ms
	process pre-definitions 4.21ms
	ring 13ms
	share common exprs 4.82ms
	simp 2.77ms
	tactic execution 185ms
	tacticAnalysis 15.1ms
	type checking 82.9ms
	typeclass inference 311ms
PEAK_RSS_BYTES=725622784
EXIT=0 WALL=6.1s CAP=8G
