parsing took 0.0143ms
parsing took 0.58ms
parsing took 0.446ms
parsing took 0.477ms
overlappingInstancesLinter took 0.0567ms
tacticAnalysis took 0.883ms
linting took 3.9ms
elaboration took 0.292ms
overlappingInstancesLinter took 0.0783ms
tacticAnalysis took 0.865ms
linting took 3.62ms
attribute application took 0.00386ms
typeclass inference of HAdd took 0.28ms
typeclass inference of HAdd took 0.14ms
typeclass inference of LT took 0.0413ms
typeclass inference of HAdd took 1.59ms
typeclass inference of HAdd took 1.67ms
typeclass inference of HAdd took 0.00456ms
typeclass inference of HAdd took 0.0361ms
instantiate metavars took 0.00529ms
instantiate metavars took 0.00024ms
let-to-have transformation took 0.0112ms
attribute application took 0.00228ms
attribute application took 0.000952ms
elaboration took 2.37ms
typeclass inference of NeZero took 0.28ms
typeclass inference of NeZero took 0.0978ms
typeclass inference of NeZero took 0.0338ms
tactic execution of Lean.Parser.Tactic.rewriteSeq took 0.999ms
tactic execution of Lean.Parser.Tactic.exact took 0.106ms
tactic execution of Lean.Parser.Tactic.exact took 0.0804ms
tactic execution of Lean.Parser.Tactic.eqRefl took 0.0118ms
tactic execution of Lean.Parser.Tactic.tacticRfl took 0.0377ms
tactic execution of Lean.Parser.Tactic.tacticSeq1Indented took 0.00513ms
tactic execution of Lean.Parser.Tactic.tacticSeq took 0.00448ms
tactic execution of Lean.Parser.Tactic.withReducible took 0.00797ms
tactic execution of Lean.Parser.Tactic.tacticSeq1Indented took 0.00613ms
tactic execution of Lean.Parser.Tactic.tacticSeq took 0.00374ms
tactic execution of Lean.Parser.Tactic.paren took 0.00435ms
tactic execution of Lean.Parser.Tactic.tacticSeq1Indented took 0.00461ms
tactic execution of Lean.Parser.Tactic.tacticSeq took 0.00752ms
tactic execution of Lean.Parser.Tactic.first took 0.00616ms
tactic execution of Lean.Parser.Tactic.tacticTry_ took 0.0112ms
tactic execution of Lean.Parser.Tactic.tacticSeq1Indented took 0.00463ms
tactic execution of Lean.Parser.Tactic.tacticSeq took 0.00491ms
tactic execution of Lean.Parser.Tactic.paren took 0.00309ms
tactic execution of Lean.Parser.Tactic.withAnnotateState took 0.0158ms
tactic execution of Lean.Parser.Tactic.tacticSeq1Indented took 0.0183ms
tactic execution of Lean.Parser.Tactic.tacticSeq took 0.0079ms
tactic execution of Lean.Parser.Tactic.paren took 0.0107ms
tactic execution of Lean.Parser.Tactic.rwSeq took 0.0309ms
tactic execution of Lean.Parser.Tactic.tacticSeq1Indented took 0.0128ms
tactic execution of Lean.Parser.Tactic.tacticSeq took 0.0223ms
instantiate metavars took 0.00454ms
instantiate metavars took 0.00022ms
instantiate metavars took 0.00011ms
instantiate metavars took 0.00011ms
instantiate metavars took 0.000111ms
share common exprs took 0.0486ms
fix level params took 0.0107ms
let-to-have transformation took 0.00288ms
attribute application took 0.00138ms
attribute application took 0.000661ms
process pre-definitions took 0.127ms
elaboration took 0.422ms
type checking took 0.452ms
overlappingInstancesLinter took 0.276ms
tacticAnalysis took 0.6ms
linting took 3.92ms
attribute application took 0.00165ms
typeclass inference of HMul took 0.211ms
typeclass inference of HMul took 0.138ms
typeclass inference of LT took 0.0295ms
typeclass inference of HMul took 1.35ms
typeclass inference of HMul took 0.745ms
typeclass inference of HMul took 0.00439ms
typeclass inference of HMul took 0.033ms
instantiate metavars took 0.00318ms
instantiate metavars took 0.0002ms
let-to-have transformation took 0.00288ms
attribute application took 0.00108ms
attribute application took 0.000601ms
elaboration took 1.24ms
tactic execution of Lean.Parser.Tactic.rewriteSeq took 0.598ms
tactic execution of Lean.Parser.Tactic.exact took 0.203ms
tactic execution of Lean.Parser.Tactic.exact took 0.188ms
tactic execution of Lean.Parser.Tactic.eqRefl took 0.0164ms
tactic execution of Lean.Parser.Tactic.tacticRfl took 0.0667ms
tactic execution of Lean.Parser.Tactic.tacticSeq1Indented took 0.0084ms
tactic execution of Lean.Parser.Tactic.tacticSeq took 0.0067ms
tactic execution of Lean.Parser.Tactic.withReducible took 0.00761ms
tactic execution of Lean.Parseparsing took 1.94ms
r.Tactic.tacticSeq1Indented took 0.0069ms
tactic execution of Lean.Parser.Tactic.tacticSeq took 0.00571ms
tactic execution of Lean.Parser.Tactic.paren took 0.00572ms
tactic execution of Lean.Parser.Tactic.tacticSeq1Indented took 0.00706ms
tactic execution of Lean.Parser.Tactic.tacticSeq took 0.00639ms
tactic execution of Lean.Parser.Tactic.first took 0.0213ms
tactic execution of Lean.Parser.Tactic.tacticTry_ took 0.0118ms
tactic execution of Lean.Parser.Tactic.tacticSeq1Indented took 0.00665ms
tactic execution of Lean.Parser.Tactic.tacticSeq took 0.00603ms
tactic execution of Lean.Parser.Tactic.paren took 0.00704ms
tactic execution of Lean.Parser.Tactic.withAnnotateState took 0.0233ms
tactic execution of Lean.Parser.Tactic.tacticSeq1Indented took 0.0226ms
tactic execution of Lean.Parser.Tactic.tacticSeq took 0.00448ms
tactic execution of Lean.Parser.Tactic.paren took 0.00854ms
tactic execution of Lean.Parser.Tactic.rwSeq took 0.00929ms
tactic execution of Lean.Parser.Tactic.tacticSeq1Indented took 0.00588ms
tactic execution of Lean.Parser.Tactic.tacticSeq took 0.00797ms
instantiate metavars took 0.0101ms
instantiate metavars took 0.000592ms
instantiate metavars took 0.000341ms
instantiate metavars took 0.000291ms
instantiate metavars took 0.00027ms
share common exprs took 0.111ms
fix level params took 0.0199ms
let-to-have transformation took 0.00262ms
attribute application took 0.00142ms
attribute application took 0.000631ms
process pre-definitions took 0.0734ms
elaboration took 0.225ms
type checking took 0.397ms
overlappingInstancesLinter took 0.0734ms
tacticAnalysis took 0.453ms
linting took 2.49ms
attribute application took 0.0013ms
typeclass inference of OfNat took 0.113ms
typeclass inference of OfNat took 0.0416ms
typeclass inference of OfNat took 0.0366ms
typeclass inference of HPow took 0.376ms
typeclass inference of LT took 0.0258ms
typeclass inference of OfNat took 0.0533ms
typeclass inference of OfNat took 1.04ms
typeclass inference of CategoryTheory.CartesianMonoidalCategory took 0.0949ms
typeclass inference of CategoryTheory.CartesianMonoidalCategory took 0.00464ms
typeclass inference of HPow took 2.28ms
typeclass inference of OfNat took 0.0761ms
typeclass inference of OfNat took 0.0393ms
typeclass inference of HPow took 0.0346ms
typeclass inference of OfNat took 0.0107ms
instantiate metavars took 0.00407ms
instantiate metavars took 0.00021ms
let-to-have transformation took 0.00505ms
attribute application took 0.00125ms
attribute application took 0.000501ms
elaboration took 1.16ms
typeclass inference of OfNat took 1.51ms
typeclass inference of OfNat took 0.0849ms
typeclass inference of OfNat took 0.0519ms
typeclass inference of HPow took 0.323ms
typeclass inference of CoeT took 0.948ms
typeclass inference of OfNat took 0.0434ms
typeclass inference of CategoryTheory.CartesianMonoidalCategory took 0.0437ms
typeclass inference of CategoryTheory.CartesianMonoidalCategory took 0.00441ms
typeclass inference of HPow took 1.95ms
tactic execution of Lean.Parser.Tactic.refine took 0.903ms
congr simp thm took 0.032ms
congr simp thm took 0.0312ms
congr simp thm took 0.0229ms
congr simp thm took 0.000631ms
typeclass inference of NatCast took 0.129ms
typeclass inference of NatCast took 0.0429ms
typeclass inference of FunLike took 1.43ms
typeclass inference of One took 0.661ms
typeclass inference of SMul took 0.547ms
typeclass inference of SMul took 0.724ms
typeclass inference of IsSMulApply took 0.0498ms
congr simp thm took 0.0451ms
congr simp thm took 0.000421ms
typeclass inference of Semiring took 0.634ms
congr simp thm took 0.000831ms
congr simp thm took 0.000371ms
typeclass inference of Nat.AtLeastTwo took 0.164ms
congr simp thm took 0.000641ms
congr simp thm took 0.000461ms
simp took 1.67ms
simp took 0.00387ms
tactic execution of Lean.Parser.Tactic.pushCast took 0.0745ms
tactic execution of Lean.Parser.Tactic.exact took 0.114ms
tactic execution of Lean.Parser.Tactic.exact took 0.0854ms
tactic execution of Lean.Parser.Tactic.eqRefl took 0.463ms
tactic execution of Lean.Parser.Tactic.tacticRfl took 0.0457ms
tactic execuparsing took 1.45ms
tion of Lean.Parser.Tactic.tacticSeq1Indented took 0.0153ms
tactic execution of Lean.Parser.Tactic.tacticSeq took 0.00428ms
tactic execution of Lean.Parser.Tactic.paren took 0.00495ms
tactic execution of Lean.Parser.Tactic.withAnnotateState took 0.00661ms
tactic execution of Lean.Parser.Tactic.tacticSeq1Indented took 0.00505ms
tactic execution of Lean.Parser.Tactic.tacticSeq took 0.00481ms
tactic execution of Lean.Parser.Tactic.case took 0.0639ms
tactic execution of Lean.Parser.Tactic.tacticSeq1Indented took 0.0161ms
tactic execution of Lean.Parser.Tactic.tacticSeq took 0.00572ms
tactic execution of Lean.Parser.Tactic.focus took 0.00898ms
tactic execution of Lean.Parser.Tactic.tacticHave__ took 0.0167ms
tactic execution of Lean.Parser.Tactic.rewriteSeq took 0.175ms
tactic execution of Lean.Parser.Tactic.exact took 0.102ms
tactic execution of Lean.Parser.Tactic.exact took 0.0782ms
tactic execution of Lean.Parser.Tactic.eqRefl took 0.0249ms
tactic execution of Lean.Parser.Tactic.applyRfl took 0.0183ms
tactic execution of Lean.Parser.Tactic.tacticRfl took 0.0308ms
tactic execution of Lean.Parser.Tactic.tacticSeq1Indented took 0.0131ms
tactic execution of Lean.Parser.Tactic.tacticSeq took 0.00327ms
tactic execution of Lean.Parser.Tactic.withReducible took 0.00544ms
tactic execution of Lean.Parser.Tactic.tacticSeq1Indented took 0.00331ms
tactic execution of Lean.Parser.Tactic.tacticSeq took 0.00271ms
tactic execution of Lean.Parser.Tactic.paren took 0.00319ms
tactic execution of Lean.Parser.Tactic.tacticSeq1Indented took 0.00314ms
tactic execution of Lean.Parser.Tactic.tacticSeq took 0.00269ms
tactic execution of Lean.Parser.Tactic.skip took 0.00235ms
tactic execution of Lean.Parser.Tactic.tacticSeq1Indented took 0.00317ms
tactic execution of Lean.Parser.Tactic.tacticSeq took 0.00322ms
tactic execution of Lean.Parser.Tactic.first took 0.00715ms
tactic execution of Lean.Parser.Tactic.tacticTry_ took 0.00686ms
tactic execution of Lean.Parser.Tactic.tacticSeq1Indented took 0.00276ms
tactic execution of Lean.Parser.Tactic.tacticSeq took 0.00234ms
tactic execution of Lean.Parser.Tactic.paren took 0.00268ms
tactic execution of Lean.Parser.Tactic.withAnnotateState took 0.0123ms
tactic execution of Lean.Parser.Tactic.tacticSeq1Indented took 0.00987ms
tactic execution of Lean.Parser.Tactic.tacticSeq took 0.00428ms
tactic execution of Lean.Parser.Tactic.paren took 0.0045ms
tactic execution of Lean.Parser.Tactic.rwSeq took 0.0341ms
tactic execution of Lean.Parser.Tactic.exact took 0.188ms
tactic execution of Lean.Parser.Tactic.tacticSeq1Indented took 0.0185ms
tactic execution of Lean.Parser.Tactic.tacticSeq took 0.0148ms
instantiate metavars took 0.0141ms
instantiate metavars took 0.000401ms
instantiate metavars took 0.000151ms
instantiate metavars took 0.00015ms
instantiate metavars took 0.00011ms
share common exprs took 0.0722ms
fix level params took 0.0149ms
let-to-have transformation took 0.00667ms
attribute application took 0.00245ms
attribute application took 0.000861ms
process pre-definitions took 0.14ms
elaboration took 0.259ms
type checking took 0.933ms
overlappingInstancesLinter took 0.163ms
tacticAnalysis took 0.841ms
linting took 3.77ms
attribute application took 0.00165ms
typeclass inference of OfNat took 0.0701ms
typeclass inference of OfNat took 0.041ms
typeclass inference of HSub took 1.13ms
typeclass inference of HMul took 1.06ms
typeclass inference of HMul took 0.72ms
typeclass inference of HSub took 0.754ms
typeclass inference of OfNat took 0.817ms
typeclass inference of OfNat took 0.0792ms
typeclass inference of OfNat took 0.0598ms
typeclass inference of OfNat took 0.0425ms
typeclass inference of OfNat took 0.0462ms
typeclass inference of OfNat took 0.0486ms
typeclass inference of HSub took 0.00511ms
typeclass inference of HSub took 0.00244ms
typeclass inference of HMul took 0.0028ms
typeclass inference of HSub took 0.0357ms
typeclass inference of CategoryTheory.CartesianMonoidalCategory took 0.0561ms
typeclass inference of CategoryTheory.CartesianMonoidalCategory took 0.0045ms
typeclass inference of HPow took 2.16msparsing took 0.629ms
parsing took 0.0328ms
parsing took 0.0509ms

typeclass inference of HMul took 0.0369ms
typeclass inference of HSub took 0.0289ms
typeclass inference of OfNat took 0.842ms
typeclass inference of OfNat took 0.00395ms
typeclass inference of OfNat took 0.0692ms
typeclass inference of OfNat took 0.0402ms
typeclass inference of HPow took 0.249ms
typeclass inference of LE took 0.0305ms
typeclass inference of OfNat took 0.0412ms
typeclass inference of OfNat took 0.0539ms
typeclass inference of OfNat took 0.0389ms
typeclass inference of HPow took 0.0341ms
typeclass inference of LT took 0.038ms
typeclass inference of OfNat took 0.00293ms
typeclass inference of OfNat took 0.0676ms
typeclass inference of OfNat took 0.066ms
typeclass inference of HPow took 0.0407ms
typeclass inference of LT took 0.0034ms
typeclass inference of OfNat took 0.00311ms
typeclass inference of OfNat took 0.0544ms
typeclass inference of OfNat took 0.0386ms
typeclass inference of HPow took 0.0333ms
typeclass inference of LT took 0.00267ms
typeclass inference of OfNat took 0.00213ms
typeclass inference of OfNat took 0.0519ms
typeclass inference of OfNat took 0.0451ms
typeclass inference of HAdd took 0.14ms
typeclass inference of HAdd took 0.196ms
typeclass inference of OfNat took 0.0574ms
typeclass inference of OfNat took 0.0416ms
typeclass inference of HPow took 0.0352ms
typeclass inference of LT took 0.00286ms
typeclass inference of OfNat took 0.00241ms
typeclass inference of OfNat took 0.0529ms
typeclass inference of OfNat took 0.0434ms
typeclass inference of HAdd took 0.00372ms
typeclass inference of HAdd took 0.0327ms
typeclass inference of OfNat took 0.0556ms
typeclass inference of OfNat took 0.062ms
typeclass inference of HPow took 0.0359ms
typeclass inference of LT took 0.00276ms
typeclass inference of OfNat took 0.00262ms
typeclass inference of OfNat took 0.0572ms
typeclass inference of OfNat took 0.045ms
typeclass inference of HMul took 0.149ms
typeclass inference of HAdd took 0.00361ms
typeclass inference of HMul took 0.00207ms
typeclass inference of HMul took 0.178ms
typeclass inference of HPow took 0.0376ms
typeclass inference of HMul took 0.039ms
typeclass inference of HAdd took 0.0323ms
typeclass inference of OfNat took 0.00294ms
instantiate metavars took 0.0147ms
instantiate metavars took 0.00019ms
let-to-have transformation took 0.011ms
attribute application took 0.0015ms
attribute application took 0.000511ms
elaboration took 5.08ms
typeclass inference of HMul took 0.976ms
typeclass inference of HMul took 0.823ms
tactic execution of Lean.Parser.Tactic.refine took 0.471ms
typeclass inference of Add took 0.801ms
typeclass inference of AddRightCancelSemigroup took 0.823ms
typeclass inference of IsRightCancelAdd took 3.52ms
typeclass inference of AddGroup took 0.492ms
typeclass inference of CommSemiring took 0.462ms
typeclass inference of CommRing took 0.0467ms
typeclass inference of Semifield took 0.3ms
typeclass inference of Field took 0.281ms
typeclass inference of Field took 0.00244ms
typeclass inference of Field took 0.00512ms
typeclass inference of Field took 0.00242ms
typeclass inference of Field took 0.0013ms
typeclass inference of Field took 0.00125ms
typeclass inference of Field took 0.00112ms
typeclass inference of Field took 0.000992ms
typeclass inference of Field took 0.000942ms
typeclass inference of Field took 0.000941ms
typeclass inference of Field took 0.000972ms
typeclass inference of Field took 0.000961ms
typeclass inference of Field took 0.00788ms
typeclass inference of Field took 0.00401ms
typeclass inference of Field took 0.00323ms
typeclass inference of Field took 0.00389ms
typeclass inference of Field took 0.0027ms
typeclass inference of Field took 0.0012ms
typeclass inference of Field took 0.00105ms
typeclass inference of Field took 0.000962ms
typeclass inference of Field took 0.00193ms
typeclass inference of Field took 0.00111ms
typeclass inference of Field took 0.00115ms
typeclass inference of Field took 0.00106ms
typeclass inference of Field took 0.00131ms
typeclass inference of Field took 0.00107ms
typeclass inference of Field took 0.000912ms
typeclass inference of Field took 0.00208ms
typeclass inference of Field took 0.00111ms
typeclass inference of Field took 0.00137ms
typeclass inference of Semiring took 0.657ms
typeclass inference of RCLike took 0.0108ms
typeclass inference of RCLike took 0.00224ms
typeclass inference of RCLike took 0.00171ms
typeclass inference of RCLike took 0.00223ms
typeclass inference of RCLike took 0.00128ms
typeclass inference of RCLike took 0.00108ms
typeclass inference of RCLike took 0.00112ms
typeclass inference of RCLike took 0.00105ms
typeclass inference of RCLike took 0.00115ms
typeclass inference of RCLike took 0.00104ms
typeclass inference of RCLike took 0.0011ms
typeclass inference of RCLike took 0.001ms
typeclass inference of RCLike took 0.00171ms
typeclass inference of RCLike took 0.00118ms
typeclass inference of RCLike took 0.00102ms
typeclass inference of RCLike took 0.0012ms
typeclass inference of RCLike took 0.00107ms
typeclass inference of RCLike took 0.000952ms
typeclass inference of RCLike took 0.001ms
typeclass inference of RCLike took 0.000952ms
typeclass inference of RCLike took 0.00179ms
typeclass inference of RCLike took 0.00109ms
typeclass inference of RCLike took 0.00104ms
typeclass inference of RCLike took 0.00114ms
typeclass inference of RCLike took 0.001ms
typeclass inference of RCLike took 0.0011ms
typeclass inference of RCLike took 0.000962ms
typeclass inference of RCLike took 0.00146ms
typeclass inference of RCLike took 0.00108ms
typeclass inference of RCLike took 0.00107ms
typeclass inference of Semiring took 0.00417ms
typeclass inference of NonAssocRing took 0.216ms
typeclass inference of Field took 0.00296ms
typeclass inference of Field took 0.00222ms
typeclass inference of Field took 0.00209ms
typeclass inference of Field took 0.00122ms
typeclass inference of Field took 0.00112ms
typeclass inference of Field took 0.00113ms
typeclass inference of Field took 0.00108ms
typeclass inference of Field took 0.00106ms
typeclass inference of Field took 0.00124ms
typeclass inference of Field took 0.00215ms
typeclass inference of Field took 0.00162ms
typeclass inference of Field took 0.00185ms
typeclass inference of Field took 0.00225ms
typeclass inference of Field took 0.00208ms
typeclass inference of Field took 0.00124ms
typeclass inference of Field took 0.00126ms
typeclass inference of Field took 0.00115ms
typeclass inference of Field took 0.00118ms
typeclass inference of Field took 0.00105ms
typeclass inference of Field took 0.0011ms
typeclass inference of Field took 0.000992ms
typeclass inference of Field took 0.00102ms
typeclass inference of Field took 0.00186ms
typeclass inference of Field took 0.00102ms
typeclass inference of Field took 0.0011ms
typeclass inference of Field took 0.00104ms
typeclass inference of Field took 0.0011ms
typeclass inference of Field took 0.00106ms
typeclass inference of Field took 0.00103ms
typeclass inference of Field took 0.00102ms
typeclass inference of Field took 0.00168ms
typeclass inference of Field took 0.000991ms
typeclass inference of Field took 0.00118ms
typeclass inference of Field took 0.00111ms
typeclass inference of Field took 0.00101ms
typeclass inference of Field took 0.00103ms
typeclass inference of Field took 0.000992ms
typeclass inference of Field took 0.00222ms
typeclass inference of Field took 0.00128ms
typeclass inference of Field took 0.00112ms
typeclass inference of Field took 0.00109ms
typeclass inference of Field took 0.00102ms
typeclass inference of Field took 0.00174ms
typeclass inference of Field took 0.00105ms
typeclass inference of Field took 0.00104ms
typeclass inference of Field took 0.00105ms
typeclass inference of Field took 0.00147ms
typeclass inference of Field took 0.00105ms
typeclass inference of Field took 0.00109ms
typeclass inference of Field took 0.00214ms
typeclass inference of Field took 0.0022ms
typeclass inference of Field took 0.00196ms
typeclass inference of Field took 0.0015ms
typeclass inference of Field took 0.00173ms
typeclass inference of Field took 0.00112ms
typeclass inference of Field took 0.00128ms
typeclass inference of Field took 0.00147ms
typeclass inference of Field took 0.00107ms
typeclass inference of Field took 0.00105ms
typeclass inference of Field took 0.00122ms
typeclass inference of Field took 0.00269ms
typeclass inference of Field took 0.00151ms
typeclass inference of Field took 0.00117ms
typeclass inference of Field took 0.00117ms
typeclass inference of Field took 0.00133ms
typeclass inference of Field took 0.00211ms
typeclass inference of Field took 0.00112ms
typeclass inference of Field took 0.00106ms
typeclass inference of Field took 0.00105ms
typeclass inference of Field took 0.00145ms
typeclass inference of Field took 0.00136ms
typeclass inference of Field took 0.00139ms
typeclass inference of Semiring took 0.00557ms
typeclass inference of CharZero took 20.9ms
norm_num took 0.12ms
norm_num took 0.00383ms
typeclass inference of AddMonoidWithOne took 0.74ms
norm_num took 0.888ms
norm_num took 0.0118ms
norm_num took 0.00484ms
norm_num took 0.00228ms
norm_num took 0.00321ms
typeclass inference of AddMonoidWithOne took 0.00577ms
norm_num took 0.485ms
ring took 3.43ms
tactic execution of Mathlib.Tactic.LinearCombination.linearCombination took 3.76ms
tactic execution of Lean.Parser.Tactic.tacticSeq1Indented took 0.0159ms
tactic execution of Lean.Parser.Tactic.tacticSeq took 0.00935ms
tactic execution of Lean.Parser.Tactic.paren took 0.011ms
tactic execution of Lean.Parser.Tactic.withAnnotateState took 0.0138ms
tactic execution of Lean.Parser.Tactic.tacticSeq1Indented took 0.0114ms
tactic execution of Lean.Parser.Tactic.tacticSeq took 0.0116ms
tactic execution of Lean.Parser.Tactic.case took 0.153ms
tactic execution of Lean.Parser.Tactic.tacticSeq1Indented took 0.0288ms
tactic execution of Lean.Parser.Tactic.tacticSeq took 0.00887ms
tactic execution of Lean.Parser.Tactic.focus took 0.0163ms
tactic execution of Lean.Parser.Tactic.tacticHave__ took 0.0201ms
typeclass inference of OfNat took 0.0927ms
typeclass inference of OfNat took 0.0529ms
typeclass inference of HAdd took 1.06ms
typeclass inference of HMul took 0.895ms
typeclass inference of CategoryTheory.CartesianMonoidalCategory took 0.0665ms
typeclass inference of CategoryTheory.CartesianMonoidalCategory took 0.00512ms
typeclass inference of HPow took 2.15ms
typeclass inference of HMul took 0.803ms
typeclass inference of HAdd took 0.77ms
typeclass inference of OfNat took 0.77ms
tactic execution of Lean.Parser.Tactic.refine took 0.721ms
typeclass inference of Add took 0.697ms
typeclass inference of AddRightCancelSemigroup took 0.736ms
typeclass inference of IsRightCancelAdd took 2.92ms
typeclass inference of AddGroup took 0.683ms
typeclass inference of CommSemiring took 0.454ms
typeclass inference of CommRing took 0.0394ms
typeclass inference of Semifield took 0.309ms
typeclass inference of Field took 0.272ms
typeclass inference of Field took 0.00214ms
typeclass inference of Field took 0.00154ms
typeclass inference of Field took 0.00228ms
typeclass inference of Field took 0.00128ms
typeclass inference of Field took 0.0011ms
typeclass inference of Field took 0.0012ms
typeclass inference of Field took 0.00103ms
typeclass inference of Field took 0.00106ms
typeclass inference of Field took 0.00101ms
typeclass inference of Field took 0.00117ms
typeclass inference of Field took 0.00101ms
typeclass inference of Field took 0.00216ms
typeclass inference of Field took 0.00122ms
typeclass inference of Field took 0.00112ms
typeclass inference of Field took 0.00124ms
typeclass inference of Field took 0.00106ms
typeclass inference of Field took 0.0011ms
typeclass inference of Field took 0.00101ms
typeclass inference of Field took 0.00106ms
typeclass inference of Field took 0.00205ms
typeclass inference of Field took 0.00117ms
typeclass inference of Field took 0.00112ms
typeclass inference of Field took 0.00108ms
typeclass inference of Field took 0.00112ms
typeclass inference of Field took 0.00107ms
typeclass inference of Field took 0.00108ms
typeclass inference of Field took 0.00196ms
typeclass inference of Field took 0.00121ms
typeclass inference of Field took 0.001ms
typeclass inference of Semiring took 0.653ms
typeclass inference of RCLike took 0.0101ms
typeclass inference of RCLike took 0.00181ms
typeclass inference of RCLike took 0.00141ms
typeclass inference of RCLike took 0.00229ms
typeclass inference of RCLike took 0.00127ms
typeclass inference of RCLike took 0.00129ms
typeclass inference of RCLike took 0.0011ms
typeclass inference of RCLike took 0.00113ms
typeclass inference of RCLike took 0.00115ms
typeclass inference of RCLike took 0.00109ms
typeclass inference of RCLike took 0.00103ms
typeclass inference of RCLike took 0.000981ms
typeclass inference of RCLike took 0.00187ms
typeclass inference of RCLike took 0.00109ms
typeclass inference of RCLike took 0.00126ms
typeclass inference of RCLike took 0.00109ms
typeclass inference of RCLike took 0.00104ms
typeclass inference of RCLike took 0.00103ms
typeclass inference of RCLike took 0.000972ms
typeclass inference of RCLike took 0.000982ms
typeclass inference of RCLike took 0.00191ms
typeclass inference of RCLike took 0.00121ms
typeclass inference of RCLike took 0.00115ms
typeclass inference of RCLike took 0.00124ms
typeclass inference of RCLike took 0.0011ms
typeclass inference of RCLike took 0.00124ms
typeclass inference of RCLike took 0.00109ms
typeclass inference of RCLike took 0.00146ms
typeclass inference of RCLike took 0.00104ms
typeclass inference of RCLike took 0.00105ms
typeclass inference of Semiring took 0.00404ms
typeclass inference of NonAssocRing took 0.158ms
typeclass inference of Field took 0.00288ms
typeclass inference of Field took 0.00185ms
typeclass inference of Field took 0.00211ms
typeclass inference of Field took 0.00126ms
typeclass inference of Field took 0.00138ms
typeclass inference of Field took 0.00119ms
typeclass inference of Field took 0.0011ms
typeclass inference of Field took 0.00101ms
typeclass inference of Field took 0.00205ms
typeclass inference of Field took 0.00185ms
typeclass inference of Field took 0.00147ms
typeclass inference of Field took 0.00126ms
typeclass inference of Field took 0.00101ms
typeclass inference of Field took 0.002ms
typeclass inference of Field took 0.00114ms
typeclass inference of Field took 0.00123ms
typeclass inference of Field took 0.00103ms
typeclass inference of Field took 0.00102ms
typeclass inference of Field took 0.00107ms
typeclass inference of Field took 0.00109ms
typeclass inference of Field took 0.00102ms
typeclass inference of Field took 0.00105ms
typeclass inference of Field took 0.00271ms
typeclass inference of Field took 0.00124ms
typeclass inference of Field took 0.00112ms
typeclass inference of Field took 0.00107ms
typeclass inference of Field took 0.00116ms
typeclass inference of Field took 0.00103ms
typeclass inference of Field took 0.00107ms
typeclass inference of Field took 0.00107ms
typeclass inference of Field took 0.00189ms
typeclass inference of Field took 0.0011ms
typeclass inference of Field took 0.00103ms
typeclass inference of Field took 0.00105ms
typeclass inference of Field took 0.00105ms
typeclass inference of Field took 0.00102ms
typeclass inference of Field took 0.000992ms
typeclass inference of Field took 0.002ms
typeclass inference of Field took 0.00116ms
typeclass inference of Field took 0.00111ms
typeclass inference of Field took 0.00108ms
typeclass inference of Field took 0.001ms
typeclass inference of Field took 0.00161ms
typeclass inference of Field took 0.00111ms
typeclass inference of Field took 0.00103ms
typeclass inference of Field took 0.00265ms
typeclass inference of Field took 0.00139ms
typeclass inference of Field took 0.000982ms
typeclass inference of Field took 0.00101ms
typeclass inference of Field took 0.00155ms
typeclass inference of Field took 0.0028ms
typeclass inference of Field took 0.00315ms
typeclass inference of Field took 0.00403ms
typeclass inference of Field took 0.0016ms
typeclass inference of Field took 0.0011ms
typeclass inference of Field took 0.00105ms
typeclass inference of Field took 0.00105ms
typeclass inference of Field took 0.00126ms
typeclass inference of Field took 0.00102ms
typeclass inference of Field took 0.00115ms
typeclass inference of Field took 0.00228ms
typeclass inference of Field took 0.00134ms
typeclass inference of Field took 0.0012ms
typeclass inference of Field took 0.00116ms
typeclass inference of Field took 0.00101ms
typeclass inference of Field took 0.00274ms
typeclass inference of Field took 0.00131ms
typeclass inference of Field took 0.0012ms
typeclass inference of Field took 0.0011ms
typeclass inference of Field took 0.0015ms
typeclass inference of Field took 0.00117ms
typeclass inference of Field took 0.0011ms
typeclass inference of Semiring took 0.00543ms
typeclass inference of CharZero took 19.1ms
norm_num took 0.029ms
typeclass inference of AddMonoidWithOne took 0.631ms
norm_num took 0.395ms
norm_num took 0.00563ms
typeclass inference of AddMonoidWithOne took 0.00486ms
norm_num took 0.188ms
norm_num took 0.00578ms
norm_num took 0.00541ms
norm_num took 0.00491ms
norm_num took 0.00249ms
typeclass inference of AddMonoidWithOne took 0.00393ms
norm_num took 0.11ms
norm_num took 0.00416ms
norm_num took 0.00331ms
typeclass inference of AddMonoidWithOne took 0.00466ms
norm_num took 0.281ms
ring took 2.34ms
tactic execution of Mathlib.Tactic.LinearCombination.linearCombination took 1.5ms
tactic execution of Lean.Parser.Tactic.tacticSeq1Indented took 0.00761ms
tactic execution of Lean.Parser.Tactic.tacticSeq took 0.00466ms
tactic execution of Lean.Parser.Tactic.paren took 0.00553ms
tactic execution of Lean.Parser.Tactic.withAnnotateState took 0.00873ms
tactic execution of Lean.Parser.Tactic.tacticSeq1Indented took 0.00622ms
tactic execution of Lean.Parser.Tactic.tacticSeq took 0.00495ms
tactic execution of Lean.Parser.Tactic.case took 0.0945ms
tactic execution of Lean.Parser.Tactic.tacticSeq1Indented took 0.0171ms
tactic execution of Lean.Parser.Tactic.tacticSeq took 0.00607ms
tactic execution of Lean.Parser.Tactic.focus took 0.01ms
tactic execution of Lean.Parser.Tactic.tacticHave__ took 0.039ms
typeclass inference of OfNat took 0.117ms
typeclass inference of OfNat took 0.0517ms
typeclass inference of OfNat took 0.0659ms
typeclass inference of HPow took 0.869ms
typeclass inference of LT took 0.0408ms
typeclass inference of OfNat took 0.0483ms
typeclass inference of Preorder took 0.187ms
typeclass inference of Preorder took 0.031ms
typeclass inference of Preorder took 0.0319ms
typeclass inference of AddMonoidWithOne took 0.0407ms
norm_num took 0.138ms
typeclass inference of AddMonoidWithOne took 0.00422ms
norm_num took 0.0444ms
typeclass inference of LT took 0.0353ms
typeclass inference of Semiring took 0.0301ms
typeclass inference of PartialOrder took 0.0343ms
typeclass inference of CommSemiring took 0.0293ms
typeclass inference of IsOrderedRing took 1.12ms
typeclass inference of CharZero took 0.0518ms
norm_num took 0.249ms
tactic execution of Mathlib.Tactic.normNum took 0.459ms
tactic execution of Lean.Parser.Tactic.tacticSeq1Indented took 0.00838ms
tactic execution of Lean.Parser.Tactic.tacticSeq took 0.0101ms
tactic execution of Lean.Parser.Tactic.refine took 2.96ms
tactic execution of Lean.Parser.Tactic.rotateRight took 0.00725ms
tactic execution of Lean.Parser.Tactic.tacticSeq1Indented took 0.0112ms
tactic execution of Lean.Parser.Tactic.tacticSeq took 0.00406ms
tactic execution of Lean.Parser.Tactic.paren took 0.00376ms
tactic execution of Lean.Parser.Tactic.tacticSeq1Indented took 0.00421ms
tactic execution of Lean.Parser.Tactic.tacticSeq took 0.00712ms
tactic execution of Lean.Parser.Tactic.focus took 0.0078ms
tactic execution of Lean.Parser.Tactic.tacticRefine_lift_ took 0.00989ms
tactic execution of Lean.Parser.Tactic.tacticHave__ took 1.36ms
typeclass inference of OfNat took 1.21ms
typeclass inference of CategoryTheory.CartesianMonoidalCategory took 0.0643ms
typeclass inference of CategoryTheory.CartesianMonoidalCategory took 0.00577ms
typeclass inference of HPow took 2.43ms
typeclass inference of OfNat took 0.121ms
typeclass inference of OfNat took 0.0451ms
typeclass inference of HPow took 0.288ms
typeclass inference of OfNat took 0.0436ms
tactic execution of Lean.Parser.Tactic.refine took 1.16ms
tactic execution of Lean.Parser.Tactic.rotateRight took 0.011ms
tactic execution of Lean.Parser.Tactic.tacticSeq1Indented took 0.0194ms
tactic execution of Lean.Parser.Tactic.tacticSeq took 0.00464ms
tactic execution of Lean.Parser.Tactic.paren took 0.00427ms
tactic execution of Lean.Parser.Tactic.tacticSeq1Indented took 0.00589ms
tactic execution of Lean.Parser.Tactic.tacticSeq took 0.00445ms
tactic execution of Lean.Parser.Tactic.focus took 0.00906ms
tactic execution of Lean.Parser.Tactic.tacticRefine_lift_ took 0.00972ms
tactic execution of Lean.Parser.Tactic.tacticHave__ took 0.02ms
typeclass inference of OfNat took 0.0623ms
typeclass inference of OfNat took 0.0631ms
typeclass inference of OfNat took 0.0654ms
typeclass inference of HMul took 0.168ms
typeclass inference of HPow took 0.0375ms
typeclass inference of HMul took 0.143ms
typeclass inference of LT took 0.0291ms
typeclass inference of OfNat took 0.00322ms
tactic execution of Lean.Parser.Tactic.refine took 0.525ms
typeclass inference of OfNat took 0.0652ms
typeclass inference of OfNat took 0.0484ms
typeclass inference of OfNat took 0.05ms
typeclass inference of OfNat took 0.0509ms
typeclass inference of OfNat took 0.0439ms
typeclass inference of OfNat took 0.0338ms
typeclass inference of OfNat took 0.0314ms
typeclass inference of HMul took 0.00412ms
typeclass inference of HMul took 0.00238ms
typeclass inference of HPow took 0.0375ms
typeclass inference of HMul took 0.0474ms
typeclass inference of HPow took 0.0344ms
typeclass inference of HPow took 0.0403ms
typeclass inference of HMul took 0.0354ms
typeclass inference of LT took 0.00326ms
typeclass inference of OfNat took 0.00303ms
typeclass inference of OfNat took 0.0019ms
typeclass inference of OfNat took 0.00231ms
typeclass inference of OfNat took 0.0622ms
typeclass inference of OfNat took 0.0486ms
typeclass inference of HAdd took 0.155ms
typeclass inference of HAdd took 0.148ms
typeclass inference of OfNat took 0.0469ms
typeclass inference of HPow took 0.0351ms
typeclass inference of OfNat took 0.00326ms
typeclass inference of Trans took 0.322ms
typeclass inference of LT took 0.0041ms
typeclass inference of Trans took 0.172ms
typeclass inference of LE took 0.315ms
typeclass inference of LE took 0.0803ms
typeclass inference of Zero took 0.123ms
typeclass inference of PartialOrder took 0.0432ms
typeclass inference of Ring took 1.21ms
typeclass inference of AddMonoidWithOne took 0.0463ms
norm_num took 0.447ms
typeclass inference of Semiring took 0.0339ms
typeclass inference of PartialOrder took 0.00362ms
typeclass inference of CommSemiring took 0.0262ms
typeclass inference of IsOrderedRing took 1.26ms
typeclass inference of Nontrivial took 0.0538ms
typeclass inference of Semiring took 0.00355ms
typeclass inference of IsStrictOrderedRing took 0.0319ms
tactic execution of Mathlib.Tactic.Positivity.positivity took 1.63ms
tactic execution of Lean.Parser.Tactic.tacticSeq1Indented took 0.0123ms
tactic execution of Lean.Parser.Tactic.tacticSeq took 0.0169ms
typeclass inference of Monoid took 0.314ms
typeclass inference of Monoid took 0.156ms
typeclass inference of Monoid took 0.0324ms
typeclass inference of Monoid took 0.0261ms
tactic execution of Lean.Parser.Tactic.rewriteSeq took 0.736ms
tactic execution of Lean.Parser.Tactic.exact took 0.142ms
tactic execution of Lean.Parser.Tactic.exact took 0.0853ms
tactic execution of Lean.Parser.Tactic.eqRefl took 0.152ms
tactic execution of Lean.Parser.Tactic.tacticRfl took 0.0423ms
tactic execution of Lean.Parser.Tactic.tacticSeq1Indented took 0.00864ms
tactic execution of Lean.Parser.Tactic.tacticSeq took 0.00509ms
tactic execution of Lean.Parser.Tactic.withReducible took 0.00673ms
tactic execution of Lean.Parser.Tactic.tacticSeq1Indented took 0.00632ms
tactic execution of Lean.Parser.Tactic.tacticSeq took 0.00447ms
tactic execution of Lean.Parser.Tactic.paren took 0.00421ms
tactic execution of Lean.Parser.Tactic.tacticSeq1Indented took 0.00508ms
tactic execution of Lean.Parser.Tactic.tacticSeq took 0.0101ms
tactic execution of Lean.Parser.Tactic.first took 0.00655ms
tactic execution of Lean.Parser.Tactic.tacticTry_ took 0.00799ms
tactic execution of Lean.Parser.Tactic.tacticSeq1Indented took 0.00295ms
tactic execution of Lean.Parser.Tactic.tacticSeq took 0.0027ms
tactic execution of Lean.Parser.Tactic.paren took 0.00335ms
tactic execution of Lean.Parser.Tactic.withAnnotateState took 0.018ms
tactic execution of Lean.Parser.Tactic.tacticSeq1Indented took 0.0126ms
tactic execution of Lean.Parser.Tactic.tacticSeq took 0.00481ms
tactic execution of Lean.Parser.Tactic.paren took 0.00609ms
tactic execution of Lean.Parser.Tactic.rwSeq took 0.0186ms
tactic execution of Lean.Parser.Tactic.tacticSeq1Indented took 0.00659ms
tactic execution of Lean.Parser.Tactic.tacticSeq took 0.0182ms
tactic execution of Lean.calcTactic took 4.94ms
tactic execution of Lean.Parser.Tactic.tacticSeq1Indented took 0.00591ms
tactic execution of Lean.Parser.Tactic.tacticSeq took 0.00355ms
tactic execution of Lean.Parser.Tactic.paren took 0.00457ms
tactic execution of Lean.Parser.Tactic.withAnnotateState took 0.00673ms
tactic execution of Lean.Parser.Tactic.tacticSeq1Indented took 0.0049ms
tactic execution of Lean.Parser.Tactic.tacticSeq took 0.00458ms
tactic execution of Lean.Parser.Tactic.case took 0.0491ms
tactic execution of Lean.Parser.Tactic.tacticSeq1Indented took 0.0145ms
tactic execution of Lean.Parser.Tactic.tacticSeq took 0.00508ms
tactic execution of Lean.Parser.Tactic.focus took 0.00848ms
tactic execution of Lean.Parser.Tactic.tacticHave__ took 0.15ms
typeclass inference of OfNat took 0.934ms
typeclass inference of HMul took 0.956ms
typeclass inference of CategoryTheory.CartesianMonoidalCategory took 0.0481ms
typeclass inference of CategoryTheory.CartesianMonoidalCategory took 0.00471ms
typeclass inference of HPow took 1.89ms
typeclass inference of HMul took 0.832ms
typeclass inference of OfNat took 0.119ms
typeclass inference of OfNat took 0.0497ms
typeclass inference of HMul took 0.128ms
typeclass inference of HPow took 0.265ms
typeclass inference of HMul took 0.158ms
typeclass inference of OfNat took 0.0391ms
tactic execution of Lean.Parser.Tactic.refine took 0.994ms
tactic execution of Lean.Parser.Tactic.rewriteSeq took 0.141ms
tactic execution of Lean.Parser.Tactic.exact took 0.125ms
tactic execution of Lean.Parser.Tactic.exact took 0.0893ms
tactic execution of Lean.Parser.Tactic.eqRefl took 0.00938ms
tactic execution of Lean.Parser.Tactic.applyRfl took 0.0231ms
tactic execution of Lean.Parser.Tactic.tacticRfl took 0.0421ms
tactic execution of Lean.Parser.Tactic.tacticSeq1Indented took 0.00547ms
tactic execution of Lean.Parser.Tactic.tacticSeq took 0.00396ms
tactic execution of Lean.Parser.Tactic.withReducible took 0.00455ms
tactic execution of Lean.Parser.Tactic.tacticSeq1Indented took 0.00376ms
tactic execution of Lean.Parser.Tactic.tacticSeq took 0.00359ms
tactic execution of Lean.Parser.Tactic.paren took 0.00411ms
tactic execution of Lean.Parser.Tactic.tacticSeq1Indented took 0.00395ms
tactic execution of Lean.Parser.Tactic.tacticSeq took 0.00333ms
tactic execution of Lean.Parser.Tactic.skip took 0.00269ms
tactic execution of Lean.Parser.Tactic.tacticSeq1Indented took 0.00335ms
tactic execution of Lean.Parser.Tactic.tacticSeq took 0.0035ms
tactic execution of Lean.Parser.Tactic.first took 0.00762ms
tactic execution of Lean.Parser.Tactic.tacticTry_ took 0.00742ms
tactic execution of Lean.Parser.Tactic.tacticSeq1Indented took 0.00367ms
tactic execution of Lean.Parser.Tactic.tacticSeq took 0.00329ms
tactic execution of Lean.Parser.Tactic.paren took 0.00296ms
tactic execution of Lean.Parser.Tactic.withAnnotateState took 0.00913ms
tactic execution of Lean.Parser.Tactic.tacticSeq1Indented took 0.0117ms
tactic execution of Lean.Parser.Tactic.tacticSeq took 0.00373ms
tactic execution of Lean.Parser.Tactic.paren took 0.00349ms
tactic execution of Lean.Parser.Tactic.rwSeq took 0.00746ms
tactic execution of Lean.Parser.Tactic.exact took 0.0452ms
tactic execution of Lean.Parser.Tactic.tacticSeq1Indented took 0.00853ms
tactic execution of Lean.Parser.Tactic.tacticSeq took 0.0064ms
tactic execution of Lean.Parser.Tactic.rewriteSeq took 1.41ms
tactic execution of Lean.Parser.Tactic.exact took 0.0901ms
tactic execution of Lean.Parser.Tactic.exact took 0.0781ms
tactic execution of Lean.Parser.Tactic.eqRefl took 0.00832ms
tactic execution of Lean.Parser.Tactic.tacticRfl took 0.026ms
tactic execution of Lean.Parser.Tactic.tacticSeq1Indented took 0.00314ms
tactic execution of Lean.Parser.Tactic.tacticSeq took 0.0025ms
tactic execution of Lean.Parser.Tactic.withReducible took 0.00278ms
tactic execution of Lean.Parser.Tactic.tacticSeq1Indented took 0.00274ms
tactic execution of Lean.Parser.Tactic.tacticSeq took 0.00242ms
tactic execution of Lean.Parser.Tactic.paren took 0.00236ms
tactic execution of Lean.Parser.Tactic.tacticSeq1Indented took 0.00277ms
tactic execution of Lean.Parser.Tactic.tacticSeq took 0.00241ms
tactic execution of Lean.Parser.Tactic.first took 0.00277ms
tactic execution of Lean.Parser.Tactic.tacticTry_ took 0.00466ms
tactic execution of Lean.Parser.Tactic.tacticSeq1Indented took 0.00277ms
tactic execution of Lean.Parser.Tactic.tacticSeq took 0.00255ms
tactic execution of Lean.Parser.Tactic.paren took 0.00264ms
tactic execution of Lean.Parser.Tactic.withAnnotateState took 0.0114ms
tactic execution of Lean.Parser.Tactic.tacticSeq1Indented took 0.00999ms
tactic execution of Lean.Parser.Tactic.tacticSeq took 0.0027ms
tactic execution of Lean.Parser.Tactic.paren took 0.00261ms
tactic execution of Lean.Parser.Tactic.rwSeq took 0.00935ms
tactic execution of Lean.Parser.Tactic.tacticSeq1Indented took 0.00306ms
tactic execution of Lean.Parser.Tactic.tacticSeq took 0.00234ms
tactic execution of Lean.Parser.Tactic.paren took 0.00231ms
tactic execution of Lean.Parser.Tactic.withAnnotateState took 0.00449ms
tactic execution of Lean.Parser.Tactic.tacticSeq1Indented took 0.00308ms
tactic execution of Lean.Parser.Tactic.tacticSeq took 0.003ms
tactic execution of Lean.Parser.Tactic.case took 0.0706ms
tactic execution of Lean.Parser.Tactic.tacticSeq1Indented took 0.0118ms
tactic execution of Lean.Parser.Tactic.tacticSeq took 0.00371ms
tactic execution of Lean.Parser.Tactic.focus took 0.0074ms
tactic execution of Lean.Parser.Tactic.tacticHave__ took 0.0196ms
typeclass inference of OfNat took 0.0647ms
typeclass inference of OfNat took 0.0484ms
typeclass inference of OfNat took 0.0421ms
typeclass inference of HAdd took 0.162ms
typeclass inference of HMul took 0.199ms
typeclass inference of HPow took 0.887ms
typeclass inference of HMul took 0.365ms
typeclass inference of HAdd took 0.156ms
typeclass inference of LT took 0.0301ms
typeclass inference of OfNat took 0.0403ms
tactic execution of Lean.Parser.Tactic.refine took 0.879ms
typeclass inference of OfNat took 0.0706ms
typeclass inference of OfNat took 0.0593ms
typeclass inference of OfNat took 0.045ms
typeclass inference of OfNat took 0.036ms
typeclass inference of OfNat took 0.0543ms
typeclass inference of OfNat took 0.0529ms
typeclass inference of OfNat took 0.0479ms
typeclass inference of OfNat took 0.0343ms
typeclass inference of OfNat took 0.0318ms
typeclass inference of OfNat took 0.0302ms
typeclass inference of HAdd took 0.00385ms
typeclass inference of HMul took 0.0025ms
typeclass inference of HMul took 0.00244ms
typeclass inference of HPow took 0.0364ms
typeclass inference of HMul took 0.0309ms
typeclass inference of HPow took 0.0309ms
typeclass inference of HAdd took 0.0286ms
typeclass inference of HPow took 0.0271ms
typeclass inference of HPow took 0.0274ms
typeclass inference of HMul took 0.0275ms
typeclass inference of LE took 0.0353ms
typeclass inference of OfNat took 0.0033ms
typeclass inference of OfNat took 0.00227ms
typeclass inference of OfNat took 0.00191ms
typeclass inference of OfNat took 0.00177ms
tactic execution of Lean.Parser.Tactic.refine took 1.02ms
typeclass inference of OfNat took 0.0667ms
typeclass inference of OfNat took 0.0452ms
typeclass inference of OfNat took 0.0511ms
typeclass inference of OfNat took 0.042ms
typeclass inference of OfNat took 0.0337ms
typeclass inference of HAdd took 0.00378ms
typeclass inference of HAdd took 0.0335ms
typeclass inference of HPow took 0.0294ms
typeclass inference of LE took 0.00269ms
typeclass inference of OfNat took 0.0414ms
typeclass inference of OfNat took 0.00282ms
tactic execution of Lean.Parser.Tactic.refine took 0.689ms
tactic execution of Lean.Parser.Tactic.rotateRight took 0.0053ms
tactic execution of Lean.Parser.Tactic.tacticSeq1Indented took 0.0129ms
tactic execution of Lean.Parser.Tactic.tacticSeq took 0.00389ms
tactic execution of Lean.Parser.Tactic.paren took 0.00372ms
tactic execution of Lean.Parser.Tactic.tacticSeq1Indented took 0.00382ms
tactic execution of Lean.Parser.Tactic.tacticSeq took 0.00402ms
tactic execution of Lean.Parser.Tactic.focus took 0.00573ms
tactic execution of Lean.Parser.Tactic.tacticRefine_lift_ took 0.00754ms
tactic execution of Lean.Parser.Tactic.tacticHave__ took 0.00781ms
typeclass inference of OfNat took 0.132ms
typeclass inference of OfNat took 0.0636ms
typeclass inference of OfNat took 0.0426ms
typeclass inference of OfNat took 0.0336ms
typeclass inference of OfNat took 0.0516ms
typeclass inference of OfNat took 0.0565ms
typeclass inference of OfNat took 0.0381ms
typeclass inference of OfNat took 0.032ms
typeclass inference of OfNat took 0.0304ms
typeclass inference of OfNat took 0.0309ms
typeclass inference of HAdd took 0.00373ms
typeclass inference of HMul took 0.00229ms
typeclass inference of HMul took 0.00246ms
typeclass inference of HAdd took 0.00215ms
typeclass inference of HPow took 0.0331ms
typeclass inference of HMul took 0.0346ms
typeclass inference of HPow took 0.0318ms
typeclass inference of HAdd took 0.0309ms
typeclass inference of HPow took 0.036ms
typeclass inference of HAdd took 0.0343ms
typeclass inference of HMul took 0.0363ms
typeclass inference of OfNat took 0.00348ms
typeclass inference of OfNat took 0.00203ms
typeclass inference of OfNat took 0.002ms
typeclass inference of OfNat took 0.00198ms
typeclass inference of OfNat took 0.0748ms
typeclass inference of OfNat took 0.0555ms
typeclass inference of OfNat took 0.0423ms
typeclass inference of OfNat took 0.0322ms
typeclass inference of HMul took 0.00382ms
typeclass inference of HPow took 0.0368ms
typeclass inference of HPow took 0.0335ms
typeclass inference of HMul took 0.0308ms
typeclass inference of LE took 0.00374ms
typeclass inference of OfNat took 0.00391ms
typeclass inference of OfNat took 0.00304ms
typeclass inference of Trans took 0.254ms
typeclass inference of CommSemiring took 0.0434ms
typeclass inference of CommRing took 0.647ms
typeclass inference of Semifield took 0.273ms
typeclass inference of CharZero took 0.976ms
typeclass inference of AddMonoidWithOne took 0.035ms
norm_num took 0.249ms
norm_num took 0.0233ms
norm_num took 0.00625ms
typeclass inference of AddMonoidWithOne took 0.00466ms
norm_num took 0.102ms
norm_num took 0.00444ms
typeclass inference of AddMonoidWithOne took 0.0104ms
norm_num took 0.222ms
norm_num took 0.0114ms
norm_num took 0.00566ms
typeclass inference of AddMonoidWithOne took 0.00359ms
norm_num took 0.0822ms
ring took 2.48ms
tactic execution of Mathlib.Tactic.Ring.ring1 took 0.47ms
tactic execution of Lean.Parser.Tactic.tacticSeq1Indented took 0.00478ms
tactic execution of Lean.Parser.Tactic.tacticSeq took 0.00415ms
tactic execution of Lean.Parser.Tactic.first took 0.00909ms
tactic execution of Mathlib.Tactic.RingNF.ring took 0.2ms
tactic execution of Lean.Parser.Tactic.tacticSeq1Indented took 0.00533ms
tactic execution of Lean.Parser.Tactic.tacticSeq took 0.00764ms
tactic execution of Lean.calcTactic took 3.28ms
tactic execution of Lean.Parser.Tactic.tacticSeq1Indented took 0.00895ms
tactic execution of Lean.Parser.Tactic.tacticSeq took 0.00314ms
tactic execution of Lean.Parser.Tactic.paren took 0.00312ms
tactic execution of Lean.Parser.Tactic.withAnnotateState took 0.00509ms
tactic execution of Lean.Parser.Tactic.tacticSeq1Indented took 0.00402ms
tactic execution of Lean.Parser.Tactic.tacticSeq took 0.00404ms
tactic execution of Lean.Parser.Tactic.case took 0.0334ms
tactic execution of Lean.Parser.Tactic.tacticSeq1Indented took 0.0112ms
tactic execution of Lean.Parser.Tactic.tacticSeq took 0.0039ms
tactic execution of Lean.Parser.Tactic.focus took 0.0061ms
tactic execution of Lean.Parser.Tactic.tacticHave__ took 0.014ms
typeclass inference of OfNat took 0.102ms
typeclass inference of OfNat took 0.0613ms
typeclass inference of OfNat took 0.0424ms
typeclass inference of OfNat took 0.0339ms
typeclass inference of OfNat took 0.0491ms
typeclass inference of OfNat took 0.0451ms
typeclass inference of OfNat took 0.032ms
typeclass inference of OfNat took 0.0296ms
typeclass inference of HAdd took 0.145ms
typeclass inference of HAdd took 0.494ms
typeclass inference of OfNat took 0.138ms
typeclass inference of OfNat took 0.0428ms
typeclass inference of OfNat took 0.0337ms
typeclass inference of HPow took 0.0786ms
typeclass inference of HPow took 0.0596ms
typeclass inference of HMul took 0.0919ms
typeclass inference of HPow took 0.0575ms
typeclass inference of OfNat took 0.0529ms
typeclass inference of OfNat took 0.0403ms
typeclass inference of OfNat took 0.0367ms
typeclass inference of HPow took 0.048ms
typeclass inference of HPow took 0.047ms
typeclass inference of HMul took 0.0523ms
typeclass inference of HPow took 0.044ms
typeclass inference of OfNat took 0.0418ms
typeclass inference of OfNat took 0.0319ms
typeclass inference of OfNat took 0.0295ms
typeclass inference of HPow took 0.043ms
typeclass inference of HPow took 0.0515ms
typeclass inference of HMul took 0.0487ms
typeclass inference of HPow took 0.0432ms
typeclass inference of OfNat took 0.0551ms
typeclass inference of OfNat took 0.0325ms
typeclass inference of OfNat took 0.0305ms
typeclass inference of HPow took 0.0637ms
typeclass inference of HPow took 0.0564ms
typeclass inference of HMul took 0.0485ms
typeclass inference of HPow took 0.0425ms
typeclass inference of Pow took 0.94ms
typeclass inference of NPow took 0.501ms
typeclass inference of HomogeneousPow took 0.0179ms
typeclass inference of NatPow took 0.0433ms
typeclass inference of Pow took 0.145ms
typeclass inference of NPow took 0.187ms
typeclass inference of HomogeneousPow took 0.00178ms
typeclass inference of NatPow took 0.0254ms
typeclass inference of Mul took 0.574ms
typeclass inference of Pow took 0.0959ms
typeclass inference of NPow took 0.137ms
typeclass inference of HomogeneousPow took 0.00169ms
typeclass inference of NatPow took 0.0308ms
typeclass inference of OfNat took 0.0628ms
typeclass inference of OfNat took 0.0432ms
typeclass inference of HPow took 0.319ms
typeclass inference of HPow took 0.0681ms
typeclass inference of HMul took 0.0657ms
typeclass inference of HPow took 0.0479ms
typeclass inference of OfNat took 0.0511ms
typeclass inference of OfNat took 0.0351ms
typeclass inference of HPow took 0.0568ms
typeclass inference of HMul took 0.0563ms
typeclass inference of HPow took 0.0505ms
typeclass inference of OfNat took 0.0427ms
typeclass inference of OfNat took 0.0345ms
typeclass inference of HPow took 0.0514ms
typeclass inference of HMul took 0.0598ms
typeclass inference of HPow took 0.065ms
typeclass inference of Pow took 0.155ms
typeclass inference of NPow took 0.213ms
typeclass inference of HomogeneousPow took 0.0023ms
typeclass inference of NatPow took 0.0299ms
typeclass inference of Mul took 0.0395ms
typeclass inference of OfNat took 0.0618ms
typeclass inference of OfNat took 0.0436ms
typeclass inference of HPow took 0.0624ms
typeclass inference of HPow took 0.0534ms
typeclass inference of OfNat took 0.0406ms
typeclass inference of OfNat took 0.0328ms
typeclass inference of HPow took 0.0486ms
typeclass inference of HPow took 0.0424ms
typeclass inference of Pow took 0.133ms
typeclass inference of OfNat took 0.0411ms
typeclass inference of OfNat took 0.0426ms
typeclass inference of HPow took 0.0668ms
typeclass inference of OfNat took 0.04ms
typeclass inference of HPow took 0.045ms
typeclass inference of OfNat took 0.0354ms
typeclass inference of HPow took 0.044ms
typeclass inference of Pow took 0.00374ms
typeclass inference of OfNat took 0.00269ms
tactic execution of Lean.Parser.Tactic.refine took 2.39ms
typeclass inference of Monoid took 0.149ms
typeclass inference of Monoid took 0.149ms
typeclass inference of Monoid took 0.0313ms
typeclass inference of Monoid took 0.0256ms
tactic execution of Lean.Parser.Tactic.rewriteSeq took 0.58ms
tactic execution of Lean.Parser.Tactic.exact took 0.107ms
tactic execution of Lean.Parser.Tactic.exact took 0.105ms
tactic execution of Lean.Parser.Tactic.eqRefl took 0.14ms
tactic execution of Lean.Parser.Tactic.tacticRfl took 0.0462ms
tactic execution of Lean.Parser.Tactic.tacticSeq1Indented took 0.0111ms
tactic execution of Lean.Parser.Tactic.tacticSeq took 0.00393ms
tactic execution of Lean.Parser.Tactic.withReducible took 0.00626ms
tactic execution of Lean.Parser.Tactic.tacticSeq1Indented took 0.0048ms
tactic execution of Lean.Parser.Tactic.tacticSeq took 0.00342ms
tactic execution of Lean.Parser.Tactic.paren took 0.00284ms
tactic execution of Lean.Parser.Tactic.tacticSeq1Indented took 0.00336ms
tactic execution of Lean.Parser.Tactic.tacticSeq took 0.00386ms
tactic execution of Lean.Parser.Tactic.first took 0.00624ms
tactic execution of Lean.Parser.Tactic.tacticTry_ took 0.00811ms
tactic execution of Lean.Parser.Tactic.tacticSeq1Indented took 0.00328ms
tactic execution of Lean.Parser.Tactic.tacticSeq took 0.00367ms
tactic execution of Lean.Parser.Tactic.paren took 0.00298ms
tactic execution of Lean.Parser.Tactic.withAnnotateState took 0.0373ms
tactic execution of Lean.Parser.Tactic.tacticSeq1Indented took 0.00913ms
tactic execution of Lean.Parser.Tactic.tacticSeq took 0.00349ms
tactic execution of Lean.Parser.Tactic.paren took 0.00416ms
tactic execution of Lean.Parser.Tactic.rwSeq took 0.0164ms
tactic execution of Lean.Parser.Tactic.tacticSeq1Indented took 0.00653ms
tactic execution of Lean.Parser.Tactic.tacticSeq took 0.00507ms
tactic execution of Lean.Parser.Tactic.paren took 0.00321ms
tactic execution of Lean.Parser.Tactic.withAnnotateState took 0.0064ms
tactic execution of Lean.Parser.Tactic.tacticSeq1Indented took 0.00427ms
tactic execution of Lean.Parser.Tactic.tacticSeq took 0.00403ms
tactic execution of Lean.Parser.Tactic.case took 0.0652ms
tactic execution of Lean.Parser.Tactic.tacticSeq1Indented took 0.0174ms
tactic execution of Lean.Parser.Tactic.tacticSeq took 0.00761ms
tactic execution of Lean.Parser.Tactic.focus took 0.0107ms
tactic execution of Lean.Parser.Tactic.tacticHave__ took 0.0264ms
typeclass inference of Decidable took 0.233ms
typeclass inference of LE took 0.0416ms
typeclass inference of LE took 0.00553ms
typeclass inference of LE took 0.0041ms
typeclass inference of LE took 0.00579ms
typeclass inference of Decidable took 0.14ms
typeclass inference of Decidable took 0.00348ms
instantiate metavars took 0.00124ms
tactic execution of Lean.Parser.Tactic.omega took 6.81ms
tactic execution of Lean.Parser.Tactic.tacticSeq1Indented took 0.021ms
tactic execution of Lean.Parser.Tactic.tacticSeq took 0.00781ms
tactic execution of Lean.Parser.Tactic.paren took 0.01ms
tactic execution of Lean.Parser.Tactic.withAnnotateState took 0.0113ms
tactic execution of Lean.Parser.Tactic.tacticSeq1Indented took 0.00956ms
tactic execution of Lean.Parser.Tactic.tacticSeq took 0.00808ms
tactic execution of Lean.Parser.Tactic.case took 0.0867ms
tactic execution of Lean.Parser.Tactic.tacticSeq1Indented took 0.0208ms
tactic execution of Lean.Parser.Tactic.tacticSeq took 0.00918ms
tactic execution of Lean.Parser.Tactic.focus took 0.0131ms
tactic execution of Lean.Parser.Tactic.tacticHave__ took 0.0427ms
typeclass inference of OfNat took 1.62ms
typeclass inference of HAdd took 1.52ms
typeclass inference of HMul took 1.4ms
typeclass inference of CategoryTheory.CartesianMonoidalCategory took 0.0728ms
typeclass inference of CategoryTheory.CartesianMonoidalCategory took 0.00656ms
typeclass inference of HPow took 3.1ms
typeclass inference of HMul took 1.33ms
typeclass inference of HAdd took 1.38ms
typeclass inference of OfNat took 0.156ms
typeclass inference of OfNat took 0.0702ms
typeclass inference of HAdd took 0.173ms
typeclass inference of HMul took 0.182ms
typeclass inference of HPow took 0.303ms
typeclass inference of HMul took 0.165ms
typeclass inference of HAdd took 0.147ms
typeclass inference of OfNat took 0.0435ms
tactic execution of Lean.Parser.Tactic.refine took 1.96ms
tactic execution of Lean.Parser.Tactic.rewriteSeq took 0.182ms
tactic execution of Lean.Parser.Tactic.exact took 0.274ms
tactic execution of Lean.Parser.Tactic.exact took 0.214ms
tactic execution of Lean.Parser.Tactic.eqRefl took 0.0373ms
tactic execution of Lean.Parser.Tactic.applyRfl took 0.13ms
tactic execution of Lean.Parser.Tactic.tacticRfl took 0.144ms
tactic execution of Lean.Parser.Tactic.tacticSeq1Indented took 0.0223ms
tactic execution of Lean.Parser.Tactic.tacticSeq took 0.0156ms
tactic execution of Lean.Parser.Tactic.withReducible took 0.0568ms
tactic execution of Lean.Parser.Tactic.tacticSeq1Indented took 0.0207ms
tactic execution of Lean.Parser.Tactic.tacticSeq took 0.0128ms
tactic execution of Lean.Parser.Tactic.paren took 0.0134ms
tactic execution of Lean.Parser.Tactic.tacticSeq1Indented took 0.0178ms
tactic execution of Lean.Parser.Tactic.tacticSeq took 0.0136ms
tactic execution of Lean.Parser.Tactic.skip took 0.0216ms
tactic execution of Lean.Parser.Tactic.tacticSeq1Indented took 0.0129ms
tactic execution of Lean.Parser.Tactic.tacticSeq took 0.0158ms
tactic execution of Lean.Parser.Tactic.first took 0.0204ms
tactic execution of Lean.Parser.Tactic.tacticTry_ took 0.0171ms
tactic execution of Lean.Parser.Tactic.tacticSeq1Indented took 0.0112ms
tactic execution of Lean.Parser.Tactic.tacticSeq took 0.0116ms
tactic execution of Lean.Parser.Tactic.paren took 0.00742ms
tactic execution of Lean.Parser.Tactic.withAnnotateState took 0.0196ms
tactic execution of Lean.Parser.Tactic.tacticSeq1Indented took 0.0335ms
tactic execution of Lean.Parser.Tactic.tacticSeq took 0.0134ms
tactic execution of Lean.Parser.Tactic.paren took 0.0137ms
tactic execution of Lean.Parser.Tactic.rwSeq took 0.0279ms
tactic execution of Lean.Parser.Tactic.exact took 0.202ms
tactic execution of Lean.Parser.Tactic.tacticSeq1Indented took 0.0212ms
tactic execution of Lean.Parser.Tactic.tacticSeq took 0.0208ms
tactic execution of Lean.Parser.Tactic.rewriteSeq took 3.9ms
tactic execution of Lean.Parser.Tactic.exact took 0.121ms
tactic execution of Lean.Parser.Tactic.exact took 0.0908ms
tactic execution of Lean.Parser.Tactic.eqRefl took 0.0189ms
tactic execution of Lean.Parser.Tactic.tacticRfl took 0.0348ms
tactic execution of Lean.Parser.Tactic.tacticSeq1Indented took 0.00432ms
tactic execution of Lean.Parser.Tactic.tacticSeq took 0.00681ms
tactic execution of Lean.Parser.Tactic.withReducible took 0.00388ms
tactic execution of Lean.Parser.Tactic.tacticSeq1Indented took 0.00296ms
tactic execution of Lean.Parser.Tactic.tacticSeq took 0.0029ms
tactic execution of Lean.Parser.Tactic.paren took 0.00788ms
tactic execution of Lean.Parser.Tactic.tacticSeq1Indented took 0.0033ms
tactic execution of Lean.Parser.Tactic.tacticSeq took 0.0029ms
tactic execution of Lean.Parser.Tactic.first took 0.00401ms
tactic execution of Lean.Parser.Tactic.tacticTry_ took 0.00599ms
tactic execution of Lean.Parser.Tactic.tacticSeq1Indented took 0.00395ms
tactic execution of Lean.Parser.Tactic.tacticSeq took 0.00283ms
tactic execution of Lean.Parser.Tactic.paren took 0.00339ms
tactic execution of Lean.Parser.Tactic.withAnnotateState took 0.0149ms
tactic execution of Lean.Parser.Tactic.tacticSeq1Indented took 0.0169ms
tactic execution of Lean.Parser.Tactic.tacticSeq took 0.0079ms
tactic execution of Lean.Parser.Tactic.paren took 0.00702ms
tactic execution of Lean.Parser.Tactic.rwSeq took 0.017ms
tactic execution of Lean.Parser.Tactic.tacticSeq1Indented took 0.00677ms
tactic execution of Lean.Parser.Tactic.tacticSeq took 0.00559ms
tactic execution of Lean.Parser.Tactic.paren took 0.00622ms
tactic execution of Lean.Parser.Tactic.withAnnotateState took 0.00916ms
tactic execution of Lean.Parser.Tactic.tacticSeq1Indented took 0.0096ms
tactic execution of Lean.Parser.Tactic.tacticSeq took 0.00777ms
tactic execution of Lean.Parser.Tactic.case took 0.398ms
tactic execution of Lean.Parser.Tactic.tacticSeq1Indented took 0.027ms
tactic execution of Lean.Parser.Tactic.tacticSeq took 0.012ms
tactic execution of Lean.Parser.Tactic.focus took 0.018ms
tactic execution of Lean.Parser.Tactic.tacticHave__ took 0.0571ms
typeclass inference of HMul took 0.222ms
typeclass inference of HMul took 0.172ms
typeclass inference of LT took 0.0535ms
tactic execution of Lean.Parser.Tactic.refine took 0.718ms
typeclass inference of OfNat took 0.119ms
typeclass inference of OfNat took 0.0551ms
typeclass inference of HMul took 0.00403ms
typeclass inference of HMul took 0.00245ms
typeclass inference of HMul took 0.0378ms
typeclass inference of HPow took 0.425ms
typeclass inference of HMul took 0.0346ms
typeclass inference of LE took 0.0393ms
typeclass inference of OfNat took 0.0462ms
typeclass inference of OfNat took 0.0708ms
typeclass inference of OfNat took 0.0773ms
typeclass inference of OfNat took 0.0494ms
typeclass inference of OfNat took 0.0381ms
typeclass inference of HMul took 0.00379ms
typeclass inference of HPow took 0.0371ms
typeclass inference of HPow took 0.0309ms
typeclass inference of HMul took 0.0378ms
typeclass inference of LT took 0.00381ms
typeclass inference of OfNat took 0.0028ms
typeclass inference of OfNat took 0.00207ms
typeclass inference of Trans took 0.255ms
typeclass inference of OfNat took 0.0649ms
typeclass inference of OfNat took 0.0594ms
typeclass inference of HAdd took 0.269ms
typeclass inference of HAdd took 0.234ms
typeclass inference of OfNat took 0.0579ms
typeclass inference of HPow took 0.0396ms
typeclass inference of OfNat took 0.00339ms
typeclass inference of Trans took 0.231ms
typeclass inference of LT took 0.00389ms
typeclass inference of Trans took 0.173ms
typeclass inference of LE took 0.217ms
typeclass inference of LE took 0.0713ms
typeclass inference of Zero took 0.125ms
typeclass inference of PartialOrder took 0.0493ms
typeclass inference of Ring took 1.02ms
typeclass inference of AddMonoidWithOne took 0.0401ms
norm_num took 0.278ms
typeclass inference of Semiring took 0.0428ms
typeclass inference of PartialOrder took 0.00329ms
typeclass inference of CommSemiring took 0.0299ms
typeclass inference of IsOrderedRing took 1.06ms
typeclass inference of Nontrivial took 0.0588ms
typeclass inference of Semiring took 0.00387ms
typeclass inference of IsStrictOrderedRing took 0.0459ms
tactic execution of Mathlib.Tactic.Positivity.positivity took 1.18ms
tactic execution of Lean.Parser.Tactic.tacticSeq1Indented took 0.0106ms
tactic execution of Lean.Parser.Tactic.tacticSeq took 0.0191ms
typeclass inference of Monoid took 0.27ms
typeclass inference of Monoid took 0.106ms
typeclass inference of Monoid took 0.037ms
typeclass inference of Monoid took 0.0288ms
tactic execution of Lean.Parser.Tactic.rewriteSeq took 0.625ms
tactic execution of Lean.Parser.Tactic.exact took 0.132ms
tactic execution of Lean.Parser.Tactic.exact took 0.0983ms
tactic execution of Lean.Parser.Tactic.eqRefl took 0.143ms
tactic execution of Lean.Parser.Tactic.tacticRfl took 0.046ms
tactic execution of Lean.Parser.Tactic.tacticSeq1Indented took 0.00492ms
tactic execution of Lean.Parser.Tactic.tacticSeq took 0.00391ms
tactic execution of Lean.Parser.Tactic.withReducible took 0.00673ms
tactic execution of Lean.Parser.Tactic.tacticSeq1Indented took 0.00372ms
tactic execution of Lean.Parser.Tactic.tacticSeq took 0.00358ms
tactic execution of Lean.Parser.Tactic.paren took 0.00342ms
tactic execution of Lean.Parser.Tactic.tacticSeq1Indented took 0.00389ms
tactic execution of Lean.Parser.Tactic.tacticSeq took 0.00307ms
tactic execution of Lean.Parser.Tactic.first took 0.0067ms
tactic execution of Lean.Parser.Tactic.tacticTry_ took 0.00961ms
tactic execution of Lean.Parser.Tactic.tacticSeq1Indented took 0.00366ms
tactic execution of Lean.Parser.Tactic.tacticSeq took 0.00361ms
tactic execution of Lean.Parser.Tactic.paren took 0.004ms
tactic execution of Lean.Parser.Tactic.withAnnotateState took 0.0192ms
tactic execution of Lean.Parser.Tactic.tacticSeq1Indented took 0.0105ms
tactic execution of Lean.Parser.Tactic.tacticSeq took 0.00384ms
tactic execution of Lean.Parser.Tactic.paren took 0.00572ms
tactic execution of Lean.Parser.Tactic.rwSeq took 0.0149ms
tactic execution of Lean.Parser.Tactic.tacticSeq1Indented took 0.0091ms
tactic execution of Lean.Parser.Tactic.tacticSeq took 0.0242ms
tactic execution of Lean.calcTactic took 8.52ms
tactic execution of Lean.Parser.Tactic.tacticSeq1Indented took 0.00607ms
tactic execution of Lean.Parser.Tactic.tacticSeq took 0.0037ms
tactic execution of Lean.Parser.Tactic.paren took 0.0038ms
tactic execution of Lean.Parser.Tactic.withAnnotateState took 0.00492ms
tactic execution of Lean.Parser.Tactic.tacticSeq1Indented took 0.00448ms
tactic execution of Lean.Parser.Tactic.tacticSeq took 0.00373ms
tactic execution of Lean.Parser.Tactic.case took 0.0726ms
tactic execution of Lean.Parser.Tactic.tacticSeq1Indented took 0.0151ms
tactic execution of Lean.Parser.Tactic.tacticSeq took 0.00412ms
tactic execution of Lean.Parser.Tactic.focus took 0.00931ms
tactic execution of Lean.Parser.Tactic.tacticHave__ took 0.0461ms
typeclass inference of HMul took 1.28ms
typeclass inference of HMul took 0.924ms
typeclass inference of HMul took 0.139ms
typeclass inference of HMul took 0.197ms
tactic execution of Lean.Parser.Tactic.refine took 1.26ms
tactic execution of Lean.Parser.Tactic.rotateRight took 0.01ms
tactic execution of Lean.Parser.Tactic.tacticSeq1Indented took 0.0195ms
tactic execution of Lean.Parser.Tactic.tacticSeq took 0.00712ms
tactic execution of Lean.Parser.Tactic.paren took 0.00712ms
tactic execution of Lean.Parser.Tactic.tacticSeq1Indented took 0.00862ms
tactic execution of Lean.Parser.Tactic.tacticSeq took 0.00603ms
tactic execution of Lean.Parser.Tactic.focus took 0.0151ms
tactic execution of Lean.Parser.Tactic.tacticRefine_lift_ took 0.0181ms
tactic execution of Lean.Parser.Tactic.tacticHave__ took 0.0468ms
tactic execution of Lean.Parser.Tactic.rewriteSeq took 0.932ms
tactic execution of Lean.Parser.Tactic.exact took 0.132ms
tactic execution of Lean.Parser.Tactic.exact took 0.103ms
tactic execution of Lean.Parser.Tactic.eqRefl took 0.0157ms
tactic execution of Lean.Parser.Tactic.tacticRfl took 0.0532ms
tactic execution of Lean.Parser.Tactic.tacticSeq1Indented took 0.00676ms
tactic execution of Lean.Parser.Tactic.tacticSeq took 0.00425ms
tactic execution of Lean.Parser.Tactic.withReducible took 0.00728ms
tactic execution of Lean.Parser.Tactic.tacticSeq1Indented took 0.0039ms
tactic execution of Lean.Parser.Tactic.tacticSeq took 0.00316ms
tactic execution of Lean.Parser.Tactic.paren took 0.00852ms
tactic execution of Lean.Parser.Tactic.tacticSeq1Indented took 0.00334ms
tactic execution of Lean.Parser.Tactic.tacticSeq took 0.00265ms
tactic execution of Lean.Parser.Tactic.first took 0.00582ms
tactic execution of Lean.Parser.Tactic.tacticTry_ took 0.00766ms
tactic execution of Lean.Parser.Tactic.tacticSeq1Indented took 0.0029ms
tactic execution of Lean.Parser.Tactic.tacticSeq took 0.00299ms
tactic execution of Lean.Parser.Tactic.paren took 0.00313ms
tactic execution of Lean.Parser.Tactic.withAnnotateState took 0.0209ms
tactic execution of Lean.Parser.Tactic.tacticSeq1Indented took 0.0114ms
tactic execution of Lean.Parser.Tactic.tacticSeq took 0.00277ms
tactic execution of Lean.Parser.Tactic.paren took 0.00388ms
tactic execution of Lean.Parser.Tactic.rwSeq took 0.0401ms
tactic execution of Lean.Parser.Tactic.tacticSeq1Indented took 0.0983ms
tactic execution of Lean.Parser.Tactic.tacticSeq took 0.017ms
instantiate metavars took 0.618ms
instantiate metavars took 0.00048ms
instantiate metavars took 0.000161ms
instantiate metavars took 0.000171ms
instantiate metavars took 0.00012ms
share common exprs took 3.25ms
fix level params took 0.126ms
let-to-have transformation took 0.0106ms
attribute application took 0.00393ms
attribute application took 0.000922ms
process pre-definitions took 1.71ms
elaboration took 2.92ms
type checking took 31.7ms
type checking took 8.44ms
overlappingInstancesLinter took 0.323ms
tacticAnalysis took 6.55ms
linting took 18.5ms
attribute application took 0.00175ms
typeclass inference of OfNat took 0.0729ms
typeclass inference of OfNat took 0.0579ms
typeclass inference of HSub took 1.11ms
typeclass inference of HMul took 1.02ms
typeclass inference of HMul took 0.78ms
typeclass inference of HSub took 0.807ms
typeclass inference of OfNat took 0.737ms
typeclass inference of OfNat took 0.0786ms
typeclass inference of OfNat took 0.0422ms
typeclass inference of OfNat took 0.0382ms
typeclass inference of OfNat took 0.0302ms
typeclass inference of OfNat took 0.039ms
typeclass inference of OfNat took 0.0313ms
typeclass inference of OfNat took 0.0282ms
typeclass inference of OfNat took 0.0282ms
typeclass inference of HSub took 0.00417ms
typeclass inference of HSub took 0.00244ms
typeclass inference of HMul took 0.00219ms
typeclass inference of HSub took 0.0355ms
typeclass inference of HPow took 0.168ms
typeclass inference of HMul took 0.117ms
typeclass inference of HSub took 0.0651ms
typeclass inference of OfNat took 0.773ms
typeclass inference of OfNat took 0.0604ms
typeclass inference of OfNat took 0.00395ms
typeclass inference of HPow took 0.118ms
typeclass inference of HMul took 0.0537ms
typeclass inference of HSub took 0.0449ms
typeclass inference of OfNat took 0.0401ms
typeclass inference of HPow took 0.103ms
typeclass inference of HMul took 0.0492ms
typeclass inference of HSub took 0.0415ms
typeclass inference of OfNat took 0.0558ms
typeclass inference of OfNat took 0.0709ms
typeclass inference of OfNat took 0.0536ms
typeclass inference of OfNat took 0.0444ms
typeclass inference of HPow took 0.129ms
typeclass inference of LE took 0.0292ms
typeclass inference of OfNat took 0.0348ms
typeclass inference of OfNat took 0.0451ms
typeclass inference of HPow took 0.111ms
typeclass inference of OfNat took 0.0362ms
typeclass inference of HPow took 0.102ms
typeclass inference of OfNat took 0.0523ms
typeclass inference of OfNat took 0.0394ms
typeclass inference of OfNat took 0.0324ms
typeclass inference of OfNat took 0.0284ms
typeclass inference of HPow took 0.151ms
typeclass inference of LT took 0.0309ms
typeclass inference of OfNat took 0.00335ms
typeclass inference of OfNat took 0.0552ms
typeclass inference of HPow took 0.119ms
typeclass inference of OfNat took 0.0411ms
typeclass inference of HPow took 0.101ms
typeclass inference of OfNat took 0.0531ms
typeclass inference of OfNat took 0.0402ms
typeclass inference of OfNat took 0.0324ms
typeclass inference of OfNat took 0.0285ms
typeclass inference of HPow took 0.154ms
typeclass inference of LT took 0.00618ms
typeclass inference of OfNat took 0.00514ms
typeclass inference of OfNat took 0.0981ms
typeclass inference of HPow took 0.166ms
typeclass inference of OfNat took 0.036ms
typeclass inference of HPow took 0.103ms
typeclass inference of OfNat took 0.0517ms
typeclass inference of OfNat took 0.0412ms
typeclass inference of OfNat took 0.0336ms
typeclass inference of OfNat took 0.03ms
typeclass inference of HPow took 0.125ms
typeclass inference of LT took 0.00318ms
typeclass inference of OfNat took 0.00266ms
typeclass inference of OfNat took 0.0455ms
typeclass inference of HPow took 0.108ms
typeclass inference of OfNat took 0.0367ms
typeclass inference of HPow took 0.106ms
typeclass inference of OfNat took 0.055ms
typeclass inference of OfNat took 0.0444ms
typeclass inference of OfNat took 0.0473ms
typeclass inference of OfNat took 0.0338ms
typeclass inference of HMul took 0.124ms
typeclass inference of HAdd took 0.132ms
typeclass inference of HMul took 0.00305ms
typeclass inference of HMul took 0.17ms
typeclass inference of HPow took 0.152ms
typeclass inference of HMul took 0.0535ms
typeclass inference of HAdd took 0.0583ms
typeclass inference of OfNat took 0.00348ms
typeclass inference of OfNat took 0.0503ms
typeclass inference of HPow took 0.112ms
typeclass inference of HMul took 0.073ms
typeclass inference of HAdd took 0.0439ms
typeclass inference of OfNat took 0.0382ms
typeclass inference of HPow took 0.108ms
typeclass inference of HMul took 0.0466ms
typeclass inference of HAdd took 0.042ms
typeclass inference of OfNat took 0.0395ms
typeclass inference of HPow took 0.105ms
typeclass inference of HMul took 0.0497ms
typeclass inference of HSub took 0.0437ms
typeclass inference of OfNat took 0.0374ms
typeclass inference of HPow took 0.11ms
typeclass inference of OfNat took 0.0365ms
typeclass inference of HPow took 0.101ms
typeclass inference of OfNat took 0.0353ms
typeclass inference of HPow took 0.101ms
typeclass inference of OfNat took 0.036ms
typeclass inference of HPow took 0.0988ms
typeclass inference of OfNat took 0.0346ms
typeclass inference of HPow took 0.0997ms
typeclass inference of HMul took 0.0472ms
typeclass inference of HAdd took 0.0425ms
typeclass inference of OfNat took 0.0555ms
typeclass inference of HPow took 0.102ms
typeclass inference of HMul took 0.0492ms
typeclass inference of HSub took 0.0507ms
typeclass inference of OfNat took 0.0372ms
typeclass inference of HPow took 0.109ms
typeclass inference of OfNat took 0.0637ms
typeclass inference of HPow took 0.137ms
typeclass inference of OfNat took 0.0369ms
typeclass inference of HPow took 0.104ms
typeclass inference of OfNat took 0.0355ms
typeclass inference of HPow took 0.0985ms
typeclass inference of OfNat took 0.0354ms
typeclass inference of HPow took 0.102ms
typeclass inference of HMul took 0.0476ms
typeclass inference of HAdd took 0.0443ms
typeclass inference of Pow took 0.0411ms
typeclass inference of CategoryTheory.CartesianMonoidalCategory took 0.051ms
typeclass inference of CategoryTheory.CartesianMonoidalCategory took 0.00483ms
typeclass inference of NPow took 2.1ms
typeclass inference of OfNat took 0.0453ms
typeclass inference of HMul took 0.039ms
typeclass inference of HSub took 0.00445ms
typeclass inference of OfNat took 0.0611ms
typeclass inference of HPow took 0.12ms
typeclass inference of OfNat took 0.0392ms
typeclass inference of HPow took 0.108ms
typeclass inference of OfNat took 0.0386ms
typeclass inference of HPow took 0.12ms
typeclass inference of OfNat took 0.0371ms
typeclass inference of HPow took 0.114ms
typeclass inference of OfNat took 0.0375ms
typeclass inference of HPow took 0.105ms
typeclass inference of HMul took 0.0528ms
typeclass inference of HAdd took 0.0465ms
typeclass inference of OfNat took 0.0404ms
typeclass inference of HPow took 0.105ms
typeclass inference of OfNat took 0.0512ms
typeclass inference of HPow took 0.105ms
typeclass inference of OfNat took 0.0366ms
typeclass inference of HPow took 0.136ms
typeclass inference of OfNat took 0.0554ms
typeclass inference of HPow took 0.151ms
typeclass inference of OfNat took 0.0576ms
typeclass inference of HPow took 0.14ms
typeclass inference of HMul took 0.0537ms
typeclass inference of HAdd took 0.0463ms
typeclass inference of OfNat took 0.0385ms
typeclass inference of HPow took 0.231ms
typeclass inference of OfNat took 0.346ms
typeclass inference of HPow took 0.48ms
typeclass inference of OfNat took 0.0487ms
typeclass inference of HPow took 0.158ms
typeclass inference of OfNat took 0.0518ms
typeclass inference of HPow took 0.147ms
typeclass inference of OfNat took 0.0499ms
typeclass inference of HPow took 0.129ms
typeclass inference of HMul took 0.048ms
typeclass inference of HAdd took 0.0463ms
typeclass inference of Pow took 0.0378ms
typeclass inference of NPow took 0.186ms
typeclass inference of OfNat took 0.0413ms
typeclass inference of OfNat took 0.0414ms
typeclass inference of HPow took 0.116ms
typeclass inference of OfNat took 0.0381ms
typeclass inference of HPow took 0.111ms
typeclass inference of OfNat took 0.0407ms
typeclass inference of HPow took 0.101ms
typeclass inference of OfNat took 0.0356ms
typeclass inference of HPow took 0.102ms
typeclass inference of HMul took 0.0493ms
typeclass inference of HAdd took 0.046ms
typeclass inference of OfNat took 0.0379ms
typeclass inference of HPow took 0.0991ms
typeclass inference of OfNat took 0.0352ms
typeclass inference of HPow took 0.0997ms
typeclass inference of OfNat took 0.0352ms
typeclass inference of HPow took 0.0987ms
typeclass inference of OfNat took 0.0345ms
typeclass inference of HPow took 0.109ms
typeclass inference of HMul took 0.0537ms
typeclass inference of HAdd took 0.0443ms
typeclass inference of OfNat took 0.0375ms
typeclass inference of HPow took 0.102ms
typeclass inferenceparsing took 0.0751ms
parsing took 0.00105ms
 of OfNat took 0.0357ms
typeclass inference of HPow took 0.105ms
typeclass inference of OfNat took 0.0349ms
typeclass inference of HPow took 0.0993ms
typeclass inference of OfNat took 0.0355ms
typeclass inference of HPow took 0.0989ms
typeclass inference of HMul took 0.048ms
typeclass inference of HAdd took 0.0454ms
typeclass inference of Pow took 0.0361ms
typeclass inference of NPow took 0.00296ms
typeclass inference of OfNat took 0.00283ms
typeclass inference of OfNat took 0.0744ms
typeclass inference of HPow took 0.11ms
typeclass inference of OfNat took 0.0355ms
typeclass inference of HPow took 0.124ms
typeclass inference of OfNat took 0.109ms
typeclass inference of HPow took 0.156ms
typeclass inference of HMul took 0.0553ms
typeclass inference of HAdd took 0.0437ms
typeclass inference of OfNat took 0.0383ms
typeclass inference of HPow took 0.107ms
typeclass inference of OfNat took 0.0361ms
typeclass inference of HPow took 0.11ms
typeclass inference of OfNat took 0.0409ms
typeclass inference of HPow took 0.1ms
typeclass inference of HMul took 0.0486ms
typeclass inference of HAdd took 0.0431ms
typeclass inference of OfNat took 0.038ms
typeclass inference of HPow took 0.102ms
typeclass inference of OfNat took 0.0358ms
typeclass inference of HPow took 0.113ms
typeclass inference of OfNat took 0.0362ms
typeclass inference of HPow took 0.125ms
typeclass inference of HMul took 0.0493ms
typeclass inference of HAdd took 0.0449ms
typeclass inference of Pow took 0.0383ms
typeclass inference of NPow took 0.0034ms
typeclass inference of OfNat took 0.00251ms
typeclass inference of OfNat took 0.0425ms
typeclass inference of HPow took 0.108ms
typeclass inference of OfNat took 0.0374ms
typeclass inference of HPow took 0.106ms
typeclass inference of HMul took 0.0508ms
typeclass inference of HAdd took 0.0536ms
typeclass inference of OfNat took 0.0408ms
typeclass inference of HPow took 0.108ms
typeclass inference of OfNat took 0.101ms
typeclass inference of HPow took 0.206ms
typeclass inference of HMul took 0.063ms
typeclass inference of HAdd took 0.0512ms
typeclass inference of OfNat took 0.0414ms
typeclass inference of HPow took 0.112ms
typeclass inference of OfNat took 0.0574ms
typeclass inference of HPow took 0.105ms
typeclass inference of HMul took 0.0512ms
typeclass inference of HAdd took 0.0467ms
typeclass inference of Pow took 0.0411ms
typeclass inference of NPow took 0.00307ms
typeclass inference of OfNat took 0.00317ms
typeclass inference of OfNat took 0.0448ms
typeclass inference of HPow took 0.111ms
typeclass inference of HMul took 0.0596ms
typeclass inference of HAdd took 0.0593ms
typeclass inference of OfNat took 0.0452ms
typeclass inference of HPow took 0.105ms
typeclass inference of HMul took 0.0488ms
typeclass inference of HAdd took 0.0446ms
typeclass inference of OfNat took 0.0369ms
typeclass inference of HPow took 0.103ms
typeclass inference of HMul took 0.0497ms
typeclass inference of HAdd took 0.0446ms
typeclass inference of Pow took 0.0384ms
typeclass inference of NPow took 0.00325ms
typeclass inference of OfNat took 0.00283ms
typeclass inference of HMul took 0.0334ms
typeclass inference of HAdd took 0.00515ms
instantiate metavars took 0.0658ms
instantiate metavars took 0.000431ms
let-to-have transformation took 0.017ms
attribute application took 0.00205ms
attribute application took 0.000601ms
elaboration took 6.5ms
typeclass inference of OfNat took 0.219ms
typeclass inference of OfNat took 0.112ms
typeclass inference of OfNat took 0.119ms
tactic execution of Lean.Parser.Tactic.refine took 0.767ms
tactic execution of Lean.Parser.Tactic.rotateRight took 0.00797ms
tactic execution of Lean.Parser.Tactic.tacticSeq1Indented took 0.0201ms
tactic execution of Lean.Parser.Tactic.tacticSeq took 0.00822ms
tactic execution of Lean.Parser.Tactic.paren took 0.00929ms
tactic execution of Lean.Parser.Tactic.tacticSeq1Indented took 0.0132ms
tactic execution of Lean.Parser.Tactic.tacticSeq took 0.0089ms
tactic execution of Lean.Parser.Tactic.focus took 0.0154ms
tactic execution of Lean.Parser.Tactic.tacticRefine_lift_ took 0.0106ms
tactic execution of Lean.Parser.Tactic.tacticHave__ took 0.0232ms
typeclass inference of HMul took 1.14ms
typeclass inference of HMul took 0.866ms
tactic execution of Lean.Parser.Tactic.refine took 0.374ms
typeclass inference of Add took 0.85ms
typeclass inference of AddRightCancelSemigroup took 1.01ms
typeclass inference of IsRightCancelAdd took 3.97ms
typeclass inference of AddGroup took 0.505ms
typeclass inference of CommSemiring took 0.429ms
typeclass inference of CommRing took 0.0416ms
typeclass inference of Semifield took 0.294ms
typeclass inference of Field took 0.269ms
typeclass inference of Field took 0.00217ms
typeclass inference of Field took 0.00172ms
typeclass inference of Field took 0.00226ms
typeclass inference of Field took 0.00132ms
typeclass inference of Field took 0.00119ms
typeclass inference of Field took 0.00114ms
typeclass inference of Field took 0.00112ms
typeclass inference of Field took 0.00114ms
typeclass inference of Field took 0.000982ms
typeclass inference of Field took 0.00101ms
typeclass inference of Field took 0.00108ms
typeclass inference of Field took 0.00198ms
typeclass inference of Field took 0.0011ms
typeclass inference of Field took 0.00109ms
typeclass inference of Field took 0.00234ms
typeclass inference of Field took 0.00115ms
typeclass inference of Field took 0.00178ms
typeclass inference of Field took 0.000972ms
typeclass inference of Field took 0.000912ms
typeclass inference of Field took 0.00199ms
typeclass inference of Field took 0.00216ms
typeclass inference of Field took 0.00105ms
typeclass inference of Field took 0.00115ms
typeclass inference of Field took 0.00101ms
typeclass inference of Field took 0.001ms
typeclass inference of Field took 0.00104ms
typeclass inference of Field took 0.00182ms
typeclass inference of Field took 0.00116ms
typeclass inference of Field took 0.00101ms
typeclass inference of Semiring took 0.638ms
typeclass inference of RCLike took 0.0111ms
typeclass inference of RCLike took 0.00175ms
typeclass inference of RCLike took 0.00139ms
typeclass inference of RCLike took 0.00234ms
typeclass inference of RCLike took 0.00128ms
typeclass inference of RCLike took 0.00125ms
typeclass inference of RCLike took 0.00112ms
typeclass inference of RCLike took 0.00115ms
typeclass inference of RCLike took 0.000982ms
typeclass inference of RCLike took 0.00104ms
typeclass inference of RCLike took 0.00102ms
typeclass inference of RCLike took 0.001ms
typeclass inference of RCLike took 0.00196ms
typeclass inference of RCLike took 0.00113ms
typeclass inference of RCLike took 0.00132ms
typeclass inference of RCLike took 0.00103ms
typeclass inference of RCLike took 0.000981ms
typeclass inference of RCLike took 0.00104ms
typeclass inference of RCLike took 0.00106ms
typeclass inference of RCLike took 0.000962ms
typeclass inference of RCLike took 0.00176ms
typeclass inference of RCLike took 0.00113ms
typeclass inference of RCLike took 0.0013ms
typeclass inference of RCLike took 0.00119ms
typeclass inference of RCLike took 0.00111ms
typeclass inference of RCLike took 0.00104ms
typeclass inference of RCLike took 0.00101ms
typeclass inference of RCLike took 0.00147ms
typeclass inference of RCLike took 0.00101ms
typeclass inference of RCLike took 0.000972ms
typeclass inference of Semiring took 0.00465ms
typeclass inference of NonAssocRing took 0.241ms
typeclass inference of Field took 0.00293ms
typeclass inference of Field took 0.00205ms
typeclass inference of Field took 0.00194ms
typeclass inference of Field took 0.0013ms
typeclass inference of Field took 0.00129ms
typeclass inference of Field took 0.0012ms
typeclass inference of Field took 0.00119ms
typeclass inference of Field took 0.00109ms
typeclass inference of Field took 0.0012ms
typeclass inference of Field took 0.00164ms
typeclass inference of Field took 0.00119ms
typeclass inference of Field took 0.00131ms
typeclass inference of Field took 0.00101ms
typeclass inference of Field took 0.00213ms
typeclass inference of Field took 0.0011ms
typeclass inference of Field took 0.00121ms
typeclass inference of Field took 0.00118ms
typeclass inference of Field took 0.00113ms
typeclass inference of Field took 0.00107ms
typeclass inference of Field took 0.00104ms
typeclass inference of Field took 0.00107ms
typeclass inference of Field took 0.000962ms
typeclass inference of Field took 0.00202ms
typeclass inference of Field took 0.0011ms
typeclass inference of Field took 0.00111ms
typeclass inference of Field took 0.00108ms
typeclass inference of Field took 0.000992ms
typeclass inference of Field took 0.000972ms
typeclass inference of Field took 0.000972ms
typeclass inference of Field took 0.000992ms
typeclass inference of Field took 0.00186ms
typeclass inference of Field took 0.00106ms
typeclass inference of Field took 0.00103ms
typeclass inference of Field took 0.00107ms
typeclass inference of Field took 0.00102ms
typeclass inference of Field took 0.000962ms
typeclass inference of Field took 0.001ms
typeclass inference of Field took 0.00265ms
typeclass inference of Field took 0.00132ms
typeclass inference of Field took 0.00291ms
typeclass inference of Field took 0.0011ms
typeclass inference of Field took 0.00108ms
typeclass inference of Field took 0.00152ms
typeclass inference of Field took 0.00228ms
typeclass inference of Field took 0.00164ms
typeclass inference of Field took 0.00108ms
typeclass inference of Field took 0.00155ms
typeclass inference of Field took 0.00109ms
typeclass inference of Field took 0.00101ms
typeclass inference of Field took 0.00158ms
typeclass inference of Field took 0.0011ms
typeclass inference of Field took 0.00139ms
typeclass inference of Field took 0.00148ms
typeclass inference of Field took 0.00164ms
typeclass inference of Field took 0.0011ms
typeclass inference of Field took 0.00122ms
typeclass inference of Field took 0.00108ms
typeclass inference of Field took 0.00102ms
typeclass inference of Field took 0.00118ms
typeclass inference of Field took 0.0012ms
typeclass inference of Field took 0.0021ms
typeclass inference of Field took 0.00117ms
typeclass inference of Field took 0.00114ms
typeclass inference of Field took 0.00106ms
typeclass inference of Field took 0.001ms
typeclass inference of Field took 0.00168ms
typeclass inference of Field took 0.00124ms
typeclass inference of Field took 0.00115ms
typeclass inference of Field took 0.00112ms
typeclass inference of Field took 0.00143ms
typeclass inference of Field took 0.00116ms
typeclass inference of Field took 0.00105ms
typeclass inference of Semiring took 0.00459ms
typeclass inference of CharZero took 18.9ms
norm_num took 0.0384ms
norm_num took 0.0051ms
typeclass inference of AddMonoidWithOne took 0.732ms
norm_num took 0.538ms
norm_num took 0.00586ms
norm_num took 0.00722ms
norm_num took 0.00239ms
norm_num took 0.00302ms
typeclass inference of AddMonoidWithOne took 0.00467ms
norm_num took 0.3ms
ring took 3.34ms
tactic execution of Mathlib.Tactic.LinearCombination.linearCombination took 2.7ms
tactic execution of Lean.Parser.Tactic.tacticSeq1Indented took 0.0146ms
tactic execution of Lean.Parser.Tactic.tacticSeq took 0.00927ms
tactic execution of Lean.Parser.Tactic.paren took 0.0112ms
tactic execution of Lean.Parser.Tactic.withAnnotateState took 0.0161ms
tactic execution of Lean.Parser.Tactic.tacticSeq1Indented took 0.0106ms
tactic execution of Lean.Parser.Tactic.tacticSeq took 0.00943ms
tactic execution of Lean.Parser.Tactic.case took 0.0888ms
tactic execution of Lean.Parser.Tactic.tacticSeq1Indented took 0.0225ms
tactic execution of Lean.Parser.Tactic.tacticSeq took 0.00969ms
tactic execution of Lean.Parser.Tactic.focus took 0.0114ms
tactic execution of Lean.Parser.Tactic.tacticHave__ took 0.0266ms
typeclass inference of OfNat took 0.171ms
typeclass inference of OfNat took 0.0981ms
typeclass inference of OfNat took 0.0808ms
typeclass inference of OfNat took 0.0898ms
typeclass inference of HAdd took 1.31ms
typeclass inference of HMul took 0.00547ms
typeclass inference of HPow took 0.203ms
typeclass inference of HMul took 0.0802ms
typeclass inference of HAdd took 0.0553ms
typeclass inference of OfNat took 0.981ms
typeclass inference of OfNat took 0.0617ms
typeclass inference of HPow took 0.134ms
typeclass inference of HMul took 0.0605ms
typeclass inference of HAdd took 0.0496ms
typeclass inference of OfNat took 0.0444ms
typeclass inference of HPow took 0.118ms
typeclass inference of HMul took 0.0596ms
typeclass inference of HAdd took 0.0471ms
typeclass inference of OfNat took 0.0587ms
typeclass inference of HPow took 0.13ms
typeclass inference of HMul took 0.0588ms
typeclass inference of HAdd took 0.0455ms
typeclass inference of OfNat took 0.0495ms
typeclass inference of HPow took 0.133ms
typeclass inference of HMul took 0.0547ms
typeclass inference of HAdd took 0.0467ms
typeclass inference of Pow took 0.0428ms
typeclass inference of CategoryTheory.CartesianMonoidalCategory took 0.0627ms
typeclass inference of CategoryTheory.CartesianMonoidalCategory took 0.00477ms
typeclass inference of NPow took 1.88ms
typeclass inference of OfNat took 0.0466ms
typeclass inference of HMul took 0.0428ms
typeclass inference of HAdd took 0.00297ms
tactic execution of Lean.Parser.Tactic.refine took 1.18ms
typeclass inference of Add took 0.00511ms
typeclass inference of IsRightCancelAdd took 0.0468ms
typeclass inference of AddGroup took 0.00764ms
typeclass inference of CommSemiring took 0.00461ms
typeclass inference of CommRing took 0.00355ms
typeclass inference of Semifield took 0.00141ms
typeclass inference of CharZero took 0.00335ms
norm_num took 0.0511ms
typeclass inference of AddMonoidWithOne took 0.00568ms
norm_num took 0.298ms
norm_num took 0.00735ms
typeclass inference of AddMonoidWithOne took 0.00478ms
norm_num took 0.16ms
typeclass inference of AddMonoidWithOne took 0.0399ms
norm_num took 0.091ms
norm_num took 0.00552ms
norm_num took 0.00502ms
norm_num took 0.00243ms
typeclass inference of AddMonoidWithOne took 0.00488ms
norm_num took 0.106ms
typeclass inference of AddMonoidWithOne took 0.00392ms
norm_num took 0.0691ms
norm_num took 0.0043ms
typeclass inference of AddMonoidWithOne took 0.00391ms
norm_num took 0.146ms
ring took 2.02ms
tactic execution of Mathlib.Tactic.LinearCombination.linearCombination took 1.2ms
tactic execution of Lean.Parser.Tactic.tacticSeq1Indented took 0.0154ms
tactic execution of Lean.Parser.Tactic.tacticSeq took 0.00721ms
tactic execution of Lean.Parser.Tactic.paren took 0.00666ms
tactic execution of Lean.Parser.Tactic.withAnnotateState took 0.00812ms
tactic execution of Lean.Parser.Tactic.tacticSeq1Indented took 0.00517ms
tactic execution of Lean.Parser.Tactic.tacticSeq took 0.00508ms
tactic execution of Lean.Parser.Tactic.case took 0.0472ms
tactic execution of Lean.Parser.Tactic.tacticSeq1Indented took 0.0168ms
tactic execution of Lean.Parser.Tactic.tacticSeq took 0.00542ms
tactic execution of Lean.Parser.Tactic.focus took 0.0139ms
tactic execution of Lean.Parser.Tactic.tacticHave__ took 0.124ms
typeclass inference of OfNat took 0.0649ms
typeclass inference of OfNat took 0.112ms
typeclass inference of OfNat took 0.0518ms
typeclass inference of OfNat took 0.0467ms
typeclass inference of HPow took 0.182ms
typeclass inference of LT took 0.0266ms
typeclass inference of OfNat took 0.0604ms
typeclass inference of HPow took 0.156ms
typeclass inference of OfNat took 0.0517ms
typeclass inference of HPow took 0.125ms
typeclass inference of OfNat took 0.0449ms
typeclass inference of HPow took 0.146ms
typeclass inference of Pow took 0.0425ms
typeclass inference of NPow took 0.157ms
typeclass inference of OfNat took 0.0049ms
tactic execution of Lean.Parser.Tactic.refine took 0.742ms
interpretation of Lean.Meta.Grind.reduceCtorEqCheap took 0.0125ms
interpretation of Lean.Meta.Grind.reduceSimpMatchDiscrsOnly took 0.00328ms
interpretation of Lean.Meta.Grind.reducePreMatchCond took 0.0031ms
interpretation of Lean.Meta.Grind.Arith.expandPow01 took 0.00246ms
interpretation of Lean.Meta.Grind.Arith.expandDiv took 0.00154ms
interpretation of Lean.Meta.Grind.Arith.normNatAddInst took 0.00243ms
interpretation of Lean.Meta.Grind.Arith.normNatMulInst took 0.00249ms
interpretation of Lean.Meta.Grind.Arith.normNatSubInst took 0.00206ms
interpretation of Lean.Meta.Grind.Arith.normNatDivInst took 0.0019ms
interpretation of Lean.Meta.Grind.Arith.normNatModInst took 0.00159ms
interpretation of Lean.Meta.Grind.Arith.normNatPowInst took 0.00201ms
interpretation of Lean.Meta.Grind.Arith.normNatOfNatInst took 0.00173ms
interpretation of Lean.Meta.Grind.Arith.normIntNegInst took 0.00161ms
interpretation of Lean.Meta.Grind.Arith.normIntAddInst took 0.00387ms
interpretation of Lean.Meta.Grind.Arith.normIntMulInst took 0.0021ms
interpretation of Lean.Meta.Grind.Arith.normIntSubInst took 0.00357ms
interpretation of Lean.Meta.Grind.Arith.normIntDivInst took 0.00282ms
interpretation of Lean.Meta.Grind.Arith.normIntModInst took 0.00163ms
interpretation of Lean.Meta.Grind.Arith.normIntPowInst took 0.00219ms
interpretation of Lean.Meta.Grind.Arith.normNatCastInst took 0.00244ms
interpretation of Lean.Meta.Grind.Arith.normIntOfNatInst took 0.00156ms
interpretation of Lean.Meta.Grind.Arith.normNatCastNum took 0.00144ms
interpretation of Lean.Meta.Grind.Arith.normIntCastNum took 0.00207ms
interpretation of Lean.Meta.Grind.Arith.normPowRatInt took 0.00181ms
interpretation of Lean.Meta.Grind.Arith.normFieldInv took 0.00449ms
interpretation of Lean.Meta.Grind.simpForall took 0.00314ms
interpretation of Lean.Meta.Grind.simpExists took 0.00221ms
interpretation of Lean.Meta.Grind.simpEq took 0.0022ms
interpretation of Lean.Meta.Grind.simpOr took 0.00201ms
interpretation of Lean.Meta.Grind.simpDIte took 0.00234ms
interpretation of Lean.Meta.Grind.pushNot took 0.00205ms
interpretation of Lean.Meta.Grind.unfoldReducibleSimproc took 0.00232ms
congr simp thm took 0.0221ms
congr simp thm took 0.0768ms
congr simp thm took 0.0425ms
grind simp took 0.475ms
grind mark subsingleton took 0.0834ms
sym typeclass inference of HSub took 1.17ms
sym typeclass inference of HMul took 1.15ms
sym typeclass inference of OfNat took 0.84ms
sym canon took 0.291ms
sym typeclass inference of Lean.Grind.CommRing took 0.537ms
typeclass inference of Lean.Grind.Ring took 0.487ms
typeclass inference of Semiring took 0.638ms
typeclass inference of AddLeftCancelSemigroup took 0.861ms
sym typeclass inference of Lean.Grind.IsCharP took 6.78ms
sym typeclass inference of Lean.Grind.NatModule took 0.918ms
typeclass inference of AddCommMonoid took 0.835ms
typeclass inference of AddCommMonoid took 0.00496ms
typeclass inference of AddCommMonoid took 0.00459ms
typeclass inference of AddCancelMonoid took 0.671ms
typeclass inference of AddCommMonoid took 0.00497ms
typeclass inference of AddGroup took 0.558ms
typeclass inference of Field took 0.312ms
typeclass inference of Field took 0.00217ms
typeclass inference of Field took 0.00159ms
typeclass inference of Field took 0.0114ms
typeclass inference of Field took 0.00334ms
typeclass inference of Field took 0.00314ms
typeclass inference of Field took 0.00238ms
typeclass inference of Field took 0.00205ms
typeclass inference of Field took 0.00198ms
typeclass inference of Field took 0.00198ms
typeclass inference of Field took 0.00191ms
typeclass inference of Field took 0.00192ms
typeclass inference of Field took 0.0021ms
typeclass inference of Field took 0.00116ms
typeclass inference of Field took 0.00126ms
typeclass inference of Field took 0.00109ms
typeclass inference of Field took 0.00106ms
typeclass inference of Field took 0.00125ms
typeclass inference of Field took 0.00103ms
typeclass inference of Field took 0.000972ms
typeclass inference of Field took 0.00199ms
typeclass inference of Field took 0.00106ms
typeclass inference of Field took 0.00127ms
typeclass inference of Field took 0.0011ms
typeclass inference of Field took 0.00126ms
typeclass inference of Field took 0.00105ms
typeclass inference of Field took 0.000962ms
typeclass inference of Field took 0.00172ms
typeclass inference of Field took 0.00141ms
typeclass inference of Field took 0.0011ms
typeclass inference of Semiring took 0.00431ms
typeclass inference of RCLike took 0.0117ms
typeclass inference of RCLike took 0.00164ms
typeclass inference of RCLike took 0.00129ms
typeclass inference of RCLike took 0.00253ms
typeclass inference of RCLike took 0.00125ms
typeclass inference of RCLike took 0.00109ms
typeclass inference of RCLike took 0.00114ms
typeclass inference of RCLike took 0.00111ms
typeclass inference of RCLike took 0.00109ms
typeclass inference of RCLike took 0.00104ms
typeclass inference of RCLike took 0.00108ms
typeclass inference of RCLike took 0.00103ms
typeclass inference of RCLike took 0.00172ms
typeclass inference of RCLike took 0.00119ms
typeclass inference of RCLike took 0.00106ms
typeclass inference of RCLike took 0.00105ms
typeclass inference of RCLike took 0.001ms
typeclass inference of RCLike took 0.00103ms
typeclass inference of RCLike took 0.00103ms
typeclass inference of RCLike took 0.000942ms
typeclass inference of RCLike took 0.0017ms
typeclass inference of RCLike took 0.00115ms
typeclass inference of RCLike took 0.00107ms
typeclass inference of RCLike took 0.00115ms
typeclass inference of RCLike took 0.00104ms
typeclass inference of RCLike took 0.00102ms
typeclass inference of RCLike took 0.000962ms
typeclass inference of RCLike took 0.00151ms
typeclass inference of RCLike took 0.00115ms
typeclass inference of RCLike took 0.00103ms
typeclass inference of Semiring took 0.00388ms
typeclass inference of NonAssocRing took 0.162ms
typeclass inference of Field took 0.00486ms
typeclass inference of Field took 0.00201ms
typeclass inference of Field took 0.00199ms
typeclass inference of Field took 0.00124ms
typeclass inference of Field took 0.00123ms
typeclass inference of Field took 0.00104ms
typeclass inference of Field took 0.00123ms
typeclass inference of Field took 0.00101ms
typeclass inference of Field took 0.00113ms
typeclass inference of Field took 0.00172ms
typeclass inference of Field took 0.00119ms
typeclass inference of Field took 0.00121ms
typeclass inference of Field took 0.00105ms
typeclass inference of Field took 0.00229ms
typeclass inference of Field took 0.0011ms
typeclass inference of Field took 0.001ms
typeclass inference of Field took 0.00109ms
typeclass inference of Field took 0.00104ms
typeclass inference of Field took 0.00109ms
typeclass inference of Field took 0.00108ms
typeclass inference of Field took 0.00109ms
typeclass inference of Field took 0.000962ms
typeclass inference of Field took 0.00187ms
typeclass inference of Field took 0.00105ms
typeclass inference of Field took 0.00106ms
typeclass inference of Field took 0.00103ms
typeclass inference of Field took 0.00104ms
typeclass inference of Field took 0.00124ms
typeclass inference of Field took 0.00109ms
typeclass inference of Field took 0.00115ms
typeclass inference of Field took 0.006ms
typeclass inference of Field took 0.00118ms
typeclass inference of Field took 0.00115ms
typeclass inference of Field took 0.000972ms
typeclass inference of Field took 0.00103ms
typeclass inference of Field took 0.00102ms
typeclass inference of Field took 0.000982ms
typeclass inference of Field took 0.00201ms
typeclass inference of Field took 0.00115ms
typeclass inference of Field took 0.0011ms
typeclass inference of Field took 0.00111ms
typeclass inference of Field took 0.00108ms
typeclass inference of Field took 0.00162ms
typeclass inference of Field took 0.00103ms
typeclass inference of Field took 0.00102ms
typeclass inference of Field took 0.000972ms
typeclass inference of Field took 0.00134ms
typeclass inference of Field took 0.00102ms
typeclass inference of Field took 0.00105ms
typeclass inference of Field took 0.00203ms
typeclass inference of Field took 0.00114ms
typeclass inference of Field took 0.00132ms
typeclass inference of Field took 0.00134ms
typeclass inference of Field took 0.00159ms
typeclass inference of Field took 0.0011ms
typeclass inference of Field took 0.00107ms
typeclass inference of Field took 0.00108ms
typeclass inference of Field took 0.00106ms
typeclass inference of Field took 0.00117ms
typeclass inference of Field took 0.00112ms
typeclass inference of Field took 0.00225ms
typeclass inference of Field took 0.0012ms
typeclass inference of Field took 0.00113ms
typeclass inference of Field took 0.00108ms
typeclass inference of Field took 0.00105ms
typeclass inference of Field took 0.00201ms
typeclass inference of Field took 0.00154ms
typeclass inference of Field took 0.00121ms
typeclass inference of Field took 0.00106ms
typeclass inference of Field took 0.00164ms
typeclass inference of Field took 0.00102ms
typeclass inference of Field took 0.00103ms
typeclass inference of Semiring took 0.0104ms
typeclass inference of DivisionRing took 0.324ms
typeclass inference of DivisionRing took 0.00233ms
typeclass inference of DivisionRing took 0.00131ms
typeclass inference of DivisionRing took 0.00101ms
typeclass inference of DivisionRing took 0.00222ms
typeclass inference of DivisionRing took 0.00117ms
typeclass inference of DivisionRing took 0.00117ms
typeclass inference of DivisionRing took 0.00126ms
typeclass inference of DivisionRing took 0.00112ms
typeclass inference of DivisionRing took 0.00108ms
typeclass inference of DivisionRing took 0.00105ms
typeclass inference of DivisionRing took 0.001ms
typeclass inference of DivisionRing took 0.00196ms
typeclass inference of DivisionRing took 0.00125ms
typeclass inference of DivisionRing took 0.00107ms
typeclass inference of DivisionRing took 0.00111ms
typeclass inference of DivisionRing took 0.00104ms
typeclass inference of DivisionRing took 0.00105ms
typeclass inference of DivisionRing took 0.00104ms
typeclass inference of DivisionRing took 0.00181ms
typeclass inference of DivisionRing took 0.00112ms
typeclass inference of DivisionRing took 0.00115ms
typeclass inference of DivisionRing took 0.00106ms
typeclass inference of DivisionRing took 0.000992ms
typeclass inference of DivisionRing took 0.000941ms
typeclass inference of DivisionRing took 0.00162ms
typeclass inference of DivisionRing took 0.00115ms
typeclass inference of DivisionRing took 0.000972ms
typeclass inference of DivisionRing took 0.001ms
typeclass inference of DivisionRing took 0.00101ms
typeclass inference of Semifield took 0.34ms
typeclass inference of Semifield took 0.00237ms
typeclass inference of Semifield took 0.00125ms
typeclass inference of Semifield took 0.00112ms
typeclass inference of Semifield took 0.00137ms
typeclass inference of Semifield took 0.000992ms
typeclass inference of Semifield took 0.00102ms
typeclass inference of Semifield took 0.000981ms
typeclass inference of Semifield took 0.000922ms
typeclass inference of Semifield took 0.00883ms
typeclass inference of Semifield took 0.00119ms
typeclass inference of Semifield took 0.00101ms
typeclass inference of Semifield took 0.00101ms
typeclass inference of Semifield took 0.000992ms
typeclass inference of Semifield took 0.00106ms
typeclass inference of Semifield took 0.000942ms
typeclass inference of Field took 0.00213ms
typeclass inference of Field took 0.00117ms
typeclass inference of Field took 0.00106ms
typeclass inference of Field took 0.00186ms
typeclass inference of Field took 0.00124ms
typeclass inference of Field took 0.00112ms
typeclass inference of Field took 0.00114ms
typeclass inference of Field took 0.000982ms
typeclass inference of Field took 0.000981ms
typeclass inference of Field took 0.00102ms
typeclass inference of Field took 0.000982ms
typeclass inference of Field took 0.000961ms
typeclass inference of Field took 0.00179ms
typeclass inference of Field took 0.00106ms
typeclass inference of Field took 0.00108ms
typeclass inference of Field took 0.00103ms
typeclass inference of Field took 0.00111ms
typeclass inference of Field took 0.00262ms
typeclass inference of Field took 0.00149ms
typeclass inference of Field took 0.00105ms
typeclass inference of Field took 0.00173ms
typeclass inference of Field took 0.00103ms
typeclass inference of Field took 0.00205ms
typeclass inference of Field took 0.00115ms
typeclass inference of Field took 0.00103ms
typeclass inference of Field took 0.00104ms
typeclass inference of Field took 0.000932ms
typeclass inference of DivisionRing took 0.0019ms
typeclass inference of DivisionRing took 0.00198ms
typeclass inference of DivisionRing took 0.0011ms
typeclass inference of DivisionRing took 0.00107ms
typeclass inference of DivisionRing took 0.00101ms
typeclass inference of DivisionRing took 0.00126ms
typeclass inference of DivisionRing took 0.00116ms
typeclass inference of DivisionRing took 0.000992ms
typeclass inference of DivisionRing took 0.000961ms
typeclass inference of DivisionRing took 0.00195ms
typeclass inference of DivisionRing took 0.00106ms
typeclass inference of DivisionRing took 0.00106ms
typeclass inference of DivisionRing took 0.00101ms
typeclass inference of DivisionRing took 0.00103ms
typeclass inference of DivisionRing took 0.000982ms
typeclass inference of DivisionRing took 0.000931ms
typeclass inference of EuclideanDomain took 0.428ms
typeclass inference of EuclideanDomain took 0.00231ms
typeclass inference of EuclideanDomain took 0.00128ms
typeclass inference of EuclideanDomain took 0.00111ms
typeclass inference of EuclideanDomain took 0.00103ms
typeclass inference of EuclideanDomain took 0.00101ms
typeclass inference of EuclideanDomain took 0.000982ms
typeclass inference of EuclideanDomain took 0.00106ms
typeclass inference of EuclideanDomain took 0.00101ms
typeclass inference of EuclideanDomain took 0.00108ms
typeclass inference of EuclideanDomain took 0.00138ms
typeclass inference of EuclideanDomain took 0.00102ms
typeclass inference of EuclideanDomain took 0.001ms
typeclass inference of EuclideanDomain took 0.00188ms
typeclass inference of EuclideanDomain took 0.00108ms
typeclass inference of EuclideanDomain took 0.00145ms
typeclass inference of EuclideanDomain took 0.00131ms
typeclass inference of EuclideanDomain took 0.00102ms
typeclass inference of EuclideanDomain took 0.00116ms
typeclass inference of EuclideanDomain took 0.000952ms
typeclass inference of EuclideanDomain took 0.000942ms
typeclass inference of EuclideanDomain took 0.000911ms
typeclass inference of EuclideanDomain took 0.0031ms
typeclass inference of EuclideanDomain took 0.00181ms
typeclass inference of EuclideanDomain took 0.00205ms
typeclass inference of EuclideanDomain took 0.00149ms
typeclass inference of EuclideanDomain took 0.00129ms
typeclass inference of EuclideanDomain took 0.00294ms
typeclass inference of EuclideanDomain took 0.0014ms
typeclass inference of EuclideanDomain took 0.00131ms
typeclass inference of EuclideanDomain took 0.00333ms
typeclass inference of EuclideanDomain took 0.00117ms
typeclass inference of EuclideanDomain took 0.00125ms
typeclass inference of EuclideanDomain took 0.00102ms
typeclass inference of EuclideanDomain took 0.00114ms
typeclass inference of EuclideanDomain took 0.00189ms
typeclass inference of EuclideanDomain took 0.000951ms
typeclass inference of CommMonoidWithZero took 0.929ms
typeclass inference of Semiring took 0.00474ms
typeclass inference of CommMonoidWithZero took 0.00578ms
typeclass inference of CommMonoidWithZero took 0.00379ms
typeclass inference of CommGroupWithZero took 0.394ms
typeclass inference of CommGroupWithZero took 0.00252ms
typeclass inference of CommGroupWithZero took 0.0015ms
typeclass inference of CommGroupWithZero took 0.00117ms
typeclass inference of CommGroupWithZero took 0.00101ms
typeclass inference of CommGroupWithZero took 0.000991ms
typeclass inference of CommGroupWithZero took 0.000951ms
typeclass inference of CommGroupWithZero took 0.000972ms
typeclass inference of LinearOrderedCommMonoidWithZero took 0.0459ms
typeclass inference of LinearOrderedCommMonoidWithZero took 0.0029ms
typeclass inference of LinearOrderedCommMonoidWithZero took 0.00216ms
typeclass inference of LinearOrderedCommMonoidWithZero took 0.00111ms
typeclass inference of LinearOrderedCommMonoidWithZero took 0.00116ms
typeclass inference of LinearOrderedCommMonoidWithZero took 0.00103ms
typeclass inference of LinearOrderedCommMonoidWithZero took 0.000952ms
typeclass inference of LinearOrderedCommMonoidWithZero took 0.000932ms
typeclass inference of LinearOrderedCommMonoidWithZero took 0.000952ms
typeclass inference of LinearOrderedCommMonoidWithZero took 0.00237ms
typeclass inference of LinearOrderedCommMonoidWithZero took 0.00242ms
typeclass inference of LinearOrderedCommMonoidWithZero took 0.00229ms
typeclass inference of LinearOrderedCommMonoidWithZero took 0.00191ms
typeclass inference of LinearOrderedCommMonoidWithZero took 0.00121ms
typeclass inference of LinearOrderedCommMonoidWithZero took 0.00126ms
typeclass inference of LinearOrderedCommMonoidWithZero took 0.00115ms
typeclass inference of LinearOrderedCommMonoidWithZero took 0.00104ms
typeclass inference of LinearOrderedCommMonoidWithZero took 0.000981ms
typeclass inference of LinearOrderedCommMonoidWithZero took 0.000962ms
typeclass inference of LinearOrderedCommMonoidWithZero took 0.00184ms
typeclass inference of LinearOrderedCommMonoidWithZero took 0.00113ms
typeclass inference of LinearOrderedCommMonoidWithZero took 0.000982ms
typeclass inference of LinearOrderedCommMonoidWithZero took 0.000982ms
typeclass inference of LinearOrderedCommMonoidWithZero took 0.000992ms
typeclass inference of LinearOrderedCommMonoidWithZero took 0.000942ms
typeclass inference of LinearOrderedCommMonoidWithZero took 0.00188ms
typeclass inference of LinearOrderedCommMonoidWithZero took 0.00104ms
typeclass inference of LinearOrderedCommMonoidWithZero took 0.00101ms
typeclass inference of LinearOrderedCommMonoidWithZero took 0.00102ms
typeclass inference of LinearOrderedCommMonoidWithZero took 0.000901ms
typeclass inference of LinearOrderedCommMonoidWithZero took 0.00289ms
typeclass inference of LinearOrderedCommMonoidWithZero took 0.0023ms
typeclass inference of LinearOrderedCommMonoidWithZero took 0.00128ms
typeclass inference of LinearOrderedCommMonoidWithZero took 0.00257ms
typeclass inference of LinearOrderedCommMonoidWithZero took 0.00105ms
typeclass inference of LinearOrderedCommMonoidWithZero took 0.00104ms
typeclass inference of LinearOrderedCommMonoidWithZero took 0.00105ms
typeclass inference of LinearOrderedCommMonoidWithZero took 0.00104ms
typeclass inference of LinearOrderedCommMonoidWithZero took 0.000982ms
typeclass inference of LinearOrderedCommMonoidWithZero took 0.00168ms
typeclass inference of LinearOrderedCommMonoidWithZero took 0.00131ms
typeclass inference of LinearOrderedCommMonoidWithZero took 0.00106ms
typeclass inference of LinearOrderedCommMonoidWithZero took 0.000962ms
typeclass inference of LinearOrderedCommMonoidWithZero took 0.00217ms
typeclass inference of LinearOrderedCommMonoidWithZero took 0.00106ms
typeclass inference of LinearOrderedCommMonoidWithZero took 0.00104ms
typeclass inference of LinearOrderedCommMonoidWithZero took 0.00106ms
typeclass inference of LinearOrderedCommMonoidWithZero took 0.001ms
typeclass inference of LinearOrderedCommMonoidWithZero took 0.0011ms
typeclass inference of LinearOrderedCommMonoidWithZero took 0.000922ms
typeclass inference of LinearOrderedCommMonoidWithZero took 0.0022ms
typeclass inference of LinearOrderedCommMonoidWithZero took 0.00107ms
typeclass inference of LinearOrderedCommMonoidWithZero took 0.00133ms
typeclass inference of LinearOrderedCommMonoidWithZero took 0.00104ms
typeclass inference of LinearOrderedCommMonoidWithZero took 0.00101ms
typeclass inference of LinearOrderedCommMonoidWithZero took 0.000912ms
typeclass inference of LinearOrderedCommMonoidWithZero took 0.00152ms
typeclass inference of LinearOrderedCommMonoidWithZero took 0.00101ms
typeclass inference of LinearOrderedCommMonoidWithZero took 0.00102ms
typeclass inference of LinearOrderedCommMonoidWithZero took 0.000992ms
typeclass inference of LinearOrderedCommMonoidWithZero took 0.000932ms
typeclass inference of LinearOrderedCommMonoidWithZero took 0.00197ms
typeclass inference of LinearOrderedCommMonoidWithZero took 0.00117ms
typeclass inference of LinearOrderedCommMonoidWithZero took 0.000992ms
typeclass inference of LinearOrderedCommMonoidWithZero took 0.00293ms
typeclass inference of LinearOrderedCommMonoidWithZero took 0.00135ms
typeclass inference of LinearOrderedCommMonoidWithZero took 0.00193ms
typeclass inference of LinearOrderedCommMonoidWithZero took 0.00103ms
typeclass inference of LinearOrderedCommMonoidWithZero took 0.00105ms
typeclass inference of LinearOrderedCommMonoidWithZero took 0.00105ms
typeclass inference of LinearOrderedCommMonoidWithZero took 0.000972ms
typeclass inference of LinearOrderedCommMonoidWithZero took 0.0011ms
typeclass inference of LinearOrderedCommMonoidWithZero took 0.000992ms
typeclass inference of LinearOrderedCommMonoidWithZero took 0.00126ms
typeclass inference of LinearOrderedCommMonoidWithZero took 0.00107ms
typeclass inference of LinearOrderedCommMonoidWithZero took 0.00102ms
typeclass inference of LinearOrderedCommMonoidWithZero took 0.00163ms
typeclass inference of LinearOrderedCommMonoidWithZero took 0.00126ms
typeclass inference of LinearOrderedCommMonoidWithZero took 0.00103ms
typeclass inference of LinearOrderedCommMonoidWithZero took 0.00103ms
typeclass inference of LinearOrderedCommMonoidWithZero took 0.000962ms
typeclass inference of LinearOrderedCommMonoidWithZero took 0.00107ms
typeclass inference of LinearOrderedCommMonoidWithZero took 0.000972ms
typeclass inference of LinearOrderedCommMonoidWithZero took 0.00274ms
typeclass inference of LinearOrderedCommMonoidWithZero took 0.00129ms
typeclass inference of LinearOrderedCommMonoidWithZero took 0.00152ms
typeclass inference of LinearOrderedCommMonoidWithZero took 0.00105ms
typeclass inference of LinearOrderedCommMonoidWithZero took 0.00105ms
typeclass inference of LinearOrderedCommMonoidWithZero took 0.000962ms
typeclass inference of LinearOrderedCommMonoidWithZero took 0.00178ms
typeclass inference of LinearOrderedCommMonoidWithZero took 0.00105ms
typeclass inference of LinearOrderedCommMonoidWithZero took 0.000982ms
typeclass inference of LinearOrderedCommMonoidWithZero took 0.00103ms
typeclass inference of LinearOrderedCommMonoidWithZero took 0.000912ms
typeclass inference of LinearOrderedCommMonoidWithZero took 0.00181ms
typeclass inference of LinearOrderedCommMonoidWithZero took 0.00108ms
typeclass inference of LinearOrderedCommMonoidWithZero took 0.000952ms
typeclass inference of LinearOrderedCommMonoidWithZero took 0.00171ms
typeclass inference of LinearOrderedCommMonoidWithZero took 0.00106ms
typeclass inference of LinearOrderedCommMonoidWithZero took 0.00105ms
typeclass inference of LinearOrderedCommMonoidWithZero took 0.00112ms
typeclass inference of LinearOrderedCommMonoidWithZero took 0.00106ms
typeclass inference of LinearOrderedCommMonoidWithZero took 0.00107ms
typeclass inference of LinearOrderedCommMonoidWithZero took 0.000902ms
typeclass inference of LinearOrderedCommMonoidWithZero took 0.00119ms
typeclass inference of LinearOrderedCommMonoidWithZero took 0.00105ms
typeclass inference of LinearOrderedCommMonoidWithZero took 0.000942ms
typeclass inference of LinearOrderedCommMonoidWithZero took 0.00179ms
typeclass inference of LinearOrderedCommMonoidWithZero took 0.00103ms
typeclass inference of LinearOrderedCommMonoidWithZero took 0.00115ms
typeclass inference of LinearOrderedCommMonoidWithZero took 0.00103ms
typeclass inference of LinearOrderedCommMonoidWithZero took 0.000992ms
typeclass inference of LinearOrderedCommMonoidWithZero took 0.000942ms
typeclass inference of LinearOrderedCommMonoidWithZero took 0.000932ms
typeclass inference of LinearOrderedCommMonoidWithZero took 0.00375ms
typeclass inference of LinearOrderedCommMonoidWithZero took 0.00146ms
typeclass inference of LinearOrderedCommMonoidWithZero took 0.00154ms
typeclass inference of LinearOrderedCommMonoidWithZero took 0.00101ms
typeclass inference of LinearOrderedCommMonoidWithZero took 0.00116ms
typeclass inference of LinearOrderedCommMonoidWithZero took 0.000981ms
typeclass inference of LinearOrderedCommMonoidWithZero took 0.00176ms
typeclass inference of LinearOrderedCommMonoidWithZero took 0.00136ms
typeclass inference of LinearOrderedCommMonoidWithZero took 0.00104ms
typeclass inference of LinearOrderedCommMonoidWithZero took 0.00102ms
typeclass inference of LinearOrderedCommMonoidWithZero took 0.00105ms
typeclass inference of LinearOrderedCommMonoidWithZero took 0.00155ms
typeclass inference of LinearOrderedCommMonoidWithZero took 0.00439ms
typeclass inference of LinearOrderedCommMonoidWithZero took 0.00105ms
typeclass inference of LinearOrderedCommMonoidWithZero took 0.00163ms
typeclass inference of LinearOrderedCommMonoidWithZero took 0.00111ms
typeclass inference of LinearOrderedCommMonoidWithZero took 0.00103ms
typeclass inference of LinearOrderedCommMonoidWithZero took 0.00175ms
typeclass inference of LinearOrderedCommMonoidWithZero took 0.00105ms
typeclass inference of LinearOrderedCommMonoidWithZero took 0.00114ms
typeclass inference of LinearOrderedCommMonoidWithZero took 0.00105ms
typeclass inference of LinearOrderedCommMonoidWithZero took 0.000982ms
typeclass inference of LinearOrderedCommMonoidWithZero took 0.000982ms
typeclass inference of LinearOrderedCommMonoidWithZero took 0.000922ms
typeclass inference of LinearOrderedCommMonoidWithZero took 0.00114ms
typeclass inference of LinearOrderedCommMonoidWithZero took 0.00108ms
typeclass inference of LinearOrderedCommMonoidWithZero took 0.000992ms
typeclass inference of LinearOrderedCommMonoidWithZero took 0.00168ms
typeclass inference of LinearOrderedCommMonoidWithZero took 0.00108ms
typeclass inference of LinearOrderedCommMonoidWithZero took 0.00104ms
typeclass inference of LinearOrderedCommMonoidWithZero took 0.000972ms
typeclass inference of LinearOrderedCommMonoidWithZero took 0.000952ms
typeclass inference of LinearOrderedCommMonoidWithZero took 0.000962ms
typeclass inference of LinearOrderedCommMonoidWithZero took 0.000982ms
typeclass inference of LinearOrderedCommMonoidWithZero took 0.00183ms
typeclass inference of LinearOrderedCommMonoidWithZero took 0.00105ms
typeclass inference of LinearOrderedCommMonoidWithZero took 0.00113ms
typeclass inference of LinearOrderedCommMonoidWithZero took 0.00104ms
typeclass inference of LinearOrderedCommMonoidWithZero took 0.00151ms
typeclass inference of LinearOrderedCommMonoidWithZero took 0.000991ms
typeclass inference of LinearOrderedCommMonoidWithZero took 0.00153ms
typeclass inference of LinearOrderedCommMonoidWithZero took 0.000972ms
typeclass inference of LinearOrderedCommMonoidWithZero took 0.00138ms
typeclass inference of LinearOrderedCommMonoidWithZero took 0.00119ms
typeclass inference of LinearOrderedCommMonoidWithZero took 0.000922ms
typeclass inference of LinearOrderedCommMonoidWithZero took 0.00197ms
typeclass inference of LinearOrderedCommMonoidWithZero took 0.00117ms
typeclass inference of LinearOrderedCommMonoidWithZero took 0.0011ms
typeclass inference of LinearOrderedCommMonoidWithZero took 0.001ms
typeclass inference of LinearOrderedCommMonoidWithZero took 0.0015ms
typeclass inference of LinearOrderedCommMonoidWithZero took 0.00101ms
typeclass inference of LinearOrderedCommMonoidWithZero took 0.00101ms
typeclass inference of NonUnitalNonAssocRing took 0.485ms
typeclass inference of NormedRing took 0.415ms
typeclass inference of NormedRing took 0.00247ms
typeclass inference of NormedRing took 0.00182ms
typeclass inference of NormedRing took 0.00146ms
typeclass inference of NormedRing took 0.00131ms
typeclass inference of NormedRing took 0.00115ms
typeclass inference of NormedRing took 0.00103ms
typeclass inference of NormedRing took 0.000971ms
typeclass inference of NormedRing took 0.00105ms
typeclass inference of NormedRing took 0.00141ms
typeclass inference of NormedRing took 0.00105ms
typeclass inference of NormedRing took 0.001ms
typeclass inference of NormedRing took 0.000972ms
typeclass inference of NormedRing took 0.00209ms
typeclass inference of NormedRing took 0.00111ms
typeclass inference of NormedRing took 0.00104ms
typeclass inference of NormedRing took 0.00116ms
typeclass inference of NormedRing took 0.00106ms
typeclass inference of NormedRing took 0.00109ms
typeclass inference of NormedRing took 0.00101ms
typeclass inference of NormedRing took 0.001ms
typeclass inference of NormedRing took 0.0019ms
typeclass inference of NormedRing took 0.00107ms
typeclass inference of NormedRing took 0.00113ms
typeclass inference of NormedRing took 0.00101ms
typeclass inference of NormedRing took 0.00105ms
typeclass inference of NormedRing took 0.000971ms
typeclass inference of NormedRing took 0.00102ms
typeclass inference of NormedRing took 0.00169ms
typeclass inference of NormedRing took 0.00104ms
typeclass inference of NormedRing took 0.000992ms
typeclass inference of NormedRing took 0.00104ms
typeclass inference of NormedRing took 0.00101ms
typeclass inference of NormedRing took 0.00134ms
typeclass inference of NormedRing took 0.000972ms
typeclass inference of NormedRing took 0.00114ms
typeclass inference of NormedRing took 0.00103ms
typeclass inference of NormedRing took 0.00147ms
typeclass inference of NormedRing took 0.000962ms
typeclass inference of NormedRing took 0.000982ms
typeclass inference of Semiring took 0.00512ms
typeclass inference of Semiring took 0.00455ms
typeclass inference of GroupWithZero took 0.546ms
typeclass inference of GroupWithZero took 0.00232ms
typeclass inference of GroupWithZero took 0.002ms
typeclass inference of GroupWithZero took 0.00122ms
typeclass inference of GroupWithZero took 0.00112ms
typeclass inference of GroupWithZero took 0.00101ms
typeclass inference of GroupWithZero took 0.000992ms
typeclass inference of GroupWithZero took 0.00149ms
typeclass inference of GroupWithZero took 0.00103ms
typeclass inference of GroupWithZero took 0.00107ms
typeclass inference of GroupWithZero took 0.00102ms
typeclass inference of GroupWithZero took 0.0023ms
typeclass inference of GroupWithZero took 0.000992ms
typeclass inference of GroupWithZero took 0.000982ms
typeclass inference of MulZeroClass took 0.68ms
typeclass inference of Semiring took 0.0061ms
typeclass inference of CommMonoidWithZero took 0.00564ms
typeclass inference of CommMonoidWithZero took 0.00401ms
typeclass inference of LinearOrderedCommMonoidWithZero took 0.0026ms
typeclass inference of LinearOrderedCommMonoidWithZero took 0.00195ms
typeclass inference of LinearOrderedCommMonoidWithZero took 0.00118ms
typeclass inference of LinearOrderedCommMonoidWithZero took 0.0012ms
typeclass inference of LinearOrderedCommMonoidWithZero took 0.00116ms
typeclass inference of LinearOrderedCommMonoidWithZero took 0.000982ms
typeclass inference of LinearOrderedCommMonoidWithZero took 0.00183ms
typeclass inference of LinearOrderedCommMonoidWithZero took 0.00106ms
typeclass inference of LinearOrderedCommMonoidWithZero took 0.00114ms
typeclass inference of LinearOrderedCommMonoidWithZero took 0.00103ms
typeclass inference of LinearOrderedCommMonoidWithZero took 0.00139ms
typeclass inference of LinearOrderedCommMonoidWithZero took 0.0011ms
typeclass inference of LinearOrderedCommMonoidWithZero took 0.00108ms
typeclass inference of NonUnitalNonAssocRing took 0.00407ms
typeclass inference of GroupWithZero took 0.00251ms
typeclass inference of GroupWithZero took 0.00125ms
typeclass inference of GroupWithZero took 0.00172ms
typeclass inference of GroupWithZero took 0.00109ms
typeclass inference of GroupWithZero took 0.00119ms
typeclass inference of GroupWithZero took 0.00108ms
typeclass inference of GroupWithZero took 0.000992ms
typeclass inference of GroupWithZero took 0.00144ms
typeclass inference of GroupWithZero took 0.00106ms
typeclass inference of GroupWithZero took 0.00113ms
typeclass inference of GroupWithZero took 0.00105ms
typeclass inference of GroupWithZero took 0.00139ms
typeclass inference of GroupWithZero took 0.00103ms
typeclass inference of GroupWithZero took 0.00103ms
typeclass inference of MulZeroClass took 0.00324ms
typeclass inference of GroupWithZero took 0.00283ms
typeclass inference of GroupWithZero took 0.00132ms
typeclass inference of GroupWithZero took 0.00222ms
typeclass inference of GroupWithZero took 0.00122ms
typeclass inference of GroupWithZero took 0.00229ms
typeclass inference of GroupWithZero took 0.00131ms
typeclass inference of GroupWithZero took 0.00124ms
typeclass inference of GroupWithZero took 0.00105ms
typeclass inference of GroupWithZero took 0.00155ms
typeclass inference of GroupWithZero took 0.00111ms
typeclass inference of GroupWithZero took 0.00135ms
typeclass inference of GroupWithZero took 0.00165ms
typeclass inference of GroupWithZero took 0.0019ms
typeclass inference of GroupWithZero took 0.00106ms
typeclass inference of GroupWithZero took 0.00119ms
typeclass inference of GroupWithZero took 0.00103ms
typeclass inference of GroupWithZero took 0.000992ms
typeclass inference of GroupWithZero took 0.00183ms
typeclass inference of GroupWithZero took 0.00136ms
typeclass inference of GroupWithZero took 0.00111ms
typeclass inference of GroupWithZero took 0.00113ms
typeclass inference of GroupWithZero took 0.00104ms
typeclass inference of GroupWithZero took 0.00145ms
typeclass inference of GroupWithZero took 0.00112ms
typeclass inference of GroupWithZero took 0.00107ms
typeclass inference of GroupWithZero took 0.00171ms
typeclass inference of GroupWithZero took 0.00107ms
typeclass inference of GroupWithZero took 0.00183ms
typeclass inference of GroupWithZero took 0.00108ms
typeclass inference of GroupWithZero took 0.00108ms
typeclass inference of GroupWithZero took 0.00114ms
typeclass inference of GroupWithZero took 0.00116ms
typeclass inference of GroupWithZero took 0.00101ms
typeclass inference of GroupWithZero took 0.00132ms
typeclass inference of GroupWithZero took 0.00107ms
typeclass inference of GroupWithZero took 0.00101ms
typeclass inference of GroupWithZero took 0.00182ms
typeclass inference of GroupWithZero took 0.00112ms
typeclass inference of GroupWithZero took 0.00116ms
typeclass inference of GroupWithZero took 0.00105ms
typeclass inference of GroupWithZero took 0.0012ms
typeclass inference of GroupWithZero took 0.00102ms
typeclass inference of GroupWithZero took 0.00181ms
typeclass inference of GroupWithZero took 0.00113ms
typeclass inference of GroupWithZero took 0.00122ms
typeclass inference of GroupWithZero took 0.00112ms
typeclass inference of GroupWithZero took 0.00125ms
typeclass inference of GroupWithZero took 0.00155ms
typeclass inference of GroupWithZero took 0.00111ms
typeclass inference of GroupWithZero took 0.00104ms
typeclass inference of GroupWithZero took 0.00169ms
typeclass inference of GroupWithZero took 0.00103ms
typeclass inference of GroupWithZero took 0.00106ms
typeclass inference of GroupWithZero took 0.00172ms
typeclass inference of GroupWithZero took 0.00103ms
typeclass inference of GroupWithZero took 0.00103ms
typeclass inference of GroupWithZero took 0.00109ms
typeclass inference of GroupWithZero took 0.00119ms
typeclass inference of GroupWithZero took 0.00107ms
typeclass inference of GroupWithZero took 0.00183ms
typeclass inference of GroupWithZero took 0.00107ms
typeclass inference of GroupWithZero took 0.00111ms
typeclass inference of GroupWithZero took 0.00117ms
typeclass inference of GroupWithZero took 0.00107ms
typeclass inference of GroupWithZero took 0.00161ms
typeclass inference of GroupWithZero took 0.00107ms
typeclass inference of GroupWithZero took 0.00108ms
typeclass inference of GroupWithZero took 0.00103ms
typeclass inference of GroupWithZero took 0.00144ms
typeclass inference of GroupWithZero took 0.00105ms
typeclass inference of GroupWithZero took 0.00103ms
typeclass inference of CommMonoidWithZero took 0.00809ms
typeclass inference of LinearOrderedCommMonoidWithZero took 0.00281ms
typeclass inference of LinearOrderedCommMonoidWithZero took 0.00341ms
typeclass inference of LinearOrderedCommMonoidWithZero took 0.00126ms
typeclass inference of LinearOrderedCommMonoidWithZero took 0.00115ms
typeclass inference of LinearOrderedCommMonoidWithZero took 0.00103ms
typeclass inference of LinearOrderedCommMonoidWithZero took 0.000931ms
typeclass inference of LinearOrderedCommMonoidWithZero took 0.00148ms
typeclass inference of LinearOrderedCommMonoidWithZero took 0.00101ms
typeclass inference of LinearOrderedCommMonoidWithZero took 0.00107ms
typeclass inference of LinearOrderedCommMonoidWithZero took 0.000982ms
typeclass inference of LinearOrderedCommMonoidWithZero took 0.00134ms
typeclass inference of LinearOrderedCommMonoidWithZero took 0.000962ms
typeclass inference of LinearOrderedCommMonoidWithZero took 0.000962ms
typeclass inference of NonUnitalNonAssocRing took 0.00508ms
typeclass inference of GroupWithZero took 0.00502ms
typeclass inference of GroupWithZero took 0.00126ms
typeclass inference of GroupWithZero took 0.00264ms
typeclass inference of GroupWithZero took 0.00112ms
typeclass inference of GroupWithZero took 0.0011ms
typeclass inference of GroupWithZero took 0.00154ms
typeclass inference of GroupWithZero took 0.00107ms
typeclass inference of GroupWithZero took 0.00194ms
typeclass inference of GroupWithZero took 0.00145ms
typeclass inference of GroupWithZero took 0.00111ms
typeclass inference of GroupWithZero took 0.00116ms
typeclass inference of GroupWithZero took 0.00146ms
typeclass inference of GroupWithZero took 0.001ms
typeclass inference of GroupWithZero took 0.00104ms
sym typeclass inference of Lean.Grind.NoNatZeroDivisors took 62.5ms
sym typeclass inference of Lean.Grind.Field took 0.604ms
typeclass inference of Lean.Grind.CommSemiring took 0.719ms
typeclass inference of Field took 0.00373ms
typeclass inference of Field took 0.00238ms
typeclass inference of Field took 0.00132ms
typeclass inference of Field took 0.00115ms
typeclass inference of Field took 0.00111ms
typeclass inference of Field took 0.00108ms
typeclass inference of Field took 0.00103ms
typeclass inference of Field took 0.00104ms
typeclass inference of Field took 0.00136ms
typeclass inference of Field took 0.00101ms
typeclass inference of Field took 0.00308ms
typeclass inference of Field took 0.00129ms
typeclass inference of Field took 0.00218ms
typeclass inference of Field took 0.00123ms
typeclass inference of Field took 0.00111ms
typeclass inference of Field took 0.00113ms
typeclass inference of Field took 0.0011ms
typeclass inference of Field took 0.00108ms
typeclass inference of Field took 0.00102ms
typeclass inference of Field took 0.00106ms
typeclass inference of Field took 0.000962ms
typeclass inference of Field took 0.00203ms
typeclass inference of Field took 0.00111ms
typeclass inference of Field took 0.00107ms
typeclass inference of Field took 0.00104ms
typeclass inference of Field took 0.00105ms
typeclass inference of Field took 0.00157ms
typeclass inference of Field took 0.0011ms
typeclass inference of Field took 0.000982ms
typeclass inference of Field took 0.00267ms
typeclass inference of Field took 0.00143ms
typeclass inference of Field took 0.00103ms
typeclass inference of Field took 0.00115ms
typeclass inference of Field took 0.00156ms
typeclass inference of Field took 0.000972ms
typeclass inference of Field took 0.000952ms
typeclass inference of Field took 0.00231ms
typeclass inference of Field took 0.00116ms
typeclass inference of Field took 0.00104ms
typeclass inference of Field took 0.00113ms
typeclass inference of Field took 0.001ms
typeclass inference of Field took 0.00106ms
typeclass inference of Field took 0.0011ms
typeclass inference of Field took 0.00102ms
typeclass inference of Field took 0.000952ms
typeclass inference of Field took 0.002ms
typeclass inference of Field took 0.00117ms
typeclass inference of Field took 0.00107ms
typeclass inference of Field took 0.00107ms
typeclass inference of Field took 0.001ms
typeclass inference of Field took 0.00105ms
typeclass inference of Field took 0.001ms
typeclass inference of Field took 0.000952ms
typeclass inference of Field took 0.00171ms
typeclass inference of Field took 0.00105ms
typeclass inference of Field took 0.00102ms
typeclass inference of Field took 0.00115ms
typeclass inference of Field took 0.00105ms
typeclass inference of Field took 0.001ms
typeclass inference of Field took 0.000931ms
typeclass inference of Field took 0.00147ms
typeclass inference of Field took 0.00101ms
typeclass inference of Field took 0.000982ms
typeclass inference of Field took 0.00101ms
typeclass inference of Field took 0.00121ms
typeclass inference of Field took 0.0018ms
typeclass inference of Field took 0.00157ms
typeclass inference of Field took 0.00102ms
typeclass inference of Field took 0.00101ms
typeclass inference of Field took 0.000992ms
typeclass inference of Field took 0.000942ms
typeclass inference of Field took 0.00154ms
typeclass inference of Field took 0.000972ms
typeclass inference of Field took 0.00102ms
typeclass inference of Field took 0.00119ms
typeclass inference of Field took 0.00138ms
typeclass inference of Field took 0.00104ms
typeclass inference of Field took 0.00152ms
typeclass inference of Field took 0.00286ms
typeclass inference of Field took 0.00295ms
typeclass inference of Field took 0.00122ms
typeclass inference of Field took 0.00119ms
typeclass inference of Field took 0.00105ms
typeclass inference of Field took 0.00105ms
typeclass inference of Field took 0.000992ms
typeclass inference of Field took 0.00121ms
typeclass inference of Field took 0.000972ms
typeclass inference of Field took 0.00103ms
typeclass inference of Field took 0.00144ms
typeclass inference of Field took 0.00104ms
typeclass inference of Field took 0.00196ms
typeclass inference of Field took 0.00117ms
typeclass inference of Field took 0.00113ms
typeclass inference of Field took 0.00112ms
typeclass inference of Field took 0.00108ms
typeclass inference of Field took 0.00104ms
typeclass inference of Field took 0.00104ms
typeclass inference of Field took 0.000982ms
typeclass inference of Field took 0.000932ms
typeclass inference of Field took 0.00209ms
typeclass inference of Field took 0.00107ms
typeclass inference of Field took 0.00117ms
typeclass inference of Field took 0.00103ms
typeclass inference of Field took 0.00103ms
typeclass inference of Field took 0.00102ms
typeclass inference of Field took 0.00101ms
typeclass inference of Field took 0.000982ms
typeclass inference of Field took 0.00155ms
typeclass inference of Field took 0.00105ms
typeclass inference of Field took 0.00103ms
typeclass inference of Field took 0.00102ms
typeclass inference of Field took 0.00105ms
typeclass inference of Field took 0.00107ms
typeclass inference of Field took 0.000992ms
typeclass inference of Field took 0.00213ms
typeclass inference of Field took 0.00107ms
typeclass inference of Field took 0.00312ms
typeclass inference of Field took 0.00138ms
typeclass inference of Field took 0.00232ms
typeclass inference of Field took 0.00112ms
typeclass inference of Field took 0.00102ms
typeclass inference of Field took 0.00102ms
typeclass inference of Field took 0.00101ms
typeclass inference of Field took 0.00302ms
typeclass inference of Field took 0.00134ms
typeclass inference of Field took 0.00113ms
typeclass inference of Field took 0.00108ms
typeclass inference of Field took 0.00105ms
typeclass inference of Field took 0.00122ms
typeclass inference of Field took 0.00109ms
typeclass inference of Field took 0.00101ms
typeclass inference of Field took 0.00217ms
typeclass inference of Field took 0.00102ms
typeclass inference of Field took 0.00103ms
typeclass inference of Field took 0.0011ms
typeclass inference of Field took 0.001ms
typeclass inference of Field took 0.00105ms
typeclass inference of Field took 0.000961ms
typeclass inference of Field took 0.00155ms
typeclass inference of Field took 0.000981ms
typeclass inference of Field took 0.00107ms
typeclass inference of Field took 0.00103ms
typeclass inference of Field took 0.000992ms
typeclass inference of Field took 0.000962ms
typeclass inference of Field took 0.00162ms
typeclass inference of Field took 0.00269ms
typeclass inference of Field took 0.00102ms
typeclass inference of Field took 0.001ms
typeclass inference of Field took 0.000961ms
typeclass inference of Field took 0.00143ms
typeclass inference of Field took 0.001ms
typeclass inference of Field took 0.00101ms
typeclass inference of Field took 0.000911ms
typeclass inference of Field took 0.00131ms
typeclass inference of Field took 0.00101ms
typeclass inference of Field took 0.000931ms
sym typeclass inference of Lean.Grind.PowIdentity took 13.7ms
sym typeclass inference of HSub took 0.00997ms
sym canon took 0.0143ms
sym typeclass inference of HMul took 0.00531ms
sym canon took 0.0059ms
sym typeclass inference of Lean.Grind.ToInt took 0.0334ms
sym typeclass inference of LE took 2.92ms
sym typeclass inference of LT took 2.61ms
sym typeclass inference of LE took 0.00279ms
congr simp thm took 0.0039ms
congr simp thm took 0.000551ms
congr simp thm took 0.000311ms
congr simp thm took 0.000481ms
congr simp thm took 0.00847ms
grind simp took 0.517ms
grind mark subsingleton took 0.148ms
typeclass inference of CategoryTheory.CartesianMonoidalCategory took 0.0673ms
typeclass inference of CategoryTheory.CartesianMonoidalCategory took 0.00457ms
sym typeclass inference of HPow took 2.5ms
sym typeclass inference of OfNat took 1.74ms
sym typeclass inference of OfNat took 0.0707ms
sym canon took 0.262ms
grind mark subsingleton took 0.00199ms
sym canon took 0.000671ms
grind mark subsingleton took 0.000691ms
sym canon took 0.00024ms
grind mark subsingleton took 0.000451ms
sym canon took 0.00016ms
grind mark subsingleton took 0.0193ms
sym typeclass inference of Pow took 0.163ms
sym canon took 0.27ms
grind mark subsingleton took 0.00158ms
sym canon took 0.000461ms
grind mark subsingleton took 0.000622ms
sym canon took 0.00026ms
grind mark subsingleton took 0.00047ms
sym canon took 0.00017ms
grind mark subsingleton took 0.00533ms
sym canon took 0.00031ms
sym typeclass inference of Lean.Grind.CommRing took 0.723ms
sym typeclass inference of Lean.Grind.CommSemiring took 0.0305ms
sym typeclass inference of Lean.Grind.Semiring took 0.133ms
sym canon took 0.0671ms
typeclass inference of Lean.Grind.CommSemiring took 0.0423ms
sym typeclass inference of Lean.Grind.CommRing took 0.194ms
sym typeclass inference of Lean.Grind.IsCharP took 1.02ms
typeclass inference of Lean.Grind.CommSemiring took 0.00967ms
sym typeclass inference of Lean.Grind.NatModule took 7.98ms
sym typeclass inference of Lean.Grind.NoNatZeroDivisors took 0.476ms
sym typeclass inference of Lean.Grind.Field took 0.45ms
typeclass inference of Lean.Grind.CommSemiring took 0.0312ms
typeclass inference of Lean.Grind.CommSemiring took 0.175ms
typeclass inference of Field took 0.406ms
typeclass inference of Field took 0.00277ms
typeclass inference of Field took 0.00143ms
typeclass inference of Field took 0.00129ms
typeclass inference of Field took 0.00229ms
typeclass inference of Field took 0.00141ms
typeclass inference of Field took 0.00104ms
typeclass inference of Field took 0.000992ms
sym typeclass inference of Lean.Grind.PowIdentity took 1.31ms
sym typeclass inference of Lean.Grind.CommRing took 0.0394ms
sym typeclass inference of Lean.Grind.IsCharP took 0.13ms
sym typeclass inference of Lean.Grind.NatModule took 0.108ms
sym typeclass inference of Lean.Grind.NoNatZeroDivisors took 0.802ms
sym typeclass inference of Lean.Grind.Field took 0.402ms
typeclass inference of Lean.Grind.CommSemiring took 0.0748ms
typeclass inference of Field took 0.267ms
typeclass inference of Field took 0.00235ms
typeclass inference of Field took 0.00143ms
typeclass inference of Field took 0.00209ms
typeclass inference of Field took 0.00163ms
typeclass inference of Field took 0.00124ms
sym typeclass inference of Lean.Grind.PowIdentity took 0.843ms
sym typeclass inference of NatCast took 0.0369ms
sym typeclass inference of NatCast took 0.00435ms
sym canon took 0.0627ms
sym typeclass inference of LE took 0.00038ms
typeclass inference of Preorder took 1.26ms
typeclass inference of Std.IsPreorder took 0.404ms
typeclass inference of PartialOrder took 0.79ms
typeclass inference of Std.IsPartialOrder took 0.164ms
typeclass inference of Std.LinearPreorderPackage took 0.0582ms
typeclass inference of Std.LinearPreorderPackage took 0.00219ms
typeclass inference of Std.LinearPreorderPackage took 0.00141ms
typeclass inference of Std.IsLinearPreorder took 0.339ms
sym typeclass inference of LT took 0.000401ms
sym typeclass inference of LE took 0.000231ms
sym canon took 0.0392ms
typeclass inference of Std.LawfulOrderLT took 0.046ms
sym typeclass inference of LT took 0.000251ms
sym canon took 0.0233ms
sym typeclass inference of Lean.Grind.OrderedRing took 0.132ms
typeclass inference of OfNat took 0.0513ms
typeclass inference of OfNat took 0.0439ms
sym typeclass inference of HAdd took 0.00023ms
sym typeclass inference of HAdd took 0.000321ms
sym canon took 0.0456ms
typeclass inference of OfNat took 0.00366ms
sym typeclass inference of IntCast took 0.0326ms
sym typeclass inference of IntCast took 0.00359ms
sym canon took 0.0372ms
typeclass inference of OfNat took 0.0102ms
typeclass inference of OfNat took 0.0462ms
typeclass inference of OfNat took 0.00214ms
sym typeclass inference of HPow took 0.00489ms
sym canon took 0.0107ms
congr simp thm took 0.00477ms
congr simp thm took 0.00279ms
congr simp thm took 0.000571ms
congr simp thm took 0.000641ms
grind simp took 0.51ms
grind mark subsingleton took 0.0182ms
sym typeclass inference of LE took 0.00029ms
sym typeclass inference of OfNat took 0.0588ms
sym canon took 0.0934ms
typeclass inference of OfNat took 0.0527ms
typeclass inference of OfNat took 0.0344ms
typeclass inference of OfNat took 0.00227ms
typeclass inference of OfNat took 0.00145ms
congr simp thm took 0.00402ms
congr simp thm took 0.000321ms
congr simp thm took 0.000591ms
congr simp thm took 0.000701ms
congr simp thm took 0.00258ms
typeclass inference of Decidable took 0.148ms
congr simp thm took 0.000611ms
grind simp took 0.619ms
grind mark subsingleton took 0.0147ms
sym typeclass inference of OfNat took 0.0497ms
sym canon took 0.0748ms
typeclass inference of OfNat took 0.0489ms
typeclass inference of OfNat took 0.034ms
typeclass inference of OfNat took 0.00224ms
typeclass inference of OfNat took 0.00163ms
congr simp thm took 0.000531ms
congr simp thm took 0.000261ms
congr simp thm took 0.000581ms
congr simp thm took 0.000271ms
typeclass inference of Decidable took 0.104ms
congr simp thm took 0.000561ms
grind simp took 0.273ms
grind mark subsingleton took 0.0141ms
sym canon took 0.0588ms
typeclass inference of OfNat took 0.0527ms
typeclass inference of OfNat took 0.0349ms
typeclass inference of OfNat took 0.0023ms
typeclass inference of OfNat took 0.00165ms
congr simp thm took 0.000541ms
congr simp thm took 0.00023ms
congr simp thm took 0.000572ms
congr simp thm took 0.000251ms
typeclass inference of Decidable took 0.101ms
congr simp thm took 0.000511ms
grind simp took 0.271ms
grind mark subsingleton took 0.0135ms
sym typeclass inference of OfNat took 0.045ms
sym canon took 0.0713ms
typeclass inference of OfNat took 0.0522ms
typeclass inference of OfNat took 0.0341ms
typeclass inference of OfNat took 0.00222ms
typeclass inference of OfNat took 0.00145ms
congr simp thm took 0.000851ms
grind simp took 0.151ms
grind mark subsingleton took 0.0131ms
sym typeclass inference of OfNat took 0.0499ms
sym canon took 0.0243ms
typeclass inference of OfNat took 0.0472ms
typeclass inference of OfNat took 0.0347ms
typeclass inference of OfNat took 0.0022ms
congr simp thm took 0.000812ms
grind simp took 0.101ms
grind mark subsingleton took 0.0278ms
sym canon took 0.0572ms
congr simp thm took 0.000592ms
congr simp thm took 0.000411ms
grind simp took 0.151ms
grind mark subsingleton took 0.102ms
sym typeclass inference of HAdd took 1.13ms
sym canon took 0.0801ms
sym typeclass inference of HAdd took 0.00488ms
sym canon took 0.00817ms
congr simp thm took 0.0185ms
congr simp thm took 0.000531ms
congr simp thm took 0.000631ms
congr simp thm took 0.00026ms
congr simp thm took 0.00155ms
congr simp thm took 0.000682ms
grind simp took 0.456ms
grind mark subsingleton took 0.0135ms
sym typeclass inference of OfNat took 0.0499ms
sym canon took 0.023ms
typeclass inference of OfNat took 0.0505ms
typeclass inference of OfNat took 0.0335ms
typeclass inference of OfNat took 0.00241ms
typeclass inference of OfNat took 0.00175ms
grind took 10.2ms
instantiate metavars took 0.0267ms
tactic execution of Lean.Parser.Tactic.grind took 0.67ms
tactic execution of Lean.Parser.Tactic.tacticSeq1Indented took 0.0119ms
tactic execution of Lean.Parser.Tactic.tacticSeq took 0.00506ms
tactic execution of Lean.Parser.Tactic.paren took 0.00633ms
tactic execution of Lean.Parser.Tactic.withAnnotateState took 0.021ms
tactic execution of Lean.Parser.Tactic.tacticSeq1Indented took 0.00654ms
tactic execution of Lean.Parser.Tactic.tacticSeq took 0.00645ms
tactic execution of Lean.Parser.Tactic.case took 0.0916ms
tactic execution of Lean.Parser.Tactic.tacticSeq1Indented took 0.0152ms
tactic execution of Lean.Parser.Tactic.tacticSeq took 0.00552ms
tactic execution of Lean.Parser.Tactic.focus took 0.00866ms
tactic execution of Lean.Parser.Tactic.tacticHave__ took 0.847ms
typeclass inference of OfNat took 1.28ms
typeclass inference of OfNat took 0.206ms
typeclass inference of OfNat took 0.0834ms
typeclass inference of HPow took 0.528ms
typeclass inference of OfNat took 0.273ms
typeclass inference of HPow took 0.247ms
typeclass inference of OfNat took 0.0682ms
typeclass inference of OfNat took 0.0539ms
typeclass inference of OfNat took 0.0435ms
typeclass inference of HPow took 0.15ms
typeclass inference of OfNat took 0.0583ms
typeclass inference of OfNat took 0.0447ms
typeclass inference of HPow took 0.158ms
typeclass inference of OfNat took 0.053ms
typeclass inference of HPow took 0.136ms
typeclass inference of OfNat took 0.05ms
typeclass inference of OfNat took 0.0533ms
typeclass inference of HPow took 0.135ms
typeclass inference of OfNat took 0.0468ms
typeclass inference of HPow took 0.125ms
typeclass inference of OfNat took 0.0477ms
typeclass inference of HPow took 0.132ms
typeclass inference of OfNat took 0.0432ms
typeclass inference of HPow took 0.121ms
typeclass inference of OfNat took 0.0449ms
typeclass inference of HPow took 0.145ms
typeclass inference of OfNat took 0.0436ms
typeclass inference of HPow took 0.119ms
typeclass inference of OfNat took 0.0386ms
typeclass inference of HPow took 0.115ms
typeclass inference of Pow took 0.0429ms
typeclass inference of CategoryTheory.CartesianMonoidalCategory took 0.0662ms
typeclass inference of CategoryTheory.CartesianMonoidalCategory took 0.00528ms
typeclass inference of NPow took 2.13ms
typeclass inference of OfNat took 0.0426ms
typeclass inference of OfNat took 0.0527ms
typeclass inference of HPow took 0.129ms
typeclass inference of OfNat took 0.04ms
typeclass inference of HPow took 0.114ms
typeclass inference of OfNat took 0.0387ms
typeclass inference of HPow took 0.109ms
typeclass inference of Pow took 0.0396ms
typeclass inference of NPow took 0.106ms
typeclass inference of OfNat took 0.00384ms
tactic execution of Lean.Parser.Tactic.refine took 1.89ms
tactic execution of Lean.Parser.Tactic.rotateRight took 0.00956ms
tactic execution of Lean.Parser.Tactic.tacticSeq1Indented took 0.0181ms
tactic execution of Lean.Parser.Tactic.tacticSeq took 0.00388ms
tactic execution of Lean.Parser.Tactic.paren took 0.00494ms
tactic execution of Lean.Parser.Tactic.tacticSeq1Indented took 0.0053ms
tactic execution of Lean.Parser.Tactic.tacticSeq took 0.0058ms
tactic execution of Lean.Parser.Tactic.focus took 0.0112ms
tactic execution of Lean.Parser.Tactic.tacticRefine_lift_ took 0.0125ms
tactic execution of Lean.Parser.Tactic.tacticHave__ took 0.034ms
typeclass inference of OfNat took 0.0647ms
typeclass inference of OfNat took 0.0464ms
typeclass inference of OfNat took 0.0473ms
typeclass inference of OfNat took 0.0361ms
typeclass inference of OfNat took 0.0493ms
typeclass inference of OfNat took 0.0324ms
typeclass inference of HMul took 0.17ms
typeclass inference of HPow took 0.168ms
typeclass inference of HMul took 0.0631ms
typeclass inference of LT took 0.0312ms
typeclass inference of OfNat took 0.00333ms
typeclass inference of OfNat took 0.0509ms
typeclass inference of HPow took 0.118ms
typeclass inference of HMul took 0.0637ms
typeclass inference of OfNat took 0.0429ms
typeclass inference of HPow took 0.113ms
typeclass inference of HMul took 0.0505ms
typeclass inference of OfNat took 0.0411ms
typeclass inference of HPow took 0.107ms
typeclass inference of HMul took 0.0494ms
typeclass inference of OfNat took 0.0389ms
typeclass inference of HPow took 0.107ms
typeclass inference of HMul took 0.05ms
typeclass inference of Pow took 0.0612ms
typeclass inference of NPow took 0.00309ms
typeclass inference of OfNat took 0.00289ms
typeclass inference of HMul took 0.00248ms
tactic execution of Lean.Parser.Tactic.refine took 0.799ms
interpretation of Lean.Meta.Grind.reduceCtorEqCheap took 0.00324ms
interpretation of Lean.Meta.Grind.reduceSimpMatchDiscrsOnly took 0.000922ms
interpretation of Lean.Meta.Grind.reducePreMatchCond took 0.000882ms
interpretation of Lean.Meta.Grind.Arith.expandPow01 took 0.000852ms
interpretation of Lean.Meta.Grind.Arith.expandDiv took 0.000581ms
interpretation of Lean.Meta.Grind.Arith.normNatAddInst took 0.000641ms
interpretation of Lean.Meta.Grind.Arith.normNatMulInst took 0.000781ms
interpretation of Lean.Meta.Grind.Arith.normNatSubInst took 0.000711ms
interpretation of Lean.Meta.Grind.Arith.normNatDivInst took 0.000481ms
interpretation of Lean.Meta.Grind.Arith.normNatModInst took 0.000591ms
interpretation of Lean.Meta.Grind.Arith.normNatPowInst took 0.000691ms
interpretation of Lean.Meta.Grind.Arith.normNatOfNatInst took 0.000551ms
interpretation of Lean.Meta.Grind.Arith.normIntNegInst took 0.000611ms
interpretation of Lean.Meta.Grind.Arith.normIntAddInst took 0.000582ms
interpretation of Lean.Meta.Grind.Arith.normIntMulInst took 0.000832ms
interpretation of Lean.Meta.Grind.Arith.normIntSubInst took 0.000702ms
interpretation of Lean.Meta.Grind.Arith.normIntDivInst took 0.000851ms
interpretation of Lean.Meta.Grind.Arith.normIntModInst took 0.000751ms
interpretation of Lean.Meta.Grind.Arith.normIntPowInst took 0.000681ms
interpretation of Lean.Meta.Grind.Arith.normNatCastInst took 0.000761ms
interpretation of Lean.Meta.Grind.Arith.normIntOfNatInst took 0.000601ms
interpretation of Lean.Meta.Grind.Arith.normNatCastNum took 0.000842ms
interpretation of Lean.Meta.Grind.Arith.normIntCastNum took 0.000932ms
interpretation of Lean.Meta.Grind.Arith.normPowRatInt took 0.000601ms
interpretation of Lean.Meta.Grind.Arith.normFieldInv took 0.000842ms
interpretation of Lean.Meta.Grind.simpForall took 0.00162ms
interpretation of Lean.Meta.Grind.simpExists took 0.00116ms
interpretation of Lean.Meta.Grind.simpEq took 0.000501ms
interpretation of Lean.Meta.Grind.simpOr took 0.000932ms
interpretation of Lean.Meta.Grind.simpDIte took 0.000661ms
interpretation of Lean.Meta.Grind.pushNot took 0.000661ms
interpretation of Lean.Meta.Grind.unfoldReducibleSimproc took 0.000692ms
congr simp thm took 0.00702ms
congr simp thm took 0.00394ms
congr simp thm took 0.00339ms
grind simp took 0.387ms
grind mark subsingleton took 0.0612ms
sym typeclass inference of HSub took 0.884ms
sym typeclass inference of HMul took 1.95ms
sym typeclass inference of OfNat took 0.973ms
sym canon took 0.156ms
sym typeclass inference of Lean.Grind.CommRing took 0.571ms
typeclass inference of Lean.Grind.Ring took 0.539ms
typeclass inference of Semiring took 0.666ms
typeclass inference of AddLeftCancelSemigroup took 0.872ms
sym typeclass inference of Lean.Grind.IsCharP took 7.27ms
sym typeclass inference of Lean.Grind.NatModule took 0.838ms
typeclass inference of AddCommMonoid took 0.836ms
typeclass inference of AddCommMonoid took 0.00449ms
typeclass inference of AddCommMonoid took 0.00381ms
typeclass inference of AddCancelMonoid took 0.598ms
typeclass inference of AddCommMonoid took 0.00405ms
typeclass inference of AddGroup took 0.658ms
typeclass inference of Field took 0.383ms
typeclass inference of Field took 0.00226ms
typeclass inference of Field took 0.00172ms
typeclass inference of Field took 0.0032ms
typeclass inference of Field took 0.00132ms
typeclass inference of Field took 0.00121ms
typeclass inference of Field took 0.00108ms
typeclass inference of Field took 0.00101ms
typeclass inference of Field took 0.00102ms
typeclass inference of Field took 0.00112ms
typeclass inference of Field took 0.00103ms
typeclass inference of Field took 0.000982ms
typeclass inference of Field took 0.00209ms
typeclass inference of Field took 0.00112ms
typeclass inference of Field took 0.00114ms
typeclass inference of Field took 0.00107ms
typeclass inference of Field took 0.00115ms
typeclass inference of Field took 0.00115ms
typeclass inference of Field took 0.00103ms
typeclass inference of Field took 0.00107ms
typeclass inference of Field took 0.00193ms
typeclass inference of Field took 0.00108ms
typeclass inference of Field took 0.00113ms
typeclass inference of Field took 0.00111ms
typeclass inference of Field took 0.00102ms
typeclass inference of Field took 0.00107ms
typeclass inference of Field took 0.000952ms
typeclass inference of Field took 0.00178ms
typeclass inference of Field took 0.00111ms
typeclass inference of Field took 0.00102ms
typeclass inference of Semiring took 0.00477ms
typeclass inference of RCLike took 0.0191ms
typeclass inference of RCLike took 0.00396ms
typeclass inference of RCLike took 0.00223ms
typeclass inference of RCLike took 0.0023ms
typeclass inference of RCLike took 0.00121ms
typeclass inference of RCLike took 0.00107ms
typeclass inference of RCLike took 0.00113ms
typeclass inference of RCLike took 0.00104ms
typeclass inference of RCLike took 0.00103ms
typeclass inference of RCLike took 0.00104ms
typeclass inference of RCLike took 0.00109ms
typeclass inference of RCLike took 0.000942ms
typeclass inference of RCLike took 0.00184ms
typeclass inference of RCLike took 0.00109ms
typeclass inference of RCLike took 0.00113ms
typeclass inference of RCLike took 0.00102ms
typeclass inference of RCLike took 0.000982ms
typeclass inference of RCLike took 0.00101ms
typeclass inference of RCLike took 0.000991ms
typeclass inference of RCLike took 0.000942ms
typeclass inference of RCLike took 0.00164ms
typeclass inference of RCLike took 0.00101ms
typeclass inference of RCLike took 0.00104ms
typeclass inference of RCLike took 0.00117ms
typeclass inference of RCLike took 0.00107ms
typeclass inference of RCLike took 0.00102ms
typeclass inference of RCLike took 0.000952ms
typeclass inference of RCLike took 0.00149ms
typeclass inference of RCLike took 0.00102ms
typeclass inference of RCLike took 0.00104ms
typeclass inference of Semiring took 0.0038ms
typeclass inference of NonAssocRing took 0.203ms
typeclass inference of Field took 0.00941ms
typeclass inference of Field took 0.00181ms
typeclass inference of Field took 0.00187ms
typeclass inference of Field took 0.00115ms
typeclass inference of Field took 0.00112ms
typeclass inference of Field took 0.00109ms
typeclass inference of Field took 0.00102ms
typeclass inference of Field took 0.00106ms
typeclass inference of Field took 0.00111ms
typeclass inference of Field took 0.00176ms
typeclass inference of Field took 0.00137ms
typeclass inference of Field took 0.0013ms
typeclass inference of Field took 0.000942ms
typeclass inference of Field took 0.00194ms
typeclass inference of Field took 0.00106ms
typeclass inference of Field took 0.00121ms
typeclass inference of Field took 0.00105ms
typeclass inference of Field took 0.00103ms
typeclass inference of Field took 0.000972ms
typeclass inference of Field took 0.00105ms
typeclass inference of Field took 0.00102ms
typeclass inference of Field took 0.000992ms
typeclass inference of Field took 0.00194ms
typeclass inference of Field took 0.00111ms
typeclass inference of Field took 0.00104ms
typeclass inference of Field took 0.00103ms
typeclass inference of Field took 0.00104ms
typeclass inference of Field took 0.00105ms
typeclass inference of Field took 0.00106ms
typeclass inference of Field took 0.000962ms
typeclass inference of Field took 0.0019ms
typeclass inference of Field took 0.00106ms
typeclass inference of Field took 0.00107ms
typeclass inference of Field took 0.00105ms
typeclass inference of Field took 0.00105ms
typeclass inference of Field took 0.00101ms
typeclass inference of Field took 0.000962ms
typeclass inference of Field took 0.00198ms
typeclass inference of Field took 0.00124ms
typeclass inference of Field took 0.00115ms
typeclass inference of Field took 0.00115ms
typeclass inference of Field took 0.00104ms
typeclass inference of Field took 0.00167ms
typeclass inference of Field took 0.00112ms
typeclass inference of Field took 0.00119ms
typeclass inference of Field took 0.00103ms
typeclass inference of Field took 0.00152ms
typeclass inference of Field took 0.00116ms
typeclass inference of Field took 0.00104ms
typeclass inference of Field took 0.00151ms
typeclass inference of Field took 0.00116ms
typeclass inference of Field took 0.0013ms
typeclass inference of Field took 0.0092ms
typeclass inference of Field took 0.00186ms
typeclass inference of Field took 0.00246ms
typeclass inference of Field took 0.00128ms
typeclass inference of Field took 0.00119ms
typeclass inference of Field took 0.00127ms
typeclass inference of Field took 0.00105ms
typeclass inference of Field took 0.00251ms
typeclass inference of Field took 0.00256ms
typeclass inference of Field took 0.0021ms
typeclass inference of Field took 0.00119ms
typeclass inference of Field took 0.00117ms
typeclass inference of Field took 0.00104ms
typeclass inference of Field took 0.00256ms
typeclass inference of Field took 0.0012ms
typeclass inference of Field took 0.00106ms
typeclass inference of Field took 0.000972ms
typeclass inference of Field took 0.00175ms
typeclass inference of Field took 0.00119ms
typeclass inference of Field took 0.00105ms
typeclass inference of Semiring took 0.0045ms
typeclass inference of DivisionRing took 0.464ms
typeclass inference of DivisionRing took 0.00223ms
typeclass inference of DivisionRing took 0.00138ms
typeclass inference of DivisionRing took 0.00114ms
typeclass inference of DivisionRing took 0.00218ms
typeclass inference of DivisionRing took 0.00117ms
typeclass inference of DivisionRing took 0.00111ms
typeclass inference of DivisionRing took 0.00117ms
typeclass inference of DivisionRing took 0.00103ms
typeclass inference of DivisionRing took 0.00102ms
typeclass inference of DivisionRing took 0.00105ms
typeclass inference of DivisionRing took 0.00104ms
typeclass inference of DivisionRing took 0.00213ms
typeclass inference of DivisionRing took 0.00104ms
typeclass inference of DivisionRing took 0.00107ms
typeclass inference of DivisionRing took 0.0011ms
typeclass inference of DivisionRing took 0.00102ms
typeclass inference of DivisionRing took 0.000972ms
typeclass inference of DivisionRing took 0.000952ms
typeclass inference of DivisionRing took 0.0016ms
typeclass inference of DivisionRing took 0.00107ms
typeclass inference of DivisionRing took 0.00105ms
typeclass inference of DivisionRing took 0.001ms
typeclass inference of DivisionRing took 0.000992ms
typeclass inference of DivisionRing took 0.000942ms
typeclass inference of DivisionRing took 0.00179ms
typeclass inference of DivisionRing took 0.00101ms
typeclass inference of DivisionRing took 0.000952ms
typeclass inference of DivisionRing took 0.00102ms
typeclass inference of DivisionRing took 0.000941ms
typeclass inference of Semifield took 0.386ms
typeclass inference of Semifield took 0.00244ms
typeclass inference of Semifield took 0.00118ms
typeclass inference of Semifield took 0.00108ms
typeclass inference of Semifield took 0.00101ms
typeclass inference of Semifield took 0.000981ms
typeclass inference of Semifield took 0.000972ms
typeclass inference of Semifield took 0.000951ms
typeclass inference of Semifield took 0.000882ms
typeclass inference of Semifield took 0.00888ms
typeclass inference of Semifield took 0.00122ms
typeclass inference of Semifield took 0.00113ms
typeclass inference of Semifield took 0.00101ms
typeclass inference of Semifield took 0.000952ms
typeclass inference of Semifield took 0.001ms
typeclass inference of Semifield took 0.000961ms
typeclass inference of Field took 0.00197ms
typeclass inference of Field took 0.00243ms
typeclass inference of Field took 0.00101ms
typeclass inference of Field took 0.00205ms
typeclass inference of Field took 0.00118ms
typeclass inference of Field took 0.0011ms
typeclass inference of Field took 0.00179ms
typeclass inference of Field took 0.000982ms
typeclass inference of Field took 0.00102ms
typeclass inference of Field took 0.00101ms
typeclass inference of Field took 0.00101ms
typeclass inference of Field took 0.000982ms
typeclass inference of Field took 0.00194ms
typeclass inference of Field took 0.00122ms
typeclass inference of Field took 0.00111ms
typeclass inference of Field took 0.00104ms
typeclass inference of Field took 0.00119ms
typeclass inference of Field took 0.00107ms
typeclass inference of Field took 0.00102ms
typeclass inference of Field took 0.000952ms
typeclass inference of Field took 0.0017ms
typeclass inference of Field took 0.00112ms
typeclass inference of Field took 0.00107ms
typeclass inference of Field took 0.00107ms
typeclass inference of Field took 0.00103ms
typeclass inference of Field took 0.000981ms
typeclass inference of Field took 0.000991ms
typeclass inference of DivisionRing took 0.00211ms
typeclass inference of DivisionRing took 0.00207ms
typeclass inference of DivisionRing took 0.00108ms
typeclass inference of DivisionRing took 0.0013ms
typeclass inference of DivisionRing took 0.0011ms
typeclass inference of DivisionRing took 0.00173ms
typeclass inference of DivisionRing took 0.000982ms
typeclass inference of DivisionRing took 0.000962ms
typeclass inference of DivisionRing took 0.000911ms
typeclass inference of DivisionRing took 0.00242ms
typeclass inference of DivisionRing took 0.0011ms
typeclass inference of DivisionRing took 0.00105ms
typeclass inference of DivisionRing took 0.00105ms
typeclass inference of DivisionRing took 0.00104ms
typeclass inference of DivisionRing took 0.000992ms
typeclass inference of DivisionRing took 0.000962ms
typeclass inference of EuclideanDomain took 0.5ms
typeclass inference of EuclideanDomain took 0.00255ms
typeclass inference of EuclideanDomain took 0.00131ms
typeclass inference of EuclideanDomain took 0.00126ms
typeclass inference of EuclideanDomain took 0.00121ms
typeclass inference of EuclideanDomain took 0.0011ms
typeclass inference of EuclideanDomain took 0.00108ms
typeclass inference of EuclideanDomain took 0.00106ms
typeclass inference of EuclideanDomain took 0.00108ms
typeclass inference of EuclideanDomain took 0.00107ms
typeclass inference of EuclideanDomain took 0.00136ms
typeclass inference of EuclideanDomain took 0.00116ms
typeclass inference of EuclideanDomain took 0.00112ms
typeclass inference of EuclideanDomain took 0.00329ms
typeclass inference of EuclideanDomain took 0.00693ms
typeclass inference of EuclideanDomain took 0.00117ms
typeclass inference of EuclideanDomain took 0.00168ms
typeclass inference of EuclideanDomain took 0.00121ms
typeclass inference of EuclideanDomain took 0.00119ms
typeclass inference of EuclideanDomain took 0.00118ms
typeclass inference of EuclideanDomain took 0.00118ms
typeclass inference of EuclideanDomain took 0.00135ms
typeclass inference of EuclideanDomain took 0.00724ms
typeclass inference of EuclideanDomain took 0.00115ms
typeclass inference of EuclideanDomain took 0.00143ms
typeclass inference of EuclideanDomain took 0.00108ms
typeclass inference of EuclideanDomain took 0.00144ms
typeclass inference of EuclideanDomain took 0.00123ms
typeclass inference of EuclideanDomain took 0.0011ms
typeclass inference of EuclideanDomain took 0.0011ms
typeclass inference of EuclideanDomain took 0.00175ms
typeclass inference of EuclideanDomain took 0.00114ms
typeclass inference of EuclideanDomain took 0.000962ms
typeclass inference of EuclideanDomain took 0.00147ms
typeclass inference of EuclideanDomain took 0.00108ms
typeclass inference of EuclideanDomain took 0.00142ms
typeclass inference of EuclideanDomain took 0.000942ms
typeclass inference of CommMonoidWithZero took 1ms
typeclass inference of Semiring took 0.00572ms
typeclass inference of CommMonoidWithZero took 0.00402ms
typeclass inference of CommMonoidWithZero took 0.00368ms
typeclass inference of CommGroupWithZero took 0.444ms
typeclass inference of CommGroupWithZero took 0.00251ms
typeclass inference of CommGroupWithZero took 0.00133ms
typeclass inference of CommGroupWithZero took 0.00117ms
typeclass inference of CommGroupWithZero took 0.00106ms
typeclass inference of CommGroupWithZero took 0.000992ms
typeclass inference of CommGroupWithZero took 0.00126ms
typeclass inference of CommGroupWithZero took 0.000881ms
typeclass inference of LinearOrderedCommMonoidWithZero took 0.044ms
typeclass inference of LinearOrderedCommMonoidWithZero took 0.00178ms
typeclass inference of LinearOrderedCommMonoidWithZero took 0.00215ms
typeclass inference of LinearOrderedCommMonoidWithZero took 0.00106ms
typeclass inference of LinearOrderedCommMonoidWithZero took 0.00115ms
typeclass inference of LinearOrderedCommMonoidWithZero took 0.00108ms
typeclass inference of LinearOrderedCommMonoidWithZero took 0.000982ms
typeclass inference of LinearOrderedCommMonoidWithZero took 0.00103ms
typeclass inference of LinearOrderedCommMonoidWithZero took 0.000912ms
typeclass inference of LinearOrderedCommMonoidWithZero took 0.00122ms
typeclass inference of LinearOrderedCommMonoidWithZero took 0.00107ms
typeclass inference of LinearOrderedCommMonoidWithZero took 0.00102ms
typeclass inference of LinearOrderedCommMonoidWithZero took 0.00186ms
typeclass inference of LinearOrderedCommMonoidWithZero took 0.00129ms
typeclass inference of LinearOrderedCommMonoidWithZero took 0.00105ms
typeclass inference of LinearOrderedCommMonoidWithZero took 0.00107ms
typeclass inference of LinearOrderedCommMonoidWithZero took 0.000972ms
typeclass inference of LinearOrderedCommMonoidWithZero took 0.00121ms
typeclass inference of LinearOrderedCommMonoidWithZero took 0.000881ms
typeclass inference of LinearOrderedCommMonoidWithZero took 0.00219ms
typeclass inference of LinearOrderedCommMonoidWithZero took 0.00104ms
typeclass inference of LinearOrderedCommMonoidWithZero took 0.00156ms
typeclass inference of LinearOrderedCommMonoidWithZero took 0.000992ms
typeclass inference of LinearOrderedCommMonoidWithZero took 0.00101ms
typeclass inference of LinearOrderedCommMonoidWithZero took 0.000942ms
typeclass inference of LinearOrderedCommMonoidWithZero took 0.00158ms
typeclass inference of LinearOrderedCommMonoidWithZero took 0.00105ms
typeclass inference of LinearOrderedCommMonoidWithZero took 0.000971ms
typeclass inference of LinearOrderedCommMonoidWithZero took 0.000992ms
typeclass inference of LinearOrderedCommMonoidWithZero took 0.000941ms
typeclass inference of LinearOrderedCommMonoidWithZero took 0.00186ms
typeclass inference of LinearOrderedCommMonoidWithZero took 0.00121ms
typeclass inference of LinearOrderedCommMonoidWithZero took 0.000982ms
typeclass inference of LinearOrderedCommMonoidWithZero took 0.00169ms
typeclass inference of LinearOrderedCommMonoidWithZero took 0.00106ms
typeclass inference of LinearOrderedCommMonoidWithZero took 0.00101ms
typeclass inference of LinearOrderedCommMonoidWithZero took 0.00101ms
typeclass inference of LinearOrderedCommMonoidWithZero took 0.001ms
typeclass inference of LinearOrderedCommMonoidWithZero took 0.00123ms
typeclass inference of LinearOrderedCommMonoidWithZero took 0.000872ms
typeclass inference of LinearOrderedCommMonoidWithZero took 0.00113ms
typeclass inference of LinearOrderedCommMonoidWithZero took 0.00108ms
typeclass inference of LinearOrderedCommMonoidWithZero took 0.00108ms
typeclass inference of LinearOrderedCommMonoidWithZero took 0.00167ms
typeclass inference of LinearOrderedCommMonoidWithZero took 0.00112ms
typeclass inference of LinearOrderedCommMonoidWithZero took 0.00129ms
typeclass inference of LinearOrderedCommMonoidWithZero took 0.00103ms
typeclass inference of LinearOrderedCommMonoidWithZero took 0.00124ms
typeclass inference of LinearOrderedCommMonoidWithZero took 0.00124ms
typeclass inference of LinearOrderedCommMonoidWithZero took 0.000892ms
typeclass inference of LinearOrderedCommMonoidWithZero took 0.00166ms
typeclass inference of LinearOrderedCommMonoidWithZero took 0.00132ms
typeclass inference of LinearOrderedCommMonoidWithZero took 0.00347ms
typeclass inference of LinearOrderedCommMonoidWithZero took 0.00122ms
typeclass inference of LinearOrderedCommMonoidWithZero took 0.00119ms
typeclass inference of LinearOrderedCommMonoidWithZero took 0.00101ms
typeclass inference of LinearOrderedCommMonoidWithZero took 0.00168ms
typeclass inference of LinearOrderedCommMonoidWithZero took 0.00105ms
typeclass inference of LinearOrderedCommMonoidWithZero took 0.00131ms
typeclass inference of LinearOrderedCommMonoidWithZero took 0.00127ms
typeclass inference of LinearOrderedCommMonoidWithZero took 0.000951ms
typeclass inference of LinearOrderedCommMonoidWithZero took 0.00187ms
typeclass inference of LinearOrderedCommMonoidWithZero took 0.00105ms
typeclass inference of LinearOrderedCommMonoidWithZero took 0.001ms
typeclass inference of LinearOrderedCommMonoidWithZero took 0.00177ms
typeclass inference of LinearOrderedCommMonoidWithZero took 0.00101ms
typeclass inference of LinearOrderedCommMonoidWithZero took 0.00173ms
typeclass inference of LinearOrderedCommMonoidWithZero took 0.00102ms
typeclass inference of LinearOrderedCommMonoidWithZero took 0.000972ms
typeclass inference of LinearOrderedCommMonoidWithZero took 0.000952ms
typeclass inference of LinearOrderedCommMonoidWithZero took 0.000992ms
typeclass inference of LinearOrderedCommMonoidWithZero took 0.000951ms
typeclass inference of LinearOrderedCommMonoidWithZero took 0.000901ms
typeclass inference of LinearOrderedCommMonoidWithZero took 0.00126ms
typeclass inference of LinearOrderedCommMonoidWithZero took 0.00118ms
typeclass inference of LinearOrderedCommMonoidWithZero took 0.000972ms
typeclass inference of LinearOrderedCommMonoidWithZero took 0.00157ms
typeclass inference of LinearOrderedCommMonoidWithZero took 0.00108ms
typeclass inference of LinearOrderedCommMonoidWithZero took 0.00104ms
typeclass inference of LinearOrderedCommMonoidWithZero took 0.000982ms
typeclass inference of LinearOrderedCommMonoidWithZero took 0.00103ms
typeclass inference of LinearOrderedCommMonoidWithZero took 0.000962ms
typeclass inference of LinearOrderedCommMonoidWithZero took 0.000901ms
typeclass inference of LinearOrderedCommMonoidWithZero took 0.00174ms
typeclass inference of LinearOrderedCommMonoidWithZero took 0.00103ms
typeclass inference of LinearOrderedCommMonoidWithZero took 0.00101ms
typeclass inference of LinearOrderedCommMonoidWithZero took 0.000992ms
typeclass inference of LinearOrderedCommMonoidWithZero took 0.000992ms
typeclass inference of LinearOrderedCommMonoidWithZero took 0.000962ms
typeclass inference of LinearOrderedCommMonoidWithZero took 0.0015ms
typeclass inference of LinearOrderedCommMonoidWithZero took 0.000972ms
typeclass inference of LinearOrderedCommMonoidWithZero took 0.00104ms
typeclass inference of LinearOrderedCommMonoidWithZero took 0.00101ms
typeclass inference of LinearOrderedCommMonoidWithZero took 0.000922ms
typeclass inference of LinearOrderedCommMonoidWithZero took 0.00146ms
typeclass inference of LinearOrderedCommMonoidWithZero took 0.00143ms
typeclass inference of LinearOrderedCommMonoidWithZero took 0.00112ms
typeclass inference of LinearOrderedCommMonoidWithZero took 0.0023ms
typeclass inference of LinearOrderedCommMonoidWithZero took 0.00109ms
typeclass inference of LinearOrderedCommMonoidWithZero took 0.00105ms
typeclass inference of LinearOrderedCommMonoidWithZero took 0.00107ms
typeclass inference of LinearOrderedCommMonoidWithZero took 0.00117ms
typeclass inference of LinearOrderedCommMonoidWithZero took 0.000992ms
typeclass inference of LinearOrderedCommMonoidWithZero took 0.000932ms
typeclass inference of LinearOrderedCommMonoidWithZero took 0.00134ms
typeclass inference of LinearOrderedCommMonoidWithZero took 0.00109ms
typeclass inference of LinearOrderedCommMonoidWithZero took 0.00121ms
typeclass inference of LinearOrderedCommMonoidWithZero took 0.00171ms
typeclass inference of LinearOrderedCommMonoidWithZero took 0.00182ms
typeclass inference of LinearOrderedCommMonoidWithZero took 0.00101ms
typeclass inference of LinearOrderedCommMonoidWithZero took 0.000982ms
typeclass inference of LinearOrderedCommMonoidWithZero took 0.000952ms
typeclass inference of LinearOrderedCommMonoidWithZero took 0.000952ms
typeclass inference of LinearOrderedCommMonoidWithZero took 0.000902ms
typeclass inference of LinearOrderedCommMonoidWithZero took 0.00163ms
typeclass inference of LinearOrderedCommMonoidWithZero took 0.00108ms
typeclass inference of LinearOrderedCommMonoidWithZero took 0.00103ms
typeclass inference of LinearOrderedCommMonoidWithZero took 0.000962ms
typeclass inference of LinearOrderedCommMonoidWithZero took 0.00101ms
typeclass inference of LinearOrderedCommMonoidWithZero took 0.000902ms
typeclass inference of LinearOrderedCommMonoidWithZero took 0.00171ms
typeclass inference of LinearOrderedCommMonoidWithZero took 0.00129ms
typeclass inference of LinearOrderedCommMonoidWithZero took 0.00105ms
typeclass inference of LinearOrderedCommMonoidWithZero took 0.000962ms
typeclass inference of LinearOrderedCommMonoidWithZero took 0.000931ms
typeclass inference of LinearOrderedCommMonoidWithZero took 0.00179ms
typeclass inference of LinearOrderedCommMonoidWithZero took 0.000972ms
typeclass inference of LinearOrderedCommMonoidWithZero took 0.000941ms
typeclass inference of LinearOrderedCommMonoidWithZero took 0.00149ms
typeclass inference of LinearOrderedCommMonoidWithZero took 0.00119ms
typeclass inference of LinearOrderedCommMonoidWithZero took 0.00109ms
typeclass inference of LinearOrderedCommMonoidWithZero took 0.00207ms
typeclass inference of LinearOrderedCommMonoidWithZero took 0.00111ms
typeclass inference of LinearOrderedCommMonoidWithZero took 0.00108ms
typeclass inference of LinearOrderedCommMonoidWithZero took 0.00107ms
typeclass inference of LinearOrderedCommMonoidWithZero took 0.001ms
typeclass inference of LinearOrderedCommMonoidWithZero took 0.00101ms
typeclass inference of LinearOrderedCommMonoidWithZero took 0.000942ms
typeclass inference of LinearOrderedCommMonoidWithZero took 0.0011ms
typeclass inference of LinearOrderedCommMonoidWithZero took 0.00108ms
typeclass inference of LinearOrderedCommMonoidWithZero took 0.00106ms
typeclass inference of LinearOrderedCommMonoidWithZero took 0.00177ms
typeclass inference of LinearOrderedCommMonoidWithZero took 0.000992ms
typeclass inference of LinearOrderedCommMonoidWithZero took 0.00111ms
typeclass inference of LinearOrderedCommMonoidWithZero took 0.00101ms
typeclass inference of LinearOrderedCommMonoidWithZero took 0.000992ms
typeclass inference of LinearOrderedCommMonoidWithZero took 0.000932ms
typeclass inference of LinearOrderedCommMonoidWithZero took 0.000932ms
typeclass inference of LinearOrderedCommMonoidWithZero took 0.00171ms
typeclass inference of LinearOrderedCommMonoidWithZero took 0.00103ms
typeclass inference of LinearOrderedCommMonoidWithZero took 0.000992ms
typeclass inference of LinearOrderedCommMonoidWithZero took 0.000962ms
typeclass inference of LinearOrderedCommMonoidWithZero took 0.000982ms
typeclass inference of LinearOrderedCommMonoidWithZero took 0.000921ms
typeclass inference of LinearOrderedCommMonoidWithZero took 0.00158ms
typeclass inference of LinearOrderedCommMonoidWithZero took 0.000982ms
typeclass inference of LinearOrderedCommMonoidWithZero took 0.00101ms
typeclass inference of LinearOrderedCommMonoidWithZero took 0.000992ms
typeclass inference of LinearOrderedCommMonoidWithZero took 0.000932ms
typeclass inference of LinearOrderedCommMonoidWithZero took 0.00158ms
typeclass inference of LinearOrderedCommMonoidWithZero took 0.00102ms
typeclass inference of LinearOrderedCommMonoidWithZero took 0.001ms
typeclass inference of LinearOrderedCommMonoidWithZero took 0.000982ms
typeclass inference of LinearOrderedCommMonoidWithZero took 0.00153ms
typeclass inference of LinearOrderedCommMonoidWithZero took 0.00101ms
typeclass inference of LinearOrderedCommMonoidWithZero took 0.000991ms
typeclass inference of NonUnitalNonAssocRing took 0.401ms
typeclass inference of NormedRing took 0.637ms
typeclass inference of NormedRing took 0.00239ms
typeclass inference of NormedRing took 0.00183ms
typeclass inference of NormedRing took 0.00114ms
typeclass inference of NormedRing took 0.00115ms
typeclass inference of NormedRing took 0.00107ms
typeclass inference of NormedRing took 0.00109ms
typeclass inference of NormedRing took 0.00106ms
typeclass inference of NormedRing took 0.0012ms
typeclass inference of NormedRing took 0.00144ms
typeclass inference of NormedRing took 0.00127ms
typeclass inference of NormedRing took 0.00102ms
typeclass inference of NormedRing took 0.000961ms
typeclass inference of NormedRing took 0.00213ms
typeclass inference of NormedRing took 0.00108ms
typeclass inference of NormedRing took 0.00112ms
typeclass inference of NormedRing took 0.00102ms
typeclass inference of NormedRing took 0.00109ms
typeclass inference of NormedRing took 0.00102ms
typeclass inference of NormedRing took 0.000992ms
typeclass inference of NormedRing took 0.001ms
typeclass inference of NormedRing took 0.00234ms
typeclass inference of NormedRing took 0.00105ms
typeclass inference of NormedRing took 0.00126ms
typeclass inference of NormedRing took 0.001ms
typeclass inference of NormedRing took 0.00104ms
typeclass inference of NormedRing took 0.00103ms
typeclass inference of NormedRing took 0.000952ms
typeclass inference of NormedRing took 0.00222ms
typeclass inference of NormedRing took 0.00117ms
typeclass inference of NormedRing took 0.00134ms
typeclass inference of NormedRing took 0.00101ms
typeclass inference of NormedRing took 0.000961ms
typeclass inference of NormedRing took 0.00139ms
typeclass inference of NormedRing took 0.000972ms
typeclass inference of NormedRing took 0.00122ms
typeclass inference of NormedRing took 0.00103ms
typeclass inference of NormedRing took 0.00135ms
typeclass inference of NormedRing took 0.00123ms
typeclass inference of NormedRing took 0.000912ms
typeclass inference of Semiring took 0.00577ms
typeclass inference of Semiring took 0.00483ms
typeclass inference of GroupWithZero took 0.93ms
typeclass inference of GroupWithZero took 0.00218ms
typeclass inference of GroupWithZero took 0.00192ms
typeclass inference of GroupWithZero took 0.0012ms
typeclass inference of GroupWithZero took 0.00113ms
typeclass inference of GroupWithZero took 0.0011ms
typeclass inference of GroupWithZero took 0.00101ms
typeclass inference of GroupWithZero took 0.00172ms
typeclass inference of GroupWithZero took 0.00106ms
typeclass inference of GroupWithZero took 0.00103ms
typeclass inference of GroupWithZero took 0.00127ms
typeclass inference of GroupWithZero took 0.00133ms
typeclass inference of GroupWithZero took 0.000992ms
typeclass inference of GroupWithZero took 0.000992ms
typeclass inference of MulZeroClass took 0.807ms
typeclass inference of Semiring took 0.00399ms
typeclass inference of CommMonoidWithZero took 0.0114ms
typeclass inference of CommMonoidWithZero took 0.00394ms
typeclass inference of LinearOrderedCommMonoidWithZero took 0.0035ms
typeclass inference of LinearOrderedCommMonoidWithZero took 0.00199ms
typeclass inference of LinearOrderedCommMonoidWithZero took 0.0012ms
typeclass inference of LinearOrderedCommMonoidWithZero took 0.00106ms
typeclass inference of LinearOrderedCommMonoidWithZero took 0.00106ms
typeclass inference of LinearOrderedCommMonoidWithZero took 0.000942ms
typeclass inference of LinearOrderedCommMonoidWithZero took 0.00143ms
typeclass inference of LinearOrderedCommMonoidWithZero took 0.00104ms
typeclass inference of LinearOrderedCommMonoidWithZero took 0.00102ms
typeclass inference of LinearOrderedCommMonoidWithZero took 0.001ms
typeclass inference of LinearOrderedCommMonoidWithZero took 0.00126ms
typeclass inference of LinearOrderedCommMonoidWithZero took 0.000981ms
typeclass inference of LinearOrderedCommMonoidWithZero took 0.00109ms
typeclass inference of NonUnitalNonAssocRing took 0.0042ms
typeclass inference of GroupWithZero took 0.00265ms
typeclass inference of GroupWithZero took 0.00119ms
typeclass inference of GroupWithZero took 0.00245ms
typeclass inference of GroupWithZero took 0.00107ms
typeclass inference of GroupWithZero took 0.00138ms
typeclass inference of GroupWithZero took 0.00107ms
typeclass inference of GroupWithZero took 0.000982ms
typeclass inference of GroupWithZero took 0.00144ms
typeclass inference of GroupWithZero took 0.000982ms
typeclass inference of GroupWithZero took 0.00106ms
typeclass inference of GroupWithZero took 0.00107ms
typeclass inference of GroupWithZero took 0.00599ms
typeclass inference of GroupWithZero took 0.0012ms
typeclass inference of GroupWithZero took 0.00102ms
typeclass inference of MulZeroClass took 0.00305ms
typeclass inference of GroupWithZero took 0.00236ms
typeclass inference of GroupWithZero took 0.00119ms
typeclass inference of GroupWithZero took 0.0024ms
typeclass inference of GroupWithZero took 0.0011ms
typeclass inference of GroupWithZero took 0.00104ms
typeclass inference of GroupWithZero took 0.00103ms
typeclass inference of GroupWithZero took 0.00101ms
typeclass inference of GroupWithZero took 0.000941ms
typeclass inference of GroupWithZero took 0.00127ms
typeclass inference of GroupWithZero took 0.00105ms
typeclass inference of GroupWithZero took 0.00102ms
typeclass inference of GroupWithZero took 0.00165ms
typeclass inference of GroupWithZero took 0.00107ms
typeclass inference of GroupWithZero took 0.00133ms
typeclass inference of GroupWithZero took 0.00101ms
typeclass inference of GroupWithZero took 0.00103ms
typeclass inference of GroupWithZero took 0.000962ms
typeclass inference of GroupWithZero took 0.00225ms
typeclass inference of GroupWithZero took 0.00134ms
typeclass inference of GroupWithZero took 0.00106ms
typeclass inference of GroupWithZero took 0.00108ms
typeclass inference of GroupWithZero took 0.000972ms
typeclass inference of GroupWithZero took 0.00152ms
typeclass inference of GroupWithZero took 0.00106ms
typeclass inference of GroupWithZero took 0.000972ms
typeclass inference of GroupWithZero took 0.0016ms
typeclass inference of GroupWithZero took 0.001ms
typeclass inference of GroupWithZero took 0.00186ms
typeclass inference of GroupWithZero took 0.00105ms
typeclass inference of GroupWithZero took 0.00103ms
typeclass inference of GroupWithZero took 0.0012ms
typeclass inference of GroupWithZero took 0.000992ms
typeclass inference of GroupWithZero took 0.000971ms
typeclass inference of GroupWithZero took 0.00129ms
typeclass inference of GroupWithZero took 0.00102ms
typeclass inference of GroupWithZero took 0.00108ms
typeclass inference of GroupWithZero took 0.00463ms
typeclass inference of GroupWithZero took 0.000992ms
typeclass inference of GroupWithZero took 0.00107ms
typeclass inference of GroupWithZero took 0.00102ms
typeclass inference of GroupWithZero took 0.0011ms
typeclass inference of GroupWithZero took 0.000922ms
typeclass inference of GroupWithZero took 0.00157ms
typeclass inference of GroupWithZero took 0.001ms
typeclass inference of GroupWithZero took 0.00105ms
typeclass inference of GroupWithZero took 0.00105ms
typeclass inference of GroupWithZero took 0.00101ms
typeclass inference of GroupWithZero took 0.00139ms
typeclass inference of GroupWithZero took 0.001ms
typeclass inference of GroupWithZero took 0.001ms
typeclass inference of GroupWithZero took 0.00143ms
typeclass inference of GroupWithZero took 0.00109ms
typeclass inference of GroupWithZero took 0.000932ms
typeclass inference of GroupWithZero took 0.00167ms
typeclass inference of GroupWithZero took 0.00125ms
typeclass inference of GroupWithZero took 0.00107ms
typeclass inference of GroupWithZero took 0.00105ms
typeclass inference of GroupWithZero took 0.000972ms
typeclass inference of GroupWithZero took 0.000932ms
typeclass inference of GroupWithZero took 0.00159ms
typeclass inference of GroupWithZero took 0.00101ms
typeclass inference of GroupWithZero took 0.000982ms
typeclass inference of GroupWithZero took 0.00105ms
typeclass inference of GroupWithZero took 0.000942ms
typeclass inference of GroupWithZero took 0.00182ms
typeclass inference of GroupWithZero took 0.00102ms
typeclass inference of GroupWithZero took 0.00104ms
typeclass inference of GroupWithZero took 0.001ms
typeclass inference of GroupWithZero took 0.00137ms
typeclass inference of GroupWithZero took 0.000982ms
typeclass inference of GroupWithZero took 0.00101ms
typeclass inference of CommMonoidWithZero took 0.00377ms
typeclass inference of LinearOrderedCommMonoidWithZero took 0.00214ms
typeclass inference of LinearOrderedCommMonoidWithZero took 0.00186ms
typeclass inference of LinearOrderedCommMonoidWithZero took 0.00119ms
typeclass inference of LinearOrderedCommMonoidWithZero took 0.00106ms
typeclass inference of LinearOrderedCommMonoidWithZero took 0.00102ms
typeclass inference of LinearOrderedCommMonoidWithZero took 0.000932ms
typeclass inference of LinearOrderedCommMonoidWithZero took 0.00143ms
typeclass inference of LinearOrderedCommMonoidWithZero took 0.00112ms
typeclass inference of LinearOrderedCommMonoidWithZero took 0.00108ms
typeclass inference of LinearOrderedCommMonoidWithZero took 0.000992ms
typeclass inference of LinearOrderedCommMonoidWithZero took 0.00149ms
typeclass inference of LinearOrderedCommMonoidWithZero took 0.001ms
typeclass inference of LinearOrderedCommMonoidWithZero took 0.000971ms
typeclass inference of NonUnitalNonAssocRing took 0.00416ms
typeclass inference of GroupWithZero took 0.00219ms
typeclass inference of GroupWithZero took 0.00121ms
typeclass inference of GroupWithZero took 0.00152ms
typeclass inference of GroupWithZero took 0.00102ms
typeclass inference of GroupWithZero took 0.00371ms
typeclass inference of GroupWithZero took 0.00129ms
typeclass inference of GroupWithZero took 0.00104ms
typeclass inference of GroupWithZero took 0.00182ms
typeclass inference of GroupWithZero took 0.00101ms
typeclass inference of GroupWithZero took 0.0013ms
typeclass inference of GroupWithZero took 0.001ms
typeclass inference of GroupWithZero took 0.00127ms
typeclass inference of GroupWithZero took 0.001ms
typeclass inference of GroupWithZero took 0.00102ms
sym typeclass inference of Lean.Grind.NoNatZeroDivisors took 63.9ms
sym typeclass inference of Lean.Grind.Field took 0.484ms
typeclass inference of Lean.Grind.CommSemiring took 0.701ms
typeclass inference of Field took 0.00282ms
typeclass inference of Field took 0.0023ms
typeclass inference of Field took 0.00124ms
typeclass inference of Field took 0.00111ms
typeclass inference of Field took 0.00108ms
typeclass inference of Field took 0.00102ms
typeclass inference of Field took 0.00106ms
typeclass inference of Field took 0.000962ms
typeclass inference of Field took 0.000942ms
typeclass inference of Field took 0.00101ms
typeclass inference of Field took 0.0016ms
typeclass inference of Field took 0.00108ms
typeclass inference of Field took 0.00191ms
typeclass inference of Field took 0.00107ms
typeclass inference of Field took 0.00105ms
typeclass inference of Field took 0.00105ms
typeclass inference of Field took 0.000962ms
typeclass inference of Field took 0.001ms
typeclass inference of Field took 0.000952ms
typeclass inference of Field took 0.000942ms
typeclass inference of Field took 0.000931ms
typeclass inference of Field took 0.00232ms
typeclass inference of Field took 0.00106ms
typeclass inference of Field took 0.00106ms
typeclass inference of Field took 0.00108ms
typeclass inference of Field took 0.00102ms
typeclass inference of Field took 0.0011ms
typeclass inference of Field took 0.001ms
typeclass inference of Field took 0.000922ms
typeclass inference of Field took 0.00193ms
typeclass inference of Field took 0.00106ms
typeclass inference of Field took 0.000992ms
typeclass inference of Field took 0.000952ms
typeclass inference of Field took 0.000942ms
typeclass inference of Field took 0.001ms
typeclass inference of Field took 0.00105ms
typeclass inference of Field took 0.00211ms
typeclass inference of Field took 0.00102ms
typeclass inference of Field took 0.00112ms
typeclass inference of Field took 0.000971ms
typeclass inference of Field took 0.00106ms
typeclass inference of Field took 0.000972ms
typeclass inference of Field took 0.000962ms
typeclass inference of Field took 0.000972ms
typeclass inference of Field took 0.000901ms
typeclass inference of Field took 0.00217ms
typeclass inference of Field took 0.00113ms
typeclass inference of Field took 0.00113ms
typeclass inference of Field took 0.00104ms
typeclass inference of Field took 0.00106ms
typeclass inference of Field took 0.00101ms
typeclass inference of Field took 0.00101ms
typeclass inference of Field took 0.001ms
typeclass inference of Field took 0.00174ms
typeclass inference of Field took 0.00115ms
typeclass inference of Field took 0.00112ms
typeclass inference of Field took 0.00102ms
typeclass inference of Field took 0.00101ms
typeclass inference of Field took 0.001ms
typeclass inference of Field took 0.000941ms
typeclass inference of Field took 0.00155ms
typeclass inference of Field took 0.00102ms
typeclass inference of Field took 0.00129ms
typeclass inference of Field took 0.00118ms
typeclass inference of Field took 0.001ms
typeclass inference of Field took 0.000952ms
typeclass inference of Field took 0.00155ms
typeclass inference of Field took 0.00106ms
typeclass inference of Field took 0.00101ms
typeclass inference of Field took 0.000982ms
typeclass inference of Field took 0.00108ms
typeclass inference of Field took 0.00156ms
typeclass inference of Field took 0.00113ms
typeclass inference of Field took 0.00101ms
typeclass inference of Field took 0.000972ms
typeclass inference of Field took 0.00136ms
typeclass inference of Field took 0.000992ms
typeclass inference of Field took 0.000972ms
typeclass inference of Field took 0.00286ms
typeclass inference of Field took 0.00221ms
typeclass inference of Field took 0.00107ms
typeclass inference of Field took 0.00123ms
typeclass inference of Field took 0.00177ms
typeclass inference of Field took 0.00167ms
typeclass inference of Field took 0.000962ms
typeclass inference of Field took 0.000942ms
typeclass inference of Field took 0.00106ms
typeclass inference of Field took 0.00102ms
typeclass inference of Field took 0.00119ms
typeclass inference of Field took 0.00137ms
typeclass inference of Field took 0.00185ms
typeclass inference of Field took 0.00105ms
typeclass inference of Field took 0.00105ms
typeclass inference of Field took 0.00107ms
typeclass inference of Field took 0.00103ms
typeclass inference of Field took 0.00102ms
typeclass inference of Field took 0.000982ms
typeclass inference of Field took 0.00105ms
typeclass inference of Field took 0.000922ms
typeclass inference of Field took 0.0022ms
typeclass inference of Field took 0.00107ms
typeclass inference of Field took 0.00103ms
typeclass inference of Field took 0.00105ms
typeclass inference of Field took 0.00102ms
typeclass inference of Field took 0.00101ms
typeclass inference of Field took 0.00102ms
typeclass inference of Field took 0.000971ms
typeclass inference of Field took 0.00128ms
typeclass inference of Field took 0.00104ms
typeclass inference of Field took 0.000981ms
typeclass inference of Field took 0.000952ms
typeclass inference of Field took 0.000981ms
typeclass inference of Field took 0.001ms
typeclass inference of Field took 0.000922ms
typeclass inference of Field took 0.00195ms
typeclass inference of Field took 0.00107ms
typeclass inference of Field took 0.00106ms
typeclass inference of Field took 0.000992ms
typeclass inference of Field took 0.00107ms
typeclass inference of Field took 0.000972ms
typeclass inference of Field took 0.000962ms
typeclass inference of Field took 0.000972ms
typeclass inference of Field took 0.000972ms
typeclass inference of Field took 0.00192ms
typeclass inference of Field took 0.00111ms
typeclass inference of Field took 0.00109ms
typeclass inference of Field took 0.000982ms
typeclass inference of Field took 0.00105ms
typeclass inference of Field took 0.001ms
typeclass inference of Field took 0.001ms
typeclass inference of Field took 0.000991ms
typeclass inference of Field took 0.00186ms
typeclass inference of Field took 0.00111ms
typeclass inference of Field took 0.00104ms
typeclass inference of Field took 0.000992ms
typeclass inference of Field took 0.00125ms
typeclass inference of Field took 0.00101ms
typeclass inference of Field took 0.000972ms
typeclass inference of Field took 0.00159ms
typeclass inference of Field took 0.00108ms
typeclass inference of Field took 0.00111ms
typeclass inference of Field took 0.00105ms
typeclass inference of Field took 0.00111ms
typeclass inference of Field took 0.000981ms
typeclass inference of Field took 0.00201ms
typeclass inference of Field took 0.0011ms
typeclass inference of Field took 0.00103ms
typeclass inference of Field took 0.001ms
typeclass inference of Field took 0.000952ms
typeclass inference of Field took 0.00151ms
typeclass inference of Field took 0.000992ms
typeclass inference of Field took 0.00144ms
typeclass inference of Field took 0.000982ms
typeclass inference of Field took 0.00127ms
typeclass inference of Field took 0.00101ms
typeclass inference of Field took 0.000952ms
sym typeclass inference of Lean.Grind.PowIdentity took 12.1ms
sym typeclass inference of HSub took 0.00919ms
sym canon took 0.0142ms
sym typeclass inference of HMul took 0.00502ms
sym canon took 0.00611ms
sym typeclass inference of Lean.Grind.ToInt took 0.0424ms
sym typeclass inference of LE took 4.23ms
sym typeclass inference of LT took 3.16ms
sym typeclass inference of LE took 0.00457ms
congr simp thm took 0.00257ms
congr simp thm took 0.000571ms
congr simp thm took 0.00033ms
congr simp thm took 0.000231ms
congr simp thm took 0.00888ms
grind simp took 0.578ms
grind mark subsingleton took 0.148ms
typeclass inference of CategoryTheory.CartesianMonoidalCategory took 0.0602ms
typeclass inference of CategoryTheory.CartesianMonoidalCategory took 0.00445ms
sym typeclass inference of HPow took 2.09ms
sym typeclass inference of OfNat took 0.857ms
sym typeclass inference of OfNat took 0.0401ms
sym canon took 0.196ms
grind mark subsingleton took 0.00164ms
sym canon took 0.000411ms
grind mark subsingleton took 0.000691ms
sym canon took 0.000441ms
grind mark subsingleton took 0.000932ms
sym canon took 0.00015ms
grind mark subsingleton took 0.0227ms
sym typeclass inference of Pow took 0.151ms
sym canon took 0.177ms
grind mark subsingleton took 0.00148ms
sym canon took 0.000471ms
grind mark subsingleton took 0.000621ms
sym canon took 0.000251ms
grind mark subsingleton took 0.000411ms
sym canon took 0.000221ms
grind mark subsingleton took 0.00985ms
sym canon took 0.000341ms
sym typeclass inference of Lean.Grind.CommRing took 0.677ms
sym typeclass inference of Lean.Grind.CommSemiring took 0.0287ms
sym typeclass inference of Lean.Grind.Semiring took 0.0784ms
sym canon took 0.0219ms
typeclass inference of Lean.Grind.CommSemiring took 0.018ms
sym typeclass inference of Lean.Grind.CommRing took 0.081ms
sym typeclass inference of Lean.Grind.IsCharP took 0.511ms
typeclass inference of Lean.Grind.CommSemiring took 0.0105ms
sym typeclass inference of Lean.Grind.NatModule took 6.78ms
sym typeclass inference of Lean.Grind.NoNatZeroDivisors took 0.392ms
sym typeclass inference of Lean.Grind.Field took 0.303ms
typeclass inference of Lean.Grind.CommSemiring took 0.023ms
typeclass inference of Lean.Grind.CommSemiring took 0.109ms
typeclass inference of Field took 0.261ms
typeclass inference of Field took 0.00252ms
typeclass inference of Field took 0.00159ms
typeclass inference of Field took 0.00148ms
typeclass inference of Field took 0.00236ms
typeclass inference of Field took 0.00137ms
typeclass inference of Field took 0.00106ms
typeclass inference of Field took 0.000982ms
sym typeclass inference of Lean.Grind.PowIdentity took 1.47ms
sym typeclass inference of Lean.Grind.CommRing took 0.037ms
sym typeclass inference of Lean.Grind.IsCharP took 0.135ms
sym typeclass inference of Lean.Grind.NatModule took 0.116ms
sym typeclass inference of Lean.Grind.NoNatZeroDivisors took 0.959ms
sym typeclass inference of Lean.Grind.Field took 0.306ms
typeclass inference of Lean.Grind.CommSemiring took 0.0694ms
typeclass inference of Field took 0.373ms
typeclass inference of Field took 0.0022ms
typeclass inference of Field took 0.00141ms
typeclass inference of Field took 0.00208ms
typeclass inference of Field took 0.00152ms
typeclass inference of Field took 0.00115ms
sym typeclass inference of Lean.Grind.PowIdentity took 0.801ms
sym typeclass inference of NatCast took 0.0335ms
sym typeclass inference of NatCast took 0.00287ms
sym canon took 0.0259ms
sym typeclass inference of LE took 0.000341ms
typeclass inference of Preorder took 1.01ms
typeclass inference of Std.IsPreorder took 0.519ms
typeclass inference of PartialOrder took 0.744ms
typeclass inference of Std.IsPartialOrder took 0.154ms
typeclass inference of Std.LinearPreorderPackage took 0.0502ms
typeclass inference of Std.LinearPreorderPackage took 0.0023ms
typeclass inference of Std.LinearPreorderPackage took 0.0013ms
typeclass inference of Std.IsLinearPreorder took 0.267ms
sym typeclass inference of LT took 0.00032ms
sym typeclass inference of LE took 0.00021ms
sym canon took 0.013ms
typeclass inference of Std.LawfulOrderLT took 0.0378ms
sym typeclass inference of LT took 0.000191ms
sym canon took 0.0126ms
sym typeclass inference of Lean.Grind.OrderedRing took 0.0894ms
typeclass inference of OfNat took 0.0598ms
typeclass inference of OfNat took 0.0305ms
sym typeclass inference of HAdd took 0.000211ms
sym typeclass inference of HAdd took 0.000291ms
sym canon took 0.018ms
typeclass inference of OfNat took 0.00284ms
sym typeclass inference of IntCast took 0.0276ms
sym typeclass inference of IntCast took 0.00262ms
sym canon took 0.0113ms
typeclass inference of OfNat took 0.00642ms
typeclass inference of OfNat took 0.0517ms
typeclass inference of OfNat took 0.00325ms
sym typeclass inference of HPow took 0.00492ms
sym canon took 0.00868ms
congr simp thm took 0.00946ms
congr simp thm took 0.003ms
congr simp thm took 0.000892ms
congr simp thm took 0.000731ms
grind simp took 0.661ms
grind mark subsingleton took 0.0197ms
sym typeclass inference of LE took 0.000331ms
sym typeclass inference of OfNat took 0.0657ms
sym canon took 0.156ms
typeclass inference of OfNat took 0.0579ms
typeclass inference of OfNat took 0.0345ms
typeclass inference of OfNat took 0.00251ms
typeclass inference of OfNat took 0.00153ms
congr simp thm took 0.017ms
congr simp thm took 0.00032ms
congr simp thm took 0.000621ms
congr simp thm took 0.000942ms
congr simp thm took 0.0125ms
typeclass inference of Decidable took 0.189ms
congr simp thm took 0.000631ms
grind simp took 1.2ms
grind mark subsingleton took 0.0151ms
sym typeclass inference of OfNat took 0.048ms
sym canon took 0.084ms
typeclass inference of OfNat took 0.0475ms
typeclass inference of OfNat took 0.0325ms
typeclass inference of OfNat took 0.00223ms
typeclass inference of OfNat took 0.00155ms
congr simp thm took 0.0176ms
congr simp thm took 0.000211ms
congr simp thm took 0.000661ms
congr simp thm took 0.000281ms
typeclass inference of Decidable took 0.109ms
congr simp thm took 0.000601ms
grind simp took 0.287ms
grind mark subsingleton took 0.0138ms
sym canon took 0.0588ms
typeclass inference of OfNat took 0.0504ms
typeclass inference of OfNat took 0.0329ms
typeclass inference of OfNat took 0.00219ms
typeclass inference of OfNat took 0.00159ms
congr simp thm took 0.000531ms
congr simp thm took 0.000251ms
congr simp thm took 0.000581ms
congr simp thm took 0.000281ms
typeclass inference of Decidable took 0.18ms
congr simp thm took 0.000551ms
grind simp took 0.355ms
grind mark subsingleton took 0.0256ms
sym typeclass inference of OfNat took 0.0508ms
sym canon took 0.101ms
typeclass inference of OfNat took 0.0445ms
typeclass inference of OfNat took 0.0313ms
typeclass inference of OfNat took 0.00215ms
typeclass inference of OfNat took 0.00147ms
congr simp thm took 0.000892ms
grind simp took 0.157ms
grind mark subsingleton took 0.0108ms
sym typeclass inference of OfNat took 0.0494ms
sym canon took 0.0225ms
typeclass inference of OfNat took 0.0485ms
typeclass inference of OfNat took 0.0319ms
typeclass inference of OfNat took 0.00204ms
congr simp thm took 0.000712ms
grind simp took 0.124ms
grind mark subsingleton took 0.0267ms
sym canon took 0.0578ms
congr simp thm took 0.000621ms
congr simp thm took 0.000381ms
grind simp took 0.153ms
grind mark subsingleton took 0.114ms
sym typeclass inference of HAdd took 1.5ms
sym canon took 0.0908ms
sym typeclass inference of HAdd took 0.00485ms
sym canon took 0.00991ms
congr simp thm took 0.0013ms
congr simp thm took 0.000582ms
congr simp thm took 0.0003ms
congr simp thm took 0.000571ms
grind simp took 0.376ms
grind mark subsingleton took 0.0149ms
sym typeclass inference of OfNat took 0.0543ms
sym canon took 0.03ms
typeclass inference of OfNat took 0.0529ms
typeclass inference of OfNat took 0.034ms
typeclass inference of OfNat took 0.00226ms
congr simp thm took 0.000802ms
congr simp thm took 0.000771ms
congr simp thm took 0.000501ms
grind simp took 0.248ms
grind mark subsingleton took 0.0947ms
sym typeclass inference of OfNat took 0.046ms
sym canon took 0.0853ms
typeclass inference of OfNat took 0.0454ms
typeclass inference of OfNat took 0.031ms
typeclass inference of OfNat took 0.00212ms
congr simp thm took 0.00652ms
congr simp thm took 0.0004ms
congr simp thm took 0.000421ms
congr simp thm took 0.000391ms
congr simp thm took 0.000652ms
congr simp thm took 0.000261ms
congr simp thm took 0.000301ms
congr simp thm took 0.000671ms
congr simp thm took 0.00032ms
grind simp took 0.518ms
grind mark subsingleton took 0.0268ms
sym typeclass inference of HMul took 0.000301ms
sym canon took 0.0352ms
sym typeclass inference of HMul took 0.000371ms
sym typeclass inference of HMul took 0.000241ms
sym canon took 0.0134ms
typeclass inference of OfNat took 0.0587ms
typeclass inference of OfNat took 0.00239ms
typeclass inference of OfNat took 0.00147ms
typeclass inference of OfNat took 0.0013ms
grind ring took 0.0733ms
grind cutsat took 0.143ms
grind took 12ms
instantiate metavars took 0.0215ms
tactic execution of Lean.Parser.Tactic.grind took 0.514ms
tactic execution of Lean.Parser.Tactic.tacticSeq1Indented took 0.00999ms
tactic execution of Lean.Parser.Tactic.tacticSeq took 0.00468ms
tactic execution of Lean.Parser.Tactic.paren took 0.00494ms
tactic execution of Lean.Parser.Tactic.withAnnotateState took 0.0101ms
tactic execution of Lean.Parser.Tactic.tacticSeq1Indented took 0.00745ms
tactic execution of Lean.Parser.Tactic.tacticSeq took 0.00415ms
tactic execution of Lean.Parser.Tactic.case took 0.0637ms
tactic execution of Lean.Parser.Tactic.tacticSeq1Indented took 0.0133ms
tactic execution of Lean.Parser.Tactic.tacticSeq took 0.0056ms
tactic execution of Lean.Parser.Tactic.focus took 0.00882ms
tactic execution of Lean.Parser.Tactic.tacticHave__ took 0.286ms
typeclass inference of OfNat took 1.02ms
typeclass inference of OfNat took 0.111ms
typeclass inference of OfNat took 0.0437ms
typeclass inference of HMul took 0.864ms
typeclass inference of HPow took 0.351ms
typeclass inference of HMul took 0.0811ms
typeclass inference of OfNat took 0.0912ms
typeclass inference of HPow took 0.14ms
typeclass inference of HMul took 0.078ms
typeclass inference of OfNat took 0.0632ms
typeclass inference of OfNat took 0.0475ms
typeclass inference of OfNat took 0.0467ms
typeclass inference of HPow took 0.127ms
typeclass inference of HMul took 0.0578ms
typeclass inference of OfNat took 0.0437ms
typeclass inference of OfNat took 0.0382ms
typeclass inference of HMul took 0.149ms
typeclass inference of HPow took 0.147ms
typeclass inference of HMul took 0.0905ms
typeclass inference of OfNat took 0.0716ms
typeclass inference of HPow took 0.17ms
typeclass inference of HMul took 0.0561ms
typeclass inference of OfNat took 0.0379ms
typeclass inference of OfNat took 0.0664ms
typeclass inference of HPow took 0.127ms
typeclass inference of HMul took 0.0538ms
typeclass inference of OfNat took 0.0409ms
typeclass inference of HPow took 0.114ms
typeclass inference of HMul took 0.0523ms
typeclass inference of OfNat took 0.0393ms
typeclass inference of HPow took 0.106ms
typeclass inference of HMul took 0.0485ms
typeclass inference of OfNat took 0.0405ms
typeclass inference of HPow took 0.105ms
typeclass inference of HMul took 0.0685ms
typeclass inference of OfNat took 0.0391ms
typeclass inference of HPow took 0.117ms
typeclass inference of HMul took 0.0494ms
typeclass inference of OfNat took 0.0398ms
typeclass inference of HPow took 0.119ms
typeclass inference of HMul took 0.0677ms
typeclass inference of OfNat took 0.0389ms
typeclass inference of HPow took 0.119ms
typeclass inference of HMul took 0.0767ms
typeclass inference of Pow took 0.0418ms
typeclass inference of CategoryTheory.CartesianMonoidalCategory took 0.0634ms
typeclass inference of CategoryTheory.CartesianMonoidalCategory took 0.00475ms
typeclass inference of NPow took 1.88ms
typeclass inference of OfNat took 0.0464ms
typeclass inference of HMul took 0.00431ms
typeclass inference of OfNat took 0.0524ms
typeclass inference of HPow took 0.138ms
typeclass inference of HMul took 0.0517ms
typeclass inference of OfNat took 0.0394ms
typeclass inference of HPow took 0.107ms
typeclass inference of HMul took 0.0489ms
typeclass inference of OfNat took 0.0389ms
typeclass inference of HPow took 0.104ms
typeclass inference of HMul took 0.048ms
typeclass inference of Pow took 0.0386ms
typeclass inference of NPow took 0.0784ms
typeclass inference of OfNat took 0.00347ms
typeclass inference of HMul took 0.00245ms
tactic execution of Lean.Parser.Tactic.refine took 1.93ms
tactic execution of Lean.Parser.Tactic.rewriteSeq took 0.139ms
tactic execution of Lean.Parser.Tactic.exact took 0.139ms
tactic execution of Lean.Parser.Tactic.exact took 0.146ms
tactic execution of Lean.Parser.Tactic.eqRefl took 0.0104ms
tactic execution of Lean.Parser.Tactic.applyRfl took 0.0244ms
tactic execution of Lean.Parser.Tactic.tacticRfl took 0.0572ms
tactic execution of Lean.Parser.Tactic.tacticSeq1Indented took 0.0116ms
tactic execution of Lean.Parser.Tactic.tacticSeq took 0.00523ms
tactic execution of Lean.Parser.Tactic.withReducible took 0.00862ms
tactic execution of Lean.Parser.Tactic.tacticSeq1Indented took 0.00504ms
tactic execution of Lean.Parser.Tactic.tacticSeq took 0.00445ms
tactic execution of Lean.Parser.Tactic.paren took 0.00507ms
tactic execution of Lean.Parser.Tactic.tacticSeq1Indented took 0.00681ms
tactic execution of Lean.Parser.Tactic.tacticSeq took 0.00485ms
tactic execution of Lean.Parser.Tactic.skip took 0.00272ms
tactic execution of Lean.Parser.Tactic.tacticSeq1Indented took 0.0032ms
tactic execution of Lean.Parser.Tactic.tacticSeq took 0.00363ms
tactic execution of Lean.Parser.Tactic.first took 0.00918ms
tactic execution of Lean.Parser.Tactic.tacticTry_ took 0.00846ms
tactic execution of Lean.Parser.Tactic.tacticSeq1Indented took 0.00812ms
tactic execution of Lean.Parser.Tactic.tacticSeq took 0.00275ms
tactic execution of Lean.Parser.Tactic.paren took 0.00286ms
tactic execution of Lean.Parser.Tactic.withAnnotateState took 0.00908ms
tactic execution of Lean.Parser.Tactic.tacticSeq1Indented took 0.0125ms
tactic execution of Lean.Parser.Tactic.tacticSeq took 0.00321ms
tactic execution of Lean.Parser.Tactic.paren took 0.00446ms
tactic execution of Lean.Parser.Tactic.rwSeq took 0.00739ms
tactic execution of Lean.Parser.Tactic.exact took 0.0466ms
tactic execution of Lean.Parser.Tactic.tacticSeq1Indented took 0.00873ms
tactic execution of Lean.Parser.Tactic.tacticSeq took 0.00742ms
tactic execution of Lean.Parser.Tactic.rewriteSeq took 1.82ms
tactic execution of Lean.Parser.Tactic.exact took 0.0893ms
tactic execution of Lean.Parser.Tactic.exact took 0.0896ms
tactic execution of Lean.Parser.Tactic.eqRefl took 0.00912ms
tactic execution of Lean.Parser.Tactic.tacticRfl took 0.0272ms
tactic execution of Lean.Parser.Tactic.tacticSeq1Indented took 0.00332ms
tactic execution of Lean.Parser.Tactic.tacticSeq took 0.00277ms
tactic execution of Lean.Parser.Tactic.withReducible took 0.00281ms
tactic execution of Lean.Parser.Tactic.tacticSeq1Indented took 0.00295ms
tactic execution of Lean.Parser.Tactic.tacticSeq took 0.00248ms
tactic execution of Lean.Parser.Tactic.paren took 0.00228ms
tactic execution of Lean.Parser.Tactic.tacticSeq1Indented took 0.00288ms
tactic execution of Lean.Parser.Tactic.tacticSeq took 0.00257ms
tactic execution of Lean.Parser.Tactic.first took 0.0029ms
tactic execution of Lean.Parser.Tactic.tacticTry_ took 0.0045ms
tactic execution of Lean.Parser.Tactic.tacticSeq1Indented took 0.00271ms
tactic execution of Lean.Parser.Tactic.tacticSeq took 0.00318ms
tactic execution of Lean.Parser.Tactic.paren took 0.00305ms
tactic execution of Lean.Parser.Tactic.withAnnotateState took 0.0116ms
tactic execution of Lean.Parser.Tactic.tacticSeq1Indented took 0.0104ms
tactic execution of Lean.Parser.Tactic.tacticSeq took 0.00376ms
tactic execution of Lean.Parser.Tactic.paren took 0.00319ms
tactic execution of Lean.Parser.Tactic.rwSeq took 0.0133ms
tactic execution of Lean.Parser.Tactic.tacticSeq1Indented took 0.00709ms
tactic execution of Lean.Parser.Tactic.tacticSeq took 0.00268ms
tactic execution of Lean.Parser.Tactic.paren took 0.00344ms
tactic execution of Lean.Parser.Tactic.withAnnotateState took 0.0056ms
tactic execution of Lean.Parser.Tactic.tacticSeq1Indented took 0.00424ms
tactic execution of Lean.Parser.Tactic.tacticSeq took 0.00455ms
tactic execution of Lean.Parser.Tactic.case took 0.102ms
tactic execution of Lean.Parser.Tactic.tacticSeq1Indented took 0.016ms
tactic execution of Lean.Parser.Tactic.tacticSeq took 0.00541ms
tactic execution of Lean.Parser.Tactic.focus took 0.00931ms
tactic execution of Lean.Parser.Tactic.tacticHave__ took 0.0359ms
typeclass inference of OfNat took 0.076ms
typeclass inference of OfNat took 0.048ms
typeclass inference of OfNat took 0.0481ms
typeclass inference of OfNat took 0.0342ms
typeclass inference of OfNat took 0.0457ms
typeclass inference of OfNat took 0.0313ms
typeclass inference of HAdd took 0.162ms
typeclass inference of HMul took 0.161ms
typeclass inference of HPow took 0.156ms
typeclass inference of HMul took 0.0526ms
typeclass inference of HAdd took 0.0478ms
typeclass inference of LT took 0.0283ms
typeclass inference of OfNat took 0.0386ms
typeclass inference of OfNat took 0.0465ms
typeclass inference of HPow took 0.116ms
typeclass inference of HMul took 0.0594ms
typeclass inference of HAdd took 0.045ms
typeclass inference of OfNat took 0.0408ms
typeclass inference of HPow took 0.105ms
typeclass inference of HMul took 0.0551ms
typeclass inference of HAdd took 0.0506ms
typeclass inference of OfNat took 0.0392ms
typeclass inference of HPow took 0.103ms
typeclass inference of HMul took 0.0476ms
typeclass inference of HAdd took 0.0422ms
typeclass inference of OfNat took 0.0366ms
typeclass inference of HPow took 0.101ms
typeclass inference of HMul took 0.0461ms
typeclass inference of HAdd took 0.0426ms
typeclass inference of Pow took 0.0373ms
typeclass inference of NPow took 0.0986ms
typeclass inference of OfNat took 0.0452ms
typeclass inference of HMul took 0.163ms
typeclass inference of HAdd took 0.00305ms
tactic execution of Lean.Parser.Tactic.refine took 0.995ms
interpretation of Lean.Meta.Grind.reduceCtorEqCheap took 0.004ms
interpretation of Lean.Meta.Grind.reduceSimpMatchDiscrsOnly took 0.000982ms
interpretation of Lean.Meta.Grind.reducePreMatchCond took 0.000902ms
interpretation of Lean.Meta.Grind.Arith.expandPow01 took 0.000972ms
interpretation of Lean.Meta.Grind.Arith.expandDiv took 0.000561ms
interpretation of Lean.Meta.Grind.Arith.normNatAddInst took 0.000601ms
interpretation of Lean.Meta.Grind.Arith.normNatMulInst took 0.000711ms
interpretation of Lean.Meta.Grind.Arith.normNatSubInst took 0.000702ms
interpretation of Lean.Meta.Grind.Arith.normNatDivInst took 0.000561ms
interpretation of Lean.Meta.Grind.Arith.normNatModInst took 0.000571ms
interpretation of Lean.Meta.Grind.Arith.normNatPowInst took 0.000682ms
interpretation of Lean.Meta.Grind.Arith.normNatOfNatInst took 0.000871ms
interpretation of Lean.Meta.Grind.Arith.normIntNegInst took 0.00105ms
interpretation of Lean.Meta.Grind.Arith.normIntAddInst took 0.000571ms
interpretation of Lean.Meta.Grind.Arith.normIntMulInst took 0.000731ms
interpretation of Lean.Meta.Grind.Arith.normIntSubInst took 0.000952ms
interpretation of Lean.Meta.Grind.Arith.normIntDivInst took 0.000822ms
interpretation of Lean.Meta.Grind.Arith.normIntModInst took 0.000581ms
interpretation of Lean.Meta.Grind.Arith.normIntPowInst took 0.000681ms
interpretation of Lean.Meta.Grind.Arith.normNatCastInst took 0.000741ms
interpretation of Lean.Meta.Grind.Arith.normIntOfNatInst took 0.000581ms
interpretation of Lean.Meta.Grind.Arith.normNatCastNum took 0.000601ms
interpretation of Lean.Meta.Grind.Arith.normIntCastNum took 0.000661ms
interpretation of Lean.Meta.Grind.Arith.normPowRatInt took 0.000611ms
interpretation of Lean.Meta.Grind.Arith.normFieldInv took 0.000602ms
interpretation of Lean.Meta.Grind.simpForall took 0.000791ms
interpretation of Lean.Meta.Grind.simpExists took 0.000561ms
interpretation of Lean.Meta.Grind.simpEq took 0.000932ms
interpretation of Lean.Meta.Grind.simpOr took 0.000691ms
interpretation of Lean.Meta.Grind.simpDIte took 0.000661ms
interpretation of Lean.Meta.Grind.pushNot took 0.000671ms
interpretation of Lean.Meta.Grind.unfoldReducibleSimproc took 0.000852ms
congr simp thm took 0.00732ms
congr simp thm took 0.00297ms
congr simp thm took 0.00324ms
grind simp took 0.321ms
grind mark subsingleton took 0.0708ms
sym typeclass inference of HSub took 0.883ms
sym typeclass inference of HMul took 1.13ms
sym typeclass inference of OfNat took 1.05ms
sym canon took 0.175ms
sym typeclass inference of Lean.Grind.CommRing took 0.643ms
typeclass inference of Lean.Grind.Ring took 0.624ms
typeclass inference of Semiring took 1.05ms
typeclass inference of AddLeftCancelSemigroup took 0.841ms
sym typeclass inference of Lean.Grind.IsCharP took 8.89ms
sym typeclass inference of Lean.Grind.NatModule took 0.842ms
typeclass inference of AddCommMonoid took 0.772ms
typeclass inference of AddCommMonoid took 0.0045ms
typeclass inference of AddCommMonoid took 0.00388ms
typeclass inference of AddCancelMonoid took 0.69ms
typeclass inference of AddCommMonoid took 0.0048ms
typeclass inference of AddGroup took 0.564ms
typeclass inference of Field took 0.382ms
typeclass inference of Field took 0.00367ms
typeclass inference of Field took 0.00219ms
typeclass inference of Field took 0.00306ms
typeclass inference of Field took 0.00196ms
typeclass inference of Field took 0.00121ms
typeclass inference of Field took 0.00116ms
typeclass inference of Field took 0.00116ms
typeclass inference of Field took 0.00114ms
typeclass inference of Field took 0.00119ms
typeclass inference of Field took 0.0011ms
typeclass inference of Field took 0.00127ms
typeclass inference of Field took 0.00283ms
typeclass inference of Field took 0.00128ms
typeclass inference of Field took 0.00122ms
typeclass inference of Field took 0.00116ms
typeclass inference of Field took 0.00128ms
typeclass inference of Field took 0.0012ms
typeclass inference of Field took 0.00113ms
typeclass inference of Field took 0.00118ms
typeclass inference of Field took 0.00225ms
typeclass inference of Field took 0.00111ms
typeclass inference of Field took 0.00116ms
typeclass inference of Field took 0.00107ms
typeclass inference of Field took 0.00106ms
typeclass inference of Field took 0.00103ms
typeclass inference of Field took 0.000952ms
typeclass inference of Field took 0.00203ms
typeclass inference of Field took 0.00108ms
typeclass inference of Field took 0.000972ms
typeclass inference of Semiring took 0.00425ms
typeclass inference of RCLike took 0.0128ms
typeclass inference of RCLike took 0.00166ms
typeclass inference of RCLike took 0.00122ms
typeclass inference of RCLike took 0.00224ms
typeclass inference of RCLike took 0.00125ms
typeclass inference of RCLike took 0.00126ms
typeclass inference of RCLike took 0.00148ms
typeclass inference of RCLike took 0.00113ms
typeclass inference of RCLike took 0.00115ms
typeclass inference of RCLike took 0.00139ms
typeclass inference of RCLike took 0.00118ms
typeclass inference of RCLike took 0.00119ms
typeclass inference of RCLike took 0.00195ms
typeclass inference of RCLike took 0.00129ms
typeclass inference of RCLike took 0.00136ms
typeclass inference of RCLike took 0.00139ms
typeclass inference of RCLike took 0.00144ms
typeclass inference of RCLike took 0.00115ms
typeclass inference of RCLike took 0.00109ms
typeclass inference of RCLike took 0.00103ms
typeclass inference of RCLike took 0.0019ms
typeclass inference of RCLike took 0.00114ms
typeclass inference of RCLike took 0.00121ms
typeclass inference of RCLike took 0.00137ms
typeclass inference of RCLike took 0.00134ms
typeclass inference of RCLike took 0.00118ms
typeclass inference of RCLike took 0.00116ms
typeclass inference of RCLike took 0.00163ms
typeclass inference of RCLike took 0.00108ms
typeclass inference of RCLike took 0.0011ms
typeclass inference of Semiring took 0.00422ms
typeclass inference of NonAssocRing took 0.193ms
typeclass inference of Field took 0.00297ms
typeclass inference of Field took 0.00265ms
typeclass inference of Field took 0.00235ms
typeclass inference of Field took 0.00124ms
typeclass inference of Field took 0.00125ms
typeclass inference of Field took 0.00124ms
typeclass inference of Field took 0.00126ms
typeclass inference of Field took 0.00107ms
typeclass inference of Field took 0.00135ms
typeclass inference of Field took 0.00197ms
typeclass inference of Field took 0.00145ms
typeclass inference of Field took 0.00149ms
typeclass inference of Field took 0.000962ms
typeclass inference of Field took 0.00207ms
typeclass inference of Field took 0.00129ms
typeclass inference of Field took 0.0012ms
typeclass inference of Field took 0.00101ms
typeclass inference of Field took 0.0011ms
typeclass inference of Field took 0.0012ms
typeclass inference of Field took 0.000992ms
typeclass inference of Field took 0.00109ms
typeclass inference of Field took 0.00103ms
typeclass inference of Field took 0.00223ms
typeclass inference of Field took 0.00118ms
typeclass inference of Field took 0.00124ms
typeclass inference of Field took 0.00116ms
typeclass inference of Field took 0.00116ms
typeclass inference of Field took 0.00113ms
typeclass inference of Field took 0.00101ms
typeclass inference of Field took 0.00113ms
typeclass inference of Field took 0.00425ms
typeclass inference of Field took 0.00154ms
typeclass inference of Field took 0.00234ms
typeclass inference of Field took 0.00124ms
typeclass inference of Field took 0.00105ms
typeclass inference of Field took 0.00133ms
typeclass inference of Field took 0.00101ms
typeclass inference of Field took 0.0027ms
typeclass inference of Field took 0.00132ms
typeclass inference of Field took 0.00146ms
typeclass inference of Field took 0.00141ms
typeclass inference of Field took 0.00138ms
typeclass inference of Field took 0.00181ms
typeclass inference of Field took 0.00121ms
typeclass inference of Field took 0.00161ms
typeclass inference of Field took 0.00154ms
typeclass inference of Field took 0.00158ms
typeclass inference of Field took 0.00125ms
typeclass inference of Field took 0.00129ms
typeclass inference of Field took 0.00265ms
typeclass inference of Field took 0.00125ms
typeclass inference of Field took 0.00192ms
typeclass inference of Field took 0.00164ms
typeclass inference of Field took 0.00295ms
typeclass inference of Field took 0.00375ms
typeclass inference of Field took 0.00162ms
typeclass inference of Field took 0.00119ms
typeclass inference of Field took 0.00133ms
typeclass inference of Field took 0.00101ms
typeclass inference of Field took 0.00185ms
typeclass inference of Field took 0.00302ms
typeclass inference of Field took 0.00125ms
typeclass inference of Field took 0.00114ms
typeclass inference of Field took 0.00117ms
typeclass inference of Field took 0.00121ms
typeclass inference of Field took 0.00224ms
typeclass inference of Field took 0.00146ms
typeclass inference of Field took 0.00115ms
typeclass inference of Field took 0.00107ms
typeclass inference of Field took 0.00172ms
typeclass inference of Field took 0.00135ms
typeclass inference of Field took 0.00172ms
typeclass inference of Semiring took 0.00939ms
typeclass inference of DivisionRing took 0.506ms
typeclass inference of DivisionRing took 0.00544ms
typeclass inference of DivisionRing took 0.00444ms
typeclass inference of DivisionRing took 0.0042ms
typeclass inference of DivisionRing took 0.00228ms
typeclass inference of DivisionRing took 0.00139ms
typeclass inference of DivisionRing took 0.00115ms
typeclass inference of DivisionRing took 0.00134ms
typeclass inference of DivisionRing took 0.00106ms
typeclass inference of DivisionRing took 0.00134ms
typeclass inference of DivisionRing took 0.0013ms
typeclass inference of DivisionRing took 0.00128ms
typeclass inference of DivisionRing took 0.00215ms
typeclass inference of DivisionRing took 0.00626ms
typeclass inference of DivisionRing took 0.00131ms
typeclass inference of DivisionRing took 0.00126ms
typeclass inference of DivisionRing took 0.00103ms
typeclass inference of DivisionRing took 0.00102ms
typeclass inference of DivisionRing took 0.00121ms
typeclass inference of DivisionRing took 0.00183ms
typeclass inference of DivisionRing took 0.00105ms
typeclass inference of DivisionRing took 0.00103ms
typeclass inference of DivisionRing took 0.000981ms
typeclass inference of DivisionRing took 0.00122ms
typeclass inference of DivisionRing took 0.000952ms
typeclass inference of DivisionRing took 0.00199ms
typeclass inference of DivisionRing took 0.0011ms
typeclass inference of DivisionRing took 0.000981ms
typeclass inference of DivisionRing took 0.00158ms
typeclass inference of DivisionRing took 0.000982ms
typeclass inference of Semifield took 0.394ms
typeclass inference of Semifield took 0.00243ms
typeclass inference of Semifield took 0.00123ms
typeclass inference of Semifield took 0.00123ms
typeclass inference of Semifield took 0.00115ms
typeclass inference of Semifield took 0.00172ms
typeclass inference of Semifield took 0.00101ms
typeclass inference of Semifield took 0.000972ms
typeclass inference of Semifield took 0.000911ms
typeclass inference of Semifield took 0.00196ms
typeclass inference of Semifield took 0.00104ms
typeclass inference of Semifield took 0.001ms
typeclass inference of Semifield took 0.00103ms
typeclass inference of Semifield took 0.000971ms
typeclass inference of Semifield took 0.001ms
typeclass inference of Semifield took 0.000981ms
typeclass inference of Field took 0.00198ms
typeclass inference of Field took 0.0011ms
typeclass inference of Field took 0.001ms
typeclass inference of Field took 0.00299ms
typeclass inference of Field took 0.002ms
typeclass inference of Field took 0.00117ms
typeclass inference of Field took 0.00111ms
typeclass inference of Field took 0.00114ms
typeclass inference of Field took 0.000992ms
typeclass inference of Field took 0.00109ms
typeclass inference of Field took 0.000972ms
typeclass inference of Field took 0.000972ms
typeclass inference of Field took 0.00224ms
typeclass inference of Field took 0.00127ms
typeclass inference of Field took 0.00131ms
typeclass inference of Field took 0.00106ms
typeclass inference of Field took 0.00105ms
typeclass inference of Field took 0.00114ms
typeclass inference of Field took 0.00111ms
typeclass inference of Field took 0.001ms
typeclass inference of Field took 0.00193ms
typeclass inference of Field took 0.00111ms
typeclass inference of Field took 0.00106ms
typeclass inference of Field took 0.00109ms
typeclass inference of Field took 0.00129ms
typeclass inference of Field took 0.00122ms
typeclass inference of Field took 0.000981ms
typeclass inference of DivisionRing took 0.00213ms
typeclass inference of DivisionRing took 0.00216ms
typeclass inference of DivisionRing took 0.00119ms
typeclass inference of DivisionRing took 0.00116ms
typeclass inference of DivisionRing took 0.00248ms
typeclass inference of DivisionRing took 0.00431ms
typeclass inference of DivisionRing took 0.00161ms
typeclass inference of DivisionRing took 0.000992ms
typeclass inference of DivisionRing took 0.00175ms
typeclass inference of DivisionRing took 0.00221ms
typeclass inference of DivisionRing took 0.00111ms
typeclass inference of DivisionRing took 0.0013ms
typeclass inference of DivisionRing took 0.00104ms
typeclass inference of DivisionRing took 0.00123ms
typeclass inference of DivisionRing took 0.00145ms
typeclass inference of DivisionRing took 0.00123ms
typeclass inference of EuclideanDomain took 0.47ms
typeclass inference of EuclideanDomain took 0.0053ms
typeclass inference of EuclideanDomain took 0.00137ms
typeclass inference of EuclideanDomain took 0.00118ms
typeclass inference of EuclideanDomain took 0.00147ms
typeclass inference of EuclideanDomain took 0.00109ms
typeclass inference of EuclideanDomain took 0.00102ms
typeclass inference of EuclideanDomain took 0.000982ms
typeclass inference of EuclideanDomain took 0.000952ms
typeclass inference of EuclideanDomain took 0.00124ms
typeclass inference of EuclideanDomain took 0.00132ms
typeclass inference of EuclideanDomain took 0.00106ms
typeclass inference of EuclideanDomain took 0.001ms
typeclass inference of EuclideanDomain took 0.00224ms
typeclass inference of EuclideanDomain took 0.00113ms
typeclass inference of EuclideanDomain took 0.0014ms
typeclass inference of EuclideanDomain took 0.0011ms
typeclass inference of EuclideanDomain took 0.001ms
typeclass inference of EuclideanDomain took 0.000992ms
typeclass inference of EuclideanDomain took 0.00122ms
typeclass inference of EuclideanDomain took 0.000992ms
typeclass inference of EuclideanDomain took 0.000972ms
typeclass inference of EuclideanDomain took 0.00248ms
typeclass inference of EuclideanDomain took 0.00107ms
typeclass inference of EuclideanDomain took 0.00107ms
typeclass inference of EuclideanDomain took 0.00104ms
typeclass inference of EuclideanDomain took 0.000992ms
typeclass inference of EuclideanDomain took 0.00112ms
typeclass inference of EuclideanDomain took 0.000982ms
typeclass inference of EuclideanDomain took 0.00105ms
typeclass inference of EuclideanDomain took 0.00167ms
typeclass inference of EuclideanDomain took 0.0013ms
typeclass inference of EuclideanDomain took 0.00153ms
typeclass inference of EuclideanDomain took 0.00116ms
typeclass inference of EuclideanDomain took 0.00103ms
typeclass inference of EuclideanDomain took 0.000992ms
typeclass inference of EuclideanDomain took 0.000962ms
typeclass inference of CommMonoidWithZero took 1.01ms
typeclass inference of Semiring took 0.00467ms
typeclass inference of CommMonoidWithZero took 0.00703ms
typeclass inference of CommMonoidWithZero took 0.00437ms
typeclass inference of CommGroupWithZero took 0.397ms
typeclass inference of CommGroupWithZero took 0.00288ms
typeclass inference of CommGroupWithZero took 0.00131ms
typeclass inference of CommGroupWithZero took 0.00115ms
typeclass inference of CommGroupWithZero took 0.00104ms
typeclass inference of CommGroupWithZero took 0.00103ms
typeclass inference of CommGroupWithZero took 0.00101ms
typeclass inference of CommGroupWithZero took 0.000982ms
typeclass inference of LinearOrderedCommMonoidWithZero took 0.0479ms
typeclass inference of LinearOrderedCommMonoidWithZero took 0.00191ms
typeclass inference of LinearOrderedCommMonoidWithZero took 0.00274ms
typeclass inference of LinearOrderedCommMonoidWithZero took 0.00112ms
typeclass inference of LinearOrderedCommMonoidWithZero took 0.00156ms
typeclass inference of LinearOrderedCommMonoidWithZero took 0.001ms
typeclass inference of LinearOrderedCommMonoidWithZero took 0.00104ms
typeclass inference of LinearOrderedCommMonoidWithZero took 0.00137ms
typeclass inference of LinearOrderedCommMonoidWithZero took 0.00109ms
typeclass inference of LinearOrderedCommMonoidWithZero took 0.00189ms
typeclass inference of LinearOrderedCommMonoidWithZero took 0.00139ms
typeclass inference of LinearOrderedCommMonoidWithZero took 0.00122ms
typeclass inference of LinearOrderedCommMonoidWithZero took 0.00188ms
typeclass inference of LinearOrderedCommMonoidWithZero took 0.00104ms
typeclass inference of LinearOrderedCommMonoidWithZero took 0.00111ms
typeclass inference of LinearOrderedCommMonoidWithZero took 0.00136ms
typeclass inference of LinearOrderedCommMonoidWithZero took 0.00154ms
typeclass inference of LinearOrderedCommMonoidWithZero took 0.00116ms
typeclass inference of LinearOrderedCommMonoidWithZero took 0.000932ms
typeclass inference of LinearOrderedCommMonoidWithZero took 0.00258ms
typeclass inference of LinearOrderedCommMonoidWithZero took 0.00112ms
typeclass inference of LinearOrderedCommMonoidWithZero took 0.00155ms
typeclass inference of LinearOrderedCommMonoidWithZero took 0.00113ms
typeclass inference of LinearOrderedCommMonoidWithZero took 0.00105ms
typeclass inference of LinearOrderedCommMonoidWithZero took 0.00102ms
typeclass inference of LinearOrderedCommMonoidWithZero took 0.00547ms
typeclass inference of LinearOrderedCommMonoidWithZero took 0.00125ms
typeclass inference of LinearOrderedCommMonoidWithZero took 0.00104ms
typeclass inference of LinearOrderedCommMonoidWithZero took 0.00106ms
typeclass inference of LinearOrderedCommMonoidWithZero took 0.000962ms
typeclass inference of LinearOrderedCommMonoidWithZero took 0.00315ms
typeclass inference of LinearOrderedCommMonoidWithZero took 0.00265ms
typeclass inference of LinearOrderedCommMonoidWithZero took 0.00322ms
typeclass inference of LinearOrderedCommMonoidWithZero took 0.00185ms
typeclass inference of LinearOrderedCommMonoidWithZero took 0.00101ms
typeclass inference of LinearOrderedCommMonoidWithZero took 0.00105ms
typeclass inference of LinearOrderedCommMonoidWithZero took 0.00106ms
typeclass inference of LinearOrderedCommMonoidWithZero took 0.00113ms
typeclass inference of LinearOrderedCommMonoidWithZero took 0.000962ms
typeclass inference of LinearOrderedCommMonoidWithZero took 0.000991ms
typeclass inference of LinearOrderedCommMonoidWithZero took 0.00133ms
typeclass inference of LinearOrderedCommMonoidWithZero took 0.00106ms
typeclass inference of LinearOrderedCommMonoidWithZero took 0.000971ms
typeclass inference of LinearOrderedCommMonoidWithZero took 0.00158ms
typeclass inference of LinearOrderedCommMonoidWithZero took 0.000991ms
typeclass inference of LinearOrderedCommMonoidWithZero took 0.00106ms
typeclass inference of LinearOrderedCommMonoidWithZero took 0.00108ms
typeclass inference of LinearOrderedCommMonoidWithZero took 0.00106ms
typeclass inference of LinearOrderedCommMonoidWithZero took 0.00101ms
typeclass inference of LinearOrderedCommMonoidWithZero took 0.000912ms
typeclass inference of LinearOrderedCommMonoidWithZero took 0.00197ms
typeclass inference of LinearOrderedCommMonoidWithZero took 0.00106ms
typeclass inference of LinearOrderedCommMonoidWithZero took 0.00103ms
typeclass inference of LinearOrderedCommMonoidWithZero took 0.00103ms
typeclass inference of LinearOrderedCommMonoidWithZero took 0.00112ms
typeclass inference of LinearOrderedCommMonoidWithZero took 0.000932ms
typeclass inference of LinearOrderedCommMonoidWithZero took 0.00155ms
typeclass inference of LinearOrderedCommMonoidWithZero took 0.00101ms
typeclass inference of LinearOrderedCommMonoidWithZero took 0.00101ms
typeclass inference of LinearOrderedCommMonoidWithZero took 0.00101ms
typeclass inference of LinearOrderedCommMonoidWithZero took 0.000982ms
typeclass inference of LinearOrderedCommMonoidWithZero took 0.00205ms
typeclass inference of LinearOrderedCommMonoidWithZero took 0.0012ms
typeclass inference of LinearOrderedCommMonoidWithZero took 0.001ms
typeclass inference of LinearOrderedCommMonoidWithZero took 0.00181ms
typeclass inference of LinearOrderedCommMonoidWithZero took 0.00102ms
typeclass inference of LinearOrderedCommMonoidWithZero took 0.0017ms
typeclass inference of LinearOrderedCommMonoidWithZero took 0.000992ms
typeclass inference of LinearOrderedCommMonoidWithZero took 0.00103ms
typeclass inference of LinearOrderedCommMonoidWithZero took 0.00104ms
typeclass inference of LinearOrderedCommMonoidWithZero took 0.0013ms
typeclass inference of LinearOrderedCommMonoidWithZero took 0.000972ms
typeclass inference of LinearOrderedCommMonoidWithZero took 0.000941ms
typeclass inference of LinearOrderedCommMonoidWithZero took 0.00118ms
typeclass inference of LinearOrderedCommMonoidWithZero took 0.0012ms
typeclass inference of LinearOrderedCommMonoidWithZero took 0.00101ms
typeclass inference of LinearOrderedCommMonoidWithZero took 0.00305ms
typeclass inference of LinearOrderedCommMonoidWithZero took 0.00284ms
typeclass inference of LinearOrderedCommMonoidWithZero took 0.001ms
typeclass inference of LinearOrderedCommMonoidWithZero took 0.00109ms
typeclass inference of LinearOrderedCommMonoidWithZero took 0.00101ms
typeclass inference of LinearOrderedCommMonoidWithZero took 0.001ms
typeclass inference of LinearOrderedCommMonoidWithZero took 0.000881ms
typeclass inference of LinearOrderedCommMonoidWithZero took 0.00187ms
typeclass inference of LinearOrderedCommMonoidWithZero took 0.00104ms
typeclass inference of LinearOrderedCommMonoidWithZero took 0.00101ms
typeclass inference of LinearOrderedCommMonoidWithZero took 0.00101ms
typeclass inference of LinearOrderedCommMonoidWithZero took 0.000992ms
typeclass inference of LinearOrderedCommMonoidWithZero took 0.000942ms
typeclass inference of LinearOrderedCommMonoidWithZero took 0.0016ms
typeclass inference of LinearOrderedCommMonoidWithZero took 0.00103ms
typeclass inference of LinearOrderedCommMonoidWithZero took 0.00105ms
typeclass inference of LinearOrderedCommMonoidWithZero took 0.001ms
typeclass inference of LinearOrderedCommMonoidWithZero took 0.000962ms
typeclass inference of LinearOrderedCommMonoidWithZero took 0.0015ms
typeclass inference of LinearOrderedCommMonoidWithZero took 0.00118ms
typeclass inference of LinearOrderedCommMonoidWithZero took 0.000992ms
typeclass inference of LinearOrderedCommMonoidWithZero took 0.00172ms
typeclass inference of LinearOrderedCommMonoidWithZero took 0.00104ms
typeclass inference of LinearOrderedCommMonoidWithZero took 0.00102ms
typeclass inference of LinearOrderedCommMonoidWithZero took 0.00106ms
typeclass inference of LinearOrderedCommMonoidWithZero took 0.00103ms
typeclass inference of LinearOrderedCommMonoidWithZero took 0.000972ms
typeclass inference of LinearOrderedCommMonoidWithZero took 0.00111ms
typeclass inference of LinearOrderedCommMonoidWithZero took 0.00119ms
typeclass inference of LinearOrderedCommMonoidWithZero took 0.00106ms
typeclass inference of LinearOrderedCommMonoidWithZero took 0.00101ms
typeclass inference of LinearOrderedCommMonoidWithZero took 0.00164ms
typeclass inference of LinearOrderedCommMonoidWithZero took 0.00101ms
typeclass inference of LinearOrderedCommMonoidWithZero took 0.00104ms
typeclass inference of LinearOrderedCommMonoidWithZero took 0.00104ms
typeclass inference of LinearOrderedCommMonoidWithZero took 0.000982ms
typeclass inference of LinearOrderedCommMonoidWithZero took 0.000992ms
typeclass inference of LinearOrderedCommMonoidWithZero took 0.000992ms
typeclass inference of LinearOrderedCommMonoidWithZero took 0.00193ms
typeclass inference of LinearOrderedCommMonoidWithZero took 0.00107ms
typeclass inference of LinearOrderedCommMonoidWithZero took 0.00103ms
typeclass inference of LinearOrderedCommMonoidWithZero took 0.00104ms
typeclass inference of LinearOrderedCommMonoidWithZero took 0.00103ms
typeclass inference of LinearOrderedCommMonoidWithZero took 0.001ms
typeclass inference of LinearOrderedCommMonoidWithZero took 0.00154ms
typeclass inference of LinearOrderedCommMonoidWithZero took 0.000992ms
typeclass inference of LinearOrderedCommMonoidWithZero took 0.00101ms
typeclass inference of LinearOrderedCommMonoidWithZero took 0.00102ms
typeclass inference of LinearOrderedCommMonoidWithZero took 0.000951ms
typeclass inference of LinearOrderedCommMonoidWithZero took 0.00187ms
typeclass inference of LinearOrderedCommMonoidWithZero took 0.00104ms
typeclass inference of LinearOrderedCommMonoidWithZero took 0.000972ms
typeclass inference of LinearOrderedCommMonoidWithZero took 0.00158ms
typeclass inference of LinearOrderedCommMonoidWithZero took 0.00112ms
typeclass inference of LinearOrderedCommMonoidWithZero took 0.000982ms
typeclass inference of LinearOrderedCommMonoidWithZero took 0.00166ms
typeclass inference of LinearOrderedCommMonoidWithZero took 0.00103ms
typeclass inference of LinearOrderedCommMonoidWithZero took 0.00108ms
typeclass inference of LinearOrderedCommMonoidWithZero took 0.00107ms
typeclass inference of LinearOrderedCommMonoidWithZero took 0.00105ms
typeclass inference of LinearOrderedCommMonoidWithZero took 0.000981ms
typeclass inference of LinearOrderedCommMonoidWithZero took 0.000902ms
typeclass inference of LinearOrderedCommMonoidWithZero took 0.00113ms
typeclass inference of LinearOrderedCommMonoidWithZero took 0.00106ms
typeclass inference of LinearOrderedCommMonoidWithZero took 0.00137ms
typeclass inference of LinearOrderedCommMonoidWithZero took 0.00413ms
typeclass inference of LinearOrderedCommMonoidWithZero took 0.00119ms
typeclass inference of LinearOrderedCommMonoidWithZero took 0.00199ms
typeclass inference of LinearOrderedCommMonoidWithZero took 0.00104ms
typeclass inference of LinearOrderedCommMonoidWithZero took 0.00108ms
typeclass inference of LinearOrderedCommMonoidWithZero took 0.00129ms
typeclass inference of LinearOrderedCommMonoidWithZero took 0.000951ms
typeclass inference of LinearOrderedCommMonoidWithZero took 0.00191ms
typeclass inference of LinearOrderedCommMonoidWithZero took 0.00118ms
typeclass inference of LinearOrderedCommMonoidWithZero took 0.00106ms
typeclass inference of LinearOrderedCommMonoidWithZero took 0.00108ms
typeclass inference of LinearOrderedCommMonoidWithZero took 0.00104ms
typeclass inference of LinearOrderedCommMonoidWithZero took 0.000991ms
typeclass inference of LinearOrderedCommMonoidWithZero took 0.0034ms
typeclass inference of LinearOrderedCommMonoidWithZero took 0.00127ms
typeclass inference of LinearOrderedCommMonoidWithZero took 0.00111ms
typeclass inference of LinearOrderedCommMonoidWithZero took 0.00107ms
typeclass inference of LinearOrderedCommMonoidWithZero took 0.000982ms
typeclass inference of LinearOrderedCommMonoidWithZero took 0.0021ms
typeclass inference of LinearOrderedCommMonoidWithZero took 0.00347ms
typeclass inference of LinearOrderedCommMonoidWithZero took 0.00107ms
typeclass inference of LinearOrderedCommMonoidWithZero took 0.00106ms
typeclass inference of LinearOrderedCommMonoidWithZero took 0.00129ms
typeclass inference of LinearOrderedCommMonoidWithZero took 0.001ms
typeclass inference of LinearOrderedCommMonoidWithZero took 0.00102ms
typeclass inference of NonUnitalNonAssocRing took 1.16ms
typeclass inference of NormedRing took 0.484ms
typeclass inference of NormedRing took 0.00251ms
typeclass inference of NormedRing took 0.00192ms
typeclass inference of NormedRing took 0.00108ms
typeclass inference of NormedRing took 0.00116ms
typeclass inference of NormedRing took 0.00111ms
typeclass inference of NormedRing took 0.00101ms
typeclass inference of NormedRing took 0.000992ms
typeclass inference of NormedRing took 0.00113ms
typeclass inference of NormedRing took 0.00153ms
typeclass inference of NormedRing took 0.00141ms
typeclass inference of NormedRing took 0.00102ms
typeclass inference of NormedRing took 0.000972ms
typeclass inference of NormedRing took 0.00251ms
typeclass inference of NormedRing took 0.00108ms
typeclass inference of NormedRing took 0.00132ms
typeclass inference of NormedRing took 0.000992ms
typeclass inference of NormedRing took 0.00109ms
typeclass inference of NormedRing took 0.0012ms
typeclass inference of NormedRing took 0.00125ms
typeclass inference of NormedRing took 0.000962ms
typeclass inference of NormedRing took 0.00234ms
typeclass inference of NormedRing took 0.00121ms
typeclass inference of NormedRing took 0.0023ms
typeclass inference of NormedRing took 0.00111ms
typeclass inference of NormedRing took 0.00102ms
typeclass inference of NormedRing took 0.00119ms
typeclass inference of NormedRing took 0.001ms
typeclass inference of NormedRing took 0.00187ms
typeclass inference of NormedRing took 0.00121ms
typeclass inference of NormedRing took 0.00159ms
typeclass inference of NormedRing took 0.001ms
typeclass inference of NormedRing took 0.000982ms
typeclass inference of NormedRing took 0.00143ms
typeclass inference of NormedRing took 0.00101ms
typeclass inference of NormedRing took 0.00205ms
typeclass inference of NormedRing took 0.000931ms
typeclass inference of NormedRing took 0.00142ms
typeclass inference of NormedRing took 0.00101ms
typeclass inference of NormedRing took 0.000972ms
typeclass inference of Semiring took 0.00726ms
typeclass inference of Semiring took 0.00463ms
typeclass inference of GroupWithZero took 0.619ms
typeclass inference of GroupWithZero took 0.00347ms
typeclass inference of GroupWithZero took 0.00205ms
typeclass inference of GroupWithZero took 0.00128ms
typeclass inference of GroupWithZero took 0.0012ms
typeclass inference of GroupWithZero took 0.00106ms
typeclass inference of GroupWithZero took 0.000992ms
typeclass inference of GroupWithZero took 0.00148ms
typeclass inference of GroupWithZero took 0.00101ms
typeclass inference of GroupWithZero took 0.00131ms
typeclass inference of GroupWithZero took 0.00101ms
typeclass inference of GroupWithZero took 0.00142ms
typeclass inference of GroupWithZero took 0.00109ms
typeclass inference of GroupWithZero took 0.000972ms
typeclass inference of MulZeroClass took 0.778ms
typeclass inference of Semiring took 0.00407ms
typeclass inference of CommMonoidWithZero took 0.00525ms
typeclass inference of CommMonoidWithZero took 0.00396ms
typeclass inference of LinearOrderedCommMonoidWithZero took 0.00272ms
typeclass inference of LinearOrderedCommMonoidWithZero took 0.00202ms
typeclass inference of LinearOrderedCommMonoidWithZero took 0.00124ms
typeclass inference of LinearOrderedCommMonoidWithZero took 0.00109ms
typeclass inference of LinearOrderedCommMonoidWithZero took 0.00112ms
typeclass inference of LinearOrderedCommMonoidWithZero took 0.00111ms
typeclass inference of LinearOrderedCommMonoidWithZero took 0.00161ms
typeclass inference of LinearOrderedCommMonoidWithZero took 0.00108ms
typeclass inference of LinearOrderedCommMonoidWithZero took 0.00104ms
typeclass inference of LinearOrderedCommMonoidWithZero took 0.00104ms
typeclass inference of LinearOrderedCommMonoidWithZero took 0.00154ms
typeclass inference of LinearOrderedCommMonoidWithZero took 0.00104ms
typeclass inference of LinearOrderedCommMonoidWithZero took 0.000952ms
typeclass inference of NonUnitalNonAssocRing took 0.00419ms
typeclass inference of GroupWithZero took 0.00238ms
typeclass inference of GroupWithZero took 0.00124ms
typeclass inference of GroupWithZero took 0.00175ms
typeclass inference of GroupWithZero took 0.00128ms
typeclass inference of GroupWithZero took 0.00142ms
typeclass inference of GroupWithZero took 0.00117ms
typeclass inference of GroupWithZero took 0.000972ms
typeclass inference of GroupWithZero took 0.00146ms
typeclass inference of GroupWithZero took 0.00104ms
typeclass inference of GroupWithZero took 0.00111ms
typeclass inference of GroupWithZero took 0.00102ms
typeclass inference of GroupWithZero took 0.00164ms
typeclass inference of GroupWithZero took 0.00104ms
typeclass inference of GroupWithZero took 0.00104ms
typeclass inference of MulZeroClass took 0.00321ms
typeclass inference of GroupWithZero took 0.00231ms
typeclass inference of GroupWithZero took 0.0012ms
typeclass inference of GroupWithZero took 0.00204ms
typeclass inference of GroupWithZero took 0.00111ms
typeclass inference of GroupWithZero took 0.00103ms
typeclass inference of GroupWithZero took 0.00107ms
typeclass inference of GroupWithZero took 0.00293ms
typeclass inference of GroupWithZero took 0.00103ms
typeclass inference of GroupWithZero took 0.00187ms
typeclass inference of GroupWithZero took 0.0011ms
typeclass inference of GroupWithZero took 0.00106ms
typeclass inference of GroupWithZero took 0.00178ms
typeclass inference of GroupWithZero took 0.00109ms
typeclass inference of GroupWithZero took 0.00114ms
typeclass inference of GroupWithZero took 0.00115ms
typeclass inference of GroupWithZero took 0.00101ms
typeclass inference of GroupWithZero took 0.000932ms
typeclass inference of GroupWithZero took 0.00172ms
typeclass inference of GroupWithZero took 0.00106ms
typeclass inference of GroupWithZero took 0.00109ms
typeclass inference of GroupWithZero took 0.00125ms
typeclass inference of GroupWithZero took 0.001ms
typeclass inference of GroupWithZero took 0.00145ms
typeclass inference of GroupWithZero took 0.00108ms
typeclass inference of GroupWithZero took 0.00103ms
typeclass inference of GroupWithZero took 0.00173ms
typeclass inference of GroupWithZero took 0.00117ms
typeclass inference of GroupWithZero took 0.00181ms
typeclass inference of GroupWithZero took 0.00114ms
typeclass inference of GroupWithZero took 0.0011ms
typeclass inference of GroupWithZero took 0.00103ms
typeclass inference of GroupWithZero took 0.00108ms
typeclass inference of GroupWithZero took 0.001ms
typeclass inference of GroupWithZero took 0.00129ms
typeclass inference of GroupWithZero took 0.00105ms
typeclass inference of GroupWithZero took 0.00102ms
typeclass inference of GroupWithZero took 0.00175ms
typeclass inference of GroupWithZero took 0.00107ms
typeclass inference of GroupWithZero took 0.00111ms
typeclass inference of GroupWithZero took 0.001ms
typeclass inference of GroupWithZero took 0.00108ms
typeclass inference of GroupWithZero took 0.000982ms
typeclass inference of GroupWithZero took 0.00178ms
typeclass inference of GroupWithZero took 0.00102ms
typeclass inference of GroupWithZero took 0.00106ms
typeclass inference of GroupWithZero took 0.00104ms
typeclass inference of GroupWithZero took 0.000981ms
typeclass inference of GroupWithZero took 0.00136ms
typeclass inference of GroupWithZero took 0.00105ms
typeclass inference of GroupWithZero took 0.001ms
typeclass inference of GroupWithZero took 0.00143ms
typeclass inference of GroupWithZero took 0.00104ms
typeclass inference of GroupWithZero took 0.000972ms
typeclass inference of GroupWithZero took 0.00202ms
typeclass inference of GroupWithZero took 0.0011ms
typeclass inference of GroupWithZero took 0.00104ms
typeclass inference of GroupWithZero took 0.00111ms
typeclass inference of GroupWithZero took 0.00106ms
typeclass inference of GroupWithZero took 0.000942ms
typeclass inference of GroupWithZero took 0.00309ms
typeclass inference of GroupWithZero took 0.00129ms
typeclass inference of GroupWithZero took 0.00118ms
typeclass inference of GroupWithZero took 0.00164ms
typeclass inference of GroupWithZero took 0.001ms
typeclass inference of GroupWithZero took 0.00194ms
typeclass inference of GroupWithZero took 0.00342ms
typeclass inference of GroupWithZero took 0.00115ms
typeclass inference of GroupWithZero took 0.00101ms
typeclass inference of GroupWithZero took 0.00137ms
typeclass inference of GroupWithZero took 0.00105ms
typeclass inference of GroupWithZero took 0.000992ms
typeclass inference of CommMonoidWithZero took 0.00634ms
typeclass inference of LinearOrderedCommMonoidWithZero took 0.00213ms
typeclass inference of LinearOrderedCommMonoidWithZero took 0.00242ms
typeclass inference of LinearOrderedCommMonoidWithZero took 0.00107ms
typeclass inference of LinearOrderedCommMonoidWithZero took 0.00107ms
typeclass inference of LinearOrderedCommMonoidWithZero took 0.00115ms
typeclass inference of LinearOrderedCommMonoidWithZero took 0.001ms
typeclass inference of LinearOrderedCommMonoidWithZero took 0.00146ms
typeclass inference of LinearOrderedCommMonoidWithZero took 0.00103ms
typeclass inference of LinearOrderedCommMonoidWithZero took 0.00103ms
typeclass inference of LinearOrderedCommMonoidWithZero took 0.000972ms
typeclass inference of LinearOrderedCommMonoidWithZero took 0.00143ms
typeclass inference of LinearOrderedCommMonoidWithZero took 0.00107ms
typeclass inference of LinearOrderedCommMonoidWithZero took 0.000952ms
typeclass inference of NonUnitalNonAssocRing took 0.00417ms
typeclass inference of GroupWithZero took 0.00238ms
typeclass inference of GroupWithZero took 0.00119ms
typeclass inference of GroupWithZero took 0.00197ms
typeclass inference of GroupWithZero took 0.0021ms
typeclass inference of GroupWithZero took 0.00109ms
typeclass inference of GroupWithZero took 0.00109ms
typeclass inference of GroupWithZero took 0.00101ms
typeclass inference of GroupWithZero took 0.00222ms
typeclass inference of GroupWithZero took 0.00106ms
typeclass inference of GroupWithZero took 0.00106ms
typeclass inference of GroupWithZero took 0.00106ms
typeclass inference of GroupWithZero took 0.00156ms
typeclass inference of GroupWithZero took 0.0012ms
typeclass inference of GroupWithZero took 0.00108ms
sym typeclass inference of Lean.Grind.NoNatZeroDivisors took 63ms
sym typeclass inference of Lean.Grind.Field took 0.459ms
typeclass inference of Lean.Grind.CommSemiring took 0.553ms
typeclass inference of Field took 0.00258ms
typeclass inference of Field took 0.00277ms
typeclass inference of Field took 0.0014ms
typeclass inference of Field took 0.00117ms
typeclass inference of Field took 0.00108ms
typeclass inference of Field took 0.00109ms
typeclass inference of Field took 0.00102ms
typeclass inference of Field took 0.000982ms
typeclass inference of Field took 0.00101ms
typeclass inference of Field took 0.000982ms
typeclass inference of Field took 0.00154ms
typeclass inference of Field took 0.00105ms
typeclass inference of Field took 0.00202ms
typeclass inference of Field took 0.00115ms
typeclass inference of Field took 0.00105ms
typeclass inference of Field took 0.0011ms
typeclass inference of Field took 0.000972ms
typeclass inference of Field took 0.000982ms
typeclass inference of Field took 0.00109ms
typeclass inference of Field took 0.000972ms
typeclass inference of Field took 0.000971ms
typeclass inference of Field took 0.00205ms
typeclass inference of Field took 0.0012ms
typeclass inference of Field took 0.00103ms
typeclass inference of Field took 0.00107ms
typeclass inference of Field took 0.00103ms
typeclass inference of Field took 0.00102ms
typeclass inference of Field took 0.0011ms
typeclass inference of Field took 0.000992ms
typeclass inference of Field took 0.00159ms
typeclass inference of Field took 0.00114ms
typeclass inference of Field took 0.000991ms
typeclass inference of Field took 0.001ms
typeclass inference of Field took 0.000962ms
typeclass inference of Field took 0.000962ms
typeclass inference of Field took 0.000922ms
typeclass inference of Field took 0.00185ms
typeclass inference of Field took 0.00102ms
typeclass inference of Field took 0.00103ms
typeclass inference of Field took 0.00109ms
typeclass inference of Field took 0.00109ms
typeclass inference of Field took 0.00106ms
typeclass inference of Field took 0.001ms
typeclass inference of Field took 0.000962ms
typeclass inference of Field took 0.00118ms
typeclass inference of Field took 0.00197ms
typeclass inference of Field took 0.00107ms
typeclass inference of Field took 0.0012ms
typeclass inference of Field took 0.00102ms
typeclass inference of Field took 0.00107ms
typeclass inference of Field took 0.001ms
typeclass inference of Field took 0.00104ms
typeclass inference of Field took 0.000972ms
typeclass inference of Field took 0.00186ms
typeclass inference of Field took 0.00104ms
typeclass inference of Field took 0.00103ms
typeclass inference of Field took 0.00111ms
typeclass inference of Field took 0.00104ms
typeclass inference of Field took 0.00101ms
typeclass inference of Field took 0.00102ms
typeclass inference of Field took 0.00171ms
typeclass inference of Field took 0.000981ms
typeclass inference of Field took 0.00113ms
typeclass inference of Field took 0.001ms
typeclass inference of Field took 0.001ms
typeclass inference of Field took 0.000962ms
typeclass inference of Field took 0.00156ms
typeclass inference of Field took 0.0012ms
typeclass inference of Field took 0.00102ms
typeclass inference of Field took 0.00206ms
typeclass inference of Field took 0.000951ms
typeclass inference of Field took 0.00152ms
typeclass inference of Field took 0.00107ms
typeclass inference of Field took 0.00111ms
typeclass inference of Field took 0.000972ms
typeclass inference of Field took 0.0015ms
typeclass inference of Field took 0.00106ms
typeclass inference of Field took 0.000962ms
typeclass inference of Field took 0.00208ms
typeclass inference of Field took 0.00215ms
typeclass inference of Field took 0.00116ms
typeclass inference of Field took 0.00112ms
typeclass inference of Field took 0.00107ms
typeclass inference of Field took 0.00107ms
typeclass inference of Field took 0.00102ms
typeclass inference of Field took 0.00104ms
typeclass inference of Field took 0.000982ms
typeclass inference of Field took 0.000982ms
typeclass inference of Field took 0.00118ms
typeclass inference of Field took 0.00103ms
typeclass inference of Field took 0.00192ms
typeclass inference of Field took 0.000982ms
typeclass inference of Field took 0.00102ms
typeclass inference of Field took 0.00107ms
typeclass inference of Field took 0.00107ms
typeclass inference of Field took 0.001ms
typeclass inference of Field took 0.00103ms
typeclass inference of Field took 0.000982ms
typeclass inference of Field took 0.000912ms
typeclass inference of Field took 0.0018ms
typeclass inference of Field took 0.00106ms
typeclass inference of Field took 0.000962ms
typeclass inference of Field took 0.000982ms
typeclass inference of Field took 0.00102ms
typeclass inference of Field took 0.001ms
typeclass inference of Field took 0.000961ms
typeclass inference of Field took 0.00106ms
typeclass inference of Field took 0.00148ms
typeclass inference of Field took 0.00132ms
typeclass inference of Field took 0.00101ms
typeclass inference of Field took 0.000972ms
typeclass inference of Field took 0.00102ms
typeclass inference of Field took 0.00103ms
typeclass inference of Field took 0.000962ms
typeclass inference of Field took 0.00194ms
typeclass inference of Field took 0.00109ms
typeclass inference of Field took 0.00116ms
typeclass inference of Field took 0.00112ms
typeclass inference of Field took 0.00105ms
typeclass inference of Field took 0.00102ms
typeclass inference of Field took 0.000962ms
typeclass inference of Field took 0.000952ms
typeclass inference of Field took 0.000922ms
typeclass inference of Field took 0.00206ms
typeclass inference of Field took 0.00107ms
typeclass inference of Field took 0.00103ms
typeclass inference of Field took 0.00109ms
typeclass inference of Field took 0.00102ms
typeclass inference of Field took 0.00104ms
typeclass inference of Field took 0.00102ms
typeclass inference of Field took 0.00106ms
typeclass inference of Field took 0.00175ms
typeclass inference of Field took 0.001ms
typeclass inference of Field took 0.00107ms
typeclass inference of Field took 0.00107ms
typeclass inference of Field took 0.00102ms
typeclass inference of Field took 0.00105ms
typeclass inference of Field took 0.000972ms
typeclass inference of Field took 0.00179ms
typeclass inference of Field took 0.00104ms
typeclass inference of Field took 0.00103ms
typeclass inference of Field took 0.00104ms
typeclass inference of Field took 0.00101ms
typeclass inference of Field took 0.000942ms
typeclass inference of Field took 0.00159ms
typeclass inference of Field took 0.00106ms
typeclass inference of Field took 0.00106ms
typeclass inference of Field took 0.00102ms
typeclass inference of Field took 0.000952ms
typeclass inference of Field took 0.00148ms
typeclass inference of Field took 0.000982ms
typeclass inference of Field took 0.001ms
typeclass inference of Field took 0.000982ms
typeclass inference of Field took 0.00132ms
typeclass inference of Field took 0.000952ms
typeclass inference of Field took 0.000942ms
sym typeclass inference of Lean.Grind.PowIdentity took 12ms
sym typeclass inference of HSub took 0.01ms
sym canon took 0.0262ms
sym typeclass inference of HMul took 0.00484ms
sym canon took 0.00658ms
sym typeclass inference of Lean.Grind.ToInt took 0.0885ms
sym typeclass inference of LE took 5.02ms
sym typeclass inference of LT took 3.04ms
sym typeclass inference of LE took 0.00317ms
congr simp thm took 0.00283ms
congr simp thm took 0.000681ms
congr simp thm took 0.000311ms
congr simp thm took 0.000631ms
congr simp thm took 0.00852ms
grind simp took 0.603ms
grind mark subsingleton took 0.133ms
typeclass inference of CategoryTheory.CartesianMonoidalCategory took 0.0578ms
typeclass inference of CategoryTheory.CartesianMonoidalCategory took 0.0044ms
sym typeclass inference of HPow took 2.14ms
sym typeclass inference of OfNat took 0.817ms
sym typeclass inference of OfNat took 0.0404ms
sym canon took 0.189ms
grind mark subsingleton took 0.00171ms
sym canon took 0.00041ms
grind mark subsingleton took 0.000641ms
sym canon took 0.00024ms
grind mark subsingleton took 0.000441ms
sym canon took 0.000151ms
grind mark subsingleton took 0.0176ms
sym typeclass inference of Pow took 0.14ms
sym canon took 0.176ms
grind mark subsingleton took 0.00146ms
sym canon took 0.000431ms
grind mark subsingleton took 0.000621ms
sym canon took 0.000211ms
grind mark subsingleton took 0.000441ms
sym canon took 0.000161ms
grind mark subsingleton took 0.00485ms
sym canon took 0.0003ms
sym typeclass inference of Lean.Grind.CommRing took 0.809ms
sym typeclass inference of Lean.Grind.CommSemiring took 0.0506ms
sym typeclass inference of Lean.Grind.Semiring took 0.107ms
sym canon took 0.0416ms
typeclass inference of Lean.Grind.CommSemiring took 0.0197ms
sym typeclass inference of Lean.Grind.CommRing took 0.103ms
sym typeclass inference of Lean.Grind.IsCharP took 0.903ms
typeclass inference of Lean.Grind.CommSemiring took 0.0108ms
sym typeclass inference of Lean.Grind.NatModule took 7.09ms
sym typeclass inference of Lean.Grind.NoNatZeroDivisors took 0.375ms
sym typeclass inference of Lean.Grind.Field took 0.337ms
typeclass inference of Lean.Grind.CommSemiring took 0.0278ms
typeclass inference of Lean.Grind.CommSemiring took 0.128ms
typeclass inference of Field took 0.316ms
typeclass inference of Field took 0.00251ms
typeclass inference of Field took 0.00138ms
typeclass inference of Field took 0.00106ms
typeclass inference of Field took 0.00197ms
typeclass inference of Field took 0.00137ms
typeclass inference of Field took 0.00104ms
typeclass inference of Field took 0.000982ms
sym typeclass inference of Lean.Grind.PowIdentity took 1.52ms
sym typeclass inference of Lean.Grind.CommRing took 0.0581ms
sym typeclass inference of Lean.Grind.IsCharP took 0.21ms
sym typeclass inference of Lean.Grind.NatModule took 0.105ms
sym typeclass inference of Lean.Grind.NoNatZeroDivisors took 0.745ms
sym typeclass inference of Lean.Grind.Field took 0.461ms
typeclass inference of Lean.Grind.CommSemiring took 0.0775ms
typeclass inference of Field took 0.271ms
typeclass inference of Field took 0.00244ms
typeclass inference of Field took 0.00179ms
typeclass inference of Field took 0.00291ms
typeclass inference of Field took 0.00241ms
typeclass inference of Field took 0.00156ms
sym typeclass inference of Lean.Grind.PowIdentity took 0.902ms
sym typeclass inference of NatCast took 0.0416ms
sym typeclass inference of NatCast took 0.00356ms
sym canon took 0.0233ms
sym typeclass inference of LE took 0.000351ms
typeclass inference of Preorder took 1.06ms
typeclass inference of Std.IsPreorder took 0.395ms
typeclass inference of PartialOrder took 0.97ms
typeclass inference of Std.IsPartialOrder took 0.14ms
typeclass inference of Std.LinearPreorderPackage took 0.054ms
typeclass inference of Std.LinearPreorderPackage took 0.00265ms
typeclass inference of Std.LinearPreorderPackage took 0.00142ms
typeclass inference of Std.IsLinearPreorder took 0.312ms
sym typeclass inference of LT took 0.000321ms
sym typeclass inference of LE took 0.000201ms
sym canon took 0.0131ms
typeclass inference of Std.LawfulOrderLT took 0.0636ms
sym typeclass inference of LT took 0.000161ms
sym canon took 0.0165ms
sym typeclass inference of Lean.Grind.OrderedRing took 0.112ms
typeclass inference of OfNat took 0.061ms
typeclass inference of OfNat took 0.0357ms
sym typeclass inference of HAdd took 0.00021ms
sym typeclass inference of HAdd took 0.000211ms
sym canon took 0.0302ms
typeclass inference of OfNat took 0.00301ms
sym typeclass inference of IntCast took 0.0388ms
sym typeclass inference of IntCast took 0.00319ms
sym canon took 0.0158ms
typeclass inference of OfNat took 0.0129ms
typeclass inference of OfNat took 0.0919ms
typeclass inference of OfNat took 0.00193ms
sym typeclass inference of HPow took 0.00615ms
sym canon took 0.0121ms
congr simp thm took 0.00773ms
congr simp thm took 0.00474ms
congr simp thm took 0.000882ms
congr simp thm took 0.000622ms
grind simp took 0.668ms
grind mark subsingleton took 0.0267ms
sym typeclass inference of LE took 0.00105ms
sym typeclass inference of OfNat took 0.0884ms
sym canon took 0.153ms
typeclass inference of OfNat took 0.0597ms
typeclass inference of OfNat took 0.0405ms
typeclass inference of OfNat took 0.00228ms
typeclass inference of OfNat took 0.002ms
congr simp thm took 0.00678ms
congr simp thm took 0.0003ms
congr simp thm took 0.000661ms
congr simp thm took 0.000751ms
congr simp thm took 0.00547ms
typeclass inference of Decidable took 0.187ms
congr simp thm took 0.000591ms
grind simp took 0.934ms
grind mark subsingleton took 0.0142ms
sym typeclass inference of OfNat took 0.0489ms
sym canon took 0.0906ms
typeclass inference of OfNat took 0.045ms
typeclass inference of OfNat took 0.0317ms
typeclass inference of OfNat took 0.00214ms
typeclass inference of OfNat took 0.00153ms
congr simp thm took 0.000531ms
congr simp thm took 0.00024ms
congr simp thm took 0.000641ms
congr simp thm took 0.00026ms
typeclass inference of Decidable took 0.0995ms
congr simp thm took 0.000571ms
grind simp took 0.283ms
grind mark subsingleton took 0.0137ms
sym canon took 0.0588ms
typeclass inference of OfNat took 0.0717ms
typeclass inference of OfNat took 0.042ms
typeclass inference of OfNat took 0.00258ms
typeclass inference of OfNat took 0.00158ms
congr simp thm took 0.000551ms
congr simp thm took 0.00026ms
congr simp thm took 0.000631ms
congr simp thm took 0.00024ms
typeclass inference of Decidable took 0.0995ms
congr simp thm took 0.000571ms
grind simp took 0.272ms
grind mark subsingleton took 0.0133ms
sym typeclass inference of OfNat took 0.0671ms
sym canon took 0.0746ms
typeclass inference of OfNat took 0.0487ms
typeclass inference of OfNat took 0.0439ms
typeclass inference of OfNat took 0.00217ms
typeclass inference of OfNat took 0.0016ms
congr simp thm took 0.000722ms
grind simp took 0.179ms
grind mark subsingleton took 0.0107ms
sym typeclass inference of OfNat took 0.0443ms
sym canon took 0.0222ms
typeclass inference of OfNat took 0.0459ms
typeclass inference of OfNat took 0.0319ms
typeclass inference of OfNat took 0.00208ms
congr simp thm took 0.000732ms
grind simp took 0.13ms
grind mark subsingleton took 0.0282ms
sym canon took 0.11ms
congr simp thm took 0.000631ms
congr simp thm took 0.000411ms
grind simp took 0.309ms
grind mark subsingleton took 0.174ms
sym typeclass inference of HAdd took 1.26ms
sym canon took 0.152ms
sym typeclass inference of HAdd took 0.00468ms
sym canon took 0.00817ms
congr simp thm took 0.00381ms
congr simp thm took 0.000661ms
congr simp thm took 0.000321ms
congr simp thm took 0.000581ms
grind simp took 0.323ms
grind mark subsingleton took 0.0131ms
sym typeclass inference of OfNat took 0.0463ms
sym canon took 0.0227ms
typeclass inference of OfNat took 0.0461ms
typeclass inference of OfNat took 0.0309ms
typeclass inference of OfNat took 0.00214ms
congr simp thm took 0.000912ms
congr simp thm took 0.000411ms
congr simp thm took 0.000561ms
grind simp took 0.215ms
grind mark subsingleton took 0.0854ms
sym typeclass inference of OfNat took 0.0466ms
sym canon took 0.0786ms
typeclass inference of OfNat took 0.047ms
typeclass inference of OfNat took 0.0327ms
typeclass inference of OfNat took 0.0022ms
congr simp thm took 0.000682ms
congr simp thm took 0.00042ms
congr simp thm took 0.000491ms
congr simp thm took 0.000671ms
congr simp thm took 0.000281ms
congr simp thm took 0.00035ms
grind simp took 0.329ms
grind mark subsingleton took 0.0371ms
sym typeclass inference of HAdd took 0.0003ms
sym typeclass inference of HMul took 0.00016ms
sym typeclass inference of OfNat took 0.0444ms
sym canon took 0.0563ms
sym typeclass inference of HMul took 0.000421ms
sym typeclass inference of HMul took 0.00027ms
sym canon took 0.0141ms
typeclass inference of OfNat took 0.0532ms
typeclass inference of OfNat took 0.00239ms
typeclass inference of OfNat took 0.0343ms
typeclass inference of OfNat took 0.00237ms
congr simp thm took 0.000831ms
congr simp thm took 0.000401ms
congr simp thm took 0.000561ms
congr simp thm took 0.000541ms
congr simp thm took 0.000621ms
congr simp thm took 0.00031ms
grind simp took 0.462ms
grind mark subsingleton took 0.104ms
sym canon took 0.0701ms
sym typeclass inference of HMul took 0.000541ms
sym canon took 0.0152ms
congr simp thm took 0.00463ms
congr simp thm took 0.000451ms
congr simp thm took 0.0003ms
congr simp thm took 0.000561ms
congr simp thm took 0.000391ms
congr simp thm took 0.000321ms
congr simp thm took 0.00032ms
congr simp thm took 0.000671ms
congr simp thm took 0.000281ms
congr simp thm took 0.0002ms
congr simp thm took 0.00024ms
congr simp thm took 0.000772ms
congr simp thm took 0.000381ms
congr simp thm took 0.000281ms
grind simp took 0.769ms
grind mark subsingleton took 0.0353ms
sym canon took 0.023ms
typeclass inference of OfNat took 0.0634ms
typeclass inference of OfNat took 0.00271ms
typeclass inference of OfNat took 0.0016ms
typeclass inference of OfNat took 0.00149ms
grind ring took 0.0596ms
grind cutsat took 0.305ms
grind took 13.4ms
instantiate metavars took 0.0217ms
tactic execution of Lean.Parser.Tactic.grind took 1.21ms
tactic execution of Lean.Parser.Tactic.tacticSeq1Indented took 0.0204ms
tactic execution of Lean.Parser.Tactic.tacticSeq took 0.00496ms
tactic execution of Lean.Parser.Tactic.paren took 0.00453ms
tactic execution of Lean.Parser.Tactic.withAnnotateState took 0.0063ms
tactic execution of Lean.Parser.Tactic.tacticSeq1Indented took 0.00465ms
tactic execution of Lean.Parser.Tactic.tacticSeq took 0.00415ms
tactic execution of Lean.Parser.Tactic.case took 0.0911ms
tactic execution of Lean.Parser.Tactic.tacticSeq1Indented took 0.013ms
tactic execution of Lean.Parser.Tactic.tacticSeq took 0.00465ms
tactic execution of Lean.Parser.Tactic.focus took 0.00705ms
tactic execution of Lean.Parser.Tactic.tacticHave__ took 0.0264ms
typeclass inference of OfNat took 1.16ms
typeclass inference of OfNat took 0.117ms
typeclass inference of OfNat took 0.0474ms
typeclass inference of HAdd took 1.06ms
typeclass inference of HMul took 0.948ms
typeclass inference of HPow took 0.168ms
typeclass inference of HMul took 0.0672ms
typeclass inference of HAdd took 0.0565ms
typeclass inference of OfNat took 0.0861ms
typeclass inference of HPow took 0.134ms
typeclass inference of HMul took 0.055ms
typeclass inference of HAdd took 0.0485ms
typeclass inference of OfNat took 0.0562ms
typeclass inference of OfNat took 0.0451ms
typeclass inference of OfNat took 0.0477ms
typeclass inference of HPow took 0.123ms
typeclass inference of HMul took 0.0551ms
typeclass inference of HAdd took 0.049ms
typeclass inference of OfNat took 0.0487ms
typeclass inference of OfNat took 0.0346ms
typeclass inference of HAdd took 0.124ms
typeclass inference of HMul took 0.122ms
typeclass inference of HPow took 0.138ms
typeclass inference of HMul took 0.0552ms
typeclass inference of HAdd took 0.0648ms
typeclass inference of OfNat took 0.0461ms
typeclass inference of HPow took 0.115ms
typeclass inference of HMul took 0.0621ms
typeclass inference of HAdd took 0.0531ms
typeclass inference of OfNat took 0.0388ms
typeclass inference of OfNat took 0.0471ms
typeclass inference of HPow took 0.116ms
typeclass inference of HMul took 0.0515ms
typeclass inference of HAdd took 0.0459ms
typeclass inference of OfNat took 0.0406ms
typeclass inference of HPow took 0.11ms
typeclass inference of HMul took 0.0583ms
typeclass inference of HAdd took 0.0493ms
typeclass inference of OfNat took 0.0395ms
typeclass inference of HPow took 0.11ms
typeclass inference of HMul took 0.0498ms
typeclass inference of HAdd took 0.0455ms
typeclass inference of OfNat took 0.0469ms
typeclass inference of HPow took 0.129ms
typeclass inference of HMul took 0.0788ms
typeclass inference of HAdd took 0.0629ms
typeclass inference of OfNat took 0.0516ms
typeclass inference of HPow took 0.116ms
typeclass inference of HMul took 0.0503ms
typeclass inference of HAdd took 0.046ms
typeclass inference of OfNat took 0.0389ms
typeclass inference of HPow took 0.107ms
typeclass inference of HMul took 0.0559ms
typeclass inference of HAdd took 0.0462ms
typeclass inference of OfNat took 0.039ms
typeclass inference of HPow took 0.111ms
typeclass inference of HMul took 0.0507ms
typeclass inference of HAdd took 0.0442ms
typeclass inference of Pow took 0.0429ms
typeclass inference of CategoryTheory.CartesianMonoidalCategory took 0.0558ms
typeclass inference of CategoryTheory.CartesianMonoidalCategory took 0.00447ms
typeclass inference of NPow took 1.92ms
typeclass inference of OfNat took 0.0415ms
typeclass inference of HMul took 0.798ms
typeclass inference of HAdd took 0.00324ms
typeclass inference of OfNat took 0.0604ms
typeclass inference of HPow took 0.122ms
typeclass inference of HMul took 0.0577ms
typeclass inference of HAdd took 0.0474ms
typeclass inference of OfNat took 0.0402ms
typeclass inference of HPow took 0.112ms
typeclass inference of HMul took 0.0513ms
typeclass inference of HAdd took 0.0464ms
typeclass inference of OfNat took 0.0406ms
typeclass inference of HPow took 0.16ms
typeclass inference of HMul took 0.075ms
typeclass inference of HAdd took 0.0556ms
typeclass inference of Pow took 0.0406ms
typeclass inference of NPow took 0.0824ms
typeclass inference of OfNat took 0.00357ms
typeclass inference of HMul took 0.155ms
typeclass inference of HAdd took 0.00303ms
tactic execution of Lean.Parser.Tactic.refine took 2.26ms
tactic execution of Lean.Parser.Tactic.rewriteSeq took 0.268ms
tactic execution of Lean.Parser.Tactic.exact took 0.185ms
tactic execution of Lean.Parser.Tactic.exact took 0.112ms
tactic execution of Lean.Parser.Tactic.eqRefl took 0.0135ms
tactic execution of Lean.Parser.Tactic.applyRfl took 0.0431ms
tactic execution of Lean.Parser.Tactic.tacticRfl took 0.0693ms
tactic execution of Lean.Parser.Tactic.tacticSeq1Indented took 0.00908ms
tactic execution of Lean.Parser.Tactic.tacticSeq took 0.00737ms
tactic execution of Lean.Parser.Tactic.withReducible took 0.0102ms
tactic execution of Lean.Parser.Tactic.tacticSeq1Indented took 0.00539ms
tactic execution of Lean.Parser.Tactic.tacticSeq took 0.00507ms
tactic execution of Lean.Parser.Tactic.paren took 0.00642ms
tactic execution of Lean.Parser.Tactic.tacticSeq1Indented took 0.00565ms
tactic execution of Lean.Parser.Tactic.tacticSeq took 0.00697ms
tactic execution of Lean.Parser.Tactic.skip took 0.00441ms
tactic execution of Lean.Parser.Tactic.tacticSeq1Indented took 0.00438ms
tactic execution of Lean.Parser.Tactic.tacticSeq took 0.00407ms
tactic execution of Lean.Parser.Tactic.first took 0.0152ms
tactic execution of Lean.Parser.Tactic.tacticTry_ took 0.0117ms
tactic execution of Lean.Parser.Tactic.tacticSeq1Indented took 0.00594ms
tactic execution of Lean.Parser.Tactic.tacticSeq took 0.00475ms
tactic execution of Lean.Parser.Tactic.paren took 0.00392ms
tactic execution of Lean.Parser.Tactic.withAnnotateState took 0.0128ms
tactic execution of Lean.Parser.Tactic.tacticSeq1Indented took 0.0224ms
tactic execution of Lean.Parser.Tactic.tacticSeq took 0.00472ms
tactic execution of Lean.Parser.Tactic.paren took 0.00675ms
tactic execution of Lean.Parser.Tactic.rwSeq took 0.018ms
tactic execution of Lean.Parser.Tactic.exact took 0.065ms
tactic execution of Lean.Parser.Tactic.tacticSeq1Indented took 0.0123ms
tactic execution of Lean.Parser.Tactic.tacticSeq took 0.0169ms
tactic execution of Lean.Parser.Tactic.rewriteSeq took 5.14ms
tactic execution of Lean.Parser.Tactic.exact took 0.0979ms
tactic execution of Lean.Parser.Tactic.exact took 0.0921ms
tactic execution of Lean.Parser.Tactic.eqRefl took 0.012ms
tactic execution of Lean.Parser.Tactic.tacticRfl took 0.0296ms
tactic execution of Lean.Parser.Tactic.tacticSeq1Indented took 0.00384ms
tactic execution of Lean.Parser.Tactic.tacticSeq took 0.00337ms
tactic execution of Lean.Parser.Tactic.withReducible took 0.00354ms
tactic execution of Lean.Parser.Tactic.tacticSeq1Indented took 0.0033ms
tactic execution of Lean.Parser.Tactic.tacticSeq took 0.0035ms
tactic execution of Lean.Parser.Tactic.paren took 0.00273ms
tactic execution of Lean.Parser.Tactic.tacticSeq1Indented took 0.0036ms
tactic execution of Lean.Parser.Tactic.tacticSeq took 0.00312ms
tactic execution of Lean.Parser.Tactic.first took 0.00357ms
tactic execution of Lean.Parser.Tactic.tacticTry_ took 0.00583ms
tactic execution of Lean.Parser.Tactic.tacticSeq1Indented took 0.00366ms
tactic execution of Lean.Parser.Tactic.tacticSeq took 0.00371ms
tactic execution of Lean.Parser.Tactic.paren took 0.00326ms
tactic execution of Lean.Parser.Tactic.withAnnotateState took 0.0155ms
tactic execution of Lean.Parser.Tactic.tacticSeq1Indented took 0.0283ms
tactic execution of Lean.Parser.Tactic.tacticSeq took 0.00852ms
tactic execution of Lean.Parser.Tactic.paren took 0.00746ms
tactic execution of Lean.Parser.Tactic.rwSeq took 0.0227ms
tactic execution of Lean.Parser.Tactic.tacticSeq1Indented took 0.00816ms
tactic execution of Lean.Parser.Tactic.tacticSeq took 0.00568ms
tactic execution of Lean.Parser.Tactic.paren took 0.00681ms
tactic execution of Lean.Parser.Tactic.withAnnotateState took 0.0122ms
tactic execution of Lean.Parser.Tactic.tacticSeq1Indented took 0.012ms
tactic execution of Lean.Parser.Tactic.tacticSeq took 0.0111ms
tactic execution of Lean.Parser.Tactic.case took 0.459ms
tactic execution of Lean.Parser.Tactic.tacticSeq1Indented took 0.0321ms
tactic execution of Lean.Parser.Tactic.tacticSeq took 0.019ms
tactic execution of Lean.Parser.Tactic.focus took 0.0156ms
tactic execution of Lean.Parser.Tactic.tacticHave__ took 0.0477ms
typeclass inference of OfNat took 0.182ms
typeclass inference of OfNat took 0.0515ms
typeclass inference of OfNat took 0.0515ms
typeclass inference of OfNat took 0.0506ms
typeclass inference of OfNat took 0.0514ms
typeclass inference of OfNat took 0.0355ms
typeclass inference of OfNat took 0.0312ms
typeclass inference of OfNat took 0.039ms
typeclass inference of HMul took 0.205ms
typeclass inference of HMul took 0.00367ms
typeclass inference of HMul took 0.149ms
typeclass inference of HPow took 0.185ms
typeclass inference of HPow took 0.21ms
typeclass inference of HMul took 0.136ms
typeclass inference of LT took 0.0441ms
typeclass inference of OfNat took 0.0505ms
typeclass inference of OfNat took 0.057ms
typeclass inference of OfNat took 0.00301ms
typeclass inference of OfNat took 0.0559ms
typeclass inference of HPow took 0.122ms
typeclass inference of HPow took 0.112ms
typeclass inference of HMul took 0.0488ms
typeclass inference of OfNat took 0.0431ms
typeclass inference of OfNat took 0.0341ms
typeclass inference of HPow took 0.119ms
typeclass inference of HPow took 0.111ms
typeclass inference of HMul took 0.0442ms
typeclass inference of OfNat took 0.0412ms
typeclass inference of OfNat took 0.0338ms
typeclass inference of HPow took 0.112ms
typeclass inference of HPow took 0.109ms
typeclass inference of HMul took 0.0483ms
typeclass inference of OfNat took 0.0409ms
typeclass inference of OfNat took 0.0313ms
typeclass inference of HPow took 0.104ms
typeclass inference of HPow took 0.103ms
typeclass inference of HMul took 0.0432ms
typeclass inference of Pow took 0.0447ms
typeclass inference of NPow took 0.0996ms
typeclass inference of OfNat took 0.0369ms
typeclass inference of OfNat took 0.0417ms
typeclass inference of HPow took 0.115ms
typeclass inference of HMul took 0.0576ms
typeclass inference of OfNat took 0.0391ms
typeclass inference of HPow took 0.109ms
typeclass inference of HMul took 0.0502ms
typeclass inference of OfNat took 0.0384ms
typeclass inference of HPow took 0.106ms
typeclass inference of HMul took 0.05ms
typeclass inference of Pow took 0.0369ms
typeclass inference of NPow took 0.00305ms
typeclass inference of OfNat took 0.0368ms
typeclass inference of HMul took 0.00262ms
typeclass inference of OfNat took 0.057ms
typeclass inference of OfNat took 0.0422ms
typeclass inference of OfNat took 0.0665ms
typeclass inference of OfNat took 0.0336ms
typeclass inference of HMul took 0.00348ms
typeclass inference of HMul took 0.00328ms
typeclass inference of HMul took 0.0327ms
typeclass inference of HPow took 0.17ms
typeclass inference of HMul took 0.0797ms
typeclass inference of LE took 0.0345ms
typeclass inference of OfNat took 0.00388ms
typeclass inference of OfNat took 0.0636ms
typeclass inference of HPow took 0.132ms
typeclass inference of HMul took 0.0537ms
typeclass inference of OfNat took 0.0426ms
typeclass inference of HPow took 0.109ms
typeclass inference of HMul took 0.05ms
typeclass inference of OfNat took 0.0561ms
typeclass inference of OfNat took 0.0455ms
typeclass inference of OfNat took 0.0495ms
typeclass inference of OfNat took 0.042ms
typeclass inference of OfNat took 0.0356ms
typeclass inference of OfNat took 0.0322ms
typeclass inference of OfNat took 0.031ms
typeclass inference of OfNat took 0.0363ms
typeclass inference of HMul took 0.00364ms
typeclass inference of HPow took 0.135ms
typeclass inference of HPow took 0.136ms
typeclass inference of HMul took 0.0558ms
typeclass inference of LT took 0.00321ms
typeclass inference of OfNat took 0.00286ms
typeclass inference of OfNat took 0.049ms
typeclass inference of OfNat took 0.00287ms
typeclass inference of OfNat took 0.0402ms
typeclass inference of HPow took 0.129ms
typeclass inference of HPow took 0.157ms
typeclass inference of HMul took 0.0498ms
typeclass inference of OfNat took 0.0592ms
typeclass inference of OfNat took 0.0317ms
typeclass inference of HPow took 0.11ms
typeclass inference of HPow took 0.147ms
typeclass inference of HMul took 0.0453ms
typeclass inference of OfNat took 0.00615ms
typeclass inference of HPow took 0.382ms
typeclass inference of HMul took 0.00613ms
typeclass inference of OfNat took 0.00496ms
typeclass inference of OfNat took 0.00499ms
typeclass inference of HPow took 0.00396ms
typeclass inference of HPow took 0.00475ms
typeclass inference of HMul took 0.00816ms
typeclass inference of Trans took 0.25ms
typeclass inference of LE took 0.254ms
typeclass inference of LE took 0.0792ms
typeclass inference of Zero took 0.142ms
typeclass inference of PartialOrder took 0.0476ms
typeclass inference of Ring took 0.992ms
typeclass inference of AddMonoidWithOne took 0.0362ms
norm_num took 0.254ms
typeclass inference of Semiring took 0.0338ms
typeclass inference of PartialOrder took 0.00251ms
typeclass inference of CommSemiring took 0.0278ms
typeclass inference of IsOrderedRing took 1.02ms
typeclass inference of Nontrivial took 0.0504ms
typeclass inference of Semiring took 0.00279ms
typeclass inference of IsStrictOrderedRing took 0.0297ms
tactic execution of Mathlib.Tactic.Positivity.positivity took 1.08ms
tactic execution of Lean.Parser.Tactic.tacticSeq1Indented took 0.00882ms
tactic execution of Lean.Parser.Tactic.tacticSeq took 0.0175ms
tactic execution of Lean.Parser.Tactic.refine took 6.59ms
tactic execution of Lean.Parser.Tactic.rotateRight took 0.00706ms
tactic execution of Lean.Parser.Tactic.tacticSeq1Indented took 0.0117ms
tactic execution of Lean.Parser.Tactic.tacticSeq took 0.0039ms
tactic execution of Lean.Parser.Tactic.paren took 0.00441ms
tactic execution of Lean.Parser.Tactic.tacticSeq1Indented took 0.0061ms
tactic execution of Lean.Parser.Tactic.tacticSeq took 0.00611ms
tactic execution of Lean.Parser.Tactic.focus took 0.00904ms
tactic execution of Lean.Parser.Tactic.tacticRefine_lift_ took 0.0118ms
tactic execution of Lean.Parser.Tactic.tacticHave__ took 0.0392ms
typeclass inference of HMul took 0.165ms
typeclass inference of HMul took 0.168ms
typeclass inference of LT took 0.0285ms
tactic execution of Lean.Parser.Tactic.refine took 0.526ms
interpretation of Lean.Meta.Grind.reduceCtorEqCheap took 0.00212ms
interpretation of Lean.Meta.Grind.reduceSimpMatchDiscrsOnly took 0.000771ms
interpretation of Lean.Meta.Grind.reducePreMatchCond took 0.000652ms
interpretation of Lean.Meta.Grind.Arith.expandPow01 took 0.000622ms
interpretation of Lean.Meta.Grind.Arith.expandDiv took 0.000461ms
interpretation of Lean.Meta.Grind.Arith.normNatAddInst took 0.000471ms
interpretation of Lean.Meta.Grind.Arith.normNatMulInst took 0.000601ms
interpretation of Lean.Meta.Grind.Arith.normNatSubInst took 0.000591ms
interpretation of Lean.Meta.Grind.Arith.normNatDivInst took 0.000441ms
interpretation of Lean.Meta.Grind.Arith.normNatModInst took 0.000441ms
interpretation of Lean.Meta.Grind.Arith.normNatPowInst took 0.000812ms
interpretation of Lean.Meta.Grind.Arith.normNatOfNatInst took 0.000441ms
interpretation of Lean.Meta.Grind.Arith.normIntNegInst took 0.000501ms
interpretation of Lean.Meta.Grind.Arith.normIntAddInst took 0.000461ms
interpretation of Lean.Meta.Grind.Arith.normIntMulInst took 0.000591ms
interpretation of Lean.Meta.Grind.Arith.normIntSubInst took 0.000561ms
interpretation of Lean.Meta.Grind.Arith.normIntDivInst took 0.000591ms
interpretation of Lean.Meta.Grind.Arith.normIntModInst took 0.000461ms
interpretation of Lean.Meta.Grind.Arith.normIntPowInst took 0.000561ms
interpretation of Lean.Meta.Grind.Arith.normNatCastInst took 0.000601ms
interpretation of Lean.Meta.Grind.Arith.normIntOfNatInst took 0.00047ms
interpretation of Lean.Meta.Grind.Arith.normNatCastNum took 0.000491ms
interpretation of Lean.Meta.Grind.Arith.normIntCastNum took 0.000581ms
interpretation of Lean.Meta.Grind.Arith.normPowRatInt took 0.000481ms
interpretation of Lean.Meta.Grind.Arith.normFieldInv took 0.000461ms
interpretation of Lean.Meta.Grind.simpForall took 0.000661ms
interpretation of Lean.Meta.Grind.simpExists took 0.000461ms
interpretation of Lean.Meta.Grind.simpEq took 0.000671ms
interpretation of Lean.Meta.Grind.simpOr took 0.000601ms
interpretation of Lean.Meta.Grind.simpDIte took 0.000612ms
interpretation of Lean.Meta.Grind.pushNot took 0.000641ms
interpretation of Lean.Meta.Grind.unfoldReducibleSimproc took 0.000541ms
congr simp thm took 0.00804ms
congr simp thm took 0.00334ms
congr simp thm took 0.00238ms
grind simp took 0.368ms
grind mark subsingleton took 0.0812ms
sym typeclass inference of HSub took 0.878ms
sym typeclass inference of HMul took 0.959ms
sym typeclass inference of OfNat took 0.814ms
sym canon took 0.171ms
sym typeclass inference of Lean.Grind.CommRing took 0.454ms
typeclass inference of Lean.Grind.Ring took 0.539ms
typeclass inference of Semiring took 1.28ms
typeclass inference of AddLeftCancelSemigroup took 1.2ms
sym typeclass inference of Lean.Grind.IsCharP took 10.8ms
sym typeclass inference of Lean.Grind.NatModule took 0.913ms
typeclass inference of AddCommMonoid took 0.786ms
typeclass inference of AddCommMonoid took 0.00427ms
typeclass inference of AddCommMonoid took 0.00396ms
typeclass inference of AddCancelMonoid took 0.881ms
typeclass inference of AddCommMonoid took 0.00564ms
typeclass inference of AddGroup took 0.668ms
typeclass inference of Field took 0.366ms
typeclass inference of Field took 0.00361ms
typeclass inference of Field took 0.00817ms
typeclass inference of Field took 0.00491ms
typeclass inference of Field took 0.00178ms
typeclass inference of Field took 0.00153ms
typeclass inference of Field took 0.00156ms
typeclass inference of Field took 0.00191ms
typeclass inference of Field took 0.001ms
typeclass inference of Field took 0.00108ms
typeclass inference of Field took 0.00122ms
typeclass inference of Field took 0.00126ms
typeclass inference of Field took 0.00282ms
typeclass inference of Field took 0.00144ms
typeclass inference of Field took 0.00127ms
typeclass inference of Field took 0.00128ms
typeclass inference of Field took 0.00123ms
typeclass inference of Field took 0.00127ms
typeclass inference of Field took 0.00124ms
typeclass inference of Field took 0.00106ms
typeclass inference of Field took 0.00275ms
typeclass inference of Field took 0.00128ms
typeclass inference of Field took 0.00133ms
typeclass inference of Field took 0.00186ms
typeclass inference of Field took 0.00152ms
typeclass inference of Field took 0.00127ms
typeclass inference of Field took 0.00116ms
typeclass inference of Field took 0.00244ms
typeclass inference of Field took 0.00119ms
typeclass inference of Field took 0.00121ms
typeclass inference of Semiring took 0.00569ms
typeclass inference of RCLike took 0.029ms
typeclass inference of RCLike took 0.00197ms
typeclass inference of RCLike took 0.00162ms
typeclass inference of RCLike took 0.0021ms
typeclass inference of RCLike took 0.00126ms
typeclass inference of RCLike took 0.00759ms
typeclass inference of RCLike took 0.00132ms
typeclass inference of RCLike took 0.00109ms
typeclass inference of RCLike took 0.00115ms
typeclass inference of RCLike took 0.00121ms
typeclass inference of RCLike took 0.00111ms
typeclass inference of RCLike took 0.00119ms
typeclass inference of RCLike took 0.00185ms
typeclass inference of RCLike took 0.00109ms
typeclass inference of RCLike took 0.00105ms
typeclass inference of RCLike took 0.00116ms
typeclass inference of RCLike took 0.0011ms
typeclass inference of RCLike took 0.00106ms
typeclass inference of RCLike took 0.00101ms
typeclass inference of RCLike took 0.00122ms
typeclass inference of RCLike took 0.00195ms
typeclass inference of RCLike took 0.00111ms
typeclass inference of RCLike took 0.00121ms
typeclass inference of RCLike took 0.00114ms
typeclass inference of RCLike took 0.00121ms
typeclass inference of RCLike took 0.00105ms
typeclass inference of RCLike took 0.00114ms
typeclass inference of RCLike took 0.0023ms
typeclass inference of RCLike took 0.0013ms
typeclass inference of RCLike took 0.00108ms
typeclass inference of Semiring took 0.00399ms
typeclass inference of NonAssocRing took 0.249ms
typeclass inference of Field took 0.0038ms
typeclass inference of Field took 0.00195ms
typeclass inference of Field took 0.00219ms
typeclass inference of Field took 0.00118ms
typeclass inference of Field took 0.00121ms
typeclass inference of Field took 0.0011ms
typeclass inference of Field took 0.00113ms
typeclass inference of Field took 0.00118ms
typeclass inference of Field took 0.00114ms
typeclass inference of Field took 0.00183ms
typeclass inference of Field took 0.00134ms
typeclass inference of Field took 0.00135ms
typeclass inference of Field took 0.00106ms
typeclass inference of Field took 0.00227ms
typeclass inference of Field took 0.00113ms
typeclass inference of Field took 0.00106ms
typeclass inference of Field took 0.00106ms
typeclass inference of Field took 0.00102ms
typeclass inference of Field took 0.00111ms
typeclass inference of Field took 0.00106ms
typeclass inference of Field took 0.00104ms
typeclass inference of Field took 0.00107ms
typeclass inference of Field took 0.00206ms
typeclass inference of Field took 0.00126ms
typeclass inference of Field took 0.00128ms
typeclass inference of Field took 0.00106ms
typeclass inference of Field took 0.00108ms
typeclass inference of Field took 0.00103ms
typeclass inference of Field took 0.00104ms
typeclass inference of Field took 0.001ms
typeclass inference of Field took 0.00251ms
typeclass inference of Field took 0.0012ms
typeclass inference of Field took 0.00108ms
typeclass inference of Field took 0.00114ms
typeclass inference of Field took 0.00157ms
typeclass inference of Field took 0.00105ms
typeclass inference of Field took 0.00108ms
typeclass inference of Field took 0.00486ms
typeclass inference of Field took 0.00134ms
typeclass inference of Field took 0.00125ms
typeclass inference of Field took 0.00126ms
typeclass inference of Field took 0.00115ms
typeclass inference of Field took 0.0017ms
typeclass inference of Field took 0.00117ms
typeclass inference of Field took 0.00136ms
typeclass inference of Field took 0.00106ms
typeclass inference of Field took 0.00156ms
typeclass inference of Field took 0.00109ms
typeclass inference of Field took 0.00112ms
typeclass inference of Field took 0.00178ms
typeclass inference of Field took 0.00116ms
typeclass inference of Field took 0.00671ms
typeclass inference of Field took 0.00202ms
typeclass inference of Field took 0.00187ms
typeclass inference of Field took 0.00112ms
typeclass inference of Field took 0.00134ms
typeclass inference of Field took 0.00122ms
typeclass inference of Field took 0.00108ms
typeclass inference of Field took 0.00109ms
typeclass inference of Field took 0.00139ms
typeclass inference of Field took 0.00305ms
typeclass inference of Field took 0.00133ms
typeclass inference of Field took 0.00114ms
typeclass inference of Field took 0.00107ms
typeclass inference of Field took 0.00108ms
typeclass inference of Field took 0.002ms
typeclass inference of Field took 0.00105ms
typeclass inference of Field took 0.00109ms
typeclass inference of Field took 0.00111ms
typeclass inference of Field took 0.00158ms
typeclass inference of Field took 0.00112ms
typeclass inference of Field took 0.00137ms
typeclass inference of Semiring took 0.00473ms
typeclass inference of DivisionRing took 0.398ms
typeclass inference of DivisionRing took 0.00237ms
typeclass inference of DivisionRing took 0.00136ms
typeclass inference of DivisionRing took 0.00114ms
typeclass inference of DivisionRing took 0.00218ms
typeclass inference of DivisionRing took 0.00109ms
typeclass inference of DivisionRing took 0.00115ms
typeclass inference of DivisionRing took 0.00124ms
typeclass inference of DivisionRing took 0.00121ms
typeclass inference of DivisionRing took 0.001ms
typeclass inference of DivisionRing took 0.00103ms
typeclass inference of DivisionRing took 0.000981ms
typeclass inference of DivisionRing took 0.00218ms
typeclass inference of DivisionRing took 0.00118ms
typeclass inference of DivisionRing took 0.00106ms
typeclass inference of DivisionRing took 0.00108ms
typeclass inference of DivisionRing took 0.00105ms
typeclass inference of DivisionRing took 0.00101ms
typeclass inference of DivisionRing took 0.00101ms
typeclass inference of DivisionRing took 0.00176ms
typeclass inference of DivisionRing took 0.00118ms
typeclass inference of DivisionRing took 0.00105ms
typeclass inference of DivisionRing took 0.00104ms
typeclass inference of DivisionRing took 0.00101ms
typeclass inference of DivisionRing took 0.000952ms
typeclass inference of DivisionRing took 0.00162ms
typeclass inference of DivisionRing took 0.000982ms
typeclass inference of DivisionRing took 0.00105ms
typeclass inference of DivisionRing took 0.00103ms
typeclass inference of DivisionRing took 0.00101ms
typeclass inference of Semifield took 0.366ms
typeclass inference of Semifield took 0.00243ms
typeclass inference of Semifield took 0.00126ms
typeclass inference of Semifield took 0.00114ms
typeclass inference of Semifield took 0.00119ms
typeclass inference of Semifield took 0.00104ms
typeclass inference of Semifield took 0.00102ms
typeclass inference of Semifield took 0.001ms
typeclass inference of Semifield took 0.00106ms
typeclass inference of Semifield took 0.00192ms
typeclass inference of Semifield took 0.00123ms
typeclass inference of Semifield took 0.00106ms
typeclass inference of Semifield took 0.001ms
typeclass inference of Semifield took 0.00107ms
typeclass inference of Semifield took 0.00102ms
typeclass inference of Semifield took 0.00101ms
typeclass inference of Field took 0.00199ms
typeclass inference of Field took 0.00113ms
typeclass inference of Field took 0.00104ms
typeclass inference of Field took 0.00208ms
typeclass inference of Field took 0.00113ms
typeclass inference of Field took 0.00113ms
typeclass inference of Field took 0.0011ms
typeclass inference of Field took 0.00102ms
typeclass inference of Field took 0.001ms
typeclass inference of Field took 0.00101ms
typeclass inference of Field took 0.000982ms
typeclass inference of Field took 0.000962ms
typeclass inference of Field took 0.00223ms
typeclass inference of Field took 0.00217ms
typeclass inference of Field took 0.00112ms
typeclass inference of Field took 0.00108ms
typeclass inference of Field took 0.00125ms
typeclass inference of Field took 0.00106ms
typeclass inference of Field took 0.00104ms
typeclass inference of Field took 0.00107ms
typeclass inference of Field took 0.0018ms
typeclass inference of Field took 0.00108ms
typeclass inference of Field took 0.00112ms
typeclass inference of Field took 0.00103ms
typeclass inference of Field took 0.00105ms
typeclass inference of Field took 0.00104ms
typeclass inference of Field took 0.000982ms
typeclass inference of DivisionRing took 0.00206ms
typeclass inference of DivisionRing took 0.00215ms
typeclass inference of DivisionRing took 0.00117ms
typeclass inference of DivisionRing took 0.00119ms
typeclass inference of DivisionRing took 0.00113ms
typeclass inference of DivisionRing took 0.00108ms
typeclass inference of DivisionRing took 0.00105ms
typeclass inference of DivisionRing took 0.00108ms
typeclass inference of DivisionRing took 0.00114ms
typeclass inference of DivisionRing took 0.00217ms
typeclass inference of DivisionRing took 0.00125ms
typeclass inference of DivisionRing took 0.00113ms
typeclass inference of DivisionRing took 0.00147ms
typeclass inference of DivisionRing took 0.0011ms
typeclass inference of DivisionRing took 0.00108ms
typeclass inference of DivisionRing took 0.001ms
typeclass inference of EuclideanDomain took 0.385ms
typeclass inference of EuclideanDomain took 0.00264ms
typeclass inference of EuclideanDomain took 0.00117ms
typeclass inference of EuclideanDomain took 0.00113ms
typeclass inference of EuclideanDomain took 0.00133ms
typeclass inference of EuclideanDomain took 0.00148ms
typeclass inference of EuclideanDomain took 0.00109ms
typeclass inference of EuclideanDomain took 0.00114ms
typeclass inference of EuclideanDomain took 0.00101ms
typeclass inference of EuclideanDomain took 0.00119ms
typeclass inference of EuclideanDomain took 0.00165ms
typeclass inference of EuclideanDomain took 0.0018ms
typeclass inference of EuclideanDomain took 0.00121ms
typeclass inference of EuclideanDomain took 0.00186ms
typeclass inference of EuclideanDomain took 0.00108ms
typeclass inference of EuclideanDomain took 0.0014ms
typeclass inference of EuclideanDomain took 0.00115ms
typeclass inference of EuclideanDomain took 0.00109ms
typeclass inference of EuclideanDomain took 0.00102ms
typeclass inference of EuclideanDomain took 0.00117ms
typeclass inference of EuclideanDomain took 0.00104ms
typeclass inference of EuclideanDomain took 0.00102ms
typeclass inference of EuclideanDomain took 0.00212ms
typeclass inference of EuclideanDomain took 0.0011ms
typeclass inference of EuclideanDomain took 0.00112ms
typeclass inference of EuclideanDomain took 0.00109ms
typeclass inference of EuclideanDomain took 0.00108ms
typeclass inference of EuclideanDomain took 0.00104ms
typeclass inference of EuclideanDomain took 0.00104ms
typeclass inference of EuclideanDomain took 0.000982ms
typeclass inference of EuclideanDomain took 0.00303ms
typeclass inference of EuclideanDomain took 0.00109ms
typeclass inference of EuclideanDomain took 0.00266ms
typeclass inference of EuclideanDomain took 0.00104ms
typeclass inference of EuclideanDomain took 0.00103ms
typeclass inference of EuclideanDomain took 0.00129ms
typeclass inference of EuclideanDomain took 0.00125ms
typeclass inference of CommMonoidWithZero took 0.847ms
typeclass inference of Semiring took 0.00686ms
typeclass inference of CommMonoidWithZero took 0.0042ms
typeclass inference of CommMonoidWithZero took 0.00386ms
typeclass inference of CommGroupWithZero took 0.425ms
typeclass inference of CommGroupWithZero took 0.00244ms
typeclass inference of CommGroupWithZero took 0.00132ms
typeclass inference of CommGroupWithZero took 0.0013ms
typeclass inference of CommGroupWithZero took 0.00116ms
typeclass inference of CommGroupWithZero took 0.00102ms
typeclass inference of CommGroupWithZero took 0.001ms
typeclass inference of CommGroupWithZero took 0.00101ms
typeclass inference of LinearOrderedCommMonoidWithZero took 0.0489ms
typeclass inference of LinearOrderedCommMonoidWithZero took 0.00192ms
typeclass inference of LinearOrderedCommMonoidWithZero took 0.00206ms
typeclass inference of LinearOrderedCommMonoidWithZero took 0.00109ms
typeclass inference of LinearOrderedCommMonoidWithZero took 0.00109ms
typeclass inference of LinearOrderedCommMonoidWithZero took 0.00107ms
typeclass inference of LinearOrderedCommMonoidWithZero took 0.000992ms
typeclass inference of LinearOrderedCommMonoidWithZero took 0.00102ms
typeclass inference of LinearOrderedCommMonoidWithZero took 0.000931ms
typeclass inference of LinearOrderedCommMonoidWithZero took 0.00133ms
typeclass inference of LinearOrderedCommMonoidWithZero took 0.00117ms
typeclass inference of LinearOrderedCommMonoidWithZero took 0.00108ms
typeclass inference of LinearOrderedCommMonoidWithZero took 0.00189ms
typeclass inference of LinearOrderedCommMonoidWithZero took 0.00111ms
typeclass inference of LinearOrderedCommMonoidWithZero took 0.00109ms
typeclass inference of LinearOrderedCommMonoidWithZero took 0.00108ms
typeclass inference of LinearOrderedCommMonoidWithZero took 0.00197ms
typeclass inference of LinearOrderedCommMonoidWithZero took 0.00104ms
typeclass inference of LinearOrderedCommMonoidWithZero took 0.000962ms
typeclass inference of LinearOrderedCommMonoidWithZero took 0.00197ms
typeclass inference of LinearOrderedCommMonoidWithZero took 0.0011ms
typeclass inference of LinearOrderedCommMonoidWithZero took 0.00123ms
typeclass inference of LinearOrderedCommMonoidWithZero took 0.00103ms
typeclass inference of LinearOrderedCommMonoidWithZero took 0.00106ms
typeclass inference of LinearOrderedCommMonoidWithZero took 0.001ms
typeclass inference of LinearOrderedCommMonoidWithZero took 0.00171ms
typeclass inference of LinearOrderedCommMonoidWithZero took 0.00102ms
typeclass inference of LinearOrderedCommMonoidWithZero took 0.00111ms
typeclass inference of LinearOrderedCommMonoidWithZero took 0.000992ms
typeclass inference of LinearOrderedCommMonoidWithZero took 0.000972ms
typeclass inference of LinearOrderedCommMonoidWithZero took 0.00175ms
typeclass inference of LinearOrderedCommMonoidWithZero took 0.00125ms
typeclass inference of LinearOrderedCommMonoidWithZero took 0.00115ms
typeclass inference of LinearOrderedCommMonoidWithZero took 0.00187ms
typeclass inference of LinearOrderedCommMonoidWithZero took 0.00105ms
typeclass inference of LinearOrderedCommMonoidWithZero took 0.00125ms
typeclass inference of LinearOrderedCommMonoidWithZero took 0.00111ms
typeclass inference of LinearOrderedCommMonoidWithZero took 0.00101ms
typeclass inference of LinearOrderedCommMonoidWithZero took 0.000962ms
typeclass inference of LinearOrderedCommMonoidWithZero took 0.000952ms
typeclass inference of LinearOrderedCommMonoidWithZero took 0.00108ms
typeclass inference of LinearOrderedCommMonoidWithZero took 0.00105ms
typeclass inference of LinearOrderedCommMonoidWithZero took 0.000972ms
typeclass inference of LinearOrderedCommMonoidWithZero took 0.00231ms
typeclass inference of LinearOrderedCommMonoidWithZero took 0.00108ms
typeclass inference of LinearOrderedCommMonoidWithZero took 0.00103ms
typeclass inference of LinearOrderedCommMonoidWithZero took 0.000992ms
typeclass inference of LinearOrderedCommMonoidWithZero took 0.000992ms
typeclass inference of LinearOrderedCommMonoidWithZero took 0.00101ms
typeclass inference of LinearOrderedCommMonoidWithZero took 0.000912ms
typeclass inference of LinearOrderedCommMonoidWithZero took 0.00211ms
typeclass inference of LinearOrderedCommMonoidWithZero took 0.00114ms
typeclass inference of LinearOrderedCommMonoidWithZero took 0.00107ms
typeclass inference of LinearOrderedCommMonoidWithZero took 0.00105ms
typeclass inference of LinearOrderedCommMonoidWithZero took 0.00104ms
typeclass inference of LinearOrderedCommMonoidWithZero took 0.000962ms
typeclass inference of LinearOrderedCommMonoidWithZero took 0.0019ms
typeclass inference of LinearOrderedCommMonoidWithZero took 0.00108ms
typeclass inference of LinearOrderedCommMonoidWithZero took 0.00123ms
typeclass inference of LinearOrderedCommMonoidWithZero took 0.00113ms
typeclass inference of LinearOrderedCommMonoidWithZero took 0.000962ms
typeclass inference of LinearOrderedCommMonoidWithZero took 0.00232ms
typeclass inference of LinearOrderedCommMonoidWithZero took 0.00128ms
typeclass inference of LinearOrderedCommMonoidWithZero took 0.00108ms
typeclass inference of LinearOrderedCommMonoidWithZero took 0.00179ms
typeclass inference of LinearOrderedCommMonoidWithZero took 0.00109ms
typeclass inference of LinearOrderedCommMonoidWithZero took 0.00177ms
typeclass inference of LinearOrderedCommMonoidWithZero took 0.00106ms
typeclass inference of LinearOrderedCommMonoidWithZero took 0.00104ms
typeclass inference of LinearOrderedCommMonoidWithZero took 0.000981ms
typeclass inference of LinearOrderedCommMonoidWithZero took 0.00104ms
typeclass inference of LinearOrderedCommMonoidWithZero took 0.001ms
typeclass inference of LinearOrderedCommMonoidWithZero took 0.000922ms
typeclass inference of LinearOrderedCommMonoidWithZero took 0.00119ms
typeclass inference of LinearOrderedCommMonoidWithZero took 0.00107ms
typeclass inference of LinearOrderedCommMonoidWithZero took 0.000981ms
typeclass inference of LinearOrderedCommMonoidWithZero took 0.00202ms
typeclass inference of LinearOrderedCommMonoidWithZero took 0.00133ms
typeclass inference of LinearOrderedCommMonoidWithZero took 0.00111ms
typeclass inference of LinearOrderedCommMonoidWithZero took 0.00136ms
typeclass inference of LinearOrderedCommMonoidWithZero took 0.00126ms
typeclass inference of LinearOrderedCommMonoidWithZero took 0.00119ms
typeclass inference of LinearOrderedCommMonoidWithZero took 0.00123ms
typeclass inference of LinearOrderedCommMonoidWithZero took 0.00205ms
typeclass inference of LinearOrderedCommMonoidWithZero took 0.00128ms
typeclass inference of LinearOrderedCommMonoidWithZero took 0.00133ms
typeclass inference of LinearOrderedCommMonoidWithZero took 0.00107ms
typeclass inference of LinearOrderedCommMonoidWithZero took 0.00122ms
typeclass inference of LinearOrderedCommMonoidWithZero took 0.00124ms
typeclass inference of LinearOrderedCommMonoidWithZero took 0.00163ms
typeclass inference of LinearOrderedCommMonoidWithZero took 0.00128ms
typeclass inference of LinearOrderedCommMonoidWithZero took 0.00133ms
typeclass inference of LinearOrderedCommMonoidWithZero took 0.00129ms
typeclass inference of LinearOrderedCommMonoidWithZero took 0.00126ms
typeclass inference of LinearOrderedCommMonoidWithZero took 0.0014ms
typeclass inference of LinearOrderedCommMonoidWithZero took 0.00105ms
typeclass inference of LinearOrderedCommMonoidWithZero took 0.00101ms
typeclass inference of LinearOrderedCommMonoidWithZero took 0.00178ms
typeclass inference of LinearOrderedCommMonoidWithZero took 0.00129ms
typeclass inference of LinearOrderedCommMonoidWithZero took 0.00135ms
typeclass inference of LinearOrderedCommMonoidWithZero took 0.00108ms
typeclass inference of LinearOrderedCommMonoidWithZero took 0.00153ms
typeclass inference of LinearOrderedCommMonoidWithZero took 0.00124ms
typeclass inference of LinearOrderedCommMonoidWithZero took 0.00111ms
typeclass inference of LinearOrderedCommMonoidWithZero took 0.00121ms
typeclass inference of LinearOrderedCommMonoidWithZero took 0.00104ms
typeclass inference of LinearOrderedCommMonoidWithZero took 0.00127ms
typeclass inference of LinearOrderedCommMonoidWithZero took 0.00219ms
typeclass inference of LinearOrderedCommMonoidWithZero took 0.00132ms
typeclass inference of LinearOrderedCommMonoidWithZero took 0.00107ms
typeclass inference of LinearOrderedCommMonoidWithZero took 0.00136ms
typeclass inference of LinearOrderedCommMonoidWithZero took 0.00127ms
typeclass inference of LinearOrderedCommMonoidWithZero took 0.00116ms
typeclass inference of LinearOrderedCommMonoidWithZero took 0.00118ms
typeclass inference of LinearOrderedCommMonoidWithZero took 0.00194ms
typeclass inference of LinearOrderedCommMonoidWithZero took 0.00131ms
typeclass inference of LinearOrderedCommMonoidWithZero took 0.00134ms
typeclass inference of LinearOrderedCommMonoidWithZero took 0.00128ms
typeclass inference of LinearOrderedCommMonoidWithZero took 0.00131ms
typeclass inference of LinearOrderedCommMonoidWithZero took 0.000952ms
typeclass inference of LinearOrderedCommMonoidWithZero took 0.00198ms
typeclass inference of LinearOrderedCommMonoidWithZero took 0.00132ms
typeclass inference of LinearOrderedCommMonoidWithZero took 0.00109ms
typeclass inference of LinearOrderedCommMonoidWithZero took 0.00136ms
typeclass inference of LinearOrderedCommMonoidWithZero took 0.00126ms
typeclass inference of LinearOrderedCommMonoidWithZero took 0.00206ms
typeclass inference of LinearOrderedCommMonoidWithZero took 0.00137ms
typeclass inference of LinearOrderedCommMonoidWithZero took 0.0013ms
typeclass inference of LinearOrderedCommMonoidWithZero took 0.00185ms
typeclass inference of LinearOrderedCommMonoidWithZero took 0.00152ms
typeclass inference of LinearOrderedCommMonoidWithZero took 0.00121ms
typeclass inference of LinearOrderedCommMonoidWithZero took 0.002ms
typeclass inference of LinearOrderedCommMonoidWithZero took 0.00138ms
typeclass inference of LinearOrderedCommMonoidWithZero took 0.00105ms
typeclass inference of LinearOrderedCommMonoidWithZero took 0.00123ms
typeclass inference of LinearOrderedCommMonoidWithZero took 0.00101ms
typeclass inference of LinearOrderedCommMonoidWithZero took 0.001ms
typeclass inference of LinearOrderedCommMonoidWithZero took 0.000952ms
typeclass inference of LinearOrderedCommMonoidWithZero took 0.00108ms
typeclass inference of LinearOrderedCommMonoidWithZero took 0.00107ms
typeclass inference of LinearOrderedCommMonoidWithZero took 0.001ms
typeclass inference of LinearOrderedCommMonoidWithZero took 0.00166ms
typeclass inference of LinearOrderedCommMonoidWithZero took 0.00105ms
typeclass inference of LinearOrderedCommMonoidWithZero took 0.0011ms
typeclass inference of LinearOrderedCommMonoidWithZero took 0.00103ms
typeclass inference of LinearOrderedCommMonoidWithZero took 0.00112ms
typeclass inference of LinearOrderedCommMonoidWithZero took 0.000982ms
typeclass inference of LinearOrderedCommMonoidWithZero took 0.000922ms
typeclass inference of LinearOrderedCommMonoidWithZero took 0.00227ms
typeclass inference of LinearOrderedCommMonoidWithZero took 0.00111ms
typeclass inference of LinearOrderedCommMonoidWithZero took 0.0011ms
typeclass inference of LinearOrderedCommMonoidWithZero took 0.00111ms
typeclass inference of LinearOrderedCommMonoidWithZero took 0.00108ms
typeclass inference of LinearOrderedCommMonoidWithZero took 0.00101ms
typeclass inference of LinearOrderedCommMonoidWithZero took 0.00182ms
typeclass inference of LinearOrderedCommMonoidWithZero took 0.0011ms
typeclass inference of LinearOrderedCommMonoidWithZero took 0.00116ms
typeclass inference of LinearOrderedCommMonoidWithZero took 0.00122ms
typeclass inference of LinearOrderedCommMonoidWithZero took 0.00118ms
typeclass inference of LinearOrderedCommMonoidWithZero took 0.0018ms
typeclass inference of LinearOrderedCommMonoidWithZero took 0.00112ms
typeclass inference of LinearOrderedCommMonoidWithZero took 0.00106ms
typeclass inference of LinearOrderedCommMonoidWithZero took 0.0011ms
typeclass inference of LinearOrderedCommMonoidWithZero took 0.00139ms
typeclass inference of LinearOrderedCommMonoidWithZero took 0.00101ms
typeclass inference of LinearOrderedCommMonoidWithZero took 0.000982ms
typeclass inference of NonUnitalNonAssocRing took 0.378ms
typeclass inference of NormedRing took 0.384ms
typeclass inference of NormedRing took 0.00235ms
typeclass inference of NormedRing took 0.00192ms
typeclass inference of NormedRing took 0.00126ms
typeclass inference of NormedRing took 0.00121ms
typeclass inference of NormedRing took 0.00104ms
typeclass inference of NormedRing took 0.00103ms
typeclass inference of NormedRing took 0.00102ms
typeclass inference of NormedRing took 0.00112ms
typeclass inference of NormedRing took 0.00145ms
typeclass inference of NormedRing took 0.00117ms
typeclass inference of NormedRing took 0.00114ms
typeclass inference of NormedRing took 0.001ms
typeclass inference of NormedRing took 0.00279ms
typeclass inference of NormedRing took 0.00109ms
typeclass inference of NormedRing took 0.00111ms
typeclass inference of NormedRing took 0.00121ms
typeclass inference of NormedRing took 0.00114ms
typeclass inference of NormedRing took 0.00121ms
typeclass inference of NormedRing took 0.001ms
typeclass inference of NormedRing took 0.000962ms
typeclass inference of NormedRing took 0.00233ms
typeclass inference of NormedRing took 0.00121ms
typeclass inference of NormedRing took 0.00112ms
typeclass inference of NormedRing took 0.00111ms
typeclass inference of NormedRing took 0.00144ms
typeclass inference of NormedRing took 0.00137ms
typeclass inference of NormedRing took 0.00102ms
typeclass inference of NormedRing took 0.00222ms
typeclass inference of NormedRing took 0.00114ms
typeclass inference of NormedRing took 0.0011ms
typeclass inference of NormedRing took 0.00105ms
typeclass inference of NormedRing took 0.00103ms
typeclass inference of NormedRing took 0.00141ms
typeclass inference of NormedRing took 0.00114ms
typeclass inference of NormedRing took 0.00116ms
typeclass inference of NormedRing took 0.00101ms
typeclass inference of NormedRing took 0.00141ms
typeclass inference of NormedRing took 0.00102ms
typeclass inference of NormedRing took 0.00105ms
typeclass inference of Semiring took 0.00533ms
typeclass inference of Semiring took 0.00418ms
typeclass inference of GroupWithZero took 0.565ms
typeclass inference of GroupWithZero took 0.00224ms
typeclass inference of GroupWithZero took 0.00199ms
typeclass inference of GroupWithZero took 0.00123ms
typeclass inference of GroupWithZero took 0.00116ms
typeclass inference of GroupWithZero took 0.00114ms
typeclass inference of GroupWithZero took 0.00102ms
typeclass inference of GroupWithZero took 0.00166ms
typeclass inference of GroupWithZero took 0.00104ms
typeclass inference of GroupWithZero took 0.00104ms
typeclass inference of GroupWithZero took 0.000961ms
typeclass inference of GroupWithZero took 0.00136ms
typeclass inference of GroupWithZero took 0.00101ms
typeclass inference of GroupWithZero took 0.00103ms
typeclass inference of MulZeroClass took 0.857ms
typeclass inference of Semiring took 0.0166ms
typeclass inference of CommMonoidWithZero took 0.00571ms
typeclass inference of CommMonoidWithZero took 0.00402ms
typeclass inference of LinearOrderedCommMonoidWithZero took 0.00301ms
typeclass inference of LinearOrderedCommMonoidWithZero took 0.00216ms
typeclass inference of LinearOrderedCommMonoidWithZero took 0.00132ms
typeclass inference of LinearOrderedCommMonoidWithZero took 0.00114ms
typeclass inference of LinearOrderedCommMonoidWithZero took 0.00118ms
typeclass inference of LinearOrderedCommMonoidWithZero took 0.00103ms
typeclass inference of LinearOrderedCommMonoidWithZero took 0.00139ms
typeclass inference of LinearOrderedCommMonoidWithZero took 0.00109ms
typeclass inference of LinearOrderedCommMonoidWithZero took 0.00107ms
typeclass inference of LinearOrderedCommMonoidWithZero took 0.00104ms
typeclass inference of LinearOrderedCommMonoidWithZero took 0.00179ms
typeclass inference of LinearOrderedCommMonoidWithZero took 0.00124ms
typeclass inference of LinearOrderedCommMonoidWithZero took 0.00101ms
typeclass inference of NonUnitalNonAssocRing took 0.00424ms
typeclass inference of GroupWithZero took 0.00274ms
typeclass inference of GroupWithZero took 0.00138ms
typeclass inference of GroupWithZero took 0.00187ms
typeclass inference of GroupWithZero took 0.0011ms
typeclass inference of GroupWithZero took 0.00124ms
typeclass inference of GroupWithZero took 0.0011ms
typeclass inference of GroupWithZero took 0.00102ms
typeclass inference of GroupWithZero took 0.00166ms
typeclass inference of GroupWithZero took 0.00107ms
typeclass inference of GroupWithZero took 0.0011ms
typeclass inference of GroupWithZero took 0.00101ms
typeclass inference of GroupWithZero took 0.00449ms
typeclass inference of GroupWithZero took 0.00106ms
typeclass inference of GroupWithZero took 0.00107ms
typeclass inference of MulZeroClass took 0.0032ms
typeclass inference of GroupWithZero took 0.00245ms
typeclass inference of GroupWithZero took 0.00126ms
typeclass inference of GroupWithZero took 0.00206ms
typeclass inference of GroupWithZero took 0.0012ms
typeclass inference of GroupWithZero took 0.00118ms
typeclass inference of GroupWithZero took 0.00138ms
typeclass inference of GroupWithZero took 0.00106ms
typeclass inference of GroupWithZero took 0.00104ms
typeclass inference of GroupWithZero took 0.0014ms
typeclass inference of GroupWithZero took 0.00129ms
typeclass inference of GroupWithZero took 0.00131ms
typeclass inference of GroupWithZero took 0.00209ms
typeclass inference of GroupWithZero took 0.00116ms
typeclass inference of GroupWithZero took 0.00111ms
typeclass inference of GroupWithZero took 0.0011ms
typeclass inference of GroupWithZero took 0.00109ms
typeclass inference of GroupWithZero took 0.000942ms
typeclass inference of GroupWithZero took 0.00189ms
typeclass inference of GroupWithZero took 0.00108ms
typeclass inference of GroupWithZero took 0.00112ms
typeclass inference of GroupWithZero took 0.00112ms
typeclass inference of GroupWithZero took 0.00109ms
typeclass inference of GroupWithZero took 0.00142ms
typeclass inference of GroupWithZero took 0.00105ms
typeclass inference of GroupWithZero took 0.00101ms
typeclass inference of GroupWithZero took 0.00184ms
typeclass inference of GroupWithZero took 0.0011ms
typeclass inference of GroupWithZero took 0.00197ms
typeclass inference of GroupWithZero took 0.00115ms
typeclass inference of GroupWithZero took 0.00113ms
typeclass inference of GroupWithZero took 0.00108ms
typeclass inference of GroupWithZero took 0.00107ms
typeclass inference of GroupWithZero took 0.00101ms
typeclass inference of GroupWithZero took 0.00124ms
typeclass inference of GroupWithZero took 0.00116ms
typeclass inference of GroupWithZero took 0.00102ms
typeclass inference of GroupWithZero took 0.00175ms
typeclass inference of GroupWithZero took 0.00105ms
typeclass inference of GroupWithZero took 0.00112ms
typeclass inference of GroupWithZero took 0.00108ms
typeclass inference of GroupWithZero took 0.00111ms
typeclass inference of GroupWithZero took 0.000962ms
typeclass inference of GroupWithZero took 0.0019ms
typeclass inference of GroupWithZero took 0.0011ms
typeclass inference of GroupWithZero took 0.00108ms
typeclass inference of GroupWithZero took 0.00103ms
typeclass inference of GroupWithZero took 0.001ms
typeclass inference of GroupWithZero took 0.0015ms
typeclass inference of GroupWithZero took 0.00111ms
typeclass inference of GroupWithZero took 0.00106ms
typeclass inference of GroupWithZero took 0.00151ms
typeclass inference of GroupWithZero took 0.00105ms
typeclass inference of GroupWithZero took 0.001ms
typeclass inference of GroupWithZero took 0.00192ms
typeclass inference of GroupWithZero took 0.00112ms
typeclass inference of GroupWithZero took 0.00111ms
typeclass inference of GroupWithZero took 0.00103ms
typeclass inference of GroupWithZero took 0.00107ms
typeclass inference of GroupWithZero took 0.00105ms
typeclass inference of GroupWithZero took 0.00173ms
typeclass inference of GroupWithZero took 0.00102ms
typeclass inference of GroupWithZero took 0.00111ms
typeclass inference of GroupWithZero took 0.00113ms
typeclass inference of GroupWithZero took 0.00101ms
typeclass inference of GroupWithZero took 0.00161ms
typeclass inference of GroupWithZero took 0.00111ms
typeclass inference of GroupWithZero took 0.00109ms
typeclass inference of GroupWithZero took 0.000992ms
typeclass inference of GroupWithZero took 0.00144ms
typeclass inference of GroupWithZero took 0.00105ms
typeclass inference of GroupWithZero took 0.00103ms
typeclass inference of CommMonoidWithZero took 0.00389ms
typeclass inference of LinearOrderedCommMonoidWithZero took 0.0022ms
typeclass inference of LinearOrderedCommMonoidWithZero took 0.00196ms
typeclass inference of LinearOrderedCommMonoidWithZero took 0.00114ms
typeclass inference of LinearOrderedCommMonoidWithZero took 0.00108ms
typeclass inference of LinearOrderedCommMonoidWithZero took 0.00104ms
typeclass inference of LinearOrderedCommMonoidWithZero took 0.000982ms
typeclass inference of LinearOrderedCommMonoidWithZero took 0.00153ms
typeclass inference of LinearOrderedCommMonoidWithZero took 0.00108ms
typeclass inference of LinearOrderedCommMonoidWithZero took 0.00106ms
typeclass inference of LinearOrderedCommMonoidWithZero took 0.00107ms
typeclass inference of LinearOrderedCommMonoidWithZero took 0.00147ms
typeclass inference of LinearOrderedCommMonoidWithZero took 0.00105ms
typeclass inference of LinearOrderedCommMonoidWithZero took 0.001ms
typeclass inference of NonUnitalNonAssocRing took 0.00386ms
typeclass inference of GroupWithZero took 0.00233ms
typeclass inference of GroupWithZero took 0.00135ms
typeclass inference of GroupWithZero took 0.00176ms
typeclass inference of GroupWithZero took 0.0011ms
typeclass inference of GroupWithZero took 0.00153ms
typeclass inference of GroupWithZero took 0.00113ms
typeclass inference of GroupWithZero took 0.0011ms
typeclass inference of GroupWithZero took 0.00152ms
typeclass inference of GroupWithZero took 0.00107ms
typeclass inference of GroupWithZero took 0.00109ms
typeclass inference of GroupWithZero took 0.00104ms
typeclass inference of GroupWithZero took 0.00144ms
typeclass inference of GroupWithZero took 0.00109ms
typeclass inference of GroupWithZero took 0.00108ms
sym typeclass inference of Lean.Grind.NoNatZeroDivisors took 60ms
sym typeclass inference of Lean.Grind.Field took 0.385ms
typeclass inference of Lean.Grind.CommSemiring took 0.51ms
typeclass inference of Field took 0.00257ms
typeclass inference of Field took 0.00242ms
typeclass inference of Field took 0.00122ms
typeclass inference of Field took 0.00121ms
typeclass inference of Field took 0.00118ms
typeclass inference of Field took 0.00107ms
typeclass inference of Field took 0.00119ms
typeclass inference of Field took 0.00109ms
typeclass inference of Field took 0.00113ms
typeclass inference of Field took 0.00103ms
typeclass inference of Field took 0.00154ms
typeclass inference of Field took 0.00106ms
typeclass inference of Field took 0.0022ms
typeclass inference of Field took 0.00109ms
typeclass inference of Field took 0.00117ms
typeclass inference of Field took 0.00306ms
typeclass inference of Field took 0.00122ms
typeclass inference of Field took 0.00103ms
typeclass inference of Field took 0.000992ms
typeclass inference of Field took 0.00105ms
typeclass inference of Field took 0.00155ms
typeclass inference of Field took 0.00234ms
typeclass inference of Field took 0.00115ms
typeclass inference of Field took 0.00116ms
typeclass inference of Field took 0.00109ms
typeclass inference of Field took 0.00109ms
typeclass inference of Field took 0.00108ms
typeclass inference of Field took 0.00104ms
typeclass inference of Field took 0.00105ms
typeclass inference of Field took 0.00151ms
typeclass inference of Field took 0.00112ms
typeclass inference of Field took 0.00103ms
typeclass inference of Field took 0.000992ms
typeclass inference of Field took 0.00103ms
typeclass inference of Field took 0.000971ms
typeclass inference of Field took 0.000952ms
typeclass inference of Field took 0.00205ms
typeclass inference of Field took 0.00113ms
typeclass inference of Field took 0.00115ms
typeclass inference of Field took 0.00107ms
typeclass inference of Field took 0.00201ms
typeclass inference of Field took 0.00105ms
typeclass inference of Field took 0.00106ms
typeclass inference of Field took 0.00103ms
typeclass inference of Field took 0.000982ms
typeclass inference of Field took 0.00242ms
typeclass inference of Field took 0.0012ms
typeclass inference of Field took 0.00158ms
typeclass inference of Field took 0.00154ms
typeclass inference of Field took 0.00105ms
typeclass inference of Field took 0.00109ms
typeclass inference of Field took 0.00152ms
typeclass inference of Field took 0.00147ms
typeclass inference of Field took 0.0044ms
typeclass inference of Field took 0.0042ms
typeclass inference of Field took 0.01ms
typeclass inference of Field took 0.00187ms
typeclass inference of Field took 0.00196ms
typeclass inference of Field took 0.00132ms
typeclass inference of Field took 0.00202ms
typeclass inference of Field took 0.00292ms
typeclass inference of Field took 0.00217ms
typeclass inference of Field took 0.00204ms
typeclass inference of Field took 0.00182ms
typeclass inference of Field took 0.00211ms
typeclass inference of Field took 0.00196ms
typeclass inference of Field took 0.00368ms
typeclass inference of Field took 0.00205ms
typeclass inference of Field took 0.00161ms
typeclass inference of Field took 0.00142ms
typeclass inference of Field took 0.00168ms
typeclass inference of Field took 0.00297ms
typeclass inference of Field took 0.0018ms
typeclass inference of Field took 0.00164ms
typeclass inference of Field took 0.0018ms
typeclass inference of Field took 0.00261ms
typeclass inference of Field took 0.00163ms
typeclass inference of Field took 0.00141ms
typeclass inference of Field took 0.00521ms
typeclass inference of Field took 0.00458ms
typeclass inference of Field took 0.0018ms
typeclass inference of Field took 0.00193ms
typeclass inference of Field took 0.00245ms
typeclass inference of Field took 0.00233ms
typeclass inference of Field took 0.00189ms
typeclass inference of Field took 0.00214ms
typeclass inference of Field took 0.00162ms
typeclass inference of Field took 0.00134ms
typeclass inference of Field took 0.00169ms
typeclass inference of Field took 0.00152ms
typeclass inference of Field took 0.00622ms
typeclass inference of Field took 0.00181ms
typeclass inference of Field took 0.00213ms
typeclass inference of Field took 0.00223ms
typeclass inference of Field took 0.00202ms
typeclass inference of Field took 0.00191ms
typeclass inference of Field took 0.00168ms
typeclass inference of Field took 0.00171ms
typeclass inference of Field took 0.00151ms
typeclass inference of Field took 0.00511ms
typeclass inference of Field took 0.00294ms
typeclass inference of Field took 0.00248ms
typeclass inference of Field took 0.00218ms
typeclass inference of Field took 0.00189ms
typeclass inference of Field took 0.00189ms
typeclass inference of Field took 0.00174ms
typeclass inference of Field took 0.00173ms
typeclass inference of Field took 0.00357ms
typeclass inference of Field took 0.00325ms
typeclass inference of Field took 0.00202ms
typeclass inference of Field took 0.00161ms
typeclass inference of Field took 0.00163ms
typeclass inference of Field took 0.00172ms
typeclass inference of Field took 0.00226ms
typeclass inference of Field took 0.00879ms
typeclass inference of Field took 0.00402ms
typeclass inference of Field took 0.00473ms
typeclass inference of Field took 0.00355ms
typeclass inference of Field took 0.00291ms
typeclass inference of Field took 0.00253ms
typeclass inference of Field took 0.0106ms
typeclass inference of Field took 0.00187ms
typeclass inference of Field took 0.00153ms
typeclass inference of Field took 0.00239ms
typeclass inference of Field took 0.0012ms
typeclass inference of Field took 0.00107ms
typeclass inference of Field took 0.00107ms
typeclass inference of Field took 0.00104ms
typeclass inference of Field took 0.00106ms
typeclass inference of Field took 0.00105ms
typeclass inference of Field took 0.000972ms
typeclass inference of Field took 0.00209ms
typeclass inference of Field took 0.00166ms
typeclass inference of Field took 0.00106ms
typeclass inference of Field took 0.00106ms
typeclass inference of Field took 0.00105ms
typeclass inference of Field took 0.00103ms
typeclass inference of Field took 0.00126ms
typeclass inference of Field took 0.00171ms
typeclass inference of Field took 0.00111ms
typeclass inference of Field took 0.00104ms
typeclass inference of Field took 0.00101ms
typeclass inference of Field took 0.001ms
typeclass inference of Field took 0.000952ms
typeclass inference of Field took 0.00964ms
typeclass inference of Field took 0.00137ms
typeclass inference of Field took 0.00111ms
typeclass inference of Field took 0.00106ms
typeclass inference of Field took 0.000942ms
typeclass inference of Field took 0.00156ms
typeclass inference of Field took 0.000982ms
typeclass inference of Field took 0.00102ms
typeclass inference of Field took 0.000992ms
typeclass inference of Field took 0.00136ms
typeclass inference of Field took 0.000962ms
typeclass inference of Field took 0.00101ms
sym typeclass inference of Lean.Grind.PowIdentity took 17.5ms
sym typeclass inference of HSub took 0.0151ms
sym canon took 0.0217ms
sym typeclass inference of HMul took 0.0071ms
sym canon took 0.00709ms
sym typeclass inference of Lean.Grind.ToInt took 0.0773ms
sym typeclass inference of LE took 5.06ms
sym typeclass inference of LT took 2.3ms
sym typeclass inference of LE took 0.00203ms
congr simp thm took 0.00208ms
congr simp thm took 0.00043ms
congr simp thm took 0.000311ms
congr simp thm took 0.000471ms
congr simp thm took 0.00541ms
grind simp took 0.437ms
grind mark subsingleton took 0.131ms
typeclass inference of CategoryTheory.CartesianMonoidalCategory took 0.0592ms
typeclass inference of CategoryTheory.CartesianMonoidalCategory took 0.00468ms
sym typeclass inference of HPow took 2.12ms
sym typeclass inference of OfNat took 0.858ms
sym typeclass inference of OfNat took 0.0482ms
sym canon took 0.221ms
grind mark subsingleton took 0.00165ms
sym canon took 0.000842ms
grind mark subsingleton took 0.000691ms
sym canon took 0.000241ms
grind mark subsingleton took 0.000461ms
sym canon took 0.00017ms
grind mark subsingleton took 0.0255ms
sym typeclass inference of Pow took 0.162ms
sym canon took 0.182ms
grind mark subsingleton took 0.00153ms
sym canon took 0.000421ms
grind mark subsingleton took 0.000581ms
sym canon took 0.00023ms
grind mark subsingleton took 0.000421ms
sym canon took 0.00019ms
grind mark subsingleton took 0.00563ms
sym canon took 0.00031ms
sym typeclass inference of Lean.Grind.CommRing took 0.661ms
sym typeclass inference of Lean.Grind.CommSemiring took 0.0289ms
sym typeclass inference of Lean.Grind.Semiring took 0.0808ms
sym canon took 0.021ms
typeclass inference of Lean.Grind.CommSemiring took 0.0187ms
sym typeclass inference of Lean.Grind.CommRing took 0.0915ms
sym typeclass inference of Lean.Grind.IsCharP took 0.521ms
typeclass inference of Lean.Grind.CommSemiring took 0.0129ms
sym typeclass inference of Lean.Grind.NatModule took 6.7ms
sym typeclass inference of Lean.Grind.NoNatZeroDivisors took 0.382ms
sym typeclass inference of Lean.Grind.Field took 0.418ms
typeclass inference of Lean.Grind.CommSemiring took 0.0273ms
typeclass inference of Lean.Grind.CommSemiring took 0.14ms
typeclass inference of Field took 0.32ms
typeclass inference of Field took 0.0023ms
typeclass inference of Field took 0.00138ms
typeclass inference of Field took 0.00108ms
typeclass inference of Field took 0.0021ms
typeclass inference of Field took 0.00155ms
typeclass inference of Field took 0.00115ms
typeclass inference of Field took 0.00141ms
sym typeclass inference of Lean.Grind.PowIdentity took 1.59ms
sym typeclass inference of Lean.Grind.CommRing took 0.054ms
sym typeclass inference of Lean.Grind.IsCharP took 0.22ms
sym typeclass inference of Lean.Grind.NatModule took 0.15ms
sym typeclass inference of Lean.Grind.NoNatZeroDivisors took 0.843ms
sym typeclass inference of Lean.Grind.Field took 0.42ms
typeclass inference of Lean.Grind.CommSemiring took 0.0781ms
typeclass inference of Field took 0.276ms
typeclass inference of Field took 0.00234ms
typeclass inference of Field took 0.00156ms
typeclass inference of Field took 0.00208ms
typeclass inference of Field took 0.00167ms
typeclass inference of Field took 0.00125ms
sym typeclass inference of Lean.Grind.PowIdentity took 0.997ms
sym typeclass inference of NatCast took 0.0323ms
sym typeclass inference of NatCast took 0.00287ms
sym canon took 0.0226ms
sym typeclass inference of LE took 0.000301ms
typeclass inference of Preorder took 1.12ms
typeclass inference of Std.IsPreorder took 0.345ms
typeclass inference of PartialOrder took 0.721ms
typeclass inference of Std.IsPartialOrder took 0.127ms
typeclass inference of Std.LinearPreorderPackage took 0.051ms
typeclass inference of Std.LinearPreorderPackage took 0.00244ms
typeclass inference of Std.LinearPreorderPackage took 0.0013ms
typeclass inference of Std.IsLinearPreorder took 0.27ms
sym typeclass inference of LT took 0.00033ms
sym typeclass inference of LE took 0.000201ms
sym canon took 0.0134ms
typeclass inference of Std.LawfulOrderLT took 0.0365ms
sym typeclass inference of LT took 0.00018ms
sym canon took 0.012ms
sym typeclass inference of Lean.Grind.OrderedRing took 0.0913ms
typeclass inference of OfNat took 0.0467ms
typeclass inference of OfNat took 0.0329ms
sym typeclass inference of HAdd took 0.00019ms
sym typeclass inference of HAdd took 0.000251ms
sym canon took 0.0186ms
typeclass inference of OfNat took 0.00302ms
sym typeclass inference of IntCast took 0.0283ms
sym typeclass inference of IntCast took 0.00262ms
sym canon took 0.0114ms
typeclass inference of OfNat took 0.00455ms
typeclass inference of OfNat took 0.0451ms
typeclass inference of OfNat took 0.00861ms
sym typeclass inference of HPow took 0.00564ms
sym canon took 0.00913ms
congr simp thm took 0.00437ms
congr simp thm took 0.00343ms
congr simp thm took 0.000661ms
congr simp thm took 0.000641ms
grind simp took 0.566ms
grind mark subsingleton took 0.0215ms
sym typeclass inference of LE took 0.0003ms
sym typeclass inference of OfNat took 0.0741ms
sym canon took 0.124ms
typeclass inference of OfNat took 0.0549ms
typeclass inference of OfNat took 0.037ms
typeclass inference of OfNat took 0.00231ms
typeclass inference of OfNat took 0.00173ms
congr simp thm took 0.00444ms
congr simp thm took 0.00036ms
congr simp thm took 0.00139ms
congr simp thm took 0.00252ms
congr simp thm took 0.00317ms
typeclass inference of Decidable took 0.133ms
congr simp thm took 0.000601ms
grind simp took 0.962ms
grind mark subsingleton took 0.0154ms
sym typeclass inference of OfNat took 0.0565ms
sym canon took 0.0864ms
typeclass inference of OfNat took 0.0493ms
typeclass inference of OfNat took 0.0343ms
typeclass inference of OfNat took 0.00216ms
typeclass inference of OfNat took 0.00176ms
congr simp thm took 0.000701ms
congr simp thm took 0.000261ms
congr simp thm took 0.000681ms
congr simp thm took 0.000261ms
typeclass inference of Decidable took 0.11ms
congr simp thm took 0.000581ms
grind simp took 0.315ms
grind mark subsingleton took 0.0144ms
sym canon took 0.0631ms
typeclass inference of OfNat took 0.06ms
typeclass inference of OfNat took 0.0426ms
typeclass inference of OfNat took 0.00224ms
typeclass inference of OfNat took 0.00169ms
congr simp thm took 0.000562ms
congr simp thm took 0.00027ms
congr simp thm took 0.000591ms
congr simp thm took 0.000281ms
typeclass inference of Decidable took 0.101ms
congr simp thm took 0.000521ms
grind simp took 0.29ms
grind mark subsingleton took 0.0135ms
sym typeclass inference of OfNat took 0.048ms
sym canon took 0.0753ms
typeclass inference of OfNat took 0.0491ms
typeclass inference of OfNat took 0.0325ms
typeclass inference of OfNat took 0.0021ms
typeclass inference of OfNat took 0.00159ms
congr simp thm took 0.00102ms
grind simp took 0.254ms
grind mark subsingleton took 0.0186ms
sym typeclass inference of OfNat took 0.0569ms
sym canon took 0.0291ms
typeclass inference of OfNat took 0.05ms
typeclass inference of OfNat took 0.0335ms
typeclass inference of OfNat took 0.00218ms
congr simp thm took 0.000661ms
grind simp took 0.117ms
grind mark subsingleton took 0.0284ms
sym canon took 0.0605ms
congr simp thm took 0.000651ms
congr simp thm took 0.00041ms
grind simp took 0.18ms
grind mark subsingleton took 0.111ms
sym typeclass inference of HAdd took 1.36ms
sym canon took 0.0889ms
sym typeclass inference of HAdd took 0.00461ms
sym canon took 0.0104ms
congr simp thm took 0.000702ms
congr simp thm took 0.000681ms
congr simp thm took 0.000371ms
congr simp thm took 0.000641ms
grind simp took 0.328ms
grind mark subsingleton took 0.0129ms
sym typeclass inference of OfNat took 0.0631ms
sym canon took 0.0296ms
typeclass inference of OfNat took 0.0497ms
typeclass inference of OfNat took 0.0337ms
typeclass inference of OfNat took 0.00216ms
congr simp thm took 0.000801ms
congr simp thm took 0.000421ms
congr simp thm took 0.000601ms
grind simp took 0.238ms
grind mark subsingleton took 0.089ms
sym typeclass inference of OfNat took 0.0778ms
sym canon took 0.146ms
typeclass inference of OfNat took 0.0618ms
typeclass inference of OfNat took 0.0448ms
typeclass inference of OfNat took 0.00309ms
congr simp thm took 0.000682ms
congr simp thm took 0.000391ms
congr simp thm took 0.000491ms
congr simp thm took 0.000621ms
congr simp thm took 0.000351ms
congr simp thm took 0.000371ms
grind simp took 0.356ms
grind mark subsingleton took 0.0377ms
sym typeclass inference of HAdd took 0.000301ms
sym typeclass inference of HMul took 0.000151ms
sym typeclass inference of OfNat took 0.0516ms
sym canon took 0.0627ms
sym typeclass inference of HMul took 0.000421ms
sym typeclass inference of HMul took 0.00026ms
sym canon took 0.0138ms
typeclass inference of OfNat took 0.0445ms
typeclass inference of OfNat took 0.00244ms
typeclass inference of OfNat took 0.0342ms
typeclass inference of OfNat took 0.00183ms
congr simp thm took 0.000762ms
congr simp thm took 0.00038ms
congr simp thm took 0.00036ms
congr simp thm took 0.000461ms
congr simp thm took 0.000632ms
congr simp thm took 0.00036ms
grind simp took 0.435ms
grind mark subsingleton took 0.103ms
sym canon took 0.0662ms
sym typeclass inference of HMul took 0.000401ms
sym canon took 0.00605ms
congr simp thm took 0.000782ms
congr simp thm took 0.000351ms
congr simp thm took 0.000481ms
congr simp thm took 0.000401ms
congr simp thm took 0.000311ms
congr simp thm took 0.00028ms
congr simp thm took 0.000691ms
congr simp thm took 0.000481ms
congr simp thm took 0.000201ms
congr simp thm took 0.000271ms
grind simp took 0.655ms
grind mark subsingleton took 0.0572ms
sym canon took 0.0347ms
typeclass inference of OfNat took 0.064ms
typeclass inference of OfNat took 0.00283ms
typeclass inference of OfNat took 0.0398ms
typeclass inference of OfNat took 0.00215ms
congr simp thm took 0.000821ms
congr simp thm took 0.000341ms
congr simp thm took 0.000361ms
congr simp thm took 0.000451ms
congr simp thm took 0.000551ms
congr simp thm took 0.000321ms
congr simp thm took 0.00031ms
congr simp thm took 0.000871ms
congr simp thm took 0.000331ms
congr simp thm took 0.00031ms
grind simp took 0.711ms
grind mark subsingleton took 0.243ms
sym canon took 0.122ms
sym typeclass inference of HAdd took 0.000441ms
sym canon took 0.00625ms
congr simp thm took 0.000741ms
congr simp thm took 0.000401ms
congr simp thm took 0.000501ms
congr simp thm took 0.000591ms
congr simp thm took 0.000281ms
congr simp thm took 0.000301ms
typeclass inference of Decidable took 0.122ms
congr simp thm took 0.000641ms
congr simp thm took 0.000311ms
grind simp took 0.445ms
grind mark subsingleton took 0.0254ms
sym typeclass inference of OfNat took 0.0486ms
sym canon took 0.0449ms
typeclass inference of OfNat took 0.0491ms
typeclass inference of OfNat took 0.0328ms
typeclass inference of OfNat took 0.00222ms
typeclass inference of OfNat took 0.00159ms
sym typeclass inference of Neg took 0.0412ms
sym typeclass inference of OfNat took 0.00293ms
sym canon took 0.112ms
sym typeclass inference of Neg took 0.00262ms
sym canon took 0.00278ms
typeclass inference of OfNat took 0.00312ms
grind mark subsingleton took 0.0355ms
sym canon took 0.00134ms
sym canon took 0.0011ms
typeclass inference of OfNat took 0.00448ms
grind mark subsingleton took 0.0222ms
sym canon took 0.00132ms
congr simp thm took 0.00787ms
congr simp thm took 0.000601ms
congr simp thm took 0.000852ms
congr simp thm took 0.000711ms
congr simp thm took 0.000271ms
congr simp thm took 0.00029ms
congr simp thm took 0.000651ms
congr simp thm took 0.000351ms
grind simp took 0.562ms
grind mark subsingleton took 0.0247ms
sym canon took 0.0123ms
sym typeclass inference of OfNat took 0.084ms
sym canon took 0.0691ms
typeclass inference of OfNat took 0.00389ms
grind mark subsingleton took 0.0401ms
sym canon took 0.00174ms
sym canon took 0.000981ms
typeclass inference of OfNat took 0.00485ms
grind mark subsingleton took 0.0289ms
sym canon took 0.00159ms
grind took 13.2ms
instantiate metavars took 0.0323ms
tactic execution of Lean.Parser.Tactic.grind took 1.76ms
tactic execution of Lean.Parser.Tactic.tacticSeq1Indented took 0.0207ms
tactic execution of Lean.Parser.Tactic.tacticSeq took 0.0106ms
tactic execution of Lean.Parser.Tactic.paren took 0.0095ms
tactic execution of Lean.Parser.Tactic.withAnnotateState took 0.0149ms
tactic execution of Lean.Parser.Tactic.tacticSeq1Indented took 0.00982ms
tactic execution of Lean.Parser.Tactic.tacticSeq took 0.0082ms
tactic execution of Lean.Parser.Tactic.case took 0.0622ms
tactic execution of Lean.Parser.Tactic.tacticSeq1Indented took 0.0215ms
tactic execution of Lean.Parser.Tactic.tacticSeq took 0.0107ms
tactic execution of Lean.Parser.Tactic.focus took 0.0149ms
tactic execution of Lean.Parser.Tactic.tacticHave__ took 0.0336ms
typeclass inference of HMul took 1.64ms
typeclass inference of HMul took 1.05ms
typeclass inference of HMul took 0.146ms
typeclass inference of HMul took 0.198ms
tactic execution of Lean.Parser.Tactic.refine took 1.44ms
tactic execution of Lean.Parser.Tactic.rotateRight took 0.0233ms
tactic execution of Lean.Parser.Tactic.tacticSeq1Indented took 0.0181ms
tactic execution of Lean.Parser.Tactic.tacticSeq took 0.00537ms
tactic execution of Lean.Parser.Tactic.paren took 0.00903ms
tactic execution of Lean.Parser.Tactic.tacticSeq1Indented took 0.0089ms
tactic execution of Lean.Parser.Tactic.tacticSeq took 0.00881ms
tactic execution of Lean.Parser.Tactic.focus took 0.0132ms
tactic execution of Lean.Parser.Tactic.tacticRefine_lift_ took 0.0115ms
tactic execution of Lean.Parser.Tactic.tacticHave__ took 0.0465ms
tactic execution of Lean.Parser.Tactic.rewriteSeq took 0.959ms
tactic execution of Lean.Parser.Tactic.exact took 0.133ms
tactic execution of Lean.Parser.Tactic.exact took 0.102ms
tactic execution of Lean.Parser.Tactic.eqRefl took 0.0195ms
tactic execution of Lean.Parser.Tactic.tacticRfl took 0.0523ms
tactic execution of Lean.Parser.Tactic.tacticSeq1Indented took 0.00736ms
tactic execution of Lean.Parser.Tactic.tacticSeq took 0.00437ms
tactic execution of Lean.Parser.Tactic.withReducible took 0.0089ms
tactic execution of Lean.Parser.Tactic.tacticSeq1Indented took 0.00367ms
tactic execution of Lean.Parser.Tactic.tacticSeq took 0.00343ms
tactic execution of Lean.Parser.Tactic.paren took 0.00262ms
tactic execution of Lean.Parser.Tactic.tacticSeq1Indented took 0.0231ms
tactic execution of Lean.Parser.Tactic.tacticSeq took 0.00286ms
tactic execution of Lean.Parser.Tactic.first took 0.0088ms
tactic execution of Lean.Parser.Tactic.tacticTry_ took 0.0108ms
tactic execution of Lean.Parser.Tactic.tacticSeq1Indented took 0.00351ms
tactic execution of Lean.Parser.Tactic.tacticSeq took 0.00297ms
tactic execution of Lean.Parser.Tactic.paren took 0.00382ms
tactic execution of Lean.Parser.Tactic.withAnnotateState took 0.0227ms
tactic execution of Lean.Parser.Tactic.tacticSeq1Indented took 0.012ms
tactic execution of Lean.Parser.Tactic.tacticSeq took 0.00362ms
tactic execution of Lean.Parser.Tactic.paren took 0.0043ms
tactic execution of Lean.Parser.Tactic.rwSeq took 0.0407ms
tactic execution of Lean.Parser.Tactic.tacticSeq1Indented took 0.137ms
tactic execution of Lean.Parser.Tactic.tacticSeq took 0.0367ms
instantiate metavars took 0.489ms
instantiate metavars took 0.000321ms
instantiate metavars took 0.000161ms
instantiate metavars took 0.00014ms
instantiate metavars took 0.00011ms
share common exprs took 1.89ms
fix level params took 0.0733ms
let-to-have transformation took 0.0106ms
attribute application took 0.00317ms
attribute application took 0.000772ms
process pre-definitions took 1.09ms
elaboration took 2.43ms
type checking took 0.193ms
type checking took 8.14ms
type checking took 7.25ms
type checking took 6.29ms
type checking took 6.26ms
type checking took 10.9ms
overlappingInstancesLinter took 0.341ms
tacticAnalysis took 5.46ms
linting took 18.3ms
attribute application took 0.0022ms
typeclass inference of OfNat took 0.0606ms
typeclass inference of OfNat took 0.0385ms
typeclass inference of HSub took 1.09ms
typeclass inference of HMul took 0.999ms
typeclass inference of HMul took 0.96ms
typeclass inference of HSub took 0.862ms
typeclass inference of OfNat took 0.943ms
typeclass inference of OfNat took 0.183ms
typeclass inference of OfNat took 0.0517ms
typeclass inference of OfNat took 0.0406ms
typeclass inference of OfNat took 0.0312ms
typeclass inference of OfNat took 0.0381ms
typeclass inference of OfNat took 0.0305ms
typeclass inference of OfNat took 0.0279ms
typeclass inference of OfNat took 0.0286ms
typeclass inference of HSub took 0.00603ms
typeclass inference of HSub took 0.00237ms
typeclass inference of HMul took 0.00387ms
typeclass inference of HSub took 0.0369ms
typeclass inference of HPow took 0.267ms
typeclass inference of HMul took 1.19ms
typeclass inference of HSub took 0.0549ms
typeclass inference of OfNat took 1.16ms
typeclass inference of OfNat took 0.0625ms
typeclass inference of OfNat took 0.00497ms
typeclass inference of HPow took 0.151ms
typeclass inference of HMul took 0.127ms
typeclass inference of HSub took 0.0852ms
typeclass inference of OfNat took 0.0748ms
typeclass inference of HPow took 0.117ms
typeclass inference of HMul took 0.0515ms
typeclass inference of HSub took 0.0424ms
typeclass inference of OfNat took 0.0571ms
typeclass inference of OfNat took 0.0413ms
typeclass inference of OfNat took 0.0325ms
typeclass inference of OfNat took 0.0289ms
typeclass inference of HPow took 0.127ms
typeclass inference of LE took 0.0304ms
typeclass inference of OfNat took 0.0346ms
typeclass inference of OfNat took 0.0682ms
typeclass inference of HPow took 0.111ms
typeclass inference of OfNat took 0.0369ms
typeclass inference of HPow took 0.103ms
typeclass inference of OfNat took 0.0533ms
typeclass inference of OfNat took 0.0403ms
typeclass inference of OfNat took 0.0333ms
typeclass inference of OfNat took 0.0287ms
typeclass inference of HPow took 0.123ms
typeclass inference of LT took 0.0291ms
typeclass inference of OfNat took 0.00316ms
typeclass inference of OfNat took 0.0461ms
typeclass inference of HPow took 0.125ms
typeclass inference of OfNat took 0.066ms
typeclass inference of HPow took 0.141ms
typeclass inference of OfNat took 0.0528ms
typeclass inference of OfNat took 0.0406ms
typeclass inference of OfNat took 0.0337ms
typeclass inference of OfNat took 0.0294ms
typeclass inference of HPow took 0.127ms
typeclass inference of LT took 0.00327ms
typeclass inference of OfNat took 0.0028ms
typeclass inference of OfNat took 0.0472ms
typeclass inference of HPow took 0.115ms
typeclass inference of OfNat took 0.0365ms
typeclass inference of HPow took 0.103ms
typeclass inference of OfNat took 0.0533ms
typeclass inference of OfNat took 0.041ms
typeclass inference of OfNat took 0.0328ms
typeclass inference of OfNat took 0.0293ms
typeclass inference of HPow took 0.127ms
typeclass inference of LT took 0.00331ms
typeclass inference of OfNat took 0.00264ms
typeclass inference of OfNat took 0.0472ms
typeclass inference of HPow took 0.108ms
typeclass inference of OfNat took 0.0405ms
typeclass inference of HPow took 0.118ms
typeclass inference of OfNat took 0.0665ms
typeclass inference of OfNat took 0.064ms
typeclass inference of OfNat took 0.0476ms
typeclass inference of OfNat took 0.0325ms
typeclass inference of HMul took 0.125ms
typeclass inference of HAdd took 0.133ms
typeclass inference of HMul took 0.0032ms
typeclass inference of HMul took 0.144ms
typeclass inference of HPow took 0.127ms
typeclass inference of HMul took 0.0544ms
typeclass inference of HAdd took 0.0496ms
typeclass inference of OfNat took 0.00359ms
typeclass inference of OfNat took 0.0496ms
typeclass inference of HPow took 0.13ms
typeclass inference of HMul took 0.0726ms
typeclass inference of HAdd took 0.0602ms
typeclass inference of OfNat took 0.0535ms
typeclass inference of HPow took 0.11ms
typeclass inference of HMul took 0.0495ms
typeclass inference of HAdd took 0.0439ms
typeclass inference of OfNat took 0.0424ms
typeclass inference of HPow took 0.111ms
typeclass inference of HMul took 0.0505ms
typeclass inference of HSub took 0.0457ms
typeclass inference of OfNat took 0.0395ms
typeclass inference of HPow took 0.106ms
typeclass inference of OfNat took 0.0377ms
typeclass inference of HPow took 0.104ms
typeclass inference of OfNat took 0.0366ms
typeclass inference of HPow took 0.111ms
typeclass inference of OfNat took 0.037ms
typeclass inference of HPow took 0.105ms
typeclass inference of OfNat took 0.0364ms
typeclass inference of HPow took 0.103ms
typeclass inference of HMul took 0.0487ms
typeclass inference of HAdd took 0.0465ms
typeclass inference of OfNat took 0.0521ms
typeclass inference of HPow took 0.149ms
typeclass inference of HMul took 0.0557ms
typeclass inference of HSub took 0.0581ms
typeclass inference of OfNat took 0.0391ms
typeclass inference of HPow took 0.125ms
typeclass inference of OfNat took 0.0369ms
typeclass inference of HPow took 0.113ms
typeclass inference of OfNat took 0.0367ms
typeclass inference of HPow took 0.154ms
typeclass inference of OfNat took 0.0462ms
typeclass inference of HPow took 0.12ms
typeclass inference of OfNat took 0.0403ms
typeclass inference of HPow took 0.108ms
typeclass inference of HMul took 0.0487ms
typeclass inference of HAdd took 0.0446ms
typeclass inference of Pow took 0.0397ms
typeclass inference of CategoryTheory.CartesianMonoidalCategory took 0.0901ms
typeclass inference of CategoryTheory.CartesianMonoidalCategory took 0.0046ms
typeclass inference of NPow took 2.18ms
typeclass inference of OfNat took 0.0448ms
typeclass inference of HMul took 0.0414ms
typeclass inference of HSub took 0.0046ms
typeclass inference of OfNat took 0.0569ms
typeclass inference of HPow took 0.125ms
typeclass inference of OfNat took 0.0396ms
typeclass inference of HPow took 0.111ms
typeclass inference of OfNat took 0.0381ms
typeclass inference of HPow took 0.117ms
typeclass inference of OfNat took 0.0546ms
typeclass inference of HPow took 0.117ms
typeclass inference of OfNat took 0.0371ms
typeclass inference of HPow took 0.104ms
typeclass inference of HMul took 0.0533ms
typeclass inference of HAdd took 0.0484ms
typeclass inference of OfNat took 0.0418ms
typeclass inference of HPow took 0.118ms
typeclass inference of OfNat took 0.0531ms
typeclass inference of HPow took 0.104ms
typeclass inference of OfNat took 0.0437ms
typeclass inference of HPow took 0.113ms
typeclass inference of OfNat took 0.0624ms
typeclass inference of HPow took 0.14ms
typeclass inference of OfNat took 0.0374ms
typeclass inference of HPow took 0.103ms
typeclass inference of HMul took 0.05ms
typeclass inference of HAdd took 0.0459ms
typeclass inference of OfNat took 0.0379ms
typeclass inference of HPow took 0.104ms
typeclass inference of OfNat took 0.0368ms
typeclass inference of HPow took 0.103ms
typeclass inference of OfNat took 0.0362ms
typeclass inference of HPow took 0.102ms
typeclass inference of OfNat took 0.0364ms
typeclass inference of HPow took 0.1ms
typeclass inference of OfNat took 0.0353ms
typeclass inference of HPow took 0.11ms
typeclass inference of HMul took 0.0506ms
typeclass inference of HAdd took 0.0464ms
typeclass inference of Pow took 0.0379ms
typeclass inference of NPow took 0.0849ms
typeclass inference of OfNat took 0.0362ms
typeclass inference of OfNat took 0.0405ms
typeclass inference of HPow took 0.111ms
typeclass inference of OfNat took 0.0384ms
typeclass inference of HPow took 0.105ms
typeclass inference of OfNat took 0.036ms
typeclass inference of HPow took 0.104ms
typeclass inference of OfNat took 0.0368ms
typeclass inference of HPow took 0.109ms
typeclass inference of HMul took 0.0499ms
typeclass inference of HAdd took 0.045ms
typeclass inference of OfNat took 0.0381ms
typeclass inference of HPow took 0.122ms
typeclass inference of OfNat took 0.036ms
typeclass inference of HPow took 0.101ms
typeclass inference of OfNat took 0.0356ms
typeclass inference of HPow took 0.102ms
typeclass inference of OfNat took 0.0347ms
typeclass inference of HPow took 0.101ms
typeclass inference of HMul took 0.049ms
typeclass inference of HAdd took 0.0451ms
typeclass inference of OfNat took 0.0384ms
typeclass inference of HPow took 0.11ms
typeclass inference of OfNat took 0.0364ms
typeclass inference of HPow took 0.101ms
typeclass inference of OfNat took 0.0352ms
typeclass inference of HPow took 0.109ms
typeclass inference of OfNat took 0.0656ms
typeclass inference of HPow took 0.123ms
typeclass inference of HMul took 0.0494ms
typeclass inference of HAdd took 0.0439ms
typeclass inference of Pow took 0.0381ms
typeclass inference of NPow took 0.00315ms
typeclass inference of OfNat took 0.00269ms
typeclass inference of OfNat took 0.0419ms
typeclass inference of HPow took 0.108ms
typeclass inference of OfNat took 0.0457ms
typeclass inference of HPow took 0.107ms
typeclass inference of OfNat took 0.0361ms
typeclass inference of HPow took 0.111ms
typeclass inference of HMul took 0.0485ms
typeclass inference of HAdd took 0.0453ms
typeclass inference of OfNat took 0.0377ms
typeclass inference of HPow took 0.119ms
typeclass inference of OfNat took 0.0364ms
typeclass inference of HPow took 0.101ms
typeclass inference of OfNat took 0.0355ms
typeclass inference of HPow took 0.0984ms
typeclass inference of HMul took 0.0581ms
typeclass inference of HAdd took 0.044ms
typeclass inference of OfNat took 0.0421ms
typeclass inference of HPow took 0.106ms
typeclass inference of OfNat took 0.0365ms
typeclass inference of HPow took 0.109ms
typeclass inference of OfNat took 0.0353ms
typeclass inference of HPow took 0.1ms
typeclass inference of HMul took 0.0486ms
typeclass inference of HAdd took 0.0436ms
typeclass inference of Pow took 0.0502ms
typeclass inference of NPow took 0.00396ms
typeclass inference of OfNat took 0.00386ms
typeclass inference of OfNat took 0.06ms
typeclass inference of HPow took 0.108ms
typeclass inference of OfNat took 0.0363ms
typeclass inference of HPow took 0.11ms
typeclass inference of HMul took 0.0502ms
typeclass inference of HAdd took 0.0459ms
typeclass inference of OfNat took 0.0385ms
typeclass inference of HPow took 0.103ms
typeclass inference of OfNat took 0.0357ms
typeclass inference of HPow took 0.102ms
typeclass inference of HMul took 0.0488ms
typeclass inference of HAdd took 0.0442ms
typeclass inference of OfNat took 0.0412ms
typeclass inference of HPow took 0.104ms
typeclass inference of OfNat took 0.0361ms
typeclass inference of HPow took 0.102ms
typeclass inference of HMul took 0.0485ms
typeclass inference of HAdd took 0.0448ms
typeclass inference of Pow took 0.0408ms
typeclass inference of NPow took 0.00312ms
typeclass inference of OfNat took 0.00294ms
typeclass inference of OfNat took 0.0413ms
typeclass inference of HPow took 0.107ms
typeclass inference of HMul took 0.0483ms
typeclass inference of HAdd took 0.045ms
typeclass inference of OfNat took 0.0378ms
typeclass inference of HPow took 0.116ms
typeclass inference of HMul took 0.0723ms
typeclass inference of HAdd took 0.0569ms
typeclass inference of OfNat took 0.0371ms
typeclass inference of HPow took 0.108ms
typeclass inference of HMul took 0.0486ms
typeclass inference of HAdd took 0.0455ms
typeclass inference of Pow took 0.0454ms
typeclass inference of NPow took 0.00319ms
typeclass inference of OfNat took 0.00255ms
typeclass inference of HMul took 0.0323ms
typeclass inference of HAdd took 0.00346ms
instantiate metavars took 0.0542ms
instantiate metavars took 0.000471ms
typeclass inference of AddMonoidWithOne took 0.0433ms
norm_num took 0.229ms
typeclass inference of AddMonoidWithOne took 0.00436ms
norm_num took 0.0542ms
norm_num took 0.324ms
typeclass inference of Semiring took 0.0422ms
typeclass inference of AddMonoidWithOne took 0.00328ms
norm_num took 0.0698ms
norm_num took 0.646ms
norm_num took 0.0211ms
norm_num took 0.178ms
congr simp thm took 0.0544ms
norm_num took 0.00614ms
norm_num took 0.0027ms
typeclass inference of AddMonoidWithOne took 0.00582ms
norm_num took 0.108ms
typeclass inference of AddMonoidWithOne took 0.00332ms
norm_num took 0.0445ms
norm_num took 0.188ms
typeclass inference of Semiring took 0.00589ms
typeclass inference of AddMonoidWithOne took 0.0037ms
norm_num took 0.0657ms
norm_num took 0.192ms
norm_num took 0.00707ms
typeclass inference of Preorder took 0.75ms
typeclass inference of Preorder took 0.0637ms
typeclass inference of AddMonoidWithOne took 0.00441ms
norm_num took 0.103ms
typeclass inference of AddMonoidWithOne took 0.00313ms
norm_num took 0.0437ms
typeclass inference of LT took 0.0397ms
typeclass inference of Semiring took 0.00248ms
typeclass inference of PartialOrder took 0.0528ms
typeclass inference of CommSemiring took 0.0397ms
typeclass inference of IsOrderedRing took 1.58ms
typeclass inference of CharZero took 0.0428ms
norm_num took 0.346ms
tactic execution of Mathlib.Tactic.normNum took 2.36ms
tactic execution of Lean.Parser.Tactic.tacticSeq1Indented took 0.0105ms
tactic execution of Lean.Parser.Tactic.tacticSeq took 0.0153ms
typeclass inference of AddMonoidWithOne took 0.0409ms
norm_num took 0.165ms
typeclass inference of AddMonoidWithOne took 0.0044ms
norm_num took 0.052ms
norm_num took 0.217ms
typeclass inference of Semiring took 0.0406ms
typeclass inference of AddMonoidWithOne took 0.00249ms
norm_num took 0.0518ms
norm_num took 0.511ms
norm_num took 0.0285ms
norm_num took 0.149ms
congr simp thm took 0.00881ms
norm_num took 0.00698ms
norm_num took 0.00426ms
typeclass inference of AddMonoidWithOne took 0.00594ms
norm_num took 0.103ms
typeclass inference of AddMonoidWithOne took 0.00351ms
norm_num took 0.0407ms
norm_num took 0.114ms
typeclass inference of Semiring took 0.00284ms
typeclass inference of AddMonoidWithOne took 0.00206ms
norm_num took 0.0384ms
norm_num took 0.136ms
norm_num took 0.00404ms
typeclass inference of Preorder took 0.159ms
typeclass inference of Preorder took 0.113ms
typeclass inference of AddMonoidWithOne took 0.0047ms
norm_num took 0.0954ms
typeclass inference of AddMonoidWithOne took 0.00287ms
norm_num took 0.0433ms
typeclass inference of LT took 0.0302ms
typeclass inference of Semiring took 0.00207ms
typeclass inference of PartialOrder took 0.032ms
typeclass inference of CommSemiring took 0.0226ms
typeclass inference of IsOrderedRing took 0.982ms
typeclass inference of CharZero took 0.0375ms
norm_num took 0.137ms
tactic execution of Mathlib.Tactic.normNum took 1.14ms
tactic execution of Lean.Parser.Tactic.tacticSeq1Indented took 0.0108ms
tactic execution of Lean.Parser.Tactic.tacticSeq took 0.0171ms
instantiate metavars took 0.00627ms
instantiate metavars took 0.000221ms
instantiate metavars took 0.00014ms
instantiate metavars took 0.000111ms
instantiate metavars took 0.000111ms
share common exprs took 0.206ms
fix level params took 0.0339ms
attribute application took 0.00284ms
attribute application took 0.00672ms
process pre-definitions took 0.44ms
elaboration took 7.34ms
type checking took 2.38ms
overlappingInstancesLinter took 0.228ms
tacticAnalysis took 1.07ms
linting took 3.79ms
elaboration took 0.137ms
overlappingInstancesLinter took 0.0405ms
tacticAnalysis took 0.197ms
linting took 1.49ms
'RmsNorm.carry_stage_lift' depends on axioms: [propext, Classical.choice, Quot.sound]
elaboration took 718ms
overlappingInstancesLinter took 0.0528ms
tacticAnalysis took 0.217ms
linting took 1.84ms
'RmsNorm.carry_stage_lift_production' depends on axioms: [propext, Classical.choice, Quot.sound]
elaboration took 1.61ms
overlappingInstancesLinter took 0.0555ms
tacticAnalysis took 0.0997ms
linting took 1.48ms
elaboration took 0.0209ms
overlappingInstancesLinter took 0.0238ms
tacticAnalysis took 0.149ms
linting took 0.929ms
module linting took 0.00145ms
cumulative profiling times:
	attribute application 0.0461ms
	congr simp thm 0.638ms
	elaboration 750ms
	fix level params 0.277ms
	grind 48.7ms
	grind cutsat 0.447ms
	grind mark subsingleton 3.06ms
	grind ring 0.132ms
	grind simp 21.6ms
	instantiate metavars 1.39ms
	interpretation 0.146ms
	let-to-have transformation 0.0782ms
	linting 68ms
	module linting 0.00112ms
	norm_num 11ms
	overlappingInstancesLinter 1.82ms
	parsing 5.71ms
	process pre-definitions 3.58ms
	ring 13.6ms
	share common exprs 5.58ms
	simp 1.67ms
	sym canon 6.67ms
	sym typeclass inference 463ms
	tactic execution 118ms
	tacticAnalysis 18.3ms
	type checking 83.4ms
	typeclass inference 354ms
PEAK_RSS_BYTES=705675264
EXIT=0 WALL=5.0s CAP=8G
