parsing took 0.011ms
parsing took 0.451ms
parsing took 0.458ms
parsing took 0.509ms
parsing took 2.57ms
overlappingInstancesLinter took 0.0597ms
tacticAnalysis took 0.285ms
linting took 1.87ms
elaboration took 0.25ms
overlappingInstancesLinter took 0.13ms
tacticAnalysis took 0.46ms
linting took 2.8ms
attribute application took 0.00447ms
typeclass inference of HAdd took 0.4ms
typeclass inference of HAdd took 0.24ms
typeclass inference of LT took 0.0645ms
typeclass inference of HAdd took 1.58ms
typeclass inference of HAdd took 1.16ms
typeclass inference of HAdd took 0.00633ms
typeclass inference of HAdd took 0.0437ms
instantiate metavars took 0.00445ms
instantiate metavars took 0.00025ms
let-to-have transformation took 0.00773ms
attribute application took 0.0023ms
attribute application took 0.000801ms
elaboration took 2.63ms
typeclass inference of NeZero took 0.349ms
typeclass inference of NeZero took 0.0499ms
typeclass inference of NeZero took 0.049ms
tactic execution of Lean.Parser.Tactic.rewriteSeq took 0.883ms
tactic execution of Lean.Parser.Tactic.exact took 0.173ms
tactic execution of Lean.Parser.Tactic.exact took 0.123ms
tactic execution of Lean.Parser.Tactic.eqRefl took 0.0236ms
tactic execution of Lean.Parser.Tactic.tacticRfl took 0.0661ms
tactic execution of Lean.Parser.Tactic.tacticSeq1Indented took 0.0073ms
tactic execution of Lean.Parser.Tactic.tacticSeq took 0.00612ms
tactic execution of Lean.Parser.Tactic.withReducible took 0.0112ms
tactic execution of Lean.Parser.Tactic.tacticSeq1Indented took 0.0102ms
tactic execution of Lean.Parser.Tactic.tacticSeq took 0.00535ms
tactic execution of Lean.Parser.Tactic.paren took 0.00469ms
tactic execution of Lean.Parser.Tactic.tacticSeq1Indented took 0.00594ms
tactic execution of Lean.Parser.Tactic.tacticSeq took 0.0118ms
tactic execution of Lean.Parser.Tactic.first took 0.00802ms
tactic execution of Lean.Parser.Tactic.tacticTry_ took 0.00875ms
tactic execution of Lean.Parser.Tactic.tacticSeq1Indented took 0.007ms
tactic execution of Lean.Parser.Tactic.tacticSeq took 0.00443ms
tactic execution of Lean.Parser.Tactic.paren took 0.00459ms
tactic execution of Lean.Parser.Tactic.withAnnotateState took 0.0185ms
tactic execution of Lean.Parser.Tactic.tacticSeq1Indented took 0.0281ms
tactic execution of Lean.Parser.Tactic.tacticSeq took 0.00725ms
tactic execution of Lean.Parser.Tactic.paren took 0.00756ms
tactic execution of Lean.Parser.Tactic.rwSeq took 0.0335ms
tactic execution of Lean.Parser.Tactic.tacticSeq1Indented took 0.00901ms
tactic execution of Lean.Parser.Tactic.tacticSeq took 0.0178ms
instantiate metavars took 0.00634ms
instantiate metavars took 0.000231ms
instantiate metavars took 0.000351ms
instantiate metavars took 0.00012ms
instantiate metavars took 0.00013ms
share common exprs took 0.0636ms
fix level params took 0.00933ms
let-to-have transformation took 0.00588ms
attribute application took 0.00314ms
attribute application took 0.000782ms
process pre-definitions took 0.267ms
elaboration took 0.463ms
type checking took 0.329ms
overlappingInstancesLinter took 0.41ms
tacticAnalysis took 0.917ms
linting took 3.62ms
attribute application took 0.00283ms
typeclass inference of HMul took 0.217ms
typeclass inference of HMul took 0.158ms
typeclass inference of LT took 0.0569ms
typeclass inference of HMul took 1.17ms
typeclass inference of HMul took 1.13ms
typeclass inference of HMul took 0.00468ms
typeclass inference of HMul took 0.0458ms
instantiate metavars took 0.00381ms
instantiate metavars took 0.000221ms
let-to-have transformation took 0.00453ms
attribute application took 0.0018ms
attribute application took 0.000511ms
elaboration took 1.61ms
tactic execution of Lean.Parser.Tactic.rewriteSeq took 0.701ms
tactic execution of Lean.Parser.Tactic.exact took 0.174ms
tactic execution of Lean.Parser.Tactic.exact took 0.122ms
tactic execution of Lean.Parser.Tactic.eqRefl took 0.0158ms
tactic execution of Lean.Parser.Tactic.tacticRfl took 0.0639ms
tactic execution of Lean.Parser.Tactic.tacticSeq1Indented took 0.00853ms
tactic execution of Lean.Parser.Tactic.tacticSeq took 0.00622ms
tactic execution of Lean.Parser.Tactic.withReducible took 0.0112ms
tactic execution of Lean.Parser.Tparsing took 1.4ms
actic.tacticSeq1Indented took 0.00716ms
tactic execution of Lean.Parser.Tactic.tacticSeq took 0.00558ms
tactic execution of Lean.Parser.Tactic.paren took 0.0052ms
tactic execution of Lean.Parser.Tactic.tacticSeq1Indented took 0.00658ms
tactic execution of Lean.Parser.Tactic.tacticSeq took 0.00691ms
tactic execution of Lean.Parser.Tactic.first took 0.00811ms
tactic execution of Lean.Parser.Tactic.tacticTry_ took 0.0211ms
tactic execution of Lean.Parser.Tactic.tacticSeq1Indented took 0.005ms
tactic execution of Lean.Parser.Tactic.tacticSeq took 0.00466ms
tactic execution of Lean.Parser.Tactic.paren took 0.0046ms
tactic execution of Lean.Parser.Tactic.withAnnotateState took 0.0262ms
tactic execution of Lean.Parser.Tactic.tacticSeq1Indented took 0.0256ms
tactic execution of Lean.Parser.Tactic.tacticSeq took 0.00982ms
tactic execution of Lean.Parser.Tactic.paren took 0.00629ms
tactic execution of Lean.Parser.Tactic.rwSeq took 0.0098ms
tactic execution of Lean.Parser.Tactic.tacticSeq1Indented took 0.00763ms
tactic execution of Lean.Parser.Tactic.tacticSeq took 0.0178ms
instantiate metavars took 0.00769ms
instantiate metavars took 0.00024ms
instantiate metavars took 0.000191ms
instantiate metavars took 0.000201ms
instantiate metavars took 0.00019ms
share common exprs took 0.0553ms
fix level params took 0.0129ms
let-to-have transformation took 0.00531ms
attribute application took 0.0034ms
attribute application took 0.0021ms
process pre-definitions took 0.262ms
elaboration took 0.708ms
type checking took 0.275ms
overlappingInstancesLinter took 0.401ms
tacticAnalysis took 0.65ms
linting took 3.63ms
attribute application took 0.00187ms
typeclass inference of OfNat took 0.14ms
typeclass inference of OfNat took 0.0495ms
typeclass inference of OfNat took 0.0414ms
typeclass inference of HPow took 0.374ms
typeclass inference of LT took 0.0425ms
typeclass inference of OfNat took 0.0778ms
typeclass inference of OfNat took 1.31ms
typeclass inference of CategoryTheory.CartesianMonoidalCategory took 0.132ms
typeclass inference of CategoryTheory.CartesianMonoidalCategory took 0.0119ms
typeclass inference of HPow took 7.23ms
typeclass inference of OfNat took 0.171ms
typeclass inference of OfNat took 0.0636ms
typeclass inference of HPow took 0.0763ms
typeclass inference of OfNat took 0.00699ms
instantiate metavars took 0.00614ms
instantiate metavars took 0.000511ms
let-to-have transformation took 0.00974ms
attribute application took 0.00202ms
attribute application took 0.000661ms
elaboration took 1.85ms
typeclass inference of OfNat took 0.975ms
typeclass inference of OfNat took 0.126ms
typeclass inference of OfNat took 0.0428ms
typeclass inference of HPow took 0.453ms
typeclass inference of CoeT took 1.18ms
typeclass inference of OfNat took 0.0705ms
typeclass inference of CategoryTheory.CartesianMonoidalCategory took 0.045ms
typeclass inference of CategoryTheory.CartesianMonoidalCategory took 0.0236ms
typeclass inference of HPow took 2.15ms
tactic execution of Lean.Parser.Tactic.refine took 1.48ms
congr simp thm took 0.0335ms
congr simp thm took 0.0442ms
congr simp thm took 0.019ms
congr simp thm took 0.000651ms
typeclass inference of NatCast took 0.161ms
typeclass inference of NatCast took 0.052ms
typeclass inference of FunLike took 1.51ms
typeclass inference of One took 0.595ms
typeclass inference of SMul took 9.51ms
typeclass inference of SMul took 0.914ms
typeclass inference of IsSMulApply took 0.0466ms
congr simp thm took 0.054ms
congr simp thm took 0.000441ms
typeclass inference of Semiring took 0.747ms
congr simp thm took 0.000972ms
congr simp thm took 0.000341ms
typeclass inference of Nat.AtLeastTwo took 0.17ms
congr simp thm took 0.000581ms
congr simp thm took 0.000461ms
simp took 1.86ms
simp took 0.00416ms
tactic execution of Lean.Parser.Tactic.pushCast took 0.0726ms
tactic execution of Lean.Parser.Tactic.exact took 0.111ms
tactic execution of Lean.Parser.Tactic.exact took 0.0983ms
tactic execution of Lean.Parser.Tactic.eqRefl took 0.525ms
tactic execution of Lean.Parser.Tactic.tacticRfl took 0.0511ms
tactic execution of Lean.Parser.Tactic.tacticSeq1Indented took 0.0164ms
tactic execution of Lean.Parser.Tactic.tacticSeq took 0.0043ms
tactic execution of Lean.Parser.Tactic.paren took 0.00517ms
tactic execution of Lean.Parser.Tactic.withAnnotateState took 0.00847ms
tactic execution of Lean.Parser.Tactic.tacticSeq1Indented took 0.00506ms
tactic execution of Lean.Parser.Tactic.tacticSeq took 0.00511ms
tactic execution of Lean.Parser.Tactic.case took 0.097ms
tactic execution of Lean.Parser.Tactic.tacticSeq1Indented took 0.0187ms
tactic execution of Lean.Parser.Tactic.tacticSeq took 0.00703ms
tactic execution of Lean.Parser.Tactic.focus took 0.0114ms
tactic execution of Lean.Parser.Tactic.tacticHave__ took 0.023ms
tactic execution of Lean.Parser.Tactic.rewriteSeq took 0.212ms
tactic execution of Lean.Parser.Tactic.exact took 0.116ms
tactic execution of Lean.Parser.Tactic.exact took 0.0866ms
tactic execution of Lean.Parser.Tactic.eqRefl took 0.0274ms
tactic execution of Lean.Parser.Tactic.applyRfl took 0.0193ms
tactic execution of Lean.Parser.Tactic.tacticRfl took 0.0382ms
tactic execution of Lean.Parser.Tactic.tacticSeq1Indented took 0.0127ms
tactic execution of Lean.Parser.Tactic.tacticSeq took 0.00422ms
tactic execution of Lean.Parser.Tactic.withReducible took 0.00741ms
tactic execution of Lean.Parser.Tactic.tacticSeq1Indented took 0.00461ms
tactic execution of Lean.Parser.Tactic.tacticSeq took 0.00331ms
tactic execution of Lean.Parser.Tactic.paren took 0.00356ms
tactic execution of Lean.Parser.Tactic.tacticSeq1Indented took 0.00333ms
tactic execution of Lean.Parser.Tactic.tacticSeq took 0.00325ms
tactic execution of Lean.Parser.Tactic.skip took 0.00253ms
tactic execution of Lean.Parser.Tactic.tacticSeq1Indented took 0.00352ms
tactic execution of Lean.Parser.Tactic.tacticSeq took 0.00384ms
tactic execution of Lean.Parser.Tactic.first took 0.00862ms
tactic execution of Lean.Parser.Tactic.tacticTry_ took 0.00762ms
tactic execution of Lean.Parser.Tactic.tacticSeq1Indented took 0.00321ms
tactic execution of Lean.Parser.Tactic.tacticSeq took 0.00268ms
tactic execution of Lean.Parser.Tactic.paren took 0.00296ms
tactic execution of Lean.Parser.Tactic.withAnnotateState took 0.0154ms
tactic execution of Lean.Parser.Tactic.tacticSeq1Indented took 0.0133ms
tactic execution of Lean.Parser.Tactic.tacticSeq took 0.0042ms
tactic execution of Lean.Parser.Tactic.paren took 0.00605ms
tactic execution of Lean.Parser.Tactic.rwSeq took 0.0463ms
tactic execution of Lean.Parser.Tactic.exact took 0.204ms
tactic execution of Lean.Parser.Tactic.tacticSeq1Indented took 0.0213ms
tactic execution of Lean.Parser.Tactic.tacticSeq took 0.018ms
instantiate metavars took 0.0216ms
instantiate metavars took 0.00029ms
instantiate metavars took 0.000141ms
instantiate metavars took 0.000501ms
instantiate metavars took 0.0001ms
share common exprs took 0.0776ms
fix level params took 0.0158ms
let-to-have transformation took 0.00673ms
attribute application took 0.00261ms
attribute application took 0.000741ms
process pre-definitions took 0.164ms
elaboration took 0.371ms
type checking took 1.83ms
overlappingInstancesLinter took 0.159ms
tacticAnalysis took 0.913ms
linting took 5.32ms
attribute application took 0.00319ms
typeclass inference of OfNat took 0.22ms
typeclass inference of OfNat took 0.12ms
typeclass inference of HSub took 1.83ms
typeclass inference of HMul took 1.72ms
typeclass inference of HMul took 1.16ms
typeclass inference of HSub took 0.828ms
typeclass inference of OfNat took 0.818ms
typeclass inference of OfNat took 0.0624ms
typeclass inference of OfNat took 0.0533ms
typeclass inference of OfNat took 0.0496ms
typeclass inference of OfNat took 0.0373ms
typeclass inference of OfNat took 0.031ms
typeclass inference of HSub took 0.00615ms
typeclass inference of HSub took 0.00236ms
typeclass inference of HMul took 0.00282ms
typeclass inference of HSub took 0.0383ms
typeclass inference of CategoryTheory.CartesianMonoidalCategory took 0.08ms
typeclass inference of CategoryTheory.CartesianMonoidalCategory took 0.00673ms
typeclass inference of HPow took 2.79ms
typeclass inference of HMul tooparsing took 0.629ms
parsing took 0.0328ms
parsing took 0.0405ms
k 0.0448ms
typeclass inference of HSub took 0.0362ms
typeclass inference of OfNat took 0.974ms
typeclass inference of OfNat took 0.00426ms
typeclass inference of OfNat took 0.121ms
typeclass inference of OfNat took 0.0546ms
typeclass inference of HPow took 0.263ms
typeclass inference of LE took 0.0312ms
typeclass inference of OfNat took 0.039ms
typeclass inference of OfNat took 0.0656ms
typeclass inference of OfNat took 0.041ms
typeclass inference of HPow took 0.0354ms
typeclass inference of LT took 0.0334ms
typeclass inference of OfNat took 0.00278ms
typeclass inference of OfNat took 0.0761ms
typeclass inference of OfNat took 0.0732ms
typeclass inference of HPow took 0.042ms
typeclass inference of LT took 0.00312ms
typeclass inference of OfNat took 0.00269ms
typeclass inference of OfNat took 0.0545ms
typeclass inference of OfNat took 0.0413ms
typeclass inference of HPow took 0.0334ms
typeclass inference of LT took 0.00277ms
typeclass inference of OfNat took 0.00242ms
typeclass inference of OfNat took 0.0691ms
typeclass inference of OfNat took 0.0444ms
typeclass inference of HAdd took 0.14ms
typeclass inference of HAdd took 0.134ms
typeclass inference of OfNat took 0.0418ms
typeclass inference of OfNat took 0.039ms
typeclass inference of HPow took 0.034ms
typeclass inference of LT took 0.00294ms
typeclass inference of OfNat took 0.00265ms
typeclass inference of OfNat took 0.0518ms
typeclass inference of OfNat took 0.0434ms
typeclass inference of HAdd took 0.00373ms
typeclass inference of HAdd took 0.0326ms
typeclass inference of OfNat took 0.0562ms
typeclass inference of OfNat took 0.0595ms
typeclass inference of HPow took 0.0361ms
typeclass inference of LT took 0.0028ms
typeclass inference of OfNat took 0.00245ms
typeclass inference of OfNat took 0.0609ms
typeclass inference of OfNat took 0.0687ms
typeclass inference of HMul took 0.161ms
typeclass inference of HAdd took 0.00417ms
typeclass inference of HMul took 0.00274ms
typeclass inference of HMul took 0.207ms
typeclass inference of HPow took 0.0423ms
typeclass inference of HMul took 0.0444ms
typeclass inference of HAdd took 0.0326ms
typeclass inference of OfNat took 0.00279ms
instantiate metavars took 0.0152ms
instantiate metavars took 0.00018ms
let-to-have transformation took 0.0155ms
attribute application took 0.00217ms
attribute application took 0.000531ms
elaboration took 5.51ms
typeclass inference of HMul took 1.2ms
typeclass inference of HMul took 0.968ms
tactic execution of Lean.Parser.Tactic.refine took 0.581ms
typeclass inference of Add took 0.809ms
typeclass inference of AddRightCancelSemigroup took 0.79ms
typeclass inference of IsRightCancelAdd took 7.44ms
typeclass inference of AddGroup took 0.631ms
typeclass inference of CommSemiring took 0.451ms
typeclass inference of CommRing took 0.063ms
typeclass inference of Semifield took 0.346ms
typeclass inference of Field took 0.283ms
typeclass inference of Field took 0.00234ms
typeclass inference of Field took 0.00242ms
typeclass inference of Field took 0.00249ms
typeclass inference of Field took 0.00128ms
typeclass inference of Field took 0.0013ms
typeclass inference of Field took 0.00134ms
typeclass inference of Field took 0.00115ms
typeclass inference of Field took 0.00107ms
typeclass inference of Field took 0.000982ms
typeclass inference of Field took 0.000962ms
typeclass inference of Field took 0.00121ms
typeclass inference of Field took 0.00228ms
typeclass inference of Field took 0.00116ms
typeclass inference of Field took 0.00108ms
typeclass inference of Field took 0.00111ms
typeclass inference of Field took 0.00101ms
typeclass inference of Field took 0.000972ms
typeclass inference of Field took 0.000992ms
typeclass inference of Field took 0.000981ms
typeclass inference of Field took 0.0023ms
typeclass inference of Field took 0.00124ms
typeclass inference of Field took 0.00113ms
typeclass inference of Field took 0.00122ms
typeclass inference of Field took 0.00113ms
typeclass inference of Field took 0.00111ms
typeclass inference of Field took 0.000992ms
typeclass inference of Field took 0.00192ms
typeclass inference of Field took 0.00118ms
typeclass inference of Field took 0.00103ms
typeclass inference of Semiring took 0.735ms
typeclass inference of RCLike took 0.0127ms
typeclass inference of RCLike took 0.00184ms
typeclass inference of RCLike took 0.00161ms
typeclass inference of RCLike took 0.0026ms
typeclass inference of RCLike took 0.00156ms
typeclass inference of RCLike took 0.00125ms
typeclass inference of RCLike took 0.00106ms
typeclass inference of RCLike took 0.00103ms
typeclass inference of RCLike took 0.00174ms
typeclass inference of RCLike took 0.00121ms
typeclass inference of RCLike took 0.00106ms
typeclass inference of RCLike took 0.00109ms
typeclass inference of RCLike took 0.00202ms
typeclass inference of RCLike took 0.00132ms
typeclass inference of RCLike took 0.00105ms
typeclass inference of RCLike took 0.00113ms
typeclass inference of RCLike took 0.00122ms
typeclass inference of RCLike took 0.00136ms
typeclass inference of RCLike took 0.00102ms
typeclass inference of RCLike took 0.000992ms
typeclass inference of RCLike took 0.00249ms
typeclass inference of RCLike took 0.00129ms
typeclass inference of RCLike took 0.0012ms
typeclass inference of RCLike took 0.00162ms
typeclass inference of RCLike took 0.00121ms
typeclass inference of RCLike took 0.00118ms
typeclass inference of RCLike took 0.00113ms
typeclass inference of RCLike took 0.00157ms
typeclass inference of RCLike took 0.0012ms
typeclass inference of RCLike took 0.00137ms
typeclass inference of Semiring took 0.00548ms
typeclass inference of NonAssocRing took 0.246ms
typeclass inference of Field took 0.00334ms
typeclass inference of Field took 0.00237ms
typeclass inference of Field took 0.00199ms
typeclass inference of Field took 0.00139ms
typeclass inference of Field took 0.00115ms
typeclass inference of Field took 0.00114ms
typeclass inference of Field took 0.00123ms
typeclass inference of Field took 0.00126ms
typeclass inference of Field took 0.00134ms
typeclass inference of Field took 0.00225ms
typeclass inference of Field took 0.00195ms
typeclass inference of Field took 0.00222ms
typeclass inference of Field took 0.00119ms
typeclass inference of Field took 0.00219ms
typeclass inference of Field took 0.00132ms
typeclass inference of Field took 0.00131ms
typeclass inference of Field took 0.00116ms
typeclass inference of Field took 0.00106ms
typeclass inference of Field took 0.00105ms
typeclass inference of Field took 0.000972ms
typeclass inference of Field took 0.00101ms
typeclass inference of Field took 0.000992ms
typeclass inference of Field took 0.00218ms
typeclass inference of Field took 0.00113ms
typeclass inference of Field took 0.00111ms
typeclass inference of Field took 0.00104ms
typeclass inference of Field took 0.00103ms
typeclass inference of Field took 0.00104ms
typeclass inference of Field took 0.00106ms
typeclass inference of Field took 0.000982ms
typeclass inference of Field took 0.00173ms
typeclass inference of Field took 0.00104ms
typeclass inference of Field took 0.00112ms
typeclass inference of Field took 0.00105ms
typeclass inference of Field took 0.00113ms
typeclass inference of Field took 0.00105ms
typeclass inference of Field took 0.00105ms
typeclass inference of Field took 0.00245ms
typeclass inference of Field took 0.00125ms
typeclass inference of Field took 0.00122ms
typeclass inference of Field took 0.0012ms
typeclass inference of Field took 0.00107ms
typeclass inference of Field took 0.00162ms
typeclass inference of Field took 0.0011ms
typeclass inference of Field took 0.00105ms
typeclass inference of Field took 0.00103ms
typeclass inference of Field took 0.00174ms
typeclass inference of Field took 0.00115ms
typeclass inference of Field took 0.00108ms
typeclass inference of Field took 0.00227ms
typeclass inference of Field took 0.00188ms
typeclass inference of Field took 0.00214ms
typeclass inference of Field took 0.00158ms
typeclass inference of Field took 0.00209ms
typeclass inference of Field took 0.00117ms
typeclass inference of Field took 0.00123ms
typeclass inference of Field took 0.00125ms
typeclass inference of Field took 0.00115ms
typeclass inference of Field took 0.00131ms
typeclass inference of Field took 0.00121ms
typeclass inference of Field took 0.00248ms
typeclass inference of Field took 0.0017ms
typeclass inference of Field took 0.00126ms
typeclass inference of Field took 0.00133ms
typeclass inference of Field took 0.00128ms
typeclass inference of Field took 0.0026ms
typeclass inference of Field took 0.00178ms
typeclass inference of Field took 0.00115ms
typeclass inference of Field took 0.00164ms
typeclass inference of Field took 0.00248ms
typeclass inference of Field took 0.00145ms
typeclass inference of Field took 0.00145ms
typeclass inference of Semiring took 0.00605ms
typeclass inference of CharZero took 20.3ms
norm_num took 0.212ms
norm_num took 0.00679ms
typeclass inference of AddMonoidWithOne took 0.782ms
norm_num took 0.788ms
norm_num took 0.0119ms
norm_num took 0.00561ms
norm_num took 0.0027ms
norm_num took 0.00267ms
typeclass inference of AddMonoidWithOne took 0.00605ms
norm_num took 0.326ms
ring took 4.78ms
tactic execution of Mathlib.Tactic.LinearCombination.linearCombination took 3.87ms
tactic execution of Lean.Parser.Tactic.tacticSeq1Indented took 0.00998ms
tactic execution of Lean.Parser.Tactic.tacticSeq took 0.0058ms
tactic execution of Lean.Parser.Tactic.paren took 0.00561ms
tactic execution of Lean.Parser.Tactic.withAnnotateState took 0.00837ms
tactic execution of Lean.Parser.Tactic.tacticSeq1Indented took 0.00546ms
tactic execution of Lean.Parser.Tactic.tacticSeq took 0.00526ms
tactic execution of Lean.Parser.Tactic.case took 0.0752ms
tactic execution of Lean.Parser.Tactic.tacticSeq1Indented took 0.0192ms
tactic execution of Lean.Parser.Tactic.tacticSeq took 0.00699ms
tactic execution of Lean.Parser.Tactic.focus took 0.0132ms
tactic execution of Lean.Parser.Tactic.tacticHave__ took 0.0275ms
typeclass inference of OfNat took 0.0805ms
typeclass inference of OfNat took 0.0483ms
typeclass inference of HAdd took 0.979ms
typeclass inference of HMul took 0.805ms
typeclass inference of CategoryTheory.CartesianMonoidalCategory took 0.0508ms
typeclass inference of CategoryTheory.CartesianMonoidalCategory took 0.00454ms
typeclass inference of HPow took 1.96ms
typeclass inference of HMul took 0.819ms
typeclass inference of HAdd took 0.796ms
typeclass inference of OfNat took 0.857ms
tactic execution of Lean.Parser.Tactic.refine took 0.659ms
typeclass inference of Add took 0.962ms
typeclass inference of AddRightCancelSemigroup took 0.975ms
typeclass inference of IsRightCancelAdd took 3.25ms
typeclass inference of AddGroup took 0.578ms
typeclass inference of CommSemiring took 0.439ms
typeclass inference of CommRing took 0.0396ms
typeclass inference of Semifield took 0.311ms
typeclass inference of Field took 0.274ms
typeclass inference of Field took 0.00217ms
typeclass inference of Field took 0.00169ms
typeclass inference of Field took 0.00247ms
typeclass inference of Field took 0.0012ms
typeclass inference of Field took 0.00143ms
typeclass inference of Field took 0.00127ms
typeclass inference of Field took 0.00104ms
typeclass inference of Field took 0.00117ms
typeclass inference of Field took 0.000992ms
typeclass inference of Field took 0.00103ms
typeclass inference of Field took 0.00108ms
typeclass inference of Field took 0.00211ms
typeclass inference of Field took 0.00116ms
typeclass inference of Field took 0.00112ms
typeclass inference of Field took 0.00112ms
typeclass inference of Field took 0.00108ms
typeclass inference of Field took 0.00107ms
typeclass inference of Field took 0.00103ms
typeclass inference of Field took 0.00108ms
typeclass inference of Field took 0.00239ms
typeclass inference of Field took 0.00136ms
typeclass inference of Field took 0.00121ms
typeclass inference of Field took 0.00126ms
typeclass inference of Field took 0.00107ms
typeclass inference of Field took 0.00107ms
typeclass inference of Field took 0.00101ms
typeclass inference of Field took 0.00185ms
typeclass inference of Field took 0.0022ms
typeclass inference of Field took 0.00141ms
typeclass inference of Semiring took 0.671ms
typeclass inference of RCLike took 0.0114ms
typeclass inference of RCLike took 0.00191ms
typeclass inference of RCLike took 0.00147ms
typeclass inference of RCLike took 0.0034ms
typeclass inference of RCLike took 0.00168ms
typeclass inference of RCLike took 0.00196ms
typeclass inference of RCLike took 0.00169ms
typeclass inference of RCLike took 0.00193ms
typeclass inference of RCLike took 0.00138ms
typeclass inference of RCLike took 0.00161ms
typeclass inference of RCLike took 0.00122ms
typeclass inference of RCLike took 0.00141ms
typeclass inference of RCLike took 0.00208ms
typeclass inference of RCLike took 0.0012ms
typeclass inference of RCLike took 0.00136ms
typeclass inference of RCLike took 0.00163ms
typeclass inference of RCLike took 0.00112ms
typeclass inference of RCLike took 0.00107ms
typeclass inference of RCLike took 0.00109ms
typeclass inference of RCLike took 0.00109ms
typeclass inference of RCLike took 0.00215ms
typeclass inference of RCLike took 0.00128ms
typeclass inference of RCLike took 0.00131ms
typeclass inference of RCLike took 0.00121ms
typeclass inference of RCLike took 0.00125ms
typeclass inference of RCLike took 0.00123ms
typeclass inference of RCLike took 0.00116ms
typeclass inference of RCLike took 0.00161ms
typeclass inference of RCLike took 0.00175ms
typeclass inference of RCLike took 0.00111ms
typeclass inference of Semiring took 0.00474ms
typeclass inference of NonAssocRing took 0.19ms
typeclass inference of Field took 0.00318ms
typeclass inference of Field took 0.0027ms
typeclass inference of Field took 0.00241ms
typeclass inference of Field took 0.00145ms
typeclass inference of Field took 0.00128ms
typeclass inference of Field took 0.00117ms
typeclass inference of Field took 0.00113ms
typeclass inference of Field took 0.00105ms
typeclass inference of Field took 0.00131ms
typeclass inference of Field took 0.0019ms
typeclass inference of Field took 0.0013ms
typeclass inference of Field took 0.00133ms
typeclass inference of Field took 0.00113ms
typeclass inference of Field took 0.00312ms
typeclass inference of Field took 0.00166ms
typeclass inference of Field took 0.00148ms
typeclass inference of Field took 0.00113ms
typeclass inference of Field took 0.00132ms
typeclass inference of Field took 0.00107ms
typeclass inference of Field took 0.00111ms
typeclass inference of Field took 0.00111ms
typeclass inference of Field took 0.00104ms
typeclass inference of Field took 0.0027ms
typeclass inference of Field took 0.00124ms
typeclass inference of Field took 0.00125ms
typeclass inference of Field took 0.00154ms
typeclass inference of Field took 0.0011ms
typeclass inference of Field took 0.00108ms
typeclass inference of Field took 0.00123ms
typeclass inference of Field took 0.00108ms
typeclass inference of Field took 0.00192ms
typeclass inference of Field took 0.00165ms
typeclass inference of Field took 0.00118ms
typeclass inference of Field took 0.0011ms
typeclass inference of Field took 0.00142ms
typeclass inference of Field took 0.0013ms
typeclass inference of Field took 0.00103ms
typeclass inference of Field took 0.00251ms
typeclass inference of Field took 0.00133ms
typeclass inference of Field took 0.00119ms
typeclass inference of Field took 0.00123ms
typeclass inference of Field took 0.00102ms
typeclass inference of Field took 0.00217ms
typeclass inference of Field took 0.00133ms
typeclass inference of Field took 0.00108ms
typeclass inference of Field took 0.00101ms
typeclass inference of Field took 0.00161ms
typeclass inference of Field took 0.00122ms
typeclass inference of Field took 0.00131ms
typeclass inference of Field took 0.00174ms
typeclass inference of Field took 0.00123ms
typeclass inference of Field took 0.00146ms
typeclass inference of Field took 0.00178ms
typeclass inference of Field took 0.00194ms
typeclass inference of Field took 0.00113ms
typeclass inference of Field took 0.00121ms
typeclass inference of Field took 0.00117ms
typeclass inference of Field took 0.00115ms
typeclass inference of Field took 0.00109ms
typeclass inference of Field took 0.00117ms
typeclass inference of Field took 0.00265ms
typeclass inference of Field took 0.00177ms
typeclass inference of Field took 0.00134ms
typeclass inference of Field took 0.00171ms
typeclass inference of Field took 0.00122ms
typeclass inference of Field took 0.00243ms
typeclass inference of Field took 0.00205ms
typeclass inference of Field took 0.00165ms
typeclass inference of Field took 0.00121ms
typeclass inference of Field took 0.0019ms
typeclass inference of Field took 0.00141ms
typeclass inference of Field took 0.00135ms
typeclass inference of Semiring took 0.00642ms
typeclass inference of CharZero took 19.9ms
norm_num took 0.0426ms
typeclass inference of AddMonoidWithOne took 0.663ms
norm_num took 0.455ms
norm_num took 0.00873ms
typeclass inference of AddMonoidWithOne took 0.00535ms
norm_num took 0.257ms
norm_num took 0.00666ms
norm_num took 0.00667ms
norm_num took 0.00533ms
norm_num took 0.00277ms
typeclass inference of AddMonoidWithOne took 0.0041ms
norm_num took 0.123ms
norm_num took 0.0043ms
norm_num took 0.00362ms
typeclass inference of AddMonoidWithOne took 0.00435ms
norm_num took 0.245ms
ring took 2.5ms
tactic execution of Mathlib.Tactic.LinearCombination.linearCombination took 1.69ms
tactic execution of Lean.Parser.Tactic.tacticSeq1Indented took 0.00676ms
tactic execution of Lean.Parser.Tactic.tacticSeq took 0.00411ms
tactic execution of Lean.Parser.Tactic.paren took 0.00492ms
tactic execution of Lean.Parser.Tactic.withAnnotateState took 0.0104ms
tactic execution of Lean.Parser.Tactic.tacticSeq1Indented took 0.00509ms
tactic execution of Lean.Parser.Tactic.tacticSeq took 0.00498ms
tactic execution of Lean.Parser.Tactic.case took 0.071ms
tactic execution of Lean.Parser.Tactic.tacticSeq1Indented took 0.0142ms
tactic execution of Lean.Parser.Tactic.tacticSeq took 0.00544ms
tactic execution of Lean.Parser.Tactic.focus took 0.00949ms
tactic execution of Lean.Parser.Tactic.tacticHave__ took 0.0252ms
typeclass inference of OfNat took 0.0949ms
typeclass inference of OfNat took 0.0488ms
typeclass inference of OfNat took 0.0428ms
typeclass inference of HPow took 0.35ms
typeclass inference of LT took 0.0354ms
typeclass inference of OfNat took 0.0389ms
typeclass inference of Preorder took 0.159ms
typeclass inference of Preorder took 0.0282ms
typeclass inference of Preorder took 0.0317ms
typeclass inference of AddMonoidWithOne took 0.0709ms
norm_num took 0.249ms
typeclass inference of AddMonoidWithOne took 0.00595ms
norm_num took 0.0641ms
typeclass inference of LT took 0.0402ms
typeclass inference of Semiring took 0.036ms
typeclass inference of PartialOrder took 0.0411ms
typeclass inference of CommSemiring took 0.0334ms
typeclass inference of IsOrderedRing took 1.11ms
typeclass inference of CharZero took 0.045ms
norm_num took 0.273ms
tactic execution of Mathlib.Tactic.normNum took 0.825ms
tactic execution of Lean.Parser.Tactic.tacticSeq1Indented took 0.00692ms
tactic execution of Lean.Parser.Tactic.tacticSeq took 0.00935ms
tactic execution of Lean.Parser.Tactic.refine took 3.01ms
tactic execution of Lean.Parser.Tactic.rotateRight took 0.0077ms
tactic execution of Lean.Parser.Tactic.tacticSeq1Indented took 0.0109ms
tactic execution of Lean.Parser.Tactic.tacticSeq took 0.00578ms
tactic execution of Lean.Parser.Tactic.paren took 0.00422ms
tactic execution of Lean.Parser.Tactic.tacticSeq1Indented took 0.00494ms
tactic execution of Lean.Parser.Tactic.tacticSeq took 0.00415ms
tactic execution of Lean.Parser.Tactic.focus took 0.00667ms
tactic execution of Lean.Parser.Tactic.tacticRefine_lift_ took 0.00781ms
tactic execution of Lean.Parser.Tactic.tacticHave__ took 0.855ms
typeclass inference of OfNat took 1.03ms
typeclass inference of CategoryTheory.CartesianMonoidalCategory took 0.0539ms
typeclass inference of CategoryTheory.CartesianMonoidalCategory took 0.00488ms
typeclass inference of HPow took 2.09ms
typeclass inference of OfNat took 0.112ms
typeclass inference of OfNat took 0.0574ms
typeclass inference of HPow took 0.361ms
typeclass inference of OfNat took 0.0538ms
tactic execution of Lean.Parser.Tactic.refine took 1.07ms
tactic execution of Lean.Parser.Tactic.rotateRight took 0.00723ms
tactic execution of Lean.Parser.Tactic.tacticSeq1Indented took 0.0164ms
tactic execution of Lean.Parser.Tactic.tacticSeq took 0.0046ms
tactic execution of Lean.Parser.Tactic.paren took 0.00425ms
tactic execution of Lean.Parser.Tactic.tacticSeq1Indented took 0.00506ms
tactic execution of Lean.Parser.Tactic.tacticSeq took 0.0048ms
tactic execution of Lean.Parser.Tactic.focus took 0.0146ms
tactic execution of Lean.Parser.Tactic.tacticRefine_lift_ took 0.00849ms
tactic execution of Lean.Parser.Tactic.tacticHave__ took 0.0209ms
typeclass inference of OfNat took 0.101ms
typeclass inference of OfNat took 0.0768ms
typeclass inference of OfNat took 0.0594ms
typeclass inference of HMul took 0.191ms
typeclass inference of HPow took 0.0431ms
typeclass inference of HMul took 0.183ms
typeclass inference of LT took 0.0336ms
typeclass inference of OfNat took 0.00456ms
tactic execution of Lean.Parser.Tactic.refine took 0.688ms
typeclass inference of OfNat took 0.106ms
typeclass inference of OfNat took 0.0687ms
typeclass inference of OfNat took 0.0668ms
typeclass inference of OfNat took 0.069ms
typeclass inference of OfNat took 0.0486ms
typeclass inference of OfNat took 0.0356ms
typeclass inference of OfNat took 0.0332ms
typeclass inference of HMul took 0.00453ms
typeclass inference of HMul took 0.00281ms
typeclass inference of HPow took 0.0404ms
typeclass inference of HMul took 0.0377ms
typeclass inference of HPow took 0.0392ms
typeclass inference of HPow took 0.0424ms
typeclass inference of HMul took 0.039ms
typeclass inference of LT took 0.00418ms
typeclass inference of OfNat took 0.00336ms
typeclass inference of OfNat took 0.00288ms
typeclass inference of OfNat took 0.00194ms
typeclass inference of OfNat took 0.0889ms
typeclass inference of OfNat took 0.0681ms
typeclass inference of HAdd took 0.188ms
typeclass inference of HAdd took 0.164ms
typeclass inference of OfNat took 0.0606ms
typeclass inference of HPow took 0.0414ms
typeclass inference of OfNat took 0.00378ms
typeclass inference of Trans took 0.357ms
typeclass inference of LT took 0.00496ms
typeclass inference of Trans took 0.294ms
typeclass inference of LE took 0.359ms
typeclass inference of LE took 0.304ms
typeclass inference of Zero took 0.233ms
typeclass inference of PartialOrder took 0.0638ms
typeclass inference of Ring took 1.3ms
typeclass inference of AddMonoidWithOne took 0.0783ms
norm_num took 0.387ms
typeclass inference of Semiring took 0.0535ms
typeclass inference of PartialOrder took 0.0054ms
typeclass inference of CommSemiring took 0.054ms
typeclass inference of IsOrderedRing took 1.12ms
typeclass inference of Nontrivial took 0.0493ms
typeclass inference of Semiring took 0.00332ms
typeclass inference of IsStrictOrderedRing took 0.0293ms
tactic execution of Mathlib.Tactic.Positivity.positivity took 2.44ms
tactic execution of Lean.Parser.Tactic.tacticSeq1Indented took 0.0128ms
tactic execution of Lean.Parser.Tactic.tacticSeq took 0.0241ms
typeclass inference of Monoid took 0.292ms
typeclass inference of Monoid took 0.139ms
typeclass inference of Monoid took 0.0326ms
typeclass inference of Monoid took 0.026ms
tactic execution of Lean.Parser.Tactic.rewriteSeq took 0.61ms
tactic execution of Lean.Parser.Tactic.exact took 0.169ms
tactic execution of Lean.Parser.Tactic.exact took 0.0974ms
tactic execution of Lean.Parser.Tactic.eqRefl took 0.147ms
tactic execution of Lean.Parser.Tactic.tacticRfl took 0.0485ms
tactic execution of Lean.Parser.Tactic.tacticSeq1Indented took 0.00881ms
tactic execution of Lean.Parser.Tactic.tacticSeq took 0.00803ms
tactic execution of Lean.Parser.Tactic.withReducible took 0.00671ms
tactic execution of Lean.Parser.Tactic.tacticSeq1Indented took 0.00612ms
tactic execution of Lean.Parser.Tactic.tacticSeq took 0.00399ms
tactic execution of Lean.Parser.Tactic.paren took 0.00392ms
tactic execution of Lean.Parser.Tactic.tacticSeq1Indented took 0.00481ms
tactic execution of Lean.Parser.Tactic.tacticSeq took 0.00772ms
tactic execution of Lean.Parser.Tactic.first took 0.0066ms
tactic execution of Lean.Parser.Tactic.tacticTry_ took 0.00855ms
tactic execution of Lean.Parser.Tactic.tacticSeq1Indented took 0.00296ms
tactic execution of Lean.Parser.Tactic.tacticSeq took 0.00299ms
tactic execution of Lean.Parser.Tactic.paren took 0.00356ms
tactic execution of Lean.Parser.Tactic.withAnnotateState took 0.0178ms
tactic execution of Lean.Parser.Tactic.tacticSeq1Indented took 0.0105ms
tactic execution of Lean.Parser.Tactic.tacticSeq took 0.00322ms
tactic execution of Lean.Parser.Tactic.paren took 0.00442ms
tactic execution of Lean.Parser.Tactic.rwSeq took 0.0132ms
tactic execution of Lean.Parser.Tactic.tacticSeq1Indented took 0.00575ms
tactic execution of Lean.Parser.Tactic.tacticSeq took 0.0142ms
tactic execution of Lean.calcTactic took 5.24ms
tactic execution of Lean.Parser.Tactic.tacticSeq1Indented took 0.00633ms
tactic execution of Lean.Parser.Tactic.tacticSeq took 0.00433ms
tactic execution of Lean.Parser.Tactic.paren took 0.00408ms
tactic execution of Lean.Parser.Tactic.withAnnotateState took 0.00689ms
tactic execution of Lean.Parser.Tactic.tacticSeq1Indented took 0.00481ms
tactic execution of Lean.Parser.Tactic.tacticSeq took 0.0042ms
tactic execution of Lean.Parser.Tactic.case took 0.0492ms
tactic execution of Lean.Parser.Tactic.tacticSeq1Indented took 0.0169ms
tactic execution of Lean.Parser.Tactic.tacticSeq took 0.00441ms
tactic execution of Lean.Parser.Tactic.focus took 0.00736ms
tactic execution of Lean.Parser.Tactic.tacticHave__ took 0.172ms
typeclass inference of OfNat took 0.925ms
typeclass inference of HMul took 0.899ms
typeclass inference of CategoryTheory.CartesianMonoidalCategory took 0.0485ms
typeclass inference of CategoryTheory.CartesianMonoidalCategory took 0.0047ms
typeclass inference of HPow took 1.93ms
typeclass inference of HMul took 0.801ms
typeclass inference of OfNat took 0.12ms
typeclass inference of OfNat took 0.0506ms
typeclass inference of HMul took 0.132ms
typeclass inference of HPow took 0.311ms
typeclass inference of HMul took 0.156ms
typeclass inference of OfNat took 0.0662ms
tactic execution of Lean.Parser.Tactic.refine took 1.12ms
tactic execution of Lean.Parser.Tactic.rewriteSeq took 0.172ms
tactic execution of Lean.Parser.Tactic.exact took 0.145ms
tactic execution of Lean.Parser.Tactic.exact took 0.103ms
tactic execution of Lean.Parser.Tactic.eqRefl took 0.0161ms
tactic execution of Lean.Parser.Tactic.applyRfl took 0.0332ms
tactic execution of Lean.Parser.Tactic.tacticRfl took 0.0631ms
tactic execution of Lean.Parser.Tactic.tacticSeq1Indented took 0.00644ms
tactic execution of Lean.Parser.Tactic.tacticSeq took 0.00513ms
tactic execution of Lean.Parser.Tactic.withReducible took 0.0076ms
tactic execution of Lean.Parser.Tactic.tacticSeq1Indented took 0.00419ms
tactic execution of Lean.Parser.Tactic.tacticSeq took 0.00401ms
tactic execution of Lean.Parser.Tactic.paren took 0.00458ms
tactic execution of Lean.Parser.Tactic.tacticSeq1Indented took 0.00525ms
tactic execution of Lean.Parser.Tactic.tacticSeq took 0.00511ms
tactic execution of Lean.Parser.Tactic.skip took 0.00403ms
tactic execution of Lean.Parser.Tactic.tacticSeq1Indented took 0.00468ms
tactic execution of Lean.Parser.Tactic.tacticSeq took 0.00529ms
tactic execution of Lean.Parser.Tactic.first took 0.00917ms
tactic execution of Lean.Parser.Tactic.tacticTry_ took 0.0091ms
tactic execution of Lean.Parser.Tactic.tacticSeq1Indented took 0.00396ms
tactic execution of Lean.Parser.Tactic.tacticSeq took 0.0035ms
tactic execution of Lean.Parser.Tactic.paren took 0.00339ms
tactic execution of Lean.Parser.Tactic.withAnnotateState took 2.26ms
tactic execution of Lean.Parser.Tactic.tacticSeq1Indented took 0.0176ms
tactic execution of Lean.Parser.Tactic.tacticSeq took 0.00429ms
tactic execution of Lean.Parser.Tactic.paren took 0.00543ms
tactic execution of Lean.Parser.Tactic.rwSeq took 0.00924ms
tactic execution of Lean.Parser.Tactic.exact took 0.0811ms
tactic execution of Lean.Parser.Tactic.tacticSeq1Indented took 0.0152ms
tactic execution of Lean.Parser.Tactic.tacticSeq took 0.0109ms
tactic execution of Lean.Parser.Tactic.rewriteSeq took 2.37ms
tactic execution of Lean.Parser.Tactic.exact took 0.103ms
tactic execution of Lean.Parser.Tactic.exact took 0.093ms
tactic execution of Lean.Parser.Tactic.eqRefl took 0.01ms
tactic execution of Lean.Parser.Tactic.tacticRfl took 0.0355ms
tactic execution of Lean.Parser.Tactic.tacticSeq1Indented took 0.00362ms
tactic execution of Lean.Parser.Tactic.tacticSeq took 0.00294ms
tactic execution of Lean.Parser.Tactic.withReducible took 0.00413ms
tactic execution of Lean.Parser.Tactic.tacticSeq1Indented took 0.00301ms
tactic execution of Lean.Parser.Tactic.tacticSeq took 0.00252ms
tactic execution of Lean.Parser.Tactic.paren took 0.00261ms
tactic execution of Lean.Parser.Tactic.tacticSeq1Indented took 0.00309ms
tactic execution of Lean.Parser.Tactic.tacticSeq took 0.00307ms
tactic execution of Lean.Parser.Tactic.first took 0.00472ms
tactic execution of Lean.Parser.Tactic.tacticTry_ took 0.00733ms
tactic execution of Lean.Parser.Tactic.tacticSeq1Indented took 0.00351ms
tactic execution of Lean.Parser.Tactic.tacticSeq took 0.00344ms
tactic execution of Lean.Parser.Tactic.paren took 0.00328ms
tactic execution of Lean.Parser.Tactic.withAnnotateState took 0.0134ms
tactic execution of Lean.Parser.Tactic.tacticSeq1Indented took 0.0191ms
tactic execution of Lean.Parser.Tactic.tacticSeq took 0.00828ms
tactic execution of Lean.Parser.Tactic.paren took 0.00535ms
tactic execution of Lean.Parser.Tactic.rwSeq took 0.0147ms
tactic execution of Lean.Parser.Tactic.tacticSeq1Indented took 0.00504ms
tactic execution of Lean.Parser.Tactic.tacticSeq took 0.00503ms
tactic execution of Lean.Parser.Tactic.paren took 0.00449ms
tactic execution of Lean.Parser.Tactic.withAnnotateState took 0.00642ms
tactic execution of Lean.Parser.Tactic.tacticSeq1Indented took 0.00589ms
tactic execution of Lean.Parser.Tactic.tacticSeq took 0.00525ms
tactic execution of Lean.Parser.Tactic.case took 0.227ms
tactic execution of Lean.Parser.Tactic.tacticSeq1Indented took 0.0183ms
tactic execution of Lean.Parser.Tactic.tacticSeq took 0.00461ms
tactic execution of Lean.Parser.Tactic.focus took 0.00775ms
tactic execution of Lean.Parser.Tactic.tacticHave__ took 0.0315ms
typeclass inference of OfNat took 0.117ms
typeclass inference of OfNat took 0.0515ms
typeclass inference of OfNat took 0.0525ms
typeclass inference of HAdd took 0.172ms
typeclass inference of HMul took 0.161ms
typeclass inference of HPow took 0.283ms
typeclass inference of HMul took 0.138ms
typeclass inference of HAdd took 0.156ms
typeclass inference of LT took 0.0332ms
typeclass inference of OfNat took 0.04ms
tactic execution of Lean.Parser.Tactic.refine took 0.816ms
typeclass inference of OfNat took 0.0615ms
typeclass inference of OfNat took 0.0542ms
typeclass inference of OfNat took 0.0419ms
typeclass inference of OfNat took 0.0336ms
typeclass inference of OfNat took 0.0543ms
typeclass inference of OfNat took 0.0501ms
typeclass inference of OfNat took 0.0414ms
typeclass inference of OfNat took 0.0328ms
typeclass inference of OfNat took 0.0309ms
typeclass inference of OfNat took 0.0303ms
typeclass inference of HAdd took 0.00381ms
typeclass inference of HMul took 0.00257ms
typeclass inference of HMul took 0.00235ms
typeclass inference of HPow took 0.0337ms
typeclass inference of HMul took 0.0287ms
typeclass inference of HPow took 0.033ms
typeclass inference of HAdd took 0.0274ms
typeclass inference of HPow took 0.0265ms
typeclass inference of HPow took 0.0275ms
typeclass inference of HMul took 0.0335ms
typeclass inference of LE took 0.0377ms
typeclass inference of OfNat took 0.00342ms
typeclass inference of OfNat took 0.00227ms
typeclass inference of OfNat took 0.0018ms
typeclass inference of OfNat took 0.00205ms
tactic execution of Lean.Parser.Tactic.refine took 1.03ms
typeclass inference of OfNat took 0.0649ms
typeclass inference of OfNat took 0.0566ms
typeclass inference of OfNat took 0.0474ms
typeclass inference of OfNat took 0.0417ms
typeclass inference of OfNat took 0.0322ms
typeclass inference of HAdd took 0.00366ms
typeclass inference of HAdd took 0.0404ms
typeclass inference of HPow took 0.034ms
typeclass inference of LE took 0.0031ms
typeclass inference of OfNat took 0.0507ms
typeclass inference of OfNat took 0.00279ms
tactic execution of Lean.Parser.Tactic.refine took 0.668ms
tactic execution of Lean.Parser.Tactic.rotateRight took 0.00562ms
tactic execution of Lean.Parser.Tactic.tacticSeq1Indented took 0.0108ms
tactic execution of Lean.Parser.Tactic.tacticSeq took 0.00263ms
tactic execution of Lean.Parser.Tactic.paren took 0.00238ms
tactic execution of Lean.Parser.Tactic.tacticSeq1Indented took 0.00303ms
tactic execution of Lean.Parser.Tactic.tacticSeq took 0.00244ms
tactic execution of Lean.Parser.Tactic.focus took 0.00366ms
tactic execution of Lean.Parser.Tactic.tacticRefine_lift_ took 0.00619ms
tactic execution of Lean.Parser.Tactic.tacticHave__ took 0.00705ms
typeclass inference of OfNat took 0.0639ms
typeclass inference of OfNat took 0.0615ms
typeclass inference of OfNat took 0.0685ms
typeclass inference of OfNat took 0.0366ms
typeclass inference of OfNat took 0.0491ms
typeclass inference of OfNat took 0.0568ms
typeclass inference of OfNat took 0.0377ms
typeclass inference of OfNat took 0.0319ms
typeclass inference of OfNat took 0.0304ms
typeclass inference of OfNat took 0.0319ms
typeclass inference of HAdd took 0.00374ms
typeclass inference of HMul took 0.00233ms
typeclass inference of HMul took 0.00234ms
typeclass inference of HAdd took 0.00208ms
typeclass inference of HPow took 0.0462ms
typeclass inference of HMul took 0.0418ms
typeclass inference of HPow took 0.0385ms
typeclass inference of HAdd took 0.0329ms
typeclass inference of HPow took 0.0324ms
typeclass inference of HAdd took 0.0311ms
typeclass inference of HMul took 0.0323ms
typeclass inference of OfNat took 0.0034ms
typeclass inference of OfNat took 0.00205ms
typeclass inference of OfNat took 0.00168ms
typeclass inference of OfNat took 0.00185ms
typeclass inference of OfNat took 0.0614ms
typeclass inference of OfNat took 0.0545ms
typeclass inference of OfNat took 0.0416ms
typeclass inference of OfNat took 0.0328ms
typeclass inference of HMul took 0.00368ms
typeclass inference of HPow took 0.036ms
typeclass inference of HPow took 0.03ms
typeclass inference of HMul took 0.0303ms
typeclass inference of LE took 0.00278ms
typeclass inference of OfNat took 0.00261ms
typeclass inference of OfNat took 0.00221ms
typeclass inference of Trans took 0.244ms
typeclass inference of CommSemiring took 0.0526ms
typeclass inference of CommRing took 0.732ms
typeclass inference of Semifield took 0.277ms
typeclass inference of CharZero took 1.35ms
typeclass inference of AddMonoidWithOne took 0.0383ms
norm_num took 0.289ms
norm_num took 0.0263ms
norm_num took 0.00557ms
typeclass inference of AddMonoidWithOne took 0.00406ms
norm_num took 0.0912ms
norm_num took 0.00417ms
typeclass inference of AddMonoidWithOne took 0.0038ms
norm_num took 0.0787ms
norm_num took 0.00402ms
norm_num took 0.00509ms
typeclass inference of AddMonoidWithOne took 0.00333ms
norm_num took 0.0804ms
ring took 1.99ms
tactic execution of Mathlib.Tactic.Ring.ring1 took 0.602ms
tactic execution of Lean.Parser.Tactic.tacticSeq1Indented took 0.00798ms
tactic execution of Lean.Parser.Tactic.tacticSeq took 0.00531ms
tactic execution of Lean.Parser.Tactic.first took 0.0106ms
tactic execution of Mathlib.Tactic.RingNF.ring took 0.242ms
tactic execution of Lean.Parser.Tactic.tacticSeq1Indented took 0.00802ms
tactic execution of Lean.Parser.Tactic.tacticSeq took 0.0101ms
tactic execution of Lean.calcTactic took 3.42ms
tactic execution of Lean.Parser.Tactic.tacticSeq1Indented took 0.00963ms
tactic execution of Lean.Parser.Tactic.tacticSeq took 0.00425ms
tactic execution of Lean.Parser.Tactic.paren took 0.00438ms
tactic execution of Lean.Parser.Tactic.withAnnotateState took 0.00619ms
tactic execution of Lean.Parser.Tactic.tacticSeq1Indented took 0.00506ms
tactic execution of Lean.Parser.Tactic.tacticSeq took 0.00508ms
tactic execution of Lean.Parser.Tactic.case took 0.0496ms
tactic execution of Lean.Parser.Tactic.tacticSeq1Indented took 0.0119ms
tactic execution of Lean.Parser.Tactic.tacticSeq took 0.0098ms
tactic execution of Lean.Parser.Tactic.focus took 0.00614ms
tactic execution of Lean.Parser.Tactic.tacticHave__ took 0.0148ms
typeclass inference of OfNat took 0.122ms
typeclass inference of OfNat took 0.054ms
typeclass inference of OfNat took 0.0435ms
typeclass inference of OfNat took 0.0356ms
typeclass inference of OfNat took 0.0469ms
typeclass inference of OfNat took 0.0471ms
typeclass inference of OfNat took 0.0334ms
typeclass inference of OfNat took 0.0308ms
typeclass inference of HAdd took 0.177ms
typeclass inference of HAdd took 0.145ms
typeclass inference of OfNat took 0.0471ms
typeclass inference of OfNat took 0.0359ms
typeclass inference of OfNat took 0.0334ms
typeclass inference of HPow took 0.0755ms
typeclass inference of HPow took 0.0708ms
typeclass inference of HMul took 0.102ms
typeclass inference of HPow took 0.053ms
typeclass inference of OfNat took 0.0574ms
typeclass inference of OfNat took 0.0429ms
typeclass inference of OfNat took 0.0363ms
typeclass inference of HPow took 0.0466ms
typeclass inference of HPow took 0.0427ms
typeclass inference of HMul took 0.0524ms
typeclass inference of HPow took 0.0449ms
typeclass inference of OfNat took 0.0394ms
typeclass inference of OfNat took 0.0317ms
typeclass inference of OfNat took 0.0295ms
typeclass inference of HPow took 0.0428ms
typeclass inference of HPow took 0.0402ms
typeclass inference of HMul took 0.0433ms
typeclass inference of HPow took 0.0602ms
typeclass inference of OfNat took 0.0437ms
typeclass inference of OfNat took 0.0305ms
typeclass inference of OfNat took 0.0301ms
typeclass inference of HPow took 0.0481ms
typeclass inference of HPow took 0.0408ms
typeclass inference of HMul took 0.0407ms
typeclass inference of HPow took 0.0494ms
typeclass inference of Pow took 0.492ms
typeclass inference of NPow took 0.484ms
typeclass inference of HomogeneousPow took 0.0171ms
typeclass inference of NatPow took 0.0428ms
typeclass inference of Pow took 0.107ms
typeclass inference of NPow took 0.147ms
typeclass inference of HomogeneousPow took 0.00174ms
typeclass inference of NatPow took 0.0254ms
typeclass inference of Mul took 0.58ms
typeclass inference of Pow took 0.0966ms
typeclass inference of NPow took 0.14ms
typeclass inference of HomogeneousPow took 0.00178ms
typeclass inference of NatPow took 0.0377ms
typeclass inference of OfNat took 0.0476ms
typeclass inference of OfNat took 0.0331ms
typeclass inference of HPow took 0.294ms
typeclass inference of HPow took 0.0568ms
typeclass inference of HMul took 0.0536ms
typeclass inference of HPow took 0.0592ms
typeclass inference of OfNat took 0.067ms
typeclass inference of OfNat took 0.0325ms
typeclass inference of HPow took 0.0458ms
typeclass inference of HMul took 0.0508ms
typeclass inference of HPow took 0.0469ms
typeclass inference of OfNat took 0.0365ms
typeclass inference of OfNat took 0.0307ms
typeclass inference of HPow took 0.0469ms
typeclass inference of HMul took 0.0509ms
typeclass inference of HPow took 0.066ms
typeclass inference of Pow took 0.101ms
typeclass inference of NPow took 0.132ms
typeclass inference of HomogeneousPow took 0.00205ms
typeclass inference of NatPow took 0.0266ms
typeclass inference of Mul took 0.0275ms
typeclass inference of OfNat took 0.0441ms
typeclass inference of OfNat took 0.0341ms
typeclass inference of HPow took 0.0499ms
typeclass inference of HPow took 0.0458ms
typeclass inference of OfNat took 0.0372ms
typeclass inference of OfNat took 0.0305ms
typeclass inference of HPow took 0.0431ms
typeclass inference of HPow took 0.0412ms
typeclass inference of Pow took 0.123ms
typeclass inference of OfNat took 0.0477ms
typeclass inference of OfNat took 0.0415ms
typeclass inference of HPow took 0.0499ms
typeclass inference of OfNat took 0.0358ms
typeclass inference of HPow took 0.0428ms
typeclass inference of OfNat took 0.0347ms
typeclass inference of HPow took 0.0433ms
typeclass inference of Pow took 0.00369ms
typeclass inference of OfNat took 0.00255ms
tactic execution of Lean.Parser.Tactic.refine took 2.2ms
typeclass inference of Monoid took 0.118ms
typeclass inference of Monoid took 0.101ms
typeclass inference of Monoid took 0.0342ms
typeclass inference of Monoid took 0.0379ms
tactic execution of Lean.Parser.Tactic.rewriteSeq took 0.52ms
tactic execution of Lean.Parser.Tactic.exact took 0.109ms
tactic execution of Lean.Parser.Tactic.exact took 0.0937ms
tactic execution of Lean.Parser.Tactic.eqRefl took 0.125ms
tactic execution of Lean.Parser.Tactic.tacticRfl took 0.0435ms
tactic execution of Lean.Parser.Tactic.tacticSeq1Indented took 0.0119ms
tactic execution of Lean.Parser.Tactic.tacticSeq took 0.00327ms
tactic execution of Lean.Parser.Tactic.withReducible took 0.00662ms
tactic execution of Lean.Parser.Tactic.tacticSeq1Indented took 0.00326ms
tactic execution of Lean.Parser.Tactic.tacticSeq took 0.0029ms
tactic execution of Lean.Parser.Tactic.paren took 0.00288ms
tactic execution of Lean.Parser.Tactic.tacticSeq1Indented took 0.00329ms
tactic execution of Lean.Parser.Tactic.tacticSeq took 0.00375ms
tactic execution of Lean.Parser.Tactic.first took 0.00591ms
tactic execution of Lean.Parser.Tactic.tacticTry_ took 0.00875ms
tactic execution of Lean.Parser.Tactic.tacticSeq1Indented took 0.00324ms
tactic execution of Lean.Parser.Tactic.tacticSeq took 0.00271ms
tactic execution of Lean.Parser.Tactic.paren took 0.00319ms
tactic execution of Lean.Parser.Tactic.withAnnotateState took 0.0174ms
tactic execution of Lean.Parser.Tactic.tacticSeq1Indented took 0.00851ms
tactic execution of Lean.Parser.Tactic.tacticSeq took 0.00275ms
tactic execution of Lean.Parser.Tactic.paren took 0.00317ms
tactic execution of Lean.Parser.Tactic.rwSeq took 0.0112ms
tactic execution of Lean.Parser.Tactic.tacticSeq1Indented took 0.00336ms
tactic execution of Lean.Parser.Tactic.tacticSeq took 0.00249ms
tactic execution of Lean.Parser.Tactic.paren took 0.00317ms
tactic execution of Lean.Parser.Tactic.withAnnotateState took 0.00557ms
tactic execution of Lean.Parser.Tactic.tacticSeq1Indented took 0.00366ms
tactic execution of Lean.Parser.Tactic.tacticSeq took 0.00345ms
tactic execution of Lean.Parser.Tactic.case took 0.0459ms
tactic execution of Lean.Parser.Tactic.tacticSeq1Indented took 0.0133ms
tactic execution of Lean.Parser.Tactic.tacticSeq took 0.00478ms
tactic execution of Lean.Parser.Tactic.focus took 0.00835ms
tactic execution of Lean.Parser.Tactic.tacticHave__ took 0.0281ms
typeclass inference of Decidable took 0.29ms
typeclass inference of LE took 0.0443ms
typeclass inference of LE took 0.00552ms
typeclass inference of LE took 0.00428ms
typeclass inference of LE took 0.00595ms
typeclass inference of Decidable took 0.188ms
typeclass inference of Decidable took 0.00357ms
instantiate metavars took 0.00193ms
tactic execution of Lean.Parser.Tactic.omega took 9.16ms
tactic execution of Lean.Parser.Tactic.tacticSeq1Indented took 0.0371ms
tactic execution of Lean.Parser.Tactic.tacticSeq took 0.0134ms
tactic execution of Lean.Parser.Tactic.paren took 0.0123ms
tactic execution of Lean.Parser.Tactic.withAnnotateState took 0.0155ms
tactic execution of Lean.Parser.Tactic.tacticSeq1Indented took 0.0118ms
tactic execution of Lean.Parser.Tactic.tacticSeq took 0.0111ms
tactic execution of Lean.Parser.Tactic.case took 0.131ms
tactic execution of Lean.Parser.Tactic.tacticSeq1Indented took 0.0231ms
tactic execution of Lean.Parser.Tactic.tacticSeq took 0.0107ms
tactic execution of Lean.Parser.Tactic.focus took 0.0145ms
tactic execution of Lean.Parser.Tactic.tacticHave__ took 0.0629ms
typeclass inference of OfNat took 1.6ms
typeclass inference of HAdd took 1.7ms
typeclass inference of HMul took 1.44ms
typeclass inference of CategoryTheory.CartesianMonoidalCategory took 0.0816ms
typeclass inference of CategoryTheory.CartesianMonoidalCategory took 0.0225ms
typeclass inference of HPow took 4.41ms
typeclass inference of HMul took 1.27ms
typeclass inference of HAdd took 1.16ms
typeclass inference of OfNat took 0.237ms
typeclass inference of OfNat took 0.157ms
typeclass inference of HAdd took 0.244ms
typeclass inference of HMul took 0.157ms
typeclass inference of HPow took 0.315ms
typeclass inference of HMul took 0.161ms
typeclass inference of HAdd took 0.152ms
typeclass inference of OfNat took 0.0489ms
tactic execution of Lean.Parser.Tactic.refine took 2.47ms
tactic execution of Lean.Parser.Tactic.rewriteSeq took 0.17ms
tactic execution of Lean.Parser.Tactic.exact took 0.13ms
tactic execution of Lean.Parser.Tactic.exact took 0.101ms
tactic execution of Lean.Parser.Tactic.eqRefl took 0.0105ms
tactic execution of Lean.Parser.Tactic.applyRfl took 0.0288ms
tactic execution of Lean.Parser.Tactic.tacticRfl took 0.0468ms
tactic execution of Lean.Parser.Tactic.tacticSeq1Indented took 0.00671ms
tactic execution of Lean.Parser.Tactic.tacticSeq took 0.00495ms
tactic execution of Lean.Parser.Tactic.withReducible took 0.0104ms
tactic execution of Lean.Parser.Tactic.tacticSeq1Indented took 0.00437ms
tactic execution of Lean.Parser.Tactic.tacticSeq took 0.00346ms
tactic execution of Lean.Parser.Tactic.paren took 0.00415ms
tactic execution of Lean.Parser.Tactic.tacticSeq1Indented took 0.00384ms
tactic execution of Lean.Parser.Tactic.tacticSeq took 0.00458ms
tactic execution of Lean.Parser.Tactic.skip took 0.0027ms
tactic execution of Lean.Parser.Tactic.tacticSeq1Indented took 0.00398ms
tactic execution of Lean.Parser.Tactic.tacticSeq took 0.00412ms
tactic execution of Lean.Parser.Tactic.first took 0.00872ms
tactic execution of Lean.Parser.Tactic.tacticTry_ took 0.0092ms
tactic execution of Lean.Parser.Tactic.tacticSeq1Indented took 0.00503ms
tactic execution of Lean.Parser.Tactic.tacticSeq took 0.0029ms
tactic execution of Lean.Parser.Tactic.paren took 0.00375ms
tactic execution of Lean.Parser.Tactic.withAnnotateState took 0.0108ms
tactic execution of Lean.Parser.Tactic.tacticSeq1Indented took 0.0134ms
tactic execution of Lean.Parser.Tactic.tacticSeq took 0.0037ms
tactic execution of Lean.Parser.Tactic.paren took 0.00578ms
tactic execution of Lean.Parser.Tactic.rwSeq took 0.0107ms
tactic execution of Lean.Parser.Tactic.exact took 0.0498ms
tactic execution of Lean.Parser.Tactic.tacticSeq1Indented took 0.0111ms
tactic execution of Lean.Parser.Tactic.tacticSeq took 0.0115ms
tactic execution of Lean.Parser.Tactic.rewriteSeq took 3.26ms
tactic execution of Lean.Parser.Tactic.exact took 0.12ms
tactic execution of Lean.Parser.Tactic.exact took 0.0936ms
tactic execution of Lean.Parser.Tactic.eqRefl took 0.0107ms
tactic execution of Lean.Parser.Tactic.tacticRfl took 0.0285ms
tactic execution of Lean.Parser.Tactic.tacticSeq1Indented took 0.0038ms
tactic execution of Lean.Parser.Tactic.tacticSeq took 0.00589ms
tactic execution of Lean.Parser.Tactic.withReducible took 0.00302ms
tactic execution of Lean.Parser.Tactic.tacticSeq1Indented took 0.00305ms
tactic execution of Lean.Parser.Tactic.tacticSeq took 0.00255ms
tactic execution of Lean.Parser.Tactic.paren took 0.00262ms
tactic execution of Lean.Parser.Tactic.tacticSeq1Indented took 0.0029ms
tactic execution of Lean.Parser.Tactic.tacticSeq took 0.00271ms
tactic execution of Lean.Parser.Tactic.first took 0.00315ms
tactic execution of Lean.Parser.Tactic.tacticTry_ took 0.00479ms
tactic execution of Lean.Parser.Tactic.tacticSeq1Indented took 0.00313ms
tactic execution of Lean.Parser.Tactic.tacticSeq took 0.00272ms
tactic execution of Lean.Parser.Tactic.paren took 0.00284ms
tactic execution of Lean.Parser.Tactic.withAnnotateState took 0.0129ms
tactic execution of Lean.Parser.Tactic.tacticSeq1Indented took 0.0119ms
tactic execution of Lean.Parser.Tactic.tacticSeq took 0.00364ms
tactic execution of Lean.Parser.Tactic.paren took 0.00342ms
tactic execution of Lean.Parser.Tactic.rwSeq took 0.0134ms
tactic execution of Lean.Parser.Tactic.tacticSeq1Indented took 0.0042ms
tactic execution of Lean.Parser.Tactic.tacticSeq took 0.00298ms
tactic execution of Lean.Parser.Tactic.paren took 0.00406ms
tactic execution of Lean.Parser.Tactic.withAnnotateState took 0.00701ms
tactic execution of Lean.Parser.Tactic.tacticSeq1Indented took 0.00436ms
tactic execution of Lean.Parser.Tactic.tacticSeq took 0.00528ms
tactic execution of Lean.Parser.Tactic.case took 0.182ms
tactic execution of Lean.Parser.Tactic.tacticSeq1Indented took 0.0226ms
tactic execution of Lean.Parser.Tactic.tacticSeq took 0.00811ms
tactic execution of Lean.Parser.Tactic.focus took 0.0193ms
tactic execution of Lean.Parser.Tactic.tacticHave__ took 0.0739ms
typeclass inference of HMul took 0.169ms
typeclass inference of HMul took 0.181ms
typeclass inference of LT took 0.0339ms
tactic execution of Lean.Parser.Tactic.refine took 0.523ms
typeclass inference of OfNat took 0.112ms
typeclass inference of OfNat took 0.0564ms
typeclass inference of HMul took 0.00403ms
typeclass inference of HMul took 0.00251ms
typeclass inference of HMul took 0.0367ms
typeclass inference of HPow took 0.345ms
typeclass inference of HMul took 0.0372ms
typeclass inference of LE took 0.0345ms
typeclass inference of OfNat took 0.0487ms
typeclass inference of OfNat took 0.0686ms
typeclass inference of OfNat took 0.0609ms
typeclass inference of OfNat took 0.053ms
typeclass inference of OfNat took 0.0426ms
typeclass inference of HMul took 0.00391ms
typeclass inference of HPow took 0.0374ms
typeclass inference of HPow took 0.0379ms
typeclass inference of HMul took 0.033ms
typeclass inference of LT took 0.00345ms
typeclass inference of OfNat took 0.00287ms
typeclass inference of OfNat took 0.00209ms
typeclass inference of Trans took 0.222ms
typeclass inference of OfNat took 0.087ms
typeclass inference of OfNat took 0.0636ms
typeclass inference of HAdd took 0.199ms
typeclass inference of HAdd took 0.213ms
typeclass inference of OfNat took 0.0705ms
typeclass inference of HPow took 0.0473ms
typeclass inference of OfNat took 0.00371ms
typeclass inference of Trans took 0.25ms
typeclass inference of LT took 0.00399ms
typeclass inference of Trans took 0.2ms
typeclass inference of LE took 0.237ms
typeclass inference of LE took 0.082ms
typeclass inference of Zero took 0.127ms
typeclass inference of PartialOrder took 0.0495ms
typeclass inference of Ring took 1.13ms
typeclass inference of AddMonoidWithOne took 0.059ms
norm_num took 0.273ms
typeclass inference of Semiring took 0.0362ms
typeclass inference of PartialOrder took 0.00323ms
typeclass inference of CommSemiring took 0.0277ms
typeclass inference of IsOrderedRing took 0.985ms
typeclass inference of Nontrivial took 0.0489ms
typeclass inference of Semiring took 0.0026ms
typeclass inference of IsStrictOrderedRing took 0.0282ms
tactic execution of Mathlib.Tactic.Positivity.positivity took 1.1ms
tactic execution of Lean.Parser.Tactic.tacticSeq1Indented took 0.0105ms
tactic execution of Lean.Parser.Tactic.tacticSeq took 0.0256ms
typeclass inference of Monoid took 0.264ms
typeclass inference of Monoid took 0.115ms
typeclass inference of Monoid took 0.0346ms
typeclass inference of Monoid took 0.0293ms
tactic execution of Lean.Parser.Tactic.rewriteSeq took 0.565ms
tactic execution of Lean.Parser.Tactic.exact took 0.111ms
tactic execution of Lean.Parser.Tactic.exact took 0.089ms
tactic execution of Lean.Parser.Tactic.eqRefl took 0.134ms
tactic execution of Lean.Parser.Tactic.tacticRfl took 0.046ms
tactic execution of Lean.Parser.Tactic.tacticSeq1Indented took 0.00438ms
tactic execution of Lean.Parser.Tactic.tacticSeq took 0.00337ms
tactic execution of Lean.Parser.Tactic.withReducible took 0.00636ms
tactic execution of Lean.Parser.Tactic.tacticSeq1Indented took 0.0035ms
tactic execution of Lean.Parser.Tactic.tacticSeq took 0.00308ms
tactic execution of Lean.Parser.Tactic.paren took 0.00307ms
tactic execution of Lean.Parser.Tactic.tacticSeq1Indented took 0.00388ms
tactic execution of Lean.Parser.Tactic.tacticSeq took 0.00336ms
tactic execution of Lean.Parser.Tactic.first took 0.00661ms
tactic execution of Lean.Parser.Tactic.tacticTry_ took 0.00896ms
tactic execution of Lean.Parser.Tactic.tacticSeq1Indented took 0.00341ms
tactic execution of Lean.Parser.Tactic.tacticSeq took 0.00312ms
tactic execution of Lean.Parser.Tactic.paren took 0.00422ms
tactic execution of Lean.Parser.Tactic.withAnnotateState took 0.0173ms
tactic execution of Lean.Parser.Tactic.tacticSeq1Indented took 0.00895ms
tactic execution of Lean.Parser.Tactic.tacticSeq took 0.00287ms
tactic execution of Lean.Parser.Tactic.paren took 0.00407ms
tactic execution of Lean.Parser.Tactic.rwSeq took 0.0123ms
tactic execution of Lean.Parser.Tactic.tacticSeq1Indented took 0.00541ms
tactic execution of Lean.Parser.Tactic.tacticSeq took 0.0105ms
tactic execution of Lean.calcTactic took 9.66ms
tactic execution of Lean.Parser.Tactic.tacticSeq1Indented took 0.00625ms
tactic execution of Lean.Parser.Tactic.tacticSeq took 0.00386ms
tactic execution of Lean.Parser.Tactic.paren took 0.00398ms
tactic execution of Lean.Parser.Tactic.withAnnotateState took 0.00489ms
tactic execution of Lean.Parser.Tactic.tacticSeq1Indented took 0.00494ms
tactic execution of Lean.Parser.Tactic.tacticSeq took 0.00792ms
tactic execution of Lean.Parser.Tactic.case took 0.0368ms
tactic execution of Lean.Parser.Tactic.tacticSeq1Indented took 0.0138ms
tactic execution of Lean.Parser.Tactic.tacticSeq took 0.00427ms
tactic execution of Lean.Parser.Tactic.focus took 0.00765ms
tactic execution of Lean.Parser.Tactic.tacticHave__ took 0.0391ms
typeclass inference of HMul took 2.04ms
typeclass inference of HMul took 1.09ms
typeclass inference of HMul took 0.204ms
typeclass inference of HMul took 0.199ms
tactic execution of Lean.Parser.Tactic.refine took 1.54ms
tactic execution of Lean.Parser.Tactic.rotateRight took 0.00852ms
tactic execution of Lean.Parser.Tactic.tacticSeq1Indented took 0.0169ms
tactic execution of Lean.Parser.Tactic.tacticSeq took 0.0047ms
tactic execution of Lean.Parser.Tactic.paren took 0.00411ms
tactic execution of Lean.Parser.Tactic.tacticSeq1Indented took 0.00456ms
tactic execution of Lean.Parser.Tactic.tacticSeq took 0.00426ms
tactic execution of Lean.Parser.Tactic.focus took 0.00695ms
tactic execution of Lean.Parser.Tactic.tacticRefine_lift_ took 0.00846ms
tactic execution of Lean.Parser.Tactic.tacticHave__ took 0.0194ms
tactic execution of Lean.Parser.Tactic.rewriteSeq took 0.801ms
tactic execution of Lean.Parser.Tactic.exact took 0.143ms
tactic execution of Lean.Parser.Tactic.exact took 0.0966ms
tactic execution of Lean.Parser.Tactic.eqRefl took 0.0147ms
tactic execution of Lean.Parser.Tactic.tacticRfl took 0.0451ms
tactic execution of Lean.Parser.Tactic.tacticSeq1Indented took 0.00391ms
tactic execution of Lean.Parser.Tactic.tacticSeq took 0.0031ms
tactic execution of Lean.Parser.Tactic.withReducible took 0.00593ms
tactic execution of Lean.Parser.Tactic.tacticSeq1Indented took 0.0037ms
tactic execution of Lean.Parser.Tactic.tacticSeq took 0.00266ms
tactic execution of Lean.Parser.Tactic.paren took 0.00275ms
tactic execution of Lean.Parser.Tactic.tacticSeq1Indented took 0.00292ms
tactic execution of Lean.Parser.Tactic.tacticSeq took 0.00272ms
tactic execution of Lean.Parser.Tactic.first took 0.00568ms
tactic execution of Lean.Parser.Tactic.tacticTry_ took 0.00774ms
tactic execution of Lean.Parser.Tactic.tacticSeq1Indented took 0.00325ms
tactic execution of Lean.Parser.Tactic.tacticSeq took 0.00266ms
tactic execution of Lean.Parser.Tactic.paren took 0.00314ms
tactic execution of Lean.Parser.Tactic.withAnnotateState took 0.0216ms
tactic execution of Lean.Parser.Tactic.tacticSeq1Indented took 0.0117ms
tactic execution of Lean.Parser.Tactic.tacticSeq took 0.00326ms
tactic execution of Lean.Parser.Tactic.paren took 0.00405ms
tactic execution of Lean.Parser.Tactic.rwSeq took 0.0469ms
tactic execution of Lean.Parser.Tactic.tacticSeq1Indented took 0.0749ms
tactic execution of Lean.Parser.Tactic.tacticSeq took 0.0135ms
instantiate metavars took 0.347ms
instantiate metavars took 0.000401ms
instantiate metavars took 0.00015ms
instantiate metavars took 0.00011ms
instantiate metavars took 0.0001ms
share common exprs took 2.05ms
fix level params took 0.102ms
let-to-have transformation took 0.0106ms
attribute application took 0.00344ms
attribute application took 0.000751ms
process pre-definitions took 1.43ms
elaboration took 2.04ms
type checking took 33.1ms
type checking took 7.89ms
overlappingInstancesLinter took 0.559ms
tacticAnalysis took 5.89ms
linting took 21.5ms
attribute application took 0.00158ms
typeclass inference of OfNat took 0.0687ms
typeclass inference of OfNat took 0.0404ms
typeclass inference of HSub took 0.857ms
typeclass inference of HMul took 0.924ms
typeclass inference of HMul took 0.792ms
typeclass inference of HSub took 0.881ms
typeclass inference of OfNat took 0.922ms
typeclass inference of OfNat took 0.0904ms
typeclass inference of OfNat took 0.0564ms
typeclass inference of OfNat took 0.0439ms
typeclass inference of OfNat took 0.0318ms
typeclass inference of OfNat took 0.0399ms
typeclass inference of OfNat took 0.0331ms
typeclass inference of OfNat took 0.028ms
typeclass inference of OfNat took 0.0287ms
typeclass inference of HSub took 0.00429ms
typeclass inference of HSub took 0.00245ms
typeclass inference of HMul took 0.00231ms
typeclass inference of HSub took 0.0358ms
typeclass inference of HPow took 0.173ms
typeclass inference of HMul took 0.0909ms
typeclass inference of HSub took 0.0659ms
typeclass inference of OfNat took 0.829ms
typeclass inference of OfNat took 0.0582ms
typeclass inference of OfNat took 0.00389ms
typeclass inference of HPow took 0.129ms
typeclass inference of HMul took 0.0647ms
typeclass inference of HSub took 0.0458ms
typeclass inference of OfNat took 0.0395ms
typeclass inference of HPow took 0.103ms
typeclass inference of HMul took 0.0495ms
typeclass inference of HSub took 0.0426ms
typeclass inference of OfNat took 0.0566ms
typeclass inference of OfNat took 0.0722ms
typeclass inference of OfNat took 0.0551ms
typeclass inference of OfNat took 0.0444ms
typeclass inference of HPow took 0.142ms
typeclass inference of LE took 0.0313ms
typeclass inference of OfNat took 0.0457ms
typeclass inference of OfNat took 0.0647ms
typeclass inference of HPow took 0.14ms
typeclass inference of OfNat took 0.0509ms
typeclass inference of HPow took 0.124ms
typeclass inference of OfNat took 0.064ms
typeclass inference of OfNat took 0.0466ms
typeclass inference of OfNat took 0.0371ms
typeclass inference of OfNat took 0.0336ms
typeclass inference of HPow took 0.14ms
typeclass inference of LT took 0.0334ms
typeclass inference of OfNat took 0.00319ms
typeclass inference of OfNat took 0.0549ms
typeclass inference of HPow took 0.122ms
typeclass inference of OfNat took 0.0428ms
typeclass inference of HPow took 0.116ms
typeclass inference of OfNat took 0.0981ms
typeclass inference of OfNat took 0.0788ms
typeclass inference of OfNat took 0.0892ms
typeclass inference of OfNat took 0.0433ms
typeclass inference of HPow took 0.172ms
typeclass inference of LT took 0.00507ms
typeclass inference of OfNat took 0.00435ms
typeclass inference of OfNat took 0.0827ms
typeclass inference of HPow took 0.167ms
typeclass inference of OfNat took 0.0448ms
typeclass inference of HPow took 0.126ms
typeclass inference of OfNat took 0.0635ms
typeclass inference of OfNat took 0.048ms
typeclass inference of OfNat took 0.0388ms
typeclass inference of OfNat took 0.0307ms
typeclass inference of HPow took 0.148ms
typeclass inference of LT took 0.00337ms
typeclass inference of OfNat took 0.00253ms
typeclass inference of OfNat took 0.0475ms
typeclass inference of HPow took 0.275ms
typeclass inference of OfNat took 0.132ms
typeclass inference of HPow took 0.312ms
typeclass inference of OfNat took 0.0606ms
typeclass inference of OfNat took 0.0436ms
typeclass inference of OfNat took 0.045ms
typeclass inference of OfNat took 0.0692ms
typeclass inference of HMul took 0.148ms
typeclass inference of HAdd took 0.141ms
typeclass inference of HMul took 0.00324ms
typeclass inference of HMul took 0.171ms
typeclass inference of HPow took 0.198ms
typeclass inference of HMul took 0.0892ms
typeclass inference of HAdd took 0.0545ms
typeclass inference of OfNat took 0.00372ms
typeclass inference of OfNat took 0.0578ms
typeclass inference of HPow took 0.163ms
typeclass inference of HMul took 0.0523ms
typeclass inference of HAdd took 0.0438ms
typeclass inference of OfNat took 0.0406ms
typeclass inference of HPow took 0.107ms
typeclass inference of HMul took 0.0474ms
typeclass inference of HAdd took 0.0422ms
typeclass inference of OfNat took 0.0424ms
typeclass inference of HPow took 0.11ms
typeclass inference of HMul took 0.0604ms
typeclass inference of HSub took 0.0504ms
typeclass inference of OfNat took 0.0392ms
typeclass inference of HPow took 0.103ms
typeclass inference of OfNat took 0.0364ms
typeclass inference of HPow took 0.102ms
typeclass inference of OfNat took 0.0368ms
typeclass inference of HPow took 0.103ms
typeclass inference of OfNat took 0.0356ms
typeclass inference of HPow took 0.156ms
typeclass inference of OfNat took 0.0558ms
typeclass inference of HPow took 0.158ms
typeclass inference of HMul took 0.0645ms
typeclass inference of HAdd took 0.0473ms
typeclass inference of OfNat took 0.0421ms
typeclass inference of HPow took 0.108ms
typeclass inference of HMul took 0.0522ms
typeclass inference of HSub took 0.0446ms
typeclass inference of OfNat took 0.0387ms
typeclass inference of HPow took 0.119ms
typeclass inference of OfNat took 0.0668ms
typeclass inference of HPow took 0.136ms
typeclass inference of OfNat took 0.0373ms
typeclass inference of HPow took 0.103ms
typeclass inference of OfNat took 0.0373ms
typeclass inference of HPow took 0.274ms
typeclass inference of OfNat took 0.101ms
typeclass inference of HPow took 0.272ms
typeclass inference of HMul took 0.119ms
typeclass inference of HAdd took 0.114ms
typeclass inference of Pow took 0.0855ms
typeclass inference of CategoryTheory.CartesianMonoidalCategory took 0.0911ms
typeclass inference of CategoryTheory.CartesianMonoidalCategory took 0.00492ms
typeclass inference of NPow took 2.4ms
typeclass inference of OfNat took 0.0488ms
typeclass inference of HMul took 0.0584ms
typeclass inference of HSub took 0.0059ms
typeclass inference of OfNat took 0.0795ms
typeclass inference of HPow took 0.172ms
typeclass inference of OfNat took 0.122ms
typeclass inference of HPow took 0.266ms
typeclass inference of OfNat took 0.112ms
typeclass inference of HPow took 0.252ms
typeclass inference of OfNat took 0.0827ms
typeclass inference of HPow took 0.233ms
typeclass inference of OfNat took 0.0838ms
typeclass inference of HPow took 0.107ms
typeclass inference of HMul took 0.0588ms
typeclass inference of HAdd took 0.0497ms
typeclass inference of OfNat took 0.0466ms
typeclass inference of HPow took 0.11ms
typeclass inference of OfNat took 0.0366ms
typeclass inference of HPow took 0.111ms
typeclass inference of OfNat took 0.0384ms
typeclass inference of HPow took 0.108ms
typeclass inference of OfNat took 0.0382ms
typeclass inference of HPow took 0.105ms
typeclass inference of OfNat took 0.0381ms
typeclass inference of HPow took 0.104ms
typeclass inference of HMul took 0.0537ms
typeclass inference of HAdd took 0.0467ms
typeclass inference of OfNat took 0.0401ms
typeclass inference of HPow took 0.124ms
typeclass inference of OfNat took 0.0678ms
typeclass inference of HPow took 0.201ms
typeclass inference of OfNat took 0.0638ms
typeclass inference of HPow took 0.129ms
typeclass inference of OfNat took 0.0408ms
typeclass inference of HPow took 0.156ms
typeclass inference of OfNat took 0.0635ms
typeclass inference of HPow took 0.138ms
typeclass inference of HMul took 0.057ms
typeclass inference of HAdd took 0.0469ms
typeclass inference of Pow took 0.0373ms
typeclass inference of NPow took 0.113ms
typeclass inference of OfNat took 0.0435ms
typeclass inference of OfNat took 0.0463ms
typeclass inference of HPow took 0.114ms
typeclass inference of OfNat took 0.0389ms
typeclass inference of HPow took 0.105ms
typeclass inference of OfNat took 0.0358ms
typeclass inference of HPow took 0.101ms
typeclass inference of OfNat took 0.0365ms
typeclass inference of HPow took 0.103ms
typeclass inference of HMul took 0.0497ms
typeclass inference of HAdd took 0.0466ms
typeclass inference of OfNat took 0.0392ms
typeclass inference of HPow took 0.108ms
typeclass inference of OfNat took 0.0388ms
typeclass inference of HPow took 0.109ms
typeclass inference of OfNat took 0.0361ms
typeclass inference of HPow took 0.101ms
typeclass inference of OfNat took 0.0365ms
typeclass inference of HPow took 0.102ms
typeclass inference of HMul took 0.0538ms
typeclass inference of HAdd took 0.0465ms
typeclass inference of OfNat took 0.0412ms
typeclass inference of HPow took 0.107ms
typeclaparsing took 0.0689ms
parsing took 0.000952ms
ss inference of OfNat took 0.0371ms
typeclass inference of HPow took 0.104ms
typeclass inference of OfNat took 0.0562ms
typeclass inference of HPow took 0.11ms
typeclass inference of OfNat took 0.0368ms
typeclass inference of HPow took 0.103ms
typeclass inference of HMul took 0.0487ms
typeclass inference of HAdd took 0.0455ms
typeclass inference of Pow took 0.0381ms
typeclass inference of NPow took 0.00313ms
typeclass inference of OfNat took 0.00284ms
typeclass inference of OfNat took 0.0428ms
typeclass inference of HPow took 0.11ms
typeclass inference of OfNat took 0.0487ms
typeclass inference of HPow took 0.119ms
typeclass inference of OfNat took 0.0651ms
typeclass inference of HPow took 0.227ms
typeclass inference of HMul took 0.185ms
typeclass inference of HAdd took 0.141ms
typeclass inference of OfNat took 0.123ms
typeclass inference of HPow took 0.297ms
typeclass inference of OfNat took 0.109ms
typeclass inference of HPow took 0.279ms
typeclass inference of OfNat took 0.09ms
typeclass inference of HPow took 0.266ms
typeclass inference of HMul took 0.083ms
typeclass inference of HAdd took 0.0454ms
typeclass inference of OfNat took 0.0403ms
typeclass inference of HPow took 0.115ms
typeclass inference of OfNat took 0.0431ms
typeclass inference of HPow took 0.108ms
typeclass inference of OfNat took 0.0367ms
typeclass inference of HPow took 0.104ms
typeclass inference of HMul took 0.0499ms
typeclass inference of HAdd took 0.0458ms
typeclass inference of Pow took 0.0385ms
typeclass inference of NPow took 0.00326ms
typeclass inference of OfNat took 0.00292ms
typeclass inference of OfNat took 0.0425ms
typeclass inference of HPow took 0.109ms
typeclass inference of OfNat took 0.0378ms
typeclass inference of HPow took 0.108ms
typeclass inference of HMul took 0.0536ms
typeclass inference of HAdd took 0.0564ms
typeclass inference of OfNat took 0.0413ms
typeclass inference of HPow took 0.11ms
typeclass inference of OfNat took 0.0658ms
typeclass inference of HPow took 0.127ms
typeclass inference of HMul took 0.0548ms
typeclass inference of HAdd took 0.0451ms
typeclass inference of OfNat took 0.0411ms
typeclass inference of HPow took 0.107ms
typeclass inference of OfNat took 0.0374ms
typeclass inference of HPow took 0.104ms
typeclass inference of HMul took 0.0485ms
typeclass inference of HAdd took 0.0445ms
typeclass inference of Pow took 0.0443ms
typeclass inference of NPow took 0.00324ms
typeclass inference of OfNat took 0.00294ms
typeclass inference of OfNat took 0.0426ms
typeclass inference of HPow took 0.114ms
typeclass inference of HMul took 0.0521ms
typeclass inference of HAdd took 0.0474ms
typeclass inference of OfNat took 0.0402ms
typeclass inference of HPow took 0.11ms
typeclass inference of HMul took 0.0519ms
typeclass inference of HAdd took 0.0486ms
typeclass inference of OfNat took 0.0418ms
typeclass inference of HPow took 0.109ms
typeclass inference of HMul took 0.0492ms
typeclass inference of HAdd took 0.0456ms
typeclass inference of Pow took 0.0458ms
typeclass inference of NPow took 0.00373ms
typeclass inference of OfNat took 0.00282ms
typeclass inference of HMul took 0.0335ms
typeclass inference of HAdd took 0.00416ms
instantiate metavars took 0.0405ms
instantiate metavars took 0.000231ms
let-to-have transformation took 0.0163ms
attribute application took 0.00225ms
attribute application took 0.000712ms
elaboration took 6.78ms
typeclass inference of OfNat took 0.0993ms
typeclass inference of OfNat took 0.0462ms
typeclass inference of OfNat took 0.0669ms
tactic execution of Lean.Parser.Tactic.refine took 0.435ms
tactic execution of Lean.Parser.Tactic.rotateRight took 0.00686ms
tactic execution of Lean.Parser.Tactic.tacticSeq1Indented took 0.0153ms
tactic execution of Lean.Parser.Tactic.tacticSeq took 0.00432ms
tactic execution of Lean.Parser.Tactic.paren took 0.00505ms
tactic execution of Lean.Parser.Tactic.tacticSeq1Indented took 0.00486ms
tactic execution of Lean.Parser.Tactic.tacticSeq took 0.00409ms
tactic execution of Lean.Parser.Tactic.focus took 0.0096ms
tactic execution of Lean.Parser.Tactic.tacticRefine_lift_ took 0.00729ms
tactic execution of Lean.Parser.Tactic.tacticHave__ took 0.02ms
typeclass inference of HMul took 1.27ms
typeclass inference of HMul took 1.05ms
tactic execution of Lean.Parser.Tactic.refine took 0.372ms
typeclass inference of Add took 0.857ms
typeclass inference of AddRightCancelSemigroup took 0.75ms
typeclass inference of IsRightCancelAdd took 4.21ms
typeclass inference of AddGroup took 0.526ms
typeclass inference of CommSemiring took 0.653ms
typeclass inference of CommRing took 0.101ms
typeclass inference of Semifield took 0.645ms
typeclass inference of Field took 0.314ms
typeclass inference of Field took 0.0023ms
typeclass inference of Field took 0.00205ms
typeclass inference of Field took 0.00238ms
typeclass inference of Field took 0.0014ms
typeclass inference of Field took 0.00124ms
typeclass inference of Field took 0.00102ms
typeclass inference of Field took 0.0012ms
typeclass inference of Field took 0.00107ms
typeclass inference of Field took 0.00104ms
typeclass inference of Field took 0.00103ms
typeclass inference of Field took 0.00101ms
typeclass inference of Field took 0.00264ms
typeclass inference of Field took 0.00118ms
typeclass inference of Field took 0.00116ms
typeclass inference of Field took 0.00115ms
typeclass inference of Field took 0.00105ms
typeclass inference of Field took 0.00107ms
typeclass inference of Field took 0.00102ms
typeclass inference of Field took 0.00104ms
typeclass inference of Field took 0.00186ms
typeclass inference of Field took 0.00111ms
typeclass inference of Field took 0.00104ms
typeclass inference of Field took 0.00102ms
typeclass inference of Field took 0.00104ms
typeclass inference of Field took 0.00103ms
typeclass inference of Field took 0.000972ms
typeclass inference of Field took 0.00213ms
typeclass inference of Field took 0.0014ms
typeclass inference of Field took 0.00109ms
typeclass inference of Semiring took 0.668ms
typeclass inference of RCLike took 0.0107ms
typeclass inference of RCLike took 0.0017ms
typeclass inference of RCLike took 0.00153ms
typeclass inference of RCLike took 0.00329ms
typeclass inference of RCLike took 0.00146ms
typeclass inference of RCLike took 0.00117ms
typeclass inference of RCLike took 0.00114ms
typeclass inference of RCLike took 0.00112ms
typeclass inference of RCLike took 0.00118ms
typeclass inference of RCLike took 0.00221ms
typeclass inference of RCLike took 0.00139ms
typeclass inference of RCLike took 0.00128ms
typeclass inference of RCLike took 0.00205ms
typeclass inference of RCLike took 0.00135ms
typeclass inference of RCLike took 0.00132ms
typeclass inference of RCLike took 0.00109ms
typeclass inference of RCLike took 0.00106ms
typeclass inference of RCLike took 0.00105ms
typeclass inference of RCLike took 0.00107ms
typeclass inference of RCLike took 0.00101ms
typeclass inference of RCLike took 0.00161ms
typeclass inference of RCLike took 0.00136ms
typeclass inference of RCLike took 0.00125ms
typeclass inference of RCLike took 0.00117ms
typeclass inference of RCLike took 0.00123ms
typeclass inference of RCLike took 0.00109ms
typeclass inference of RCLike took 0.00118ms
typeclass inference of RCLike took 0.00149ms
typeclass inference of RCLike took 0.00122ms
typeclass inference of RCLike took 0.00144ms
typeclass inference of Semiring took 0.00589ms
typeclass inference of NonAssocRing took 0.174ms
typeclass inference of Field took 0.00338ms
typeclass inference of Field took 0.00296ms
typeclass inference of Field took 0.00339ms
typeclass inference of Field took 0.00153ms
typeclass inference of Field took 0.00147ms
typeclass inference of Field took 0.00119ms
typeclass inference of Field took 0.00117ms
typeclass inference of Field took 0.00111ms
typeclass inference of Field took 0.00114ms
typeclass inference of Field took 0.00163ms
typeclass inference of Field took 0.00128ms
typeclass inference of Field took 0.00136ms
typeclass inference of Field took 0.001ms
typeclass inference of Field took 0.00234ms
typeclass inference of Field took 0.00137ms
typeclass inference of Field took 0.00117ms
typeclass inference of Field took 0.00111ms
typeclass inference of Field took 0.00102ms
typeclass inference of Field took 0.00101ms
typeclass inference of Field took 0.00107ms
typeclass inference of Field took 0.000972ms
typeclass inference of Field took 0.000952ms
typeclass inference of Field took 0.00199ms
typeclass inference of Field took 0.00112ms
typeclass inference of Field took 0.00115ms
typeclass inference of Field took 0.00117ms
typeclass inference of Field took 0.00106ms
typeclass inference of Field took 0.00107ms
typeclass inference of Field took 0.00113ms
typeclass inference of Field took 0.00114ms
typeclass inference of Field took 0.00167ms
typeclass inference of Field took 0.00106ms
typeclass inference of Field took 0.00107ms
typeclass inference of Field took 0.00114ms
typeclass inference of Field took 0.00116ms
typeclass inference of Field took 0.00103ms
typeclass inference of Field took 0.00103ms
typeclass inference of Field took 0.00211ms
typeclass inference of Field took 0.00133ms
typeclass inference of Field took 0.00118ms
typeclass inference of Field took 0.00118ms
typeclass inference of Field took 0.00115ms
typeclass inference of Field took 0.0022ms
typeclass inference of Field took 0.0013ms
typeclass inference of Field took 0.00112ms
typeclass inference of Field took 0.00108ms
typeclass inference of Field took 0.00149ms
typeclass inference of Field took 0.00124ms
typeclass inference of Field took 0.00104ms
typeclass inference of Field took 0.00193ms
typeclass inference of Field took 0.00123ms
typeclass inference of Field took 0.00142ms
typeclass inference of Field took 0.00161ms
typeclass inference of Field took 0.0026ms
typeclass inference of Field took 0.00181ms
typeclass inference of Field took 0.00151ms
typeclass inference of Field took 0.00122ms
typeclass inference of Field took 0.00106ms
typeclass inference of Field took 0.00129ms
typeclass inference of Field took 0.00223ms
typeclass inference of Field took 0.00341ms
typeclass inference of Field took 0.00225ms
typeclass inference of Field took 0.00157ms
typeclass inference of Field took 0.00143ms
typeclass inference of Field took 0.00158ms
typeclass inference of Field took 0.00205ms
typeclass inference of Field took 0.00125ms
typeclass inference of Field took 0.00124ms
typeclass inference of Field took 0.00113ms
typeclass inference of Field took 0.00261ms
typeclass inference of Field took 0.0012ms
typeclass inference of Field took 0.00112ms
typeclass inference of Semiring took 0.00597ms
typeclass inference of CharZero took 19.7ms
norm_num took 0.0304ms
norm_num took 0.00727ms
typeclass inference of AddMonoidWithOne took 0.912ms
norm_num took 0.567ms
norm_num took 0.00975ms
norm_num took 0.00637ms
norm_num took 0.00552ms
norm_num took 0.00442ms
typeclass inference of AddMonoidWithOne took 0.0067ms
norm_num took 0.308ms
ring took 2.13ms
tactic execution of Mathlib.Tactic.LinearCombination.linearCombination took 3.37ms
tactic execution of Lean.Parser.Tactic.tacticSeq1Indented took 0.00746ms
tactic execution of Lean.Parser.Tactic.tacticSeq took 0.00483ms
tactic execution of Lean.Parser.Tactic.paren took 0.00564ms
tactic execution of Lean.Parser.Tactic.withAnnotateState took 0.00927ms
tactic execution of Lean.Parser.Tactic.tacticSeq1Indented took 0.00579ms
tactic execution of Lean.Parser.Tactic.tacticSeq took 0.00507ms
tactic execution of Lean.Parser.Tactic.case took 0.0711ms
tactic execution of Lean.Parser.Tactic.tacticSeq1Indented took 0.0163ms
tactic execution of Lean.Parser.Tactic.tacticSeq took 0.00464ms
tactic execution of Lean.Parser.Tactic.focus took 0.00684ms
tactic execution of Lean.Parser.Tactic.tacticHave__ took 0.017ms
typeclass inference of OfNat took 0.142ms
typeclass inference of OfNat took 0.0624ms
typeclass inference of OfNat took 0.0502ms
typeclass inference of OfNat took 0.0386ms
typeclass inference of HAdd took 1.05ms
typeclass inference of HMul took 0.0113ms
typeclass inference of HPow took 0.181ms
typeclass inference of HMul took 0.0745ms
typeclass inference of HAdd took 0.0563ms
typeclass inference of OfNat took 1.02ms
typeclass inference of OfNat took 0.0797ms
typeclass inference of HPow took 0.157ms
typeclass inference of HMul took 0.0681ms
typeclass inference of HAdd took 0.0537ms
typeclass inference of OfNat took 0.0807ms
typeclass inference of HPow took 0.131ms
typeclass inference of HMul took 0.0604ms
typeclass inference of HAdd took 0.05ms
typeclass inference of OfNat took 0.0465ms
typeclass inference of HPow took 0.161ms
typeclass inference of HMul took 0.0625ms
typeclass inference of HAdd took 0.0502ms
typeclass inference of OfNat took 0.0638ms
typeclass inference of HPow took 0.169ms
typeclass inference of HMul took 0.0814ms
typeclass inference of HAdd took 0.197ms
typeclass inference of Pow took 0.109ms
typeclass inference of CategoryTheory.CartesianMonoidalCategory took 0.0997ms
typeclass inference of CategoryTheory.CartesianMonoidalCategory took 0.0133ms
typeclass inference of NPow took 2.97ms
typeclass inference of OfNat took 0.0509ms
typeclass inference of HMul took 0.0408ms
typeclass inference of HAdd took 0.00354ms
tactic execution of Lean.Parser.Tactic.refine took 1.15ms
typeclass inference of Add took 0.00562ms
typeclass inference of IsRightCancelAdd took 0.0395ms
typeclass inference of AddGroup took 0.00626ms
typeclass inference of CommSemiring took 0.00334ms
typeclass inference of CommRing took 0.0022ms
typeclass inference of Semifield took 0.00125ms
typeclass inference of CharZero took 0.00231ms
norm_num took 0.0356ms
typeclass inference of AddMonoidWithOne took 0.00486ms
norm_num took 0.178ms
norm_num took 0.00573ms
typeclass inference of AddMonoidWithOne took 0.00395ms
norm_num took 0.112ms
typeclass inference of AddMonoidWithOne took 0.0365ms
norm_num took 0.0874ms
norm_num took 0.00538ms
norm_num took 0.00421ms
norm_num took 0.00258ms
typeclass inference of AddMonoidWithOne took 0.00368ms
norm_num took 0.118ms
typeclass inference of AddMonoidWithOne took 0.00354ms
norm_num took 0.07ms
norm_num took 0.004ms
typeclass inference of AddMonoidWithOne took 0.00325ms
norm_num took 0.134ms
ring took 1.63ms
tactic execution of Mathlib.Tactic.LinearCombination.linearCombination took 1.3ms
tactic execution of Lean.Parser.Tactic.tacticSeq1Indented took 0.00604ms
tactic execution of Lean.Parser.Tactic.tacticSeq took 0.00337ms
tactic execution of Lean.Parser.Tactic.paren took 0.00388ms
tactic execution of Lean.Parser.Tactic.withAnnotateState took 0.00596ms
tactic execution of Lean.Parser.Tactic.tacticSeq1Indented took 0.00422ms
tactic execution of Lean.Parser.Tactic.tacticSeq took 0.00415ms
tactic execution of Lean.Parser.Tactic.case took 0.0297ms
tactic execution of Lean.Parser.Tactic.tacticSeq1Indented took 0.0144ms
tactic execution of Lean.Parser.Tactic.tacticSeq took 0.00579ms
tactic execution of Lean.Parser.Tactic.focus took 0.00839ms
tactic execution of Lean.Parser.Tactic.tacticHave__ took 0.0999ms
typeclass inference of OfNat took 0.0532ms
typeclass inference of OfNat took 0.0813ms
typeclass inference of OfNat took 0.0587ms
typeclass inference of OfNat took 0.0492ms
typeclass inference of HPow took 0.184ms
typeclass inference of LT took 0.0293ms
typeclass inference of OfNat took 0.0547ms
typeclass inference of HPow took 0.126ms
typeclass inference of OfNat took 0.0444ms
typeclass inference of HPow took 0.143ms
typeclass inference of OfNat took 0.041ms
typeclass inference of HPow took 0.121ms
typeclass inference of Pow took 0.0458ms
typeclass inference of NPow took 0.123ms
typeclass inference of OfNat took 0.00573ms
tactic execution of Lean.Parser.Tactic.refine took 0.65ms
interpretation of Lean.Meta.Grind.reduceCtorEqCheap took 0.00986ms
interpretation of Lean.Meta.Grind.reduceSimpMatchDiscrsOnly took 0.00412ms
interpretation of Lean.Meta.Grind.reducePreMatchCond took 0.00322ms
interpretation of Lean.Meta.Grind.Arith.expandPow01 took 0.0023ms
interpretation of Lean.Meta.Grind.Arith.expandDiv took 0.00186ms
interpretation of Lean.Meta.Grind.Arith.normNatAddInst took 0.00197ms
interpretation of Lean.Meta.Grind.Arith.normNatMulInst took 0.0023ms
interpretation of Lean.Meta.Grind.Arith.normNatSubInst took 0.00202ms
interpretation of Lean.Meta.Grind.Arith.normNatDivInst took 0.00171ms
interpretation of Lean.Meta.Grind.Arith.normNatModInst took 0.00153ms
interpretation of Lean.Meta.Grind.Arith.normNatPowInst took 0.00188ms
interpretation of Lean.Meta.Grind.Arith.normNatOfNatInst took 0.0016ms
interpretation of Lean.Meta.Grind.Arith.normIntNegInst took 0.00196ms
interpretation of Lean.Meta.Grind.Arith.normIntAddInst took 0.00177ms
interpretation of Lean.Meta.Grind.Arith.normIntMulInst took 0.00177ms
interpretation of Lean.Meta.Grind.Arith.normIntSubInst took 0.00211ms
interpretation of Lean.Meta.Grind.Arith.normIntDivInst took 0.018ms
interpretation of Lean.Meta.Grind.Arith.normIntModInst took 0.0041ms
interpretation of Lean.Meta.Grind.Arith.normIntPowInst took 0.0057ms
interpretation of Lean.Meta.Grind.Arith.normNatCastInst took 0.00337ms
interpretation of Lean.Meta.Grind.Arith.normIntOfNatInst took 0.00461ms
interpretation of Lean.Meta.Grind.Arith.normNatCastNum took 0.00267ms
interpretation of Lean.Meta.Grind.Arith.normIntCastNum took 0.00275ms
interpretation of Lean.Meta.Grind.Arith.normPowRatInt took 0.00587ms
interpretation of Lean.Meta.Grind.Arith.normFieldInv took 0.014ms
interpretation of Lean.Meta.Grind.simpForall took 0.0125ms
interpretation of Lean.Meta.Grind.simpExists took 0.00313ms
interpretation of Lean.Meta.Grind.simpEq took 0.00907ms
interpretation of Lean.Meta.Grind.simpOr took 0.00607ms
interpretation of Lean.Meta.Grind.simpDIte took 0.0105ms
interpretation of Lean.Meta.Grind.pushNot took 0.0192ms
interpretation of Lean.Meta.Grind.unfoldReducibleSimproc took 0.0146ms
congr simp thm took 0.00823ms
congr simp thm took 0.0567ms
congr simp thm took 0.0475ms
grind simp took 0.363ms
grind mark subsingleton took 0.109ms
sym typeclass inference of HSub took 1.11ms
sym typeclass inference of HMul took 0.935ms
sym typeclass inference of OfNat took 0.761ms
sym canon took 0.903ms
sym typeclass inference of Lean.Grind.CommRing took 14.6ms
typeclass inference of Lean.Grind.Ring took 0.598ms
typeclass inference of Semiring took 0.663ms
typeclass inference of AddLeftCancelSemigroup took 0.855ms
sym typeclass inference of Lean.Grind.IsCharP took 6.7ms
sym typeclass inference of Lean.Grind.NatModule took 0.859ms
typeclass inference of AddCommMonoid took 0.789ms
typeclass inference of AddCommMonoid took 0.00784ms
typeclass inference of AddCommMonoid took 0.00445ms
typeclass inference of AddCancelMonoid took 0.728ms
typeclass inference of AddCommMonoid took 0.00699ms
typeclass inference of AddGroup took 0.543ms
typeclass inference of Field took 0.32ms
typeclass inference of Field took 0.00241ms
typeclass inference of Field took 0.00165ms
typeclass inference of Field took 0.00229ms
typeclass inference of Field took 0.00136ms
typeclass inference of Field took 0.00117ms
typeclass inference of Field took 0.00114ms
typeclass inference of Field took 0.00122ms
typeclass inference of Field took 0.000992ms
typeclass inference of Field took 0.000992ms
typeclass inference of Field took 0.00101ms
typeclass inference of Field took 0.000972ms
typeclass inference of Field took 0.00206ms
typeclass inference of Field took 0.00112ms
typeclass inference of Field took 0.00115ms
typeclass inference of Field took 0.00108ms
typeclass inference of Field took 0.00109ms
typeclass inference of Field took 0.00107ms
typeclass inference of Field took 0.00104ms
typeclass inference of Field took 0.00104ms
typeclass inference of Field took 0.00271ms
typeclass inference of Field took 0.00139ms
typeclass inference of Field took 0.00131ms
typeclass inference of Field took 0.00114ms
typeclass inference of Field took 0.00105ms
typeclass inference of Field took 0.00104ms
typeclass inference of Field took 0.00104ms
typeclass inference of Field took 0.00185ms
typeclass inference of Field took 0.0011ms
typeclass inference of Field took 0.00115ms
typeclass inference of Semiring took 0.00434ms
typeclass inference of RCLike took 0.0115ms
typeclass inference of RCLike took 0.00161ms
typeclass inference of RCLike took 0.0015ms
typeclass inference of RCLike took 0.00285ms
typeclass inference of RCLike took 0.00121ms
typeclass inference of RCLike took 0.00119ms
typeclass inference of RCLike took 0.0011ms
typeclass inference of RCLike took 0.00125ms
typeclass inference of RCLike took 0.00119ms
typeclass inference of RCLike took 0.00115ms
typeclass inference of RCLike took 0.00101ms
typeclass inference of RCLike took 0.00103ms
typeclass inference of RCLike took 0.0061ms
typeclass inference of RCLike took 0.00108ms
typeclass inference of RCLike took 0.00114ms
typeclass inference of RCLike took 0.00118ms
typeclass inference of RCLike took 0.00107ms
typeclass inference of RCLike took 0.00105ms
typeclass inference of RCLike took 0.00101ms
typeclass inference of RCLike took 0.00101ms
typeclass inference of RCLike took 0.00183ms
typeclass inference of RCLike took 0.00117ms
typeclass inference of RCLike took 0.00115ms
typeclass inference of RCLike took 0.00117ms
typeclass inference of RCLike took 0.00108ms
typeclass inference of RCLike took 0.0011ms
typeclass inference of RCLike took 0.00104ms
typeclass inference of RCLike took 0.00152ms
typeclass inference of RCLike took 0.00109ms
typeclass inference of RCLike took 0.00114ms
typeclass inference of Semiring took 0.00378ms
typeclass inference of NonAssocRing took 0.173ms
typeclass inference of Field took 0.00296ms
typeclass inference of Field took 0.002ms
typeclass inference of Field took 0.00214ms
typeclass inference of Field took 0.00181ms
typeclass inference of Field took 0.00146ms
typeclass inference of Field took 0.0013ms
typeclass inference of Field took 0.00112ms
typeclass inference of Field took 0.00114ms
typeclass inference of Field took 0.00143ms
typeclass inference of Field took 0.00173ms
typeclass inference of Field took 0.00135ms
typeclass inference of Field took 0.00146ms
typeclass inference of Field took 0.001ms
typeclass inference of Field took 0.00251ms
typeclass inference of Field took 0.00108ms
typeclass inference of Field took 0.00109ms
typeclass inference of Field took 0.0011ms
typeclass inference of Field took 0.00295ms
typeclass inference of Field took 0.00103ms
typeclass inference of Field took 0.00101ms
typeclass inference of Field took 0.00144ms
typeclass inference of Field took 0.00111ms
typeclass inference of Field took 0.00245ms
typeclass inference of Field took 0.0011ms
typeclass inference of Field took 0.00127ms
typeclass inference of Field took 0.00183ms
typeclass inference of Field took 0.00129ms
typeclass inference of Field took 0.00106ms
typeclass inference of Field took 0.0011ms
typeclass inference of Field took 0.000992ms
typeclass inference of Field took 0.00204ms
typeclass inference of Field took 0.00111ms
typeclass inference of Field took 0.00109ms
typeclass inference of Field took 0.00104ms
typeclass inference of Field took 0.00175ms
typeclass inference of Field took 0.00105ms
typeclass inference of Field took 0.00115ms
typeclass inference of Field took 0.00255ms
typeclass inference of Field took 0.00131ms
typeclass inference of Field took 0.00113ms
typeclass inference of Field took 0.00111ms
typeclass inference of Field took 0.00109ms
typeclass inference of Field took 0.0017ms
typeclass inference of Field took 0.00118ms
typeclass inference of Field took 0.00106ms
typeclass inference of Field took 0.00107ms
typeclass inference of Field took 0.00145ms
typeclass inference of Field took 0.00126ms
typeclass inference of Field took 0.00103ms
typeclass inference of Field took 0.00146ms
typeclass inference of Field took 0.00123ms
typeclass inference of Field took 0.00123ms
typeclass inference of Field took 0.00148ms
typeclass inference of Field took 0.00174ms
typeclass inference of Field took 0.0012ms
typeclass inference of Field took 0.00125ms
typeclass inference of Field took 0.00109ms
typeclass inference of Field took 0.00109ms
typeclass inference of Field took 0.00104ms
typeclass inference of Field took 0.00125ms
typeclass inference of Field took 0.00246ms
typeclass inference of Field took 0.00138ms
typeclass inference of Field took 0.00116ms
typeclass inference of Field took 0.00106ms
typeclass inference of Field took 0.00108ms
typeclass inference of Field took 0.00174ms
typeclass inference of Field took 0.00118ms
typeclass inference of Field took 0.00111ms
typeclass inference of Field took 0.00115ms
typeclass inference of Field took 0.00174ms
typeclass inference of Field took 0.00103ms
typeclass inference of Field took 0.00105ms
typeclass inference of Semiring took 0.00573ms
typeclass inference of DivisionRing took 0.459ms
typeclass inference of DivisionRing took 0.00244ms
typeclass inference of DivisionRing took 0.00131ms
typeclass inference of DivisionRing took 0.00104ms
typeclass inference of DivisionRing took 0.00205ms
typeclass inference of DivisionRing took 0.00119ms
typeclass inference of DivisionRing took 0.00121ms
typeclass inference of DivisionRing took 0.00108ms
typeclass inference of DivisionRing took 0.001ms
typeclass inference of DivisionRing took 0.00104ms
typeclass inference of DivisionRing took 0.000972ms
typeclass inference of DivisionRing took 0.000992ms
typeclass inference of DivisionRing took 0.00259ms
typeclass inference of DivisionRing took 0.0012ms
typeclass inference of DivisionRing took 0.00111ms
typeclass inference of DivisionRing took 0.00111ms
typeclass inference of DivisionRing took 0.00105ms
typeclass inference of DivisionRing took 0.00104ms
typeclass inference of DivisionRing took 0.00104ms
typeclass inference of DivisionRing took 0.00171ms
typeclass inference of DivisionRing took 0.00115ms
typeclass inference of DivisionRing took 0.00107ms
typeclass inference of DivisionRing took 0.00104ms
typeclass inference of DivisionRing took 0.00106ms
typeclass inference of DivisionRing took 0.000972ms
typeclass inference of DivisionRing took 0.00158ms
typeclass inference of DivisionRing took 0.00109ms
typeclass inference of DivisionRing took 0.00104ms
typeclass inference of DivisionRing took 0.00125ms
typeclass inference of DivisionRing took 0.00109ms
typeclass inference of Semifield took 0.352ms
typeclass inference of Semifield took 0.00231ms
typeclass inference of Semifield took 0.00126ms
typeclass inference of Semifield took 0.00129ms
typeclass inference of Semifield took 0.00111ms
typeclass inference of Semifield took 0.00111ms
typeclass inference of Semifield took 0.00102ms
typeclass inference of Semifield took 0.000982ms
typeclass inference of Semifield took 0.000932ms
typeclass inference of Semifield took 0.00206ms
typeclass inference of Semifield took 0.00111ms
typeclass inference of Semifield took 0.00115ms
typeclass inference of Semifield took 0.00106ms
typeclass inference of Semifield took 0.00101ms
typeclass inference of Semifield took 0.00109ms
typeclass inference of Semifield took 0.00106ms
typeclass inference of Field took 0.00205ms
typeclass inference of Field took 0.00129ms
typeclass inference of Field took 0.00131ms
typeclass inference of Field took 0.00214ms
typeclass inference of Field took 0.00118ms
typeclass inference of Field took 0.00114ms
typeclass inference of Field took 0.00118ms
typeclass inference of Field took 0.000982ms
typeclass inference of Field took 0.00116ms
typeclass inference of Field took 0.001ms
typeclass inference of Field took 0.000992ms
typeclass inference of Field took 0.000952ms
typeclass inference of Field took 0.00194ms
typeclass inference of Field took 0.00118ms
typeclass inference of Field took 0.00111ms
typeclass inference of Field took 0.00106ms
typeclass inference of Field took 0.00104ms
typeclass inference of Field took 0.00102ms
typeclass inference of Field took 0.00114ms
typeclass inference of Field took 0.000972ms
typeclass inference of Field took 0.00175ms
typeclass inference of Field took 0.00104ms
typeclass inference of Field took 0.00119ms
typeclass inference of Field took 0.00107ms
typeclass inference of Field took 0.00108ms
typeclass inference of Field took 0.00102ms
typeclass inference of Field took 0.001ms
typeclass inference of DivisionRing took 0.00227ms
typeclass inference of DivisionRing took 0.00209ms
typeclass inference of DivisionRing took 0.00122ms
typeclass inference of DivisionRing took 0.00108ms
typeclass inference of DivisionRing took 0.00103ms
typeclass inference of DivisionRing took 0.001ms
typeclass inference of DivisionRing took 0.00105ms
typeclass inference of DivisionRing took 0.00113ms
typeclass inference of DivisionRing took 0.000972ms
typeclass inference of DivisionRing took 0.00195ms
typeclass inference of DivisionRing took 0.00115ms
typeclass inference of DivisionRing took 0.00104ms
typeclass inference of DivisionRing took 0.00197ms
typeclass inference of DivisionRing took 0.00104ms
typeclass inference of DivisionRing took 0.00104ms
typeclass inference of DivisionRing took 0.00105ms
typeclass inference of EuclideanDomain took 0.625ms
typeclass inference of EuclideanDomain took 0.00258ms
typeclass inference of EuclideanDomain took 0.00139ms
typeclass inference of EuclideanDomain took 0.0013ms
typeclass inference of EuclideanDomain took 0.00112ms
typeclass inference of EuclideanDomain took 0.00105ms
typeclass inference of EuclideanDomain took 0.0012ms
typeclass inference of EuclideanDomain took 0.00104ms
typeclass inference of EuclideanDomain took 0.00108ms
typeclass inference of EuclideanDomain took 0.00126ms
typeclass inference of EuclideanDomain took 0.0014ms
typeclass inference of EuclideanDomain took 0.0011ms
typeclass inference of EuclideanDomain took 0.000951ms
typeclass inference of EuclideanDomain took 0.0025ms
typeclass inference of EuclideanDomain took 0.00129ms
typeclass inference of EuclideanDomain took 0.00116ms
typeclass inference of EuclideanDomain took 0.00138ms
typeclass inference of EuclideanDomain took 0.00116ms
typeclass inference of EuclideanDomain took 0.0013ms
typeclass inference of EuclideanDomain took 0.00115ms
typeclass inference of EuclideanDomain took 0.00117ms
typeclass inference of EuclideanDomain took 0.00112ms
typeclass inference of EuclideanDomain took 0.00216ms
typeclass inference of EuclideanDomain took 0.0011ms
typeclass inference of EuclideanDomain took 0.00116ms
typeclass inference of EuclideanDomain took 0.00103ms
typeclass inference of EuclideanDomain took 0.00107ms
typeclass inference of EuclideanDomain took 0.000992ms
typeclass inference of EuclideanDomain took 0.00181ms
typeclass inference of EuclideanDomain took 0.00119ms
typeclass inference of EuclideanDomain took 0.00233ms
typeclass inference of EuclideanDomain took 0.00117ms
typeclass inference of EuclideanDomain took 0.00128ms
typeclass inference of EuclideanDomain took 0.00101ms
typeclass inference of EuclideanDomain took 0.00104ms
typeclass inference of EuclideanDomain took 0.000972ms
typeclass inference of EuclideanDomain took 0.000942ms
typeclass inference of CommMonoidWithZero took 1.01ms
typeclass inference of Semiring took 0.00605ms
typeclass inference of CommMonoidWithZero took 0.00635ms
typeclass inference of CommMonoidWithZero took 0.00397ms
typeclass inference of CommGroupWithZero took 0.46ms
typeclass inference of CommGroupWithZero took 0.00283ms
typeclass inference of CommGroupWithZero took 0.0014ms
typeclass inference of CommGroupWithZero took 0.00125ms
typeclass inference of CommGroupWithZero took 0.00106ms
typeclass inference of CommGroupWithZero took 0.00103ms
typeclass inference of CommGroupWithZero took 0.00107ms
typeclass inference of CommGroupWithZero took 0.00106ms
typeclass inference of LinearOrderedCommMonoidWithZero took 0.054ms
typeclass inference of LinearOrderedCommMonoidWithZero took 0.003ms
typeclass inference of LinearOrderedCommMonoidWithZero took 0.00206ms
typeclass inference of LinearOrderedCommMonoidWithZero took 0.00133ms
typeclass inference of LinearOrderedCommMonoidWithZero took 0.00136ms
typeclass inference of LinearOrderedCommMonoidWithZero took 0.00136ms
typeclass inference of LinearOrderedCommMonoidWithZero took 0.00103ms
typeclass inference of LinearOrderedCommMonoidWithZero took 0.000992ms
typeclass inference of LinearOrderedCommMonoidWithZero took 0.00104ms
typeclass inference of LinearOrderedCommMonoidWithZero took 0.00282ms
typeclass inference of LinearOrderedCommMonoidWithZero took 0.00221ms
typeclass inference of LinearOrderedCommMonoidWithZero took 0.00229ms
typeclass inference of LinearOrderedCommMonoidWithZero took 0.002ms
typeclass inference of LinearOrderedCommMonoidWithZero took 0.00161ms
typeclass inference of LinearOrderedCommMonoidWithZero took 0.00103ms
typeclass inference of LinearOrderedCommMonoidWithZero took 0.00132ms
typeclass inference of LinearOrderedCommMonoidWithZero took 0.00111ms
typeclass inference of LinearOrderedCommMonoidWithZero took 0.00109ms
typeclass inference of LinearOrderedCommMonoidWithZero took 0.000972ms
typeclass inference of LinearOrderedCommMonoidWithZero took 0.00192ms
typeclass inference of LinearOrderedCommMonoidWithZero took 0.00112ms
typeclass inference of LinearOrderedCommMonoidWithZero took 0.00115ms
typeclass inference of LinearOrderedCommMonoidWithZero took 0.00101ms
typeclass inference of LinearOrderedCommMonoidWithZero took 0.00107ms
typeclass inference of LinearOrderedCommMonoidWithZero took 0.00105ms
typeclass inference of LinearOrderedCommMonoidWithZero took 0.00157ms
typeclass inference of LinearOrderedCommMonoidWithZero took 0.00111ms
typeclass inference of LinearOrderedCommMonoidWithZero took 0.00101ms
typeclass inference of LinearOrderedCommMonoidWithZero took 0.00105ms
typeclass inference of LinearOrderedCommMonoidWithZero took 0.00103ms
typeclass inference of LinearOrderedCommMonoidWithZero took 0.00793ms
typeclass inference of LinearOrderedCommMonoidWithZero took 0.00225ms
typeclass inference of LinearOrderedCommMonoidWithZero took 0.00126ms
typeclass inference of LinearOrderedCommMonoidWithZero took 0.00264ms
typeclass inference of LinearOrderedCommMonoidWithZero took 0.00196ms
typeclass inference of LinearOrderedCommMonoidWithZero took 0.00106ms
typeclass inference of LinearOrderedCommMonoidWithZero took 0.00104ms
typeclass inference of LinearOrderedCommMonoidWithZero took 0.00105ms
typeclass inference of LinearOrderedCommMonoidWithZero took 0.000972ms
typeclass inference of LinearOrderedCommMonoidWithZero took 0.000922ms
typeclass inference of LinearOrderedCommMonoidWithZero took 0.00123ms
typeclass inference of LinearOrderedCommMonoidWithZero took 0.00108ms
typeclass inference of LinearOrderedCommMonoidWithZero took 0.00107ms
typeclass inference of LinearOrderedCommMonoidWithZero took 0.00175ms
typeclass inference of LinearOrderedCommMonoidWithZero took 0.00104ms
typeclass inference of LinearOrderedCommMonoidWithZero took 0.00101ms
typeclass inference of LinearOrderedCommMonoidWithZero took 0.00106ms
typeclass inference of LinearOrderedCommMonoidWithZero took 0.000982ms
typeclass inference of LinearOrderedCommMonoidWithZero took 0.00111ms
typeclass inference of LinearOrderedCommMonoidWithZero took 0.000942ms
typeclass inference of LinearOrderedCommMonoidWithZero took 0.00218ms
typeclass inference of LinearOrderedCommMonoidWithZero took 0.00108ms
typeclass inference of LinearOrderedCommMonoidWithZero took 0.0011ms
typeclass inference of LinearOrderedCommMonoidWithZero took 0.00108ms
typeclass inference of LinearOrderedCommMonoidWithZero took 0.00129ms
typeclass inference of LinearOrderedCommMonoidWithZero took 0.00109ms
typeclass inference of LinearOrderedCommMonoidWithZero took 0.00154ms
typeclass inference of LinearOrderedCommMonoidWithZero took 0.0011ms
typeclass inference of LinearOrderedCommMonoidWithZero took 0.0011ms
typeclass inference of LinearOrderedCommMonoidWithZero took 0.0011ms
typeclass inference of LinearOrderedCommMonoidWithZero took 0.000972ms
typeclass inference of LinearOrderedCommMonoidWithZero took 0.00187ms
typeclass inference of LinearOrderedCommMonoidWithZero took 0.00124ms
typeclass inference of LinearOrderedCommMonoidWithZero took 0.001ms
typeclass inference of LinearOrderedCommMonoidWithZero took 0.00286ms
typeclass inference of LinearOrderedCommMonoidWithZero took 0.0013ms
typeclass inference of LinearOrderedCommMonoidWithZero took 0.00192ms
typeclass inference of LinearOrderedCommMonoidWithZero took 0.00107ms
typeclass inference of LinearOrderedCommMonoidWithZero took 0.000962ms
typeclass inference of LinearOrderedCommMonoidWithZero took 0.00128ms
typeclass inference of LinearOrderedCommMonoidWithZero took 0.00102ms
typeclass inference of LinearOrderedCommMonoidWithZero took 0.000981ms
typeclass inference of LinearOrderedCommMonoidWithZero took 0.000982ms
typeclass inference of LinearOrderedCommMonoidWithZero took 0.00128ms
typeclass inference of LinearOrderedCommMonoidWithZero took 0.00108ms
typeclass inference of LinearOrderedCommMonoidWithZero took 0.00104ms
typeclass inference of LinearOrderedCommMonoidWithZero took 0.00177ms
typeclass inference of LinearOrderedCommMonoidWithZero took 0.00133ms
typeclass inference of LinearOrderedCommMonoidWithZero took 0.00111ms
typeclass inference of LinearOrderedCommMonoidWithZero took 0.00107ms
typeclass inference of LinearOrderedCommMonoidWithZero took 0.00113ms
typeclass inference of LinearOrderedCommMonoidWithZero took 0.001ms
typeclass inference of LinearOrderedCommMonoidWithZero took 0.000951ms
typeclass inference of LinearOrderedCommMonoidWithZero took 0.00169ms
typeclass inference of LinearOrderedCommMonoidWithZero took 0.00103ms
typeclass inference of LinearOrderedCommMonoidWithZero took 0.00111ms
typeclass inference of LinearOrderedCommMonoidWithZero took 0.00106ms
typeclass inference of LinearOrderedCommMonoidWithZero took 0.00104ms
typeclass inference of LinearOrderedCommMonoidWithZero took 0.00104ms
typeclass inference of LinearOrderedCommMonoidWithZero took 0.00152ms
typeclass inference of LinearOrderedCommMonoidWithZero took 0.001ms
typeclass inference of LinearOrderedCommMonoidWithZero took 0.00104ms
typeclass inference of LinearOrderedCommMonoidWithZero took 0.00104ms
typeclass inference of LinearOrderedCommMonoidWithZero took 0.00108ms
typeclass inference of LinearOrderedCommMonoidWithZero took 0.0015ms
typeclass inference of LinearOrderedCommMonoidWithZero took 0.00127ms
typeclass inference of LinearOrderedCommMonoidWithZero took 0.000992ms
typeclass inference of LinearOrderedCommMonoidWithZero took 0.00197ms
typeclass inference of LinearOrderedCommMonoidWithZero took 0.00106ms
typeclass inference of LinearOrderedCommMonoidWithZero took 0.00106ms
typeclass inference of LinearOrderedCommMonoidWithZero took 0.00112ms
typeclass inference of LinearOrderedCommMonoidWithZero took 0.00104ms
typeclass inference of LinearOrderedCommMonoidWithZero took 0.000972ms
typeclass inference of LinearOrderedCommMonoidWithZero took 0.000922ms
typeclass inference of LinearOrderedCommMonoidWithZero took 0.00121ms
typeclass inference of LinearOrderedCommMonoidWithZero took 0.00112ms
typeclass inference of LinearOrderedCommMonoidWithZero took 0.00106ms
typeclass inference of LinearOrderedCommMonoidWithZero took 0.00191ms
typeclass inference of LinearOrderedCommMonoidWithZero took 0.0011ms
typeclass inference of LinearOrderedCommMonoidWithZero took 0.00113ms
typeclass inference of LinearOrderedCommMonoidWithZero took 0.00111ms
typeclass inference of LinearOrderedCommMonoidWithZero took 0.00107ms
typeclass inference of LinearOrderedCommMonoidWithZero took 0.00108ms
typeclass inference of LinearOrderedCommMonoidWithZero took 0.000912ms
typeclass inference of LinearOrderedCommMonoidWithZero took 0.00216ms
typeclass inference of LinearOrderedCommMonoidWithZero took 0.00113ms
typeclass inference of LinearOrderedCommMonoidWithZero took 0.00107ms
typeclass inference of LinearOrderedCommMonoidWithZero took 0.00105ms
typeclass inference of LinearOrderedCommMonoidWithZero took 0.0013ms
typeclass inference of LinearOrderedCommMonoidWithZero took 0.00103ms
typeclass inference of LinearOrderedCommMonoidWithZero took 0.00209ms
typeclass inference of LinearOrderedCommMonoidWithZero took 0.00108ms
typeclass inference of LinearOrderedCommMonoidWithZero took 0.00119ms
typeclass inference of LinearOrderedCommMonoidWithZero took 0.00122ms
typeclass inference of LinearOrderedCommMonoidWithZero took 0.00105ms
typeclass inference of LinearOrderedCommMonoidWithZero took 0.00485ms
typeclass inference of LinearOrderedCommMonoidWithZero took 0.00104ms
typeclass inference of LinearOrderedCommMonoidWithZero took 0.00114ms
typeclass inference of LinearOrderedCommMonoidWithZero took 0.00527ms
typeclass inference of LinearOrderedCommMonoidWithZero took 0.00122ms
typeclass inference of LinearOrderedCommMonoidWithZero took 0.000992ms
typeclass inference of LinearOrderedCommMonoidWithZero took 0.00188ms
typeclass inference of LinearOrderedCommMonoidWithZero took 0.00111ms
typeclass inference of LinearOrderedCommMonoidWithZero took 0.00105ms
typeclass inference of LinearOrderedCommMonoidWithZero took 0.00108ms
typeclass inference of LinearOrderedCommMonoidWithZero took 0.00103ms
typeclass inference of LinearOrderedCommMonoidWithZero took 0.00105ms
typeclass inference of LinearOrderedCommMonoidWithZero took 0.000992ms
typeclass inference of LinearOrderedCommMonoidWithZero took 0.0013ms
typeclass inference of LinearOrderedCommMonoidWithZero took 0.00116ms
typeclass inference of LinearOrderedCommMonoidWithZero took 0.00107ms
typeclass inference of LinearOrderedCommMonoidWithZero took 0.00186ms
typeclass inference of LinearOrderedCommMonoidWithZero took 0.00107ms
typeclass inference of LinearOrderedCommMonoidWithZero took 0.00108ms
typeclass inference of LinearOrderedCommMonoidWithZero took 0.00108ms
typeclass inference of LinearOrderedCommMonoidWithZero took 0.000992ms
typeclass inference of LinearOrderedCommMonoidWithZero took 0.00103ms
typeclass inference of LinearOrderedCommMonoidWithZero took 0.000932ms
typeclass inference of LinearOrderedCommMonoidWithZero took 0.00173ms
typeclass inference of LinearOrderedCommMonoidWithZero took 0.0011ms
typeclass inference of LinearOrderedCommMonoidWithZero took 0.00108ms
typeclass inference of LinearOrderedCommMonoidWithZero took 0.00111ms
typeclass inference of LinearOrderedCommMonoidWithZero took 0.00106ms
typeclass inference of LinearOrderedCommMonoidWithZero took 0.001ms
typeclass inference of LinearOrderedCommMonoidWithZero took 0.00157ms
typeclass inference of LinearOrderedCommMonoidWithZero took 0.00104ms
typeclass inference of LinearOrderedCommMonoidWithZero took 0.00101ms
typeclass inference of LinearOrderedCommMonoidWithZero took 0.00107ms
typeclass inference of LinearOrderedCommMonoidWithZero took 0.000992ms
typeclass inference of LinearOrderedCommMonoidWithZero took 0.00165ms
typeclass inference of LinearOrderedCommMonoidWithZero took 0.00167ms
typeclass inference of LinearOrderedCommMonoidWithZero took 0.00109ms
typeclass inference of LinearOrderedCommMonoidWithZero took 0.00105ms
typeclass inference of LinearOrderedCommMonoidWithZero took 0.00176ms
typeclass inference of LinearOrderedCommMonoidWithZero took 0.00105ms
typeclass inference of LinearOrderedCommMonoidWithZero took 0.00105ms
typeclass inference of NonUnitalNonAssocRing took 0.607ms
typeclass inference of NormedRing took 0.433ms
typeclass inference of NormedRing took 0.00266ms
typeclass inference of NormedRing took 0.0028ms
typeclass inference of NormedRing took 0.0012ms
typeclass inference of NormedRing took 0.00113ms
typeclass inference of NormedRing took 0.00108ms
typeclass inference of NormedRing took 0.00146ms
typeclass inference of NormedRing took 0.00119ms
typeclass inference of NormedRing took 0.0012ms
typeclass inference of NormedRing took 0.00163ms
typeclass inference of NormedRing took 0.00108ms
typeclass inference of NormedRing took 0.00104ms
typeclass inference of NormedRing took 0.00103ms
typeclass inference of NormedRing took 0.00227ms
typeclass inference of NormedRing took 0.00115ms
typeclass inference of NormedRing took 0.00111ms
typeclass inference of NormedRing took 0.00107ms
typeclass inference of NormedRing took 0.00109ms
typeclass inference of NormedRing took 0.00102ms
typeclass inference of NormedRing took 0.00103ms
typeclass inference of NormedRing took 0.001ms
typeclass inference of NormedRing took 0.00216ms
typeclass inference of NormedRing took 0.0012ms
typeclass inference of NormedRing took 0.00113ms
typeclass inference of NormedRing took 0.00109ms
typeclass inference of NormedRing took 0.00107ms
typeclass inference of NormedRing took 0.00111ms
typeclass inference of NormedRing took 0.00102ms
typeclass inference of NormedRing took 0.00156ms
typeclass inference of NormedRing took 0.00103ms
typeclass inference of NormedRing took 0.00131ms
typeclass inference of NormedRing took 0.00113ms
typeclass inference of NormedRing took 0.00104ms
typeclass inference of NormedRing took 0.00143ms
typeclass inference of NormedRing took 0.00113ms
typeclass inference of NormedRing took 0.00106ms
typeclass inference of NormedRing took 0.00119ms
typeclass inference of NormedRing took 0.00149ms
typeclass inference of NormedRing took 0.00104ms
typeclass inference of NormedRing took 0.00101ms
typeclass inference of Semiring took 0.00544ms
typeclass inference of Semiring took 0.00433ms
typeclass inference of GroupWithZero took 0.562ms
typeclass inference of GroupWithZero took 0.00245ms
typeclass inference of GroupWithZero took 0.00213ms
typeclass inference of GroupWithZero took 0.00129ms
typeclass inference of GroupWithZero took 0.00116ms
typeclass inference of GroupWithZero took 0.00109ms
typeclass inference of GroupWithZero took 0.00103ms
typeclass inference of GroupWithZero took 0.0017ms
typeclass inference of GroupWithZero took 0.00109ms
typeclass inference of GroupWithZero took 0.0011ms
typeclass inference of GroupWithZero took 0.00111ms
typeclass inference of GroupWithZero took 0.00134ms
typeclass inference of GroupWithZero took 0.00102ms
typeclass inference of GroupWithZero took 0.00117ms
typeclass inference of MulZeroClass took 0.705ms
typeclass inference of Semiring took 0.00678ms
typeclass inference of CommMonoidWithZero took 0.00567ms
typeclass inference of CommMonoidWithZero took 0.00482ms
typeclass inference of LinearOrderedCommMonoidWithZero took 0.00319ms
typeclass inference of LinearOrderedCommMonoidWithZero took 0.00204ms
typeclass inference of LinearOrderedCommMonoidWithZero took 0.00127ms
typeclass inference of LinearOrderedCommMonoidWithZero took 0.00122ms
typeclass inference of LinearOrderedCommMonoidWithZero took 0.00122ms
typeclass inference of LinearOrderedCommMonoidWithZero took 0.00101ms
typeclass inference of LinearOrderedCommMonoidWithZero took 0.00159ms
typeclass inference of LinearOrderedCommMonoidWithZero took 0.00108ms
typeclass inference of LinearOrderedCommMonoidWithZero took 0.0011ms
typeclass inference of LinearOrderedCommMonoidWithZero took 0.00102ms
typeclass inference of LinearOrderedCommMonoidWithZero took 0.00148ms
typeclass inference of LinearOrderedCommMonoidWithZero took 0.00111ms
typeclass inference of LinearOrderedCommMonoidWithZero took 0.00114ms
typeclass inference of NonUnitalNonAssocRing took 0.00434ms
typeclass inference of GroupWithZero took 0.003ms
typeclass inference of GroupWithZero took 0.00212ms
typeclass inference of GroupWithZero took 0.00175ms
typeclass inference of GroupWithZero took 0.00112ms
typeclass inference of GroupWithZero took 0.00112ms
typeclass inference of GroupWithZero took 0.00114ms
typeclass inference of GroupWithZero took 0.00109ms
typeclass inference of GroupWithZero took 0.00155ms
typeclass inference of GroupWithZero took 0.00113ms
typeclass inference of GroupWithZero took 0.00118ms
typeclass inference of GroupWithZero took 0.00108ms
typeclass inference of GroupWithZero took 0.00135ms
typeclass inference of GroupWithZero took 0.00115ms
typeclass inference of GroupWithZero took 0.00105ms
typeclass inference of MulZeroClass took 0.00323ms
typeclass inference of GroupWithZero took 0.00278ms
typeclass inference of GroupWithZero took 0.0014ms
typeclass inference of GroupWithZero took 0.00239ms
typeclass inference of GroupWithZero took 0.00126ms
typeclass inference of GroupWithZero took 0.0015ms
typeclass inference of GroupWithZero took 0.00115ms
typeclass inference of GroupWithZero took 0.00106ms
typeclass inference of GroupWithZero took 0.00106ms
typeclass inference of GroupWithZero took 0.00138ms
typeclass inference of GroupWithZero took 0.00107ms
typeclass inference of GroupWithZero took 0.00149ms
typeclass inference of GroupWithZero took 0.00209ms
typeclass inference of GroupWithZero took 0.00113ms
typeclass inference of GroupWithZero took 0.00114ms
typeclass inference of GroupWithZero took 0.00133ms
typeclass inference of GroupWithZero took 0.00106ms
typeclass inference of GroupWithZero took 0.00103ms
typeclass inference of GroupWithZero took 0.00181ms
typeclass inference of GroupWithZero took 0.00124ms
typeclass inference of GroupWithZero took 0.00115ms
typeclass inference of GroupWithZero took 0.00117ms
typeclass inference of GroupWithZero took 0.00112ms
typeclass inference of GroupWithZero took 0.00142ms
typeclass inference of GroupWithZero took 0.00121ms
typeclass inference of GroupWithZero took 0.00109ms
typeclass inference of GroupWithZero took 0.0018ms
typeclass inference of GroupWithZero took 0.00107ms
typeclass inference of GroupWithZero took 0.00206ms
typeclass inference of GroupWithZero took 0.00116ms
typeclass inference of GroupWithZero took 0.00132ms
typeclass inference of GroupWithZero took 0.00114ms
typeclass inference of GroupWithZero took 0.00114ms
typeclass inference of GroupWithZero took 0.00107ms
typeclass inference of GroupWithZero took 0.0014ms
typeclass inference of GroupWithZero took 0.00111ms
typeclass inference of GroupWithZero took 0.00111ms
typeclass inference of GroupWithZero took 0.00168ms
typeclass inference of GroupWithZero took 0.00112ms
typeclass inference of GroupWithZero took 0.00115ms
typeclass inference of GroupWithZero took 0.00109ms
typeclass inference of GroupWithZero took 0.00111ms
typeclass inference of GroupWithZero took 0.00102ms
typeclass inference of GroupWithZero took 0.00168ms
typeclass inference of GroupWithZero took 0.00129ms
typeclass inference of GroupWithZero took 0.00111ms
typeclass inference of GroupWithZero took 0.00108ms
typeclass inference of GroupWithZero took 0.00198ms
typeclass inference of GroupWithZero took 0.00141ms
typeclass inference of GroupWithZero took 0.00106ms
typeclass inference of GroupWithZero took 0.00102ms
typeclass inference of GroupWithZero took 0.00148ms
typeclass inference of GroupWithZero took 0.00111ms
typeclass inference of GroupWithZero took 0.00102ms
typeclass inference of GroupWithZero took 0.00195ms
typeclass inference of GroupWithZero took 0.00111ms
typeclass inference of GroupWithZero took 0.00112ms
typeclass inference of GroupWithZero took 0.00111ms
typeclass inference of GroupWithZero took 0.00121ms
typeclass inference of GroupWithZero took 0.00105ms
typeclass inference of GroupWithZero took 0.0017ms
typeclass inference of GroupWithZero took 0.00106ms
typeclass inference of GroupWithZero took 0.00108ms
typeclass inference of GroupWithZero took 0.00105ms
typeclass inference of GroupWithZero took 0.00105ms
typeclass inference of GroupWithZero took 0.0016ms
typeclass inference of GroupWithZero took 0.00104ms
typeclass inference of GroupWithZero took 0.00106ms
typeclass inference of GroupWithZero took 0.00118ms
typeclass inference of GroupWithZero took 0.00152ms
typeclass inference of GroupWithZero took 0.00122ms
typeclass inference of GroupWithZero took 0.00113ms
typeclass inference of CommMonoidWithZero took 0.00482ms
typeclass inference of LinearOrderedCommMonoidWithZero took 0.00379ms
typeclass inference of LinearOrderedCommMonoidWithZero took 0.00188ms
typeclass inference of LinearOrderedCommMonoidWithZero took 0.00123ms
typeclass inference of LinearOrderedCommMonoidWithZero took 0.00113ms
typeclass inference of LinearOrderedCommMonoidWithZero took 0.00138ms
typeclass inference of LinearOrderedCommMonoidWithZero took 0.00104ms
typeclass inference of LinearOrderedCommMonoidWithZero took 0.0016ms
typeclass inference of LinearOrderedCommMonoidWithZero took 0.00108ms
typeclass inference of LinearOrderedCommMonoidWithZero took 0.00119ms
typeclass inference of LinearOrderedCommMonoidWithZero took 0.00106ms
typeclass inference of LinearOrderedCommMonoidWithZero took 0.00148ms
typeclass inference of LinearOrderedCommMonoidWithZero took 0.00108ms
typeclass inference of LinearOrderedCommMonoidWithZero took 0.00102ms
typeclass inference of NonUnitalNonAssocRing took 0.00506ms
typeclass inference of GroupWithZero took 0.00237ms
typeclass inference of GroupWithZero took 0.0013ms
typeclass inference of GroupWithZero took 0.00218ms
typeclass inference of GroupWithZero took 0.00112ms
typeclass inference of GroupWithZero took 0.00106ms
typeclass inference of GroupWithZero took 0.00109ms
typeclass inference of GroupWithZero took 0.00109ms
typeclass inference of GroupWithZero took 0.00152ms
typeclass inference of GroupWithZero took 0.00111ms
typeclass inference of GroupWithZero took 0.00112ms
typeclass inference of GroupWithZero took 0.00107ms
typeclass inference of GroupWithZero took 0.00136ms
typeclass inference of GroupWithZero took 0.00106ms
typeclass inference of GroupWithZero took 0.00112ms
sym typeclass inference of Lean.Grind.NoNatZeroDivisors took 61ms
sym typeclass inference of Lean.Grind.Field took 0.625ms
typeclass inference of Lean.Grind.CommSemiring took 0.786ms
typeclass inference of Field took 0.00398ms
typeclass inference of Field took 0.00481ms
typeclass inference of Field took 0.00136ms
typeclass inference of Field took 0.00129ms
typeclass inference of Field took 0.00109ms
typeclass inference of Field took 0.00108ms
typeclass inference of Field took 0.00105ms
typeclass inference of Field took 0.00104ms
typeclass inference of Field took 0.0011ms
typeclass inference of Field took 0.000992ms
typeclass inference of Field took 0.00309ms
typeclass inference of Field took 0.00125ms
typeclass inference of Field took 0.0027ms
typeclass inference of Field took 0.00126ms
typeclass inference of Field took 0.00122ms
typeclass inference of Field took 0.00106ms
typeclass inference of Field took 0.00112ms
typeclass inference of Field took 0.00111ms
typeclass inference of Field took 0.00102ms
typeclass inference of Field took 0.00101ms
typeclass inference of Field took 0.001ms
typeclass inference of Field took 0.00206ms
typeclass inference of Field took 0.00108ms
typeclass inference of Field took 0.0012ms
typeclass inference of Field took 0.00111ms
typeclass inference of Field took 0.0011ms
typeclass inference of Field took 0.00111ms
typeclass inference of Field took 0.00105ms
typeclass inference of Field took 0.000991ms
typeclass inference of Field took 0.0029ms
typeclass inference of Field took 0.00141ms
typeclass inference of Field took 0.00122ms
typeclass inference of Field took 0.00101ms
typeclass inference of Field took 0.00104ms
typeclass inference of Field took 0.000971ms
typeclass inference of Field took 0.000942ms
typeclass inference of Field took 0.00243ms
typeclass inference of Field took 0.00126ms
typeclass inference of Field took 0.00113ms
typeclass inference of Field took 0.00106ms
typeclass inference of Field took 0.00106ms
typeclass inference of Field took 0.00109ms
typeclass inference of Field took 0.00103ms
typeclass inference of Field took 0.00177ms
typeclass inference of Field took 0.001ms
typeclass inference of Field took 0.00205ms
typeclass inference of Field took 0.00105ms
typeclass inference of Field took 0.0011ms
typeclass inference of Field took 0.00121ms
typeclass inference of Field took 0.00109ms
typeclass inference of Field took 0.00105ms
typeclass inference of Field took 0.00104ms
typeclass inference of Field took 0.00102ms
typeclass inference of Field took 0.00171ms
typeclass inference of Field took 0.00105ms
typeclass inference of Field took 0.00112ms
typeclass inference of Field took 0.00104ms
typeclass inference of Field took 0.00106ms
typeclass inference of Field took 0.001ms
typeclass inference of Field took 0.000952ms
typeclass inference of Field took 0.00165ms
typeclass inference of Field took 0.00105ms
typeclass inference of Field took 0.00105ms
typeclass inference of Field took 0.00107ms
typeclass inference of Field took 0.00103ms
typeclass inference of Field took 0.00106ms
typeclass inference of Field took 0.00161ms
typeclass inference of Field took 0.00104ms
typeclass inference of Field took 0.00101ms
typeclass inference of Field took 0.00104ms
typeclass inference of Field took 0.001ms
typeclass inference of Field took 0.00149ms
typeclass inference of Field took 0.00102ms
typeclass inference of Field took 0.00105ms
typeclass inference of Field took 0.00102ms
typeclass inference of Field took 0.00136ms
typeclass inference of Field took 0.001ms
typeclass inference of Field took 0.00119ms
typeclass inference of Field took 0.0031ms
typeclass inference of Field took 0.00209ms
typeclass inference of Field took 0.00113ms
typeclass inference of Field took 0.00113ms
typeclass inference of Field took 0.00108ms
typeclass inference of Field took 0.00106ms
typeclass inference of Field took 0.00114ms
typeclass inference of Field took 0.00124ms
typeclass inference of Field took 0.000972ms
typeclass inference of Field took 0.000952ms
typeclass inference of Field took 0.00139ms
typeclass inference of Field took 0.00111ms
typeclass inference of Field took 0.00174ms
typeclass inference of Field took 0.00118ms
typeclass inference of Field took 0.00104ms
typeclass inference of Field took 0.00113ms
typeclass inference of Field took 0.00105ms
typeclass inference of Field took 0.00109ms
typeclass inference of Field took 0.001ms
typeclass inference of Field took 0.000982ms
typeclass inference of Field took 0.000972ms
typeclass inference of Field took 0.00213ms
typeclass inference of Field took 0.00113ms
typeclass inference of Field took 0.00113ms
typeclass inference of Field took 0.00108ms
typeclass inference of Field took 0.00107ms
typeclass inference of Field took 0.00108ms
typeclass inference of Field took 0.00107ms
typeclass inference of Field took 0.00101ms
typeclass inference of Field took 0.00135ms
typeclass inference of Field took 0.0011ms
typeclass inference of Field took 0.00106ms
typeclass inference of Field took 0.00102ms
typeclass inference of Field took 0.000992ms
typeclass inference of Field took 0.000982ms
typeclass inference of Field took 0.000972ms
typeclass inference of Field took 0.00218ms
typeclass inference of Field took 0.00116ms
typeclass inference of Field took 0.00113ms
typeclass inference of Field took 0.00119ms
typeclass inference of Field took 0.00102ms
typeclass inference of Field took 0.000982ms
typeclass inference of Field took 0.000992ms
typeclass inference of Field took 0.000952ms
typeclass inference of Field took 0.000921ms
typeclass inference of Field took 0.00211ms
typeclass inference of Field took 0.00109ms
typeclass inference of Field took 0.00105ms
typeclass inference of Field took 0.00108ms
typeclass inference of Field took 0.00107ms
typeclass inference of Field took 0.00102ms
typeclass inference of Field took 0.00105ms
typeclass inference of Field took 0.000992ms
typeclass inference of Field took 0.00166ms
typeclass inference of Field took 0.00125ms
typeclass inference of Field took 0.00108ms
typeclass inference of Field took 0.00107ms
typeclass inference of Field took 0.00107ms
typeclass inference of Field took 0.00106ms
typeclass inference of Field took 0.000952ms
typeclass inference of Field took 0.00184ms
typeclass inference of Field took 0.00102ms
typeclass inference of Field took 0.00123ms
typeclass inference of Field took 0.00147ms
typeclass inference of Field took 0.001ms
typeclass inference of Field took 0.000991ms
typeclass inference of Field took 0.00154ms
typeclass inference of Field took 0.00103ms
typeclass inference of Field took 0.0011ms
typeclass inference of Field took 0.00103ms
typeclass inference of Field took 0.00106ms
typeclass inference of Field took 0.00152ms
typeclass inference of Field took 0.00109ms
typeclass inference of Field took 0.00132ms
typeclass inference of Field took 0.0011ms
typeclass inference of Field took 0.00133ms
typeclass inference of Field took 0.00105ms
typeclass inference of Field took 0.00106ms
sym typeclass inference of Lean.Grind.PowIdentity took 13.6ms
sym typeclass inference of HSub took 0.0106ms
sym canon took 0.028ms
sym typeclass inference of HMul took 0.00758ms
sym canon took 0.014ms
sym typeclass inference of Lean.Grind.ToInt took 0.0328ms
sym typeclass inference of LE took 2.75ms
sym typeclass inference of LT took 2.41ms
sym typeclass inference of LE took 0.00238ms
congr simp thm took 0.00174ms
congr simp thm took 0.0003ms
congr simp thm took 0.000311ms
congr simp thm took 0.0003ms
congr simp thm took 0.00701ms
grind simp took 0.388ms
grind mark subsingleton took 0.229ms
typeclass inference of CategoryTheory.CartesianMonoidalCategory took 0.0612ms
typeclass inference of CategoryTheory.CartesianMonoidalCategory took 0.00485ms
sym typeclass inference of HPow took 2.59ms
sym typeclass inference of OfNat took 0.946ms
sym typeclass inference of OfNat took 0.0521ms
sym canon took 0.334ms
grind mark subsingleton took 0.00224ms
sym canon took 0.00051ms
grind mark subsingleton took 0.000731ms
sym canon took 0.00023ms
grind mark subsingleton took 0.000461ms
sym canon took 0.00014ms
grind mark subsingleton took 0.0184ms
sym typeclass inference of Pow took 0.174ms
sym canon took 0.219ms
grind mark subsingleton took 0.00152ms
sym canon took 0.00042ms
grind mark subsingleton took 0.000692ms
sym canon took 0.0002ms
grind mark subsingleton took 0.000451ms
sym canon took 0.00015ms
grind mark subsingleton took 0.00552ms
sym canon took 0.000281ms
sym typeclass inference of Lean.Grind.CommRing took 0.755ms
sym typeclass inference of Lean.Grind.CommSemiring took 0.0294ms
sym typeclass inference of Lean.Grind.Semiring took 0.138ms
sym canon took 0.0511ms
typeclass inference of Lean.Grind.CommSemiring took 0.0256ms
sym typeclass inference of Lean.Grind.CommRing took 0.126ms
sym typeclass inference of Lean.Grind.IsCharP took 0.648ms
typeclass inference of Lean.Grind.CommSemiring took 0.00881ms
sym typeclass inference of Lean.Grind.NatModule took 7.77ms
sym typeclass inference of Lean.Grind.NoNatZeroDivisors took 0.382ms
sym typeclass inference of Lean.Grind.Field took 0.347ms
typeclass inference of Lean.Grind.CommSemiring took 0.0214ms
typeclass inference of Lean.Grind.CommSemiring took 0.132ms
typeclass inference of Field took 0.293ms
typeclass inference of Field took 0.00245ms
typeclass inference of Field took 0.00143ms
typeclass inference of Field took 0.00122ms
typeclass inference of Field took 0.00226ms
typeclass inference of Field took 0.00138ms
typeclass inference of Field took 0.00114ms
typeclass inference of Field took 0.000992ms
sym typeclass inference of Lean.Grind.PowIdentity took 1.2ms
sym typeclass inference of Lean.Grind.CommRing took 0.0409ms
sym typeclass inference of Lean.Grind.IsCharP took 0.141ms
sym typeclass inference of Lean.Grind.NatModule took 0.115ms
sym typeclass inference of Lean.Grind.NoNatZeroDivisors took 0.909ms
sym typeclass inference of Lean.Grind.Field took 0.398ms
typeclass inference of Lean.Grind.CommSemiring took 0.0847ms
typeclass inference of Field took 0.281ms
typeclass inference of Field took 0.00255ms
typeclass inference of Field took 0.00149ms
typeclass inference of Field took 0.00219ms
typeclass inference of Field took 0.00152ms
typeclass inference of Field took 0.00111ms
sym typeclass inference of Lean.Grind.PowIdentity took 0.842ms
sym typeclass inference of NatCast took 0.0364ms
sym typeclass inference of NatCast took 0.00682ms
sym canon took 0.0656ms
sym typeclass inference of LE took 0.000441ms
typeclass inference of Preorder took 1.06ms
typeclass inference of Std.IsPreorder took 0.395ms
typeclass inference of PartialOrder took 0.816ms
typeclass inference of Std.IsPartialOrder took 0.156ms
typeclass inference of Std.LinearPreorderPackage took 0.0668ms
typeclass inference of Std.LinearPreorderPackage took 0.00279ms
typeclass inference of Std.LinearPreorderPackage took 0.00148ms
typeclass inference of Std.IsLinearPreorder took 0.339ms
sym typeclass inference of LT took 0.00347ms
sym typeclass inference of LE took 0.00031ms
sym canon took 0.0663ms
typeclass inference of Std.LawfulOrderLT took 0.0662ms
sym typeclass inference of LT took 0.00033ms
sym canon took 0.0311ms
sym typeclass inference of Lean.Grind.OrderedRing took 0.154ms
typeclass inference of OfNat took 0.0569ms
typeclass inference of OfNat took 0.0391ms
sym typeclass inference of HAdd took 0.00022ms
sym typeclass inference of HAdd took 0.000341ms
sym canon took 0.0542ms
typeclass inference of OfNat took 0.00449ms
sym typeclass inference of IntCast took 0.0396ms
sym typeclass inference of IntCast took 0.00484ms
sym canon took 0.0437ms
typeclass inference of OfNat took 0.00513ms
typeclass inference of OfNat took 0.0551ms
typeclass inference of OfNat took 0.00221ms
sym typeclass inference of HPow took 0.00578ms
sym canon took 0.0161ms
congr simp thm took 0.00507ms
congr simp thm took 0.01ms
congr simp thm took 0.0012ms
congr simp thm took 0.000941ms
grind simp took 0.927ms
grind mark subsingleton took 0.0278ms
sym typeclass inference of LE took 0.000471ms
sym typeclass inference of OfNat took 0.099ms
sym canon took 0.149ms
typeclass inference of OfNat took 0.0623ms
typeclass inference of OfNat took 0.0391ms
typeclass inference of OfNat took 0.00264ms
typeclass inference of OfNat took 0.00194ms
congr simp thm took 0.00499ms
congr simp thm took 0.000341ms
congr simp thm took 0.000991ms
congr simp thm took 0.000702ms
congr simp thm took 0.00377ms
typeclass inference of Decidable took 0.13ms
congr simp thm took 0.000701ms
grind simp took 0.693ms
grind mark subsingleton took 0.0153ms
sym typeclass inference of OfNat took 0.0517ms
sym canon took 0.091ms
typeclass inference of OfNat took 0.0501ms
typeclass inference of OfNat took 0.0357ms
typeclass inference of OfNat took 0.0024ms
typeclass inference of OfNat took 0.00167ms
congr simp thm took 0.000591ms
congr simp thm took 0.000241ms
congr simp thm took 0.000621ms
congr simp thm took 0.000281ms
typeclass inference of Decidable took 0.114ms
congr simp thm took 0.000621ms
grind simp took 0.293ms
grind mark subsingleton took 0.0139ms
sym canon took 0.0627ms
typeclass inference of OfNat took 0.0625ms
typeclass inference of OfNat took 0.0357ms
typeclass inference of OfNat took 0.00223ms
typeclass inference of OfNat took 0.0016ms
congr simp thm took 0.000531ms
congr simp thm took 0.000211ms
congr simp thm took 0.000631ms
congr simp thm took 0.000271ms
typeclass inference of Decidable took 0.105ms
congr simp thm took 0.000601ms
grind simp took 0.279ms
grind mark subsingleton took 0.0137ms
sym typeclass inference of OfNat took 0.0476ms
sym canon took 0.0763ms
typeclass inference of OfNat took 0.0489ms
typeclass inference of OfNat took 0.0333ms
typeclass inference of OfNat took 0.00224ms
typeclass inference of OfNat took 0.00154ms
congr simp thm took 0.00122ms
grind simp took 0.171ms
grind mark subsingleton took 0.0158ms
sym typeclass inference of OfNat took 0.0532ms
sym canon took 0.026ms
typeclass inference of OfNat took 0.0527ms
typeclass inference of OfNat took 0.0388ms
typeclass inference of OfNat took 0.00277ms
congr simp thm took 0.000882ms
grind simp took 0.11ms
grind mark subsingleton took 0.0296ms
sym canon took 0.0716ms
congr simp thm took 0.000651ms
congr simp thm took 0.00039ms
grind simp took 0.187ms
grind mark subsingleton took 0.105ms
sym typeclass inference of HAdd took 1.18ms
sym canon took 0.0845ms
sym typeclass inference of HAdd took 0.00468ms
sym canon took 0.00711ms
congr simp thm took 0.0201ms
congr simp thm took 0.00188ms
congr simp thm took 0.000571ms
congr simp thm took 0.000341ms
congr simp thm took 0.000651ms
congr simp thm took 0.000701ms
grind simp took 0.474ms
grind mark subsingleton took 0.0136ms
sym typeclass inference of OfNat took 0.0526ms
sym canon took 0.0235ms
typeclass inference of OfNat took 0.0537ms
typeclass inference of OfNat took 0.0364ms
typeclass inference of OfNat took 0.00267ms
typeclass inference of OfNat took 0.00191ms
grind took 11ms
instantiate metavars took 0.0189ms
tactic execution of Lean.Parser.Tactic.grind took 1.59ms
tactic execution of Lean.Parser.Tactic.tacticSeq1Indented took 0.0201ms
tactic execution of Lean.Parser.Tactic.tacticSeq took 0.00896ms
tactic execution of Lean.Parser.Tactic.paren took 0.015ms
tactic execution of Lean.Parser.Tactic.withAnnotateState took 0.0129ms
tactic execution of Lean.Parser.Tactic.tacticSeq1Indented took 0.0103ms
tactic execution of Lean.Parser.Tactic.tacticSeq took 0.00935ms
tactic execution of Lean.Parser.Tactic.case took 0.114ms
tactic execution of Lean.Parser.Tactic.tacticSeq1Indented took 0.0279ms
tactic execution of Lean.Parser.Tactic.tacticSeq took 0.0102ms
tactic execution of Lean.Parser.Tactic.focus took 0.0126ms
tactic execution of Lean.Parser.Tactic.tacticHave__ took 1.96ms
typeclass inference of OfNat took 1.23ms
typeclass inference of OfNat took 0.171ms
typeclass inference of OfNat took 0.0481ms
typeclass inference of HPow took 0.216ms
typeclass inference of OfNat took 0.0922ms
typeclass inference of HPow took 0.271ms
typeclass inference of OfNat took 0.081ms
typeclass inference of OfNat took 0.0614ms
typeclass inference of OfNat took 0.0437ms
typeclass inference of HPow took 0.146ms
typeclass inference of OfNat took 0.0474ms
typeclass inference of OfNat took 0.0385ms
typeclass inference of HPow took 0.163ms
typeclass inference of OfNat took 0.0589ms
typeclass inference of HPow took 0.141ms
typeclass inference of OfNat took 0.0432ms
typeclass inference of OfNat took 0.0557ms
typeclass inference of HPow took 0.153ms
typeclass inference of OfNat took 0.0494ms
typeclass inference of HPow took 0.118ms
typeclass inference of OfNat took 0.041ms
typeclass inference of HPow took 0.113ms
typeclass inference of OfNat took 0.0406ms
typeclass inference of HPow took 0.134ms
typeclass inference of OfNat took 0.0418ms
typeclass inference of HPow took 0.111ms
typeclass inference of OfNat took 0.0386ms
typeclass inference of HPow took 0.112ms
typeclass inference of OfNat took 0.0369ms
typeclass inference of HPow took 0.11ms
typeclass inference of Pow took 0.0395ms
typeclass inference of CategoryTheory.CartesianMonoidalCategory took 0.0545ms
typeclass inference of CategoryTheory.CartesianMonoidalCategory took 0.00719ms
typeclass inference of NPow took 2.29ms
typeclass inference of OfNat took 0.0464ms
typeclass inference of OfNat took 0.069ms
typeclass inference of HPow took 0.147ms
typeclass inference of OfNat took 0.0432ms
typeclass inference of HPow took 0.12ms
typeclass inference of OfNat took 0.0407ms
typeclass inference of HPow took 0.114ms
typeclass inference of Pow took 0.0402ms
typeclass inference of NPow took 0.104ms
typeclass inference of OfNat took 0.00359ms
tactic execution of Lean.Parser.Tactic.refine took 2.16ms
tactic execution of Lean.Parser.Tactic.rotateRight took 0.0169ms
tactic execution of Lean.Parser.Tactic.tacticSeq1Indented took 0.0312ms
tactic execution of Lean.Parser.Tactic.tacticSeq took 0.0105ms
tactic execution of Lean.Parser.Tactic.paren took 0.0105ms
tactic execution of Lean.Parser.Tactic.tacticSeq1Indented took 0.0125ms
tactic execution of Lean.Parser.Tactic.tacticSeq took 0.0117ms
tactic execution of Lean.Parser.Tactic.focus took 0.0168ms
tactic execution of Lean.Parser.Tactic.tacticRefine_lift_ took 0.0163ms
tactic execution of Lean.Parser.Tactic.tacticHave__ took 0.0508ms
typeclass inference of OfNat took 0.0743ms
typeclass inference of OfNat took 0.0501ms
typeclass inference of OfNat took 0.0513ms
typeclass inference of OfNat took 0.0432ms
typeclass inference of OfNat took 0.0422ms
typeclass inference of OfNat took 0.0328ms
typeclass inference of HMul took 0.151ms
typeclass inference of HPow took 0.149ms
typeclass inference of HMul took 0.0636ms
typeclass inference of LT took 0.0325ms
typeclass inference of OfNat took 0.00337ms
typeclass inference of OfNat took 0.0519ms
typeclass inference of HPow took 0.119ms
typeclass inference of HMul took 0.0547ms
typeclass inference of OfNat took 0.0404ms
typeclass inference of HPow took 0.11ms
typeclass inference of HMul took 0.0541ms
typeclass inference of OfNat took 0.0407ms
typeclass inference of HPow took 0.104ms
typeclass inference of HMul took 0.0537ms
typeclass inference of OfNat took 0.0453ms
typeclass inference of HPow took 0.106ms
typeclass inference of HMul took 0.0489ms
typeclass inference of Pow took 0.0388ms
typeclass inference of NPow took 0.00312ms
typeclass inference of OfNat took 0.00286ms
typeclass inference of HMul took 0.00242ms
tactic execution of Lean.Parser.Tactic.refine took 1.13ms
interpretation of Lean.Meta.Grind.reduceCtorEqCheap took 0.00334ms
interpretation of Lean.Meta.Grind.reduceSimpMatchDiscrsOnly took 0.000982ms
interpretation of Lean.Meta.Grind.reducePreMatchCond took 0.000792ms
interpretation of Lean.Meta.Grind.Arith.expandPow01 took 0.000842ms
interpretation of Lean.Meta.Grind.Arith.expandDiv took 0.000651ms
interpretation of Lean.Meta.Grind.Arith.normNatAddInst took 0.000751ms
interpretation of Lean.Meta.Grind.Arith.normNatMulInst took 0.000732ms
interpretation of Lean.Meta.Grind.Arith.normNatSubInst took 0.000952ms
interpretation of Lean.Meta.Grind.Arith.normNatDivInst took 0.000641ms
interpretation of Lean.Meta.Grind.Arith.normNatModInst took 0.000762ms
interpretation of Lean.Meta.Grind.Arith.normNatPowInst took 0.000821ms
interpretation of Lean.Meta.Grind.Arith.normNatOfNatInst took 0.000561ms
interpretation of Lean.Meta.Grind.Arith.normIntNegInst took 0.000621ms
interpretation of Lean.Meta.Grind.Arith.normIntAddInst took 0.000591ms
interpretation of Lean.Meta.Grind.Arith.normIntMulInst took 0.000692ms
interpretation of Lean.Meta.Grind.Arith.normIntSubInst took 0.000932ms
interpretation of Lean.Meta.Grind.Arith.normIntDivInst took 0.000701ms
interpretation of Lean.Meta.Grind.Arith.normIntModInst took 0.000561ms
interpretation of Lean.Meta.Grind.Arith.normIntPowInst took 0.000781ms
interpretation of Lean.Meta.Grind.Arith.normNatCastInst took 0.000722ms
interpretation of Lean.Meta.Grind.Arith.normIntOfNatInst took 0.000852ms
interpretation of Lean.Meta.Grind.Arith.normNatCastNum took 0.000741ms
interpretation of Lean.Meta.Grind.Arith.normIntCastNum took 0.000712ms
interpretation of Lean.Meta.Grind.Arith.normPowRatInt took 0.000602ms
interpretation of Lean.Meta.Grind.Arith.normFieldInv took 0.000581ms
interpretation of Lean.Meta.Grind.simpForall took 0.00103ms
interpretation of Lean.Meta.Grind.simpExists took 0.000701ms
interpretation of Lean.Meta.Grind.simpEq took 0.00185ms
interpretation of Lean.Meta.Grind.simpOr took 0.000702ms
interpretation of Lean.Meta.Grind.simpDIte took 0.000641ms
interpretation of Lean.Meta.Grind.pushNot took 0.000781ms
interpretation of Lean.Meta.Grind.unfoldReducibleSimproc took 0.000662ms
congr simp thm took 0.0161ms
congr simp thm took 0.00379ms
congr simp thm took 0.00369ms
grind simp took 0.375ms
grind mark subsingleton took 0.0595ms
sym typeclass inference of HSub took 1.01ms
sym typeclass inference of HMul took 1.17ms
sym typeclass inference of OfNat took 0.809ms
sym canon took 0.155ms
sym typeclass inference of Lean.Grind.CommRing took 0.471ms
typeclass inference of Lean.Grind.Ring took 0.58ms
typeclass inference of Semiring took 0.979ms
typeclass inference of AddLeftCancelSemigroup took 1.23ms
sym typeclass inference of Lean.Grind.IsCharP took 9.88ms
sym typeclass inference of Lean.Grind.NatModule took 1.38ms
typeclass inference of AddCommMonoid took 0.821ms
typeclass inference of AddCommMonoid took 0.00501ms
typeclass inference of AddCommMonoid took 0.00389ms
typeclass inference of AddCancelMonoid took 0.758ms
typeclass inference of AddCommMonoid took 0.00724ms
typeclass inference of AddGroup took 0.643ms
typeclass inference of Field took 0.322ms
typeclass inference of Field took 0.00248ms
typeclass inference of Field took 0.00167ms
typeclass inference of Field took 0.00242ms
typeclass inference of Field took 0.00148ms
typeclass inference of Field took 0.00124ms
typeclass inference of Field took 0.00106ms
typeclass inference of Field took 0.00115ms
typeclass inference of Field took 0.00108ms
typeclass inference of Field took 0.00104ms
typeclass inference of Field took 0.00106ms
typeclass inference of Field took 0.000952ms
typeclass inference of Field took 0.00238ms
typeclass inference of Field took 0.00116ms
typeclass inference of Field took 0.00107ms
typeclass inference of Field took 0.00115ms
typeclass inference of Field took 0.00114ms
typeclass inference of Field took 0.00105ms
typeclass inference of Field took 0.00104ms
typeclass inference of Field took 0.001ms
typeclass inference of Field took 0.00227ms
typeclass inference of Field took 0.0011ms
typeclass inference of Field took 0.00208ms
typeclass inference of Field took 0.00115ms
typeclass inference of Field took 0.00116ms
typeclass inference of Field took 0.00109ms
typeclass inference of Field took 0.00101ms
typeclass inference of Field took 0.00194ms
typeclass inference of Field took 0.0012ms
typeclass inference of Field took 0.00115ms
typeclass inference of Semiring took 0.00459ms
typeclass inference of RCLike took 0.0123ms
typeclass inference of RCLike took 0.00163ms
typeclass inference of RCLike took 0.00139ms
typeclass inference of RCLike took 0.00202ms
typeclass inference of RCLike took 0.00123ms
typeclass inference of RCLike took 0.00124ms
typeclass inference of RCLike took 0.00113ms
typeclass inference of RCLike took 0.00112ms
typeclass inference of RCLike took 0.00116ms
typeclass inference of RCLike took 0.00105ms
typeclass inference of RCLike took 0.00106ms
typeclass inference of RCLike took 0.00104ms
typeclass inference of RCLike took 0.00174ms
typeclass inference of RCLike took 0.00115ms
typeclass inference of RCLike took 0.00116ms
typeclass inference of RCLike took 0.00112ms
typeclass inference of RCLike took 0.00106ms
typeclass inference of RCLike took 0.0011ms
typeclass inference of RCLike took 0.00106ms
typeclass inference of RCLike took 0.00104ms
typeclass inference of RCLike took 0.00183ms
typeclass inference of RCLike took 0.00113ms
typeclass inference of RCLike took 0.00117ms
typeclass inference of RCLike took 0.00114ms
typeclass inference of RCLike took 0.00344ms
typeclass inference of RCLike took 0.00267ms
typeclass inference of RCLike took 0.00102ms
typeclass inference of RCLike took 0.00146ms
typeclass inference of RCLike took 0.00105ms
typeclass inference of RCLike took 0.00106ms
typeclass inference of Semiring took 0.00423ms
typeclass inference of NonAssocRing took 0.281ms
typeclass inference of Field took 0.00329ms
typeclass inference of Field took 0.0019ms
typeclass inference of Field took 0.00198ms
typeclass inference of Field took 0.00126ms
typeclass inference of Field took 0.00111ms
typeclass inference of Field took 0.00106ms
typeclass inference of Field took 0.00118ms
typeclass inference of Field took 0.001ms
typeclass inference of Field took 0.0012ms
typeclass inference of Field took 0.00177ms
typeclass inference of Field took 0.00127ms
typeclass inference of Field took 0.00138ms
typeclass inference of Field took 0.000972ms
typeclass inference of Field took 0.00305ms
typeclass inference of Field took 0.00113ms
typeclass inference of Field took 0.00122ms
typeclass inference of Field took 0.00114ms
typeclass inference of Field took 0.00124ms
typeclass inference of Field took 0.00159ms
typeclass inference of Field took 0.00114ms
typeclass inference of Field took 0.00104ms
typeclass inference of Field took 0.000932ms
typeclass inference of Field took 0.00309ms
typeclass inference of Field took 0.00138ms
typeclass inference of Field took 0.00124ms
typeclass inference of Field took 0.00108ms
typeclass inference of Field took 0.00104ms
typeclass inference of Field took 0.00114ms
typeclass inference of Field took 0.00108ms
typeclass inference of Field took 0.000962ms
typeclass inference of Field took 0.00213ms
typeclass inference of Field took 0.00114ms
typeclass inference of Field took 0.00106ms
typeclass inference of Field took 0.00111ms
typeclass inference of Field took 0.0011ms
typeclass inference of Field took 0.00111ms
typeclass inference of Field took 0.00108ms
typeclass inference of Field took 0.003ms
typeclass inference of Field took 0.00164ms
typeclass inference of Field took 0.0012ms
typeclass inference of Field took 0.00119ms
typeclass inference of Field took 0.00102ms
typeclass inference of Field took 0.0017ms
typeclass inference of Field took 0.0015ms
typeclass inference of Field took 0.00123ms
typeclass inference of Field took 0.000982ms
typeclass inference of Field took 0.00163ms
typeclass inference of Field took 0.00108ms
typeclass inference of Field took 0.00107ms
typeclass inference of Field took 0.00155ms
typeclass inference of Field took 0.00128ms
typeclass inference of Field took 0.00135ms
typeclass inference of Field took 0.0015ms
typeclass inference of Field took 0.00186ms
typeclass inference of Field took 0.00118ms
typeclass inference of Field took 0.00112ms
typeclass inference of Field took 0.00158ms
typeclass inference of Field took 0.00108ms
typeclass inference of Field took 0.00108ms
typeclass inference of Field took 0.00113ms
typeclass inference of Field took 0.00218ms
typeclass inference of Field took 0.0013ms
typeclass inference of Field took 0.00112ms
typeclass inference of Field took 0.00106ms
typeclass inference of Field took 0.000991ms
typeclass inference of Field took 0.00193ms
typeclass inference of Field took 0.00111ms
typeclass inference of Field took 0.00116ms
typeclass inference of Field took 0.00103ms
typeclass inference of Field took 0.0016ms
typeclass inference of Field took 0.00106ms
typeclass inference of Field took 0.00109ms
typeclass inference of Semiring took 0.00569ms
typeclass inference of DivisionRing took 0.427ms
typeclass inference of DivisionRing took 0.00225ms
typeclass inference of DivisionRing took 0.00133ms
typeclass inference of DivisionRing took 0.00208ms
typeclass inference of DivisionRing took 0.00236ms
typeclass inference of DivisionRing took 0.00112ms
typeclass inference of DivisionRing took 0.0012ms
typeclass inference of DivisionRing took 0.00109ms
typeclass inference of DivisionRing took 0.00103ms
typeclass inference of DivisionRing took 0.00102ms
typeclass inference of DivisionRing took 0.000971ms
typeclass inference of DivisionRing took 0.00103ms
typeclass inference of DivisionRing took 0.00198ms
typeclass inference of DivisionRing took 0.0011ms
typeclass inference of DivisionRing took 0.00104ms
typeclass inference of DivisionRing took 0.00104ms
typeclass inference of DivisionRing took 0.00106ms
typeclass inference of DivisionRing took 0.00104ms
typeclass inference of DivisionRing took 0.00102ms
typeclass inference of DivisionRing took 0.00168ms
typeclass inference of DivisionRing took 0.00103ms
typeclass inference of DivisionRing took 0.00104ms
typeclass inference of DivisionRing took 0.00103ms
typeclass inference of DivisionRing took 0.000982ms
typeclass inference of DivisionRing took 0.000962ms
typeclass inference of DivisionRing took 0.00189ms
typeclass inference of DivisionRing took 0.00104ms
typeclass inference of DivisionRing took 0.00106ms
typeclass inference of DivisionRing took 0.00101ms
typeclass inference of DivisionRing took 0.000952ms
typeclass inference of Semifield took 0.396ms
typeclass inference of Semifield took 0.00229ms
typeclass inference of Semifield took 0.00152ms
typeclass inference of Semifield took 0.00109ms
typeclass inference of Semifield took 0.00105ms
typeclass inference of Semifield took 0.001ms
typeclass inference of Semifield took 0.00104ms
typeclass inference of Semifield took 0.00102ms
typeclass inference of Semifield took 0.000962ms
typeclass inference of Semifield took 0.00207ms
typeclass inference of Semifield took 0.0011ms
typeclass inference of Semifield took 0.00107ms
typeclass inference of Semifield took 0.000982ms
typeclass inference of Semifield took 0.00102ms
typeclass inference of Semifield took 0.00103ms
typeclass inference of Semifield took 0.0011ms
typeclass inference of Field took 0.00209ms
typeclass inference of Field took 0.00121ms
typeclass inference of Field took 0.00103ms
typeclass inference of Field took 0.00227ms
typeclass inference of Field took 0.00116ms
typeclass inference of Field took 0.00113ms
typeclass inference of Field took 0.00102ms
typeclass inference of Field took 0.00106ms
typeclass inference of Field took 0.00105ms
typeclass inference of Field took 0.00103ms
typeclass inference of Field took 0.000982ms
typeclass inference of Field took 0.000972ms
typeclass inference of Field took 0.00194ms
typeclass inference of Field took 0.0011ms
typeclass inference of Field took 0.00141ms
typeclass inference of Field took 0.00126ms
typeclass inference of Field took 0.00105ms
typeclass inference of Field took 0.00109ms
typeclass inference of Field took 0.00107ms
typeclass inference of Field took 0.00103ms
typeclass inference of Field took 0.00175ms
typeclass inference of Field took 0.00109ms
typeclass inference of Field took 0.00108ms
typeclass inference of Field took 0.00113ms
typeclass inference of Field took 0.00106ms
typeclass inference of Field took 0.00103ms
typeclass inference of Field took 0.000972ms
typeclass inference of DivisionRing took 0.002ms
typeclass inference of DivisionRing took 0.00233ms
typeclass inference of DivisionRing took 0.0011ms
typeclass inference of DivisionRing took 0.00112ms
typeclass inference of DivisionRing took 0.00119ms
typeclass inference of DivisionRing took 0.00105ms
typeclass inference of DivisionRing took 0.00101ms
typeclass inference of DivisionRing took 0.00142ms
typeclass inference of DivisionRing took 0.000952ms
typeclass inference of DivisionRing took 0.00218ms
typeclass inference of DivisionRing took 0.00112ms
typeclass inference of DivisionRing took 0.00241ms
typeclass inference of DivisionRing took 0.00164ms
typeclass inference of DivisionRing took 0.00105ms
typeclass inference of DivisionRing took 0.00106ms
typeclass inference of DivisionRing took 0.000982ms
typeclass inference of EuclideanDomain took 0.58ms
typeclass inference of EuclideanDomain took 0.0052ms
typeclass inference of EuclideanDomain took 0.00145ms
typeclass inference of EuclideanDomain took 0.00153ms
typeclass inference of EuclideanDomain took 0.00136ms
typeclass inference of EuclideanDomain took 0.00129ms
typeclass inference of EuclideanDomain took 0.00111ms
typeclass inference of EuclideanDomain took 0.0013ms
typeclass inference of EuclideanDomain took 0.00129ms
typeclass inference of EuclideanDomain took 0.000992ms
typeclass inference of EuclideanDomain took 0.00149ms
typeclass inference of EuclideanDomain took 0.00124ms
typeclass inference of EuclideanDomain took 0.00115ms
typeclass inference of EuclideanDomain took 0.00243ms
typeclass inference of EuclideanDomain took 0.00108ms
typeclass inference of EuclideanDomain took 0.00108ms
typeclass inference of EuclideanDomain took 0.00113ms
typeclass inference of EuclideanDomain took 0.0011ms
typeclass inference of EuclideanDomain took 0.00124ms
typeclass inference of EuclideanDomain took 0.00117ms
typeclass inference of EuclideanDomain took 0.00109ms
typeclass inference of EuclideanDomain took 0.00115ms
typeclass inference of EuclideanDomain took 0.00205ms
typeclass inference of EuclideanDomain took 0.00105ms
typeclass inference of EuclideanDomain took 0.00119ms
typeclass inference of EuclideanDomain took 0.00117ms
typeclass inference of EuclideanDomain took 0.00115ms
typeclass inference of EuclideanDomain took 0.0011ms
typeclass inference of EuclideanDomain took 0.00113ms
typeclass inference of EuclideanDomain took 0.000992ms
typeclass inference of EuclideanDomain took 0.00197ms
typeclass inference of EuclideanDomain took 0.00106ms
typeclass inference of EuclideanDomain took 0.00107ms
typeclass inference of EuclideanDomain took 0.00113ms
typeclass inference of EuclideanDomain took 0.00109ms
typeclass inference of EuclideanDomain took 0.00102ms
typeclass inference of EuclideanDomain took 0.000952ms
typeclass inference of CommMonoidWithZero took 0.811ms
typeclass inference of Semiring took 0.00437ms
typeclass inference of CommMonoidWithZero took 0.00411ms
typeclass inference of CommMonoidWithZero took 0.00382ms
typeclass inference of CommGroupWithZero took 0.432ms
typeclass inference of CommGroupWithZero took 0.00247ms
typeclass inference of CommGroupWithZero took 0.00137ms
typeclass inference of CommGroupWithZero took 0.00123ms
typeclass inference of CommGroupWithZero took 0.00127ms
typeclass inference of CommGroupWithZero took 0.001ms
typeclass inference of CommGroupWithZero took 0.000992ms
typeclass inference of CommGroupWithZero took 0.00107ms
typeclass inference of LinearOrderedCommMonoidWithZero took 0.0575ms
typeclass inference of LinearOrderedCommMonoidWithZero took 0.00193ms
typeclass inference of LinearOrderedCommMonoidWithZero took 0.00205ms
typeclass inference of LinearOrderedCommMonoidWithZero took 0.00113ms
typeclass inference of LinearOrderedCommMonoidWithZero took 0.00116ms
typeclass inference of LinearOrderedCommMonoidWithZero took 0.00101ms
typeclass inference of LinearOrderedCommMonoidWithZero took 0.000972ms
typeclass inference of LinearOrderedCommMonoidWithZero took 0.00104ms
typeclass inference of LinearOrderedCommMonoidWithZero took 0.001ms
typeclass inference of LinearOrderedCommMonoidWithZero took 0.00285ms
typeclass inference of LinearOrderedCommMonoidWithZero took 0.00118ms
typeclass inference of LinearOrderedCommMonoidWithZero took 0.00124ms
typeclass inference of LinearOrderedCommMonoidWithZero took 0.00185ms
typeclass inference of LinearOrderedCommMonoidWithZero took 0.00115ms
typeclass inference of LinearOrderedCommMonoidWithZero took 0.00103ms
typeclass inference of LinearOrderedCommMonoidWithZero took 0.00107ms
typeclass inference of LinearOrderedCommMonoidWithZero took 0.00107ms
typeclass inference of LinearOrderedCommMonoidWithZero took 0.00106ms
typeclass inference of LinearOrderedCommMonoidWithZero took 0.000921ms
typeclass inference of LinearOrderedCommMonoidWithZero took 0.0019ms
typeclass inference of LinearOrderedCommMonoidWithZero took 0.00116ms
typeclass inference of LinearOrderedCommMonoidWithZero took 0.00106ms
typeclass inference of LinearOrderedCommMonoidWithZero took 0.0011ms
typeclass inference of LinearOrderedCommMonoidWithZero took 0.00117ms
typeclass inference of LinearOrderedCommMonoidWithZero took 0.00113ms
typeclass inference of LinearOrderedCommMonoidWithZero took 0.00165ms
typeclass inference of LinearOrderedCommMonoidWithZero took 0.00108ms
typeclass inference of LinearOrderedCommMonoidWithZero took 0.00101ms
typeclass inference of LinearOrderedCommMonoidWithZero took 0.00105ms
typeclass inference of LinearOrderedCommMonoidWithZero took 0.000952ms
typeclass inference of LinearOrderedCommMonoidWithZero took 0.00165ms
typeclass inference of LinearOrderedCommMonoidWithZero took 0.00129ms
typeclass inference of LinearOrderedCommMonoidWithZero took 0.00109ms
typeclass inference of LinearOrderedCommMonoidWithZero took 0.00189ms
typeclass inference of LinearOrderedCommMonoidWithZero took 0.00102ms
typeclass inference of LinearOrderedCommMonoidWithZero took 0.00103ms
typeclass inference of LinearOrderedCommMonoidWithZero took 0.00101ms
typeclass inference of LinearOrderedCommMonoidWithZero took 0.000942ms
typeclass inference of LinearOrderedCommMonoidWithZero took 0.000952ms
typeclass inference of LinearOrderedCommMonoidWithZero took 0.00102ms
typeclass inference of LinearOrderedCommMonoidWithZero took 0.00152ms
typeclass inference of LinearOrderedCommMonoidWithZero took 0.00108ms
typeclass inference of LinearOrderedCommMonoidWithZero took 0.00101ms
typeclass inference of LinearOrderedCommMonoidWithZero took 0.00173ms
typeclass inference of LinearOrderedCommMonoidWithZero took 0.00102ms
typeclass inference of LinearOrderedCommMonoidWithZero took 0.00115ms
typeclass inference of LinearOrderedCommMonoidWithZero took 0.00109ms
typeclass inference of LinearOrderedCommMonoidWithZero took 0.00104ms
typeclass inference of LinearOrderedCommMonoidWithZero took 0.00103ms
typeclass inference of LinearOrderedCommMonoidWithZero took 0.000912ms
typeclass inference of LinearOrderedCommMonoidWithZero took 0.00189ms
typeclass inference of LinearOrderedCommMonoidWithZero took 0.00107ms
typeclass inference of LinearOrderedCommMonoidWithZero took 0.00105ms
typeclass inference of LinearOrderedCommMonoidWithZero took 0.00116ms
typeclass inference of LinearOrderedCommMonoidWithZero took 0.00112ms
typeclass inference of LinearOrderedCommMonoidWithZero took 0.001ms
typeclass inference of LinearOrderedCommMonoidWithZero took 0.00159ms
typeclass inference of LinearOrderedCommMonoidWithZero took 0.00124ms
typeclass inference of LinearOrderedCommMonoidWithZero took 0.00104ms
typeclass inference of LinearOrderedCommMonoidWithZero took 0.00121ms
typeclass inference of LinearOrderedCommMonoidWithZero took 0.000982ms
typeclass inference of LinearOrderedCommMonoidWithZero took 0.00211ms
typeclass inference of LinearOrderedCommMonoidWithZero took 0.00113ms
typeclass inference of LinearOrderedCommMonoidWithZero took 0.00103ms
typeclass inference of LinearOrderedCommMonoidWithZero took 0.00186ms
typeclass inference of LinearOrderedCommMonoidWithZero took 0.00102ms
typeclass inference of LinearOrderedCommMonoidWithZero took 0.00192ms
typeclass inference of LinearOrderedCommMonoidWithZero took 0.00104ms
typeclass inference of LinearOrderedCommMonoidWithZero took 0.000992ms
typeclass inference of LinearOrderedCommMonoidWithZero took 0.00101ms
typeclass inference of LinearOrderedCommMonoidWithZero took 0.00102ms
typeclass inference of LinearOrderedCommMonoidWithZero took 0.00101ms
typeclass inference of LinearOrderedCommMonoidWithZero took 0.000982ms
typeclass inference of LinearOrderedCommMonoidWithZero took 0.00125ms
typeclass inference of LinearOrderedCommMonoidWithZero took 0.00107ms
typeclass inference of LinearOrderedCommMonoidWithZero took 0.00105ms
typeclass inference of LinearOrderedCommMonoidWithZero took 0.00178ms
typeclass inference of LinearOrderedCommMonoidWithZero took 0.00103ms
typeclass inference of LinearOrderedCommMonoidWithZero took 0.00101ms
typeclass inference of LinearOrderedCommMonoidWithZero took 0.00106ms
typeclass inference of LinearOrderedCommMonoidWithZero took 0.001ms
typeclass inference of LinearOrderedCommMonoidWithZero took 0.00104ms
typeclass inference of LinearOrderedCommMonoidWithZero took 0.000921ms
typeclass inference of LinearOrderedCommMonoidWithZero took 0.00179ms
typeclass inference of LinearOrderedCommMonoidWithZero took 0.00106ms
typeclass inference of LinearOrderedCommMonoidWithZero took 0.00102ms
typeclass inference of LinearOrderedCommMonoidWithZero took 0.00101ms
typeclass inference of LinearOrderedCommMonoidWithZero took 0.00105ms
typeclass inference of LinearOrderedCommMonoidWithZero took 0.000962ms
typeclass inference of LinearOrderedCommMonoidWithZero took 0.00154ms
typeclass inference of LinearOrderedCommMonoidWithZero took 0.00103ms
typeclass inference of LinearOrderedCommMonoidWithZero took 0.00102ms
typeclass inference of LinearOrderedCommMonoidWithZero took 0.000992ms
typeclass inference of LinearOrderedCommMonoidWithZero took 0.000952ms
typeclass inference of LinearOrderedCommMonoidWithZero took 0.00143ms
typeclass inference of LinearOrderedCommMonoidWithZero took 0.0011ms
typeclass inference of LinearOrderedCommMonoidWithZero took 0.000992ms
typeclass inference of LinearOrderedCommMonoidWithZero took 0.00172ms
typeclass inference of LinearOrderedCommMonoidWithZero took 0.00104ms
typeclass inference of LinearOrderedCommMonoidWithZero took 0.00108ms
typeclass inference of LinearOrderedCommMonoidWithZero took 0.00112ms
typeclass inference of LinearOrderedCommMonoidWithZero took 0.00104ms
typeclass inference of LinearOrderedCommMonoidWithZero took 0.00103ms
typeclass inference of LinearOrderedCommMonoidWithZero took 0.000921ms
typeclass inference of LinearOrderedCommMonoidWithZero took 0.00113ms
typeclass inference of LinearOrderedCommMonoidWithZero took 0.00115ms
typeclass inference of LinearOrderedCommMonoidWithZero took 0.00101ms
typeclass inference of LinearOrderedCommMonoidWithZero took 0.0016ms
typeclass inference of LinearOrderedCommMonoidWithZero took 0.000981ms
typeclass inference of LinearOrderedCommMonoidWithZero took 0.00105ms
typeclass inference of LinearOrderedCommMonoidWithZero took 0.001ms
typeclass inference of LinearOrderedCommMonoidWithZero took 0.000971ms
typeclass inference of LinearOrderedCommMonoidWithZero took 0.000931ms
typeclass inference of LinearOrderedCommMonoidWithZero took 0.000981ms
typeclass inference of LinearOrderedCommMonoidWithZero took 0.00231ms
typeclass inference of LinearOrderedCommMonoidWithZero took 0.00196ms
typeclass inference of LinearOrderedCommMonoidWithZero took 0.00107ms
typeclass inference of LinearOrderedCommMonoidWithZero took 0.00117ms
typeclass inference of LinearOrderedCommMonoidWithZero took 0.00104ms
typeclass inference of LinearOrderedCommMonoidWithZero took 0.001ms
typeclass inference of LinearOrderedCommMonoidWithZero took 0.00164ms
typeclass inference of LinearOrderedCommMonoidWithZero took 0.00103ms
typeclass inference of LinearOrderedCommMonoidWithZero took 0.00116ms
typeclass inference of LinearOrderedCommMonoidWithZero took 0.000972ms
typeclass inference of LinearOrderedCommMonoidWithZero took 0.000941ms
typeclass inference of LinearOrderedCommMonoidWithZero took 0.00187ms
typeclass inference of LinearOrderedCommMonoidWithZero took 0.00125ms
typeclass inference of LinearOrderedCommMonoidWithZero took 0.00138ms
typeclass inference of LinearOrderedCommMonoidWithZero took 0.00176ms
typeclass inference of LinearOrderedCommMonoidWithZero took 0.00126ms
typeclass inference of LinearOrderedCommMonoidWithZero took 0.00103ms
typeclass inference of LinearOrderedCommMonoidWithZero took 0.00177ms
typeclass inference of LinearOrderedCommMonoidWithZero took 0.000972ms
typeclass inference of LinearOrderedCommMonoidWithZero took 0.00103ms
typeclass inference of LinearOrderedCommMonoidWithZero took 0.00112ms
typeclass inference of LinearOrderedCommMonoidWithZero took 0.000962ms
typeclass inference of LinearOrderedCommMonoidWithZero took 0.000962ms
typeclass inference of LinearOrderedCommMonoidWithZero took 0.000912ms
typeclass inference of LinearOrderedCommMonoidWithZero took 0.00167ms
typeclass inference of LinearOrderedCommMonoidWithZero took 0.0011ms
typeclass inference of LinearOrderedCommMonoidWithZero took 0.00113ms
typeclass inference of LinearOrderedCommMonoidWithZero took 0.00167ms
typeclass inference of LinearOrderedCommMonoidWithZero took 0.00105ms
typeclass inference of LinearOrderedCommMonoidWithZero took 0.00103ms
typeclass inference of LinearOrderedCommMonoidWithZero took 0.00116ms
typeclass inference of LinearOrderedCommMonoidWithZero took 0.001ms
typeclass inference of LinearOrderedCommMonoidWithZero took 0.000941ms
typeclass inference of LinearOrderedCommMonoidWithZero took 0.000922ms
typeclass inference of LinearOrderedCommMonoidWithZero took 0.00185ms
typeclass inference of LinearOrderedCommMonoidWithZero took 0.00109ms
typeclass inference of LinearOrderedCommMonoidWithZero took 0.00106ms
typeclass inference of LinearOrderedCommMonoidWithZero took 0.00102ms
typeclass inference of LinearOrderedCommMonoidWithZero took 0.00103ms
typeclass inference of LinearOrderedCommMonoidWithZero took 0.00102ms
typeclass inference of LinearOrderedCommMonoidWithZero took 0.00173ms
typeclass inference of LinearOrderedCommMonoidWithZero took 0.00103ms
typeclass inference of LinearOrderedCommMonoidWithZero took 0.000992ms
typeclass inference of LinearOrderedCommMonoidWithZero took 0.00167ms
typeclass inference of LinearOrderedCommMonoidWithZero took 0.000992ms
typeclass inference of LinearOrderedCommMonoidWithZero took 0.00166ms
typeclass inference of LinearOrderedCommMonoidWithZero took 0.00113ms
typeclass inference of LinearOrderedCommMonoidWithZero took 0.00107ms
typeclass inference of LinearOrderedCommMonoidWithZero took 0.001ms
typeclass inference of LinearOrderedCommMonoidWithZero took 0.00134ms
typeclass inference of LinearOrderedCommMonoidWithZero took 0.000981ms
typeclass inference of LinearOrderedCommMonoidWithZero took 0.00107ms
typeclass inference of NonUnitalNonAssocRing took 0.493ms
typeclass inference of NormedRing took 0.967ms
typeclass inference of NormedRing took 0.0028ms
typeclass inference of NormedRing took 0.00191ms
typeclass inference of NormedRing took 0.00127ms
typeclass inference of NormedRing took 0.00113ms
typeclass inference of NormedRing took 0.00188ms
typeclass inference of NormedRing took 0.00102ms
typeclass inference of NormedRing took 0.000992ms
typeclass inference of NormedRing took 0.00109ms
typeclass inference of NormedRing took 0.00168ms
typeclass inference of NormedRing took 0.00317ms
typeclass inference of NormedRing took 0.001ms
typeclass inference of NormedRing took 0.00224ms
typeclass inference of NormedRing took 0.00251ms
typeclass inference of NormedRing took 0.00121ms
typeclass inference of NormedRing took 0.00137ms
typeclass inference of NormedRing took 0.00106ms
typeclass inference of NormedRing took 0.00102ms
typeclass inference of NormedRing took 0.00132ms
typeclass inference of NormedRing took 0.00103ms
typeclass inference of NormedRing took 0.00101ms
typeclass inference of NormedRing took 0.00187ms
typeclass inference of NormedRing took 0.0011ms
typeclass inference of NormedRing took 0.00104ms
typeclass inference of NormedRing took 0.00128ms
typeclass inference of NormedRing took 0.00133ms
typeclass inference of NormedRing took 0.00102ms
typeclass inference of NormedRing took 0.00101ms
typeclass inference of NormedRing took 0.00181ms
typeclass inference of NormedRing took 0.00103ms
typeclass inference of NormedRing took 0.00132ms
typeclass inference of NormedRing took 0.00104ms
typeclass inference of NormedRing took 0.001ms
typeclass inference of NormedRing took 0.00141ms
typeclass inference of NormedRing took 0.00102ms
typeclass inference of NormedRing took 0.000991ms
typeclass inference of NormedRing took 0.00138ms
typeclass inference of NormedRing took 0.00138ms
typeclass inference of NormedRing took 0.001ms
typeclass inference of NormedRing took 0.00124ms
typeclass inference of Semiring took 0.019ms
typeclass inference of Semiring took 0.00526ms
typeclass inference of GroupWithZero took 0.757ms
typeclass inference of GroupWithZero took 0.00249ms
typeclass inference of GroupWithZero took 0.00221ms
typeclass inference of GroupWithZero took 0.0015ms
typeclass inference of GroupWithZero took 0.00144ms
typeclass inference of GroupWithZero took 0.00133ms
typeclass inference of GroupWithZero took 0.00129ms
typeclass inference of GroupWithZero took 0.00167ms
typeclass inference of GroupWithZero took 0.00134ms
typeclass inference of GroupWithZero took 0.00106ms
typeclass inference of GroupWithZero took 0.00127ms
typeclass inference of GroupWithZero took 0.00141ms
typeclass inference of GroupWithZero took 0.00129ms
typeclass inference of GroupWithZero took 0.00101ms
typeclass inference of MulZeroClass took 1.12ms
typeclass inference of Semiring took 0.00422ms
typeclass inference of CommMonoidWithZero took 0.00751ms
typeclass inference of CommMonoidWithZero took 0.00375ms
typeclass inference of LinearOrderedCommMonoidWithZero took 0.00397ms
typeclass inference of LinearOrderedCommMonoidWithZero took 0.00357ms
typeclass inference of LinearOrderedCommMonoidWithZero took 0.00127ms
typeclass inference of LinearOrderedCommMonoidWithZero took 0.00115ms
typeclass inference of LinearOrderedCommMonoidWithZero took 0.00107ms
typeclass inference of LinearOrderedCommMonoidWithZero took 0.000982ms
typeclass inference of LinearOrderedCommMonoidWithZero took 0.0015ms
typeclass inference of LinearOrderedCommMonoidWithZero took 0.00106ms
typeclass inference of LinearOrderedCommMonoidWithZero took 0.00105ms
typeclass inference of LinearOrderedCommMonoidWithZero took 0.00108ms
typeclass inference of LinearOrderedCommMonoidWithZero took 0.00144ms
typeclass inference of LinearOrderedCommMonoidWithZero took 0.00103ms
typeclass inference of LinearOrderedCommMonoidWithZero took 0.00101ms
typeclass inference of NonUnitalNonAssocRing took 0.00463ms
typeclass inference of GroupWithZero took 0.00466ms
typeclass inference of GroupWithZero took 0.00222ms
typeclass inference of GroupWithZero took 0.00159ms
typeclass inference of GroupWithZero took 0.00134ms
typeclass inference of GroupWithZero took 0.00115ms
typeclass inference of GroupWithZero took 0.00114ms
typeclass inference of GroupWithZero took 0.00105ms
typeclass inference of GroupWithZero took 0.00162ms
typeclass inference of GroupWithZero took 0.00103ms
typeclass inference of GroupWithZero took 0.00124ms
typeclass inference of GroupWithZero took 0.00115ms
typeclass inference of GroupWithZero took 0.00139ms
typeclass inference of GroupWithZero took 0.0012ms
typeclass inference of GroupWithZero took 0.00102ms
typeclass inference of MulZeroClass took 0.004ms
typeclass inference of GroupWithZero took 0.00342ms
typeclass inference of GroupWithZero took 0.00152ms
typeclass inference of GroupWithZero took 0.00213ms
typeclass inference of GroupWithZero took 0.00107ms
typeclass inference of GroupWithZero took 0.00109ms
typeclass inference of GroupWithZero took 0.00141ms
typeclass inference of GroupWithZero took 0.00134ms
typeclass inference of GroupWithZero took 0.001ms
typeclass inference of GroupWithZero took 0.00129ms
typeclass inference of GroupWithZero took 0.00105ms
typeclass inference of GroupWithZero took 0.00105ms
typeclass inference of GroupWithZero took 0.00194ms
typeclass inference of GroupWithZero took 0.00108ms
typeclass inference of GroupWithZero took 0.00136ms
typeclass inference of GroupWithZero took 0.00112ms
typeclass inference of GroupWithZero took 0.00104ms
typeclass inference of GroupWithZero took 0.001ms
typeclass inference of GroupWithZero took 0.00181ms
typeclass inference of GroupWithZero took 0.00108ms
typeclass inference of GroupWithZero took 0.00108ms
typeclass inference of GroupWithZero took 0.00101ms
typeclass inference of GroupWithZero took 0.000972ms
typeclass inference of GroupWithZero took 0.00144ms
typeclass inference of GroupWithZero took 0.00105ms
typeclass inference of GroupWithZero took 0.000992ms
typeclass inference of GroupWithZero took 0.00194ms
typeclass inference of GroupWithZero took 0.00104ms
typeclass inference of GroupWithZero took 0.00167ms
typeclass inference of GroupWithZero took 0.00104ms
typeclass inference of GroupWithZero took 0.00115ms
typeclass inference of GroupWithZero took 0.00129ms
typeclass inference of GroupWithZero took 0.00107ms
typeclass inference of GroupWithZero took 0.00117ms
typeclass inference of GroupWithZero took 0.00125ms
typeclass inference of GroupWithZero took 0.00105ms
typeclass inference of GroupWithZero took 0.00109ms
typeclass inference of GroupWithZero took 0.00193ms
typeclass inference of GroupWithZero took 0.00101ms
typeclass inference of GroupWithZero took 0.00135ms
typeclass inference of GroupWithZero took 0.00102ms
typeclass inference of GroupWithZero took 0.00103ms
typeclass inference of GroupWithZero took 0.000952ms
typeclass inference of GroupWithZero took 0.00169ms
typeclass inference of GroupWithZero took 0.00105ms
typeclass inference of GroupWithZero took 0.00109ms
typeclass inference of GroupWithZero took 0.00129ms
typeclass inference of GroupWithZero took 0.000992ms
typeclass inference of GroupWithZero took 0.00141ms
typeclass inference of GroupWithZero took 0.00101ms
typeclass inference of GroupWithZero took 0.00682ms
typeclass inference of GroupWithZero took 0.00151ms
typeclass inference of GroupWithZero took 0.00103ms
typeclass inference of GroupWithZero took 0.00114ms
typeclass inference of GroupWithZero took 0.00271ms
typeclass inference of GroupWithZero took 0.00111ms
typeclass inference of GroupWithZero took 0.00113ms
typeclass inference of GroupWithZero took 0.00105ms
typeclass inference of GroupWithZero took 0.00126ms
typeclass inference of GroupWithZero took 0.000902ms
typeclass inference of GroupWithZero took 0.00169ms
typeclass inference of GroupWithZero took 0.00108ms
typeclass inference of GroupWithZero took 0.00117ms
typeclass inference of GroupWithZero took 0.00112ms
typeclass inference of GroupWithZero took 0.00138ms
typeclass inference of GroupWithZero took 0.00164ms
typeclass inference of GroupWithZero took 0.0011ms
typeclass inference of GroupWithZero took 0.0011ms
typeclass inference of GroupWithZero took 0.001ms
typeclass inference of GroupWithZero took 0.00142ms
typeclass inference of GroupWithZero took 0.00133ms
typeclass inference of GroupWithZero took 0.00103ms
typeclass inference of CommMonoidWithZero took 0.0054ms
typeclass inference of LinearOrderedCommMonoidWithZero took 0.00443ms
typeclass inference of LinearOrderedCommMonoidWithZero took 0.00213ms
typeclass inference of LinearOrderedCommMonoidWithZero took 0.00141ms
typeclass inference of LinearOrderedCommMonoidWithZero took 0.001ms
typeclass inference of LinearOrderedCommMonoidWithZero took 0.000992ms
typeclass inference of LinearOrderedCommMonoidWithZero took 0.00104ms
typeclass inference of LinearOrderedCommMonoidWithZero took 0.00146ms
typeclass inference of LinearOrderedCommMonoidWithZero took 0.001ms
typeclass inference of LinearOrderedCommMonoidWithZero took 0.00167ms
typeclass inference of LinearOrderedCommMonoidWithZero took 0.00102ms
typeclass inference of LinearOrderedCommMonoidWithZero took 0.00303ms
typeclass inference of LinearOrderedCommMonoidWithZero took 0.000992ms
typeclass inference of LinearOrderedCommMonoidWithZero took 0.001ms
typeclass inference of NonUnitalNonAssocRing took 0.027ms
typeclass inference of GroupWithZero took 0.00398ms
typeclass inference of GroupWithZero took 0.0022ms
typeclass inference of GroupWithZero took 0.00168ms
typeclass inference of GroupWithZero took 0.00108ms
typeclass inference of GroupWithZero took 0.00127ms
typeclass inference of GroupWithZero took 0.00113ms
typeclass inference of GroupWithZero took 0.00104ms
typeclass inference of GroupWithZero took 0.00149ms
typeclass inference of GroupWithZero took 0.00103ms
typeclass inference of GroupWithZero took 0.00109ms
typeclass inference of GroupWithZero took 0.00117ms
typeclass inference of GroupWithZero took 0.00172ms
typeclass inference of GroupWithZero took 0.00102ms
typeclass inference of GroupWithZero took 0.0011ms
sym typeclass inference of Lean.Grind.NoNatZeroDivisors took 64.6ms
sym typeclass inference of Lean.Grind.Field took 0.472ms
typeclass inference of Lean.Grind.CommSemiring took 0.552ms
typeclass inference of Field took 0.00262ms
typeclass inference of Field took 0.0023ms
typeclass inference of Field took 0.00132ms
typeclass inference of Field took 0.00122ms
typeclass inference of Field took 0.00101ms
typeclass inference of Field took 0.000992ms
typeclass inference of Field took 0.000991ms
typeclass inference of Field took 0.00105ms
typeclass inference of Field took 0.00101ms
typeclass inference of Field took 0.00101ms
typeclass inference of Field took 0.00145ms
typeclass inference of Field took 0.00109ms
typeclass inference of Field took 0.002ms
typeclass inference of Field took 0.00121ms
typeclass inference of Field took 0.00108ms
typeclass inference of Field took 0.00106ms
typeclass inference of Field took 0.00103ms
typeclass inference of Field took 0.00113ms
typeclass inference of Field took 0.00102ms
typeclass inference of Field took 0.000962ms
typeclass inference of Field took 0.000972ms
typeclass inference of Field took 0.00205ms
typeclass inference of Field took 0.00104ms
typeclass inference of Field took 0.00106ms
typeclass inference of Field took 0.00109ms
typeclass inference of Field took 0.00104ms
typeclass inference of Field took 0.000992ms
typeclass inference of Field took 0.00104ms
typeclass inference of Field took 0.00101ms
typeclass inference of Field took 0.00166ms
typeclass inference of Field took 0.00114ms
typeclass inference of Field took 0.00108ms
typeclass inference of Field took 0.00101ms
typeclass inference of Field took 0.000992ms
typeclass inference of Field took 0.001ms
typeclass inference of Field took 0.00109ms
typeclass inference of Field took 0.00195ms
typeclass inference of Field took 0.00118ms
typeclass inference of Field took 0.00109ms
typeclass inference of Field took 0.00107ms
typeclass inference of Field took 0.00104ms
typeclass inference of Field took 0.00104ms
typeclass inference of Field took 0.00103ms
typeclass inference of Field took 0.00106ms
typeclass inference of Field took 0.00108ms
typeclass inference of Field took 0.00208ms
typeclass inference of Field took 0.00114ms
typeclass inference of Field took 0.00126ms
typeclass inference of Field took 0.00113ms
typeclass inference of Field took 0.0011ms
typeclass inference of Field took 0.00103ms
typeclass inference of Field took 0.00105ms
typeclass inference of Field took 0.00103ms
typeclass inference of Field took 0.00192ms
typeclass inference of Field took 0.00107ms
typeclass inference of Field took 0.00116ms
typeclass inference of Field took 0.00121ms
typeclass inference of Field took 0.00107ms
typeclass inference of Field took 0.00102ms
typeclass inference of Field took 0.00103ms
typeclass inference of Field took 0.00185ms
typeclass inference of Field took 0.00103ms
typeclass inference of Field took 0.00105ms
typeclass inference of Field took 0.00107ms
typeclass inference of Field took 0.00116ms
typeclass inference of Field took 0.000982ms
typeclass inference of Field took 0.00162ms
typeclass inference of Field took 0.00108ms
typeclass inference of Field took 0.00106ms
typeclass inference of Field took 0.00104ms
typeclass inference of Field took 0.0013ms
typeclass inference of Field took 0.00185ms
typeclass inference of Field took 0.00123ms
typeclass inference of Field took 0.00104ms
typeclass inference of Field took 0.000992ms
typeclass inference of Field took 0.00157ms
typeclass inference of Field took 0.00103ms
typeclass inference of Field took 0.000992ms
typeclass inference of Field took 0.00209ms
typeclass inference of Field took 0.00204ms
typeclass inference of Field took 0.00108ms
typeclass inference of Field took 0.00136ms
typeclass inference of Field took 0.00116ms
typeclass inference of Field took 0.00112ms
typeclass inference of Field took 0.00104ms
typeclass inference of Field took 0.00183ms
typeclass inference of Field took 0.000982ms
typeclass inference of Field took 0.000942ms
typeclass inference of Field took 0.00135ms
typeclass inference of Field took 0.00105ms
typeclass inference of Field took 0.00207ms
typeclass inference of Field took 0.00108ms
typeclass inference of Field took 0.00115ms
typeclass inference of Field took 0.00109ms
typeclass inference of Field took 0.00107ms
typeclass inference of Field took 0.00114ms
typeclass inference of Field took 0.00102ms
typeclass inference of Field took 0.001ms
typeclass inference of Field took 0.00103ms
typeclass inference of Field took 0.00229ms
typeclass inference of Field took 0.0013ms
typeclass inference of Field took 0.00111ms
typeclass inference of Field took 0.00111ms
typeclass inference of Field took 0.00105ms
typeclass inference of Field took 0.00104ms
typeclass inference of Field took 0.00107ms
typeclass inference of Field took 0.000982ms
typeclass inference of Field took 0.00137ms
typeclass inference of Field took 0.00107ms
typeclass inference of Field took 0.00103ms
typeclass inference of Field took 0.00108ms
typeclass inference of Field took 0.00103ms
typeclass inference of Field took 0.00109ms
typeclass inference of Field took 0.000981ms
typeclass inference of Field took 0.00206ms
typeclass inference of Field took 0.00108ms
typeclass inference of Field took 0.00112ms
typeclass inference of Field took 0.00101ms
typeclass inference of Field took 0.000992ms
typeclass inference of Field took 0.001ms
typeclass inference of Field took 0.00112ms
typeclass inference of Field took 0.000982ms
typeclass inference of Field took 0.001ms
typeclass inference of Field took 0.00224ms
typeclass inference of Field took 0.00122ms
typeclass inference of Field took 0.00106ms
typeclass inference of Field took 0.00116ms
typeclass inference of Field took 0.00101ms
typeclass inference of Field took 0.00103ms
typeclass inference of Field took 0.000991ms
typeclass inference of Field took 0.00103ms
typeclass inference of Field took 0.00189ms
typeclass inference of Field took 0.000992ms
typeclass inference of Field took 0.00105ms
typeclass inference of Field took 0.00133ms
typeclass inference of Field took 0.00121ms
typeclass inference of Field took 0.00108ms
typeclass inference of Field took 0.00101ms
typeclass inference of Field took 0.00166ms
typeclass inference of Field took 0.00104ms
typeclass inference of Field took 0.00105ms
typeclass inference of Field took 0.00109ms
typeclass inference of Field took 0.00139ms
typeclass inference of Field took 0.00113ms
typeclass inference of Field took 0.00186ms
typeclass inference of Field took 0.00106ms
typeclass inference of Field took 0.00121ms
typeclass inference of Field took 0.00102ms
typeclass inference of Field took 0.00101ms
typeclass inference of Field took 0.00152ms
typeclass inference of Field took 0.0013ms
typeclass inference of Field took 0.00321ms
typeclass inference of Field took 0.00136ms
typeclass inference of Field took 0.00135ms
typeclass inference of Field took 0.00121ms
typeclass inference of Field took 0.00117ms
sym typeclass inference of Lean.Grind.PowIdentity took 12.4ms
sym typeclass inference of HSub took 0.0125ms
sym canon took 0.0653ms
sym typeclass inference of HMul took 0.0187ms
sym canon took 0.0293ms
sym typeclass inference of Lean.Grind.ToInt took 0.163ms
sym typeclass inference of LE took 4.22ms
sym typeclass inference of LT took 2.53ms
sym typeclass inference of LE took 0.00251ms
congr simp thm took 0.0029ms
congr simp thm took 0.000291ms
congr simp thm took 0.000621ms
congr simp thm took 0.000261ms
congr simp thm took 0.00973ms
grind simp took 0.625ms
grind mark subsingleton took 0.14ms
typeclass inference of CategoryTheory.CartesianMonoidalCategory took 0.0748ms
typeclass inference of CategoryTheory.CartesianMonoidalCategory took 0.00477ms
sym typeclass inference of HPow took 2.2ms
sym typeclass inference of OfNat took 0.924ms
sym typeclass inference of OfNat took 0.0461ms
sym canon took 0.211ms
grind mark subsingleton took 0.00235ms
sym canon took 0.000671ms
grind mark subsingleton took 0.000611ms
sym canon took 0.000221ms
grind mark subsingleton took 0.000511ms
sym canon took 0.00015ms
grind mark subsingleton took 0.0215ms
sym typeclass inference of Pow took 0.296ms
sym canon took 0.719ms
grind mark subsingleton took 0.0158ms
sym canon took 0.00171ms
grind mark subsingleton took 0.00587ms
sym canon took 0.00222ms
grind mark subsingleton took 0.00209ms
sym canon took 0.000371ms
grind mark subsingleton took 0.0505ms
sym canon took 0.00762ms
sym typeclass inference of Lean.Grind.CommRing took 2.82ms
sym typeclass inference of Lean.Grind.CommSemiring took 0.0463ms
sym typeclass inference of Lean.Grind.Semiring took 0.105ms
sym canon took 0.0369ms
typeclass inference of Lean.Grind.CommSemiring took 0.0227ms
sym typeclass inference of Lean.Grind.CommRing took 0.106ms
sym typeclass inference of Lean.Grind.IsCharP took 0.66ms
typeclass inference of Lean.Grind.CommSemiring took 0.00728ms
sym typeclass inference of Lean.Grind.NatModule took 5.35ms
sym typeclass inference of Lean.Grind.NoNatZeroDivisors took 0.358ms
sym typeclass inference of Lean.Grind.Field took 0.303ms
typeclass inference of Lean.Grind.CommSemiring took 0.0196ms
typeclass inference of Lean.Grind.CommSemiring took 0.112ms
typeclass inference of Field took 0.311ms
typeclass inference of Field took 0.00239ms
typeclass inference of Field took 0.00141ms
typeclass inference of Field took 0.00122ms
typeclass inference of Field took 0.00217ms
typeclass inference of Field took 0.00141ms
typeclass inference of Field took 0.0011ms
typeclass inference of Field took 0.00101ms
sym typeclass inference of Lean.Grind.PowIdentity took 1.2ms
sym typeclass inference of Lean.Grind.CommRing took 0.0404ms
sym typeclass inference of Lean.Grind.IsCharP took 0.126ms
sym typeclass inference of Lean.Grind.NatModule took 0.103ms
sym typeclass inference of Lean.Grind.NoNatZeroDivisors took 0.688ms
sym typeclass inference of Lean.Grind.Field took 0.405ms
typeclass inference of Lean.Grind.CommSemiring took 0.0947ms
typeclass inference of Field took 0.421ms
typeclass inference of Field took 0.00343ms
typeclass inference of Field took 0.00197ms
typeclass inference of Field took 0.0028ms
typeclass inference of Field took 0.00207ms
typeclass inference of Field took 0.00151ms
sym typeclass inference of Lean.Grind.PowIdentity took 1.03ms
sym typeclass inference of NatCast took 0.0482ms
sym typeclass inference of NatCast took 0.00625ms
sym canon took 0.0421ms
sym typeclass inference of LE took 0.000381ms
typeclass inference of Preorder took 1.5ms
typeclass inference of Std.IsPreorder took 0.479ms
typeclass inference of PartialOrder took 0.892ms
typeclass inference of Std.IsPartialOrder took 0.143ms
typeclass inference of Std.LinearPreorderPackage took 0.0542ms
typeclass inference of Std.LinearPreorderPackage took 0.00225ms
typeclass inference of Std.LinearPreorderPackage took 0.0013ms
typeclass inference of Std.IsLinearPreorder took 0.297ms
sym typeclass inference of LT took 0.000491ms
sym typeclass inference of LE took 0.000171ms
sym canon took 0.0157ms
typeclass inference of Std.LawfulOrderLT took 0.0391ms
sym typeclass inference of LT took 0.00023ms
sym canon took 0.0147ms
sym typeclass inference of Lean.Grind.OrderedRing took 0.114ms
typeclass inference of OfNat took 0.0532ms
typeclass inference of OfNat took 0.0333ms
sym typeclass inference of HAdd took 0.00021ms
sym typeclass inference of HAdd took 0.00024ms
sym canon took 0.0201ms
typeclass inference of OfNat took 0.00349ms
sym typeclass inference of IntCast took 0.0321ms
sym typeclass inference of IntCast took 0.00248ms
sym canon took 0.0124ms
typeclass inference of OfNat took 0.00619ms
typeclass inference of OfNat took 0.0651ms
typeclass inference of OfNat took 0.00313ms
sym typeclass inference of HPow took 0.00666ms
sym canon took 0.0104ms
congr simp thm took 0.00522ms
congr simp thm took 0.00374ms
congr simp thm took 0.000541ms
congr simp thm took 0.000591ms
grind simp took 0.487ms
grind mark subsingleton took 0.02ms
sym typeclass inference of LE took 0.000481ms
sym typeclass inference of OfNat took 0.0546ms
sym canon took 0.107ms
typeclass inference of OfNat took 0.0537ms
typeclass inference of OfNat took 0.0333ms
typeclass inference of OfNat took 0.00212ms
typeclass inference of OfNat took 0.00147ms
congr simp thm took 0.00466ms
congr simp thm took 0.00034ms
congr simp thm took 0.000631ms
congr simp thm took 0.000692ms
congr simp thm took 0.00364ms
typeclass inference of Decidable took 0.124ms
congr simp thm took 0.000621ms
grind simp took 0.627ms
grind mark subsingleton took 0.0143ms
sym typeclass inference of OfNat took 0.0477ms
sym canon took 0.0789ms
typeclass inference of OfNat took 0.0492ms
typeclass inference of OfNat took 0.0336ms
typeclass inference of OfNat took 0.00234ms
typeclass inference of OfNat took 0.00148ms
congr simp thm took 0.000561ms
congr simp thm took 0.00022ms
congr simp thm took 0.000531ms
congr simp thm took 0.000271ms
typeclass inference of Decidable took 0.112ms
congr simp thm took 0.000602ms
grind simp took 0.298ms
grind mark subsingleton took 0.0135ms
sym canon took 0.0616ms
typeclass inference of OfNat took 0.0513ms
typeclass inference of OfNat took 0.0323ms
typeclass inference of OfNat took 0.00217ms
typeclass inference of OfNat took 0.00143ms
congr simp thm took 0.000501ms
congr simp thm took 0.000201ms
congr simp thm took 0.000531ms
congr simp thm took 0.000241ms
typeclass inference of Decidable took 0.138ms
congr simp thm took 0.000561ms
grind simp took 0.295ms
grind mark subsingleton took 0.0154ms
sym typeclass inference of OfNat took 0.0463ms
sym canon took 0.0807ms
typeclass inference of OfNat took 0.0524ms
typeclass inference of OfNat took 0.0366ms
typeclass inference of OfNat took 0.00217ms
typeclass inference of OfNat took 0.00161ms
congr simp thm took 0.000902ms
grind simp took 0.139ms
grind mark subsingleton took 0.011ms
sym typeclass inference of OfNat took 0.0723ms
sym canon took 0.0272ms
typeclass inference of OfNat took 0.0472ms
typeclass inference of OfNat took 0.0316ms
typeclass inference of OfNat took 0.00219ms
congr simp thm took 0.000702ms
grind simp took 0.108ms
grind mark subsingleton took 0.0265ms
sym canon took 0.0565ms
congr simp thm took 0.000611ms
congr simp thm took 0.00037ms
grind simp took 0.156ms
grind mark subsingleton took 0.101ms
sym typeclass inference of HAdd took 1.13ms
sym canon took 0.0833ms
sym typeclass inference of HAdd took 0.00426ms
sym canon took 0.00706ms
congr simp thm took 0.00111ms
congr simp thm took 0.000572ms
congr simp thm took 0.000311ms
congr simp thm took 0.000632ms
grind simp took 0.269ms
grind mark subsingleton took 0.0132ms
sym typeclass inference of OfNat took 0.0581ms
sym canon took 0.0232ms
typeclass inference of OfNat took 0.0525ms
typeclass inference of OfNat took 0.0333ms
typeclass inference of OfNat took 0.00234ms
congr simp thm took 0.000792ms
congr simp thm took 0.000361ms
congr simp thm took 0.000832ms
grind simp took 0.248ms
grind mark subsingleton took 0.0894ms
sym typeclass inference of OfNat took 0.0541ms
sym canon took 0.0894ms
typeclass inference of OfNat took 0.0644ms
typeclass inference of OfNat took 0.0457ms
typeclass inference of OfNat took 0.00297ms
congr simp thm took 0.00487ms
congr simp thm took 0.000481ms
congr simp thm took 0.000501ms
congr simp thm took 0.000581ms
congr simp thm took 0.000551ms
congr simp thm took 0.000311ms
congr simp thm took 0.00031ms
congr simp thm took 0.000691ms
congr simp thm took 0.000351ms
grind simp took 0.64ms
grind mark subsingleton took 0.029ms
sym typeclass inference of HMul took 0.000431ms
sym canon took 0.0394ms
sym typeclass inference of HMul took 0.000702ms
sym typeclass inference of HMul took 0.000471ms
sym canon took 0.046ms
typeclass inference of OfNat took 0.0934ms
typeclass inference of OfNat took 0.0063ms
typeclass inference of OfNat took 0.00258ms
typeclass inference of OfNat took 0.00343ms
grind ring took 0.208ms
grind cutsat took 0.191ms
grind took 13.2ms
instantiate metavars took 0.0248ms
tactic execution of Lean.Parser.Tactic.grind took 0.648ms
tactic execution of Lean.Parser.Tactic.tacticSeq1Indented took 0.0119ms
tactic execution of Lean.Parser.Tactic.tacticSeq took 0.00635ms
tactic execution of Lean.Parser.Tactic.paren took 0.00608ms
tactic execution of Lean.Parser.Tactic.withAnnotateState took 0.00899ms
tactic execution of Lean.Parser.Tactic.tacticSeq1Indented took 0.00614ms
tactic execution of Lean.Parser.Tactic.tacticSeq took 0.00526ms
tactic execution of Lean.Parser.Tactic.case took 0.0821ms
tactic execution of Lean.Parser.Tactic.tacticSeq1Indented took 0.0149ms
tactic execution of Lean.Parser.Tactic.tacticSeq took 0.00703ms
tactic execution of Lean.Parser.Tactic.focus took 0.0118ms
tactic execution of Lean.Parser.Tactic.tacticHave__ took 0.253ms
typeclass inference of OfNat took 1.28ms
typeclass inference of OfNat took 0.139ms
typeclass inference of OfNat took 0.0549ms
typeclass inference of HMul took 1.09ms
typeclass inference of HPow took 0.172ms
typeclass inference of HMul took 0.0713ms
typeclass inference of OfNat took 0.0729ms
typeclass inference of HPow took 0.13ms
typeclass inference of HMul took 0.0586ms
typeclass inference of OfNat took 0.0579ms
typeclass inference of OfNat took 0.0528ms
typeclass inference of OfNat took 0.0491ms
typeclass inference of HPow took 0.126ms
typeclass inference of HMul took 0.0572ms
typeclass inference of OfNat took 0.043ms
typeclass inference of OfNat took 0.0325ms
typeclass inference of HMul took 0.129ms
typeclass inference of HPow took 0.137ms
typeclass inference of HMul took 0.0553ms
typeclass inference of OfNat took 0.045ms
typeclass inference of HPow took 0.121ms
typeclass inference of HMul took 0.0599ms
typeclass inference of OfNat took 0.0387ms
typeclass inference of OfNat took 0.0458ms
typeclass inference of HPow took 0.117ms
typeclass inference of HMul took 0.0516ms
typeclass inference of OfNat took 0.0404ms
typeclass inference of HPow took 0.107ms
typeclass inference of HMul took 0.0533ms
typeclass inference of OfNat took 0.0395ms
typeclass inference of HPow took 0.108ms
typeclass inference of HMul took 0.0486ms
typeclass inference of OfNat took 0.042ms
typeclass inference of HPow took 0.112ms
typeclass inference of HMul took 0.0539ms
typeclass inference of OfNat took 0.0385ms
typeclass inference of HPow took 0.106ms
typeclass inference of HMul took 0.0656ms
typeclass inference of OfNat took 0.0503ms
typeclass inference of HPow took 0.11ms
typeclass inference of HMul took 0.0532ms
typeclass inference of OfNat took 0.039ms
typeclass inference of HPow took 0.103ms
typeclass inference of HMul took 0.049ms
typeclass inference of Pow took 0.0396ms
typeclass inference of CategoryTheory.CartesianMonoidalCategory took 0.0601ms
typeclass inference of CategoryTheory.CartesianMonoidalCategory took 0.00554ms
typeclass inference of NPow took 1.97ms
typeclass inference of OfNat took 0.0478ms
typeclass inference of HMul took 0.00402ms
typeclass inference of OfNat took 0.0617ms
typeclass inference of HPow took 0.127ms
typeclass inference of HMul took 0.0545ms
typeclass inference of OfNat took 0.0433ms
typeclass inference of HPow took 0.115ms
typeclass inference of HMul took 0.0512ms
typeclass inference of OfNat took 0.0399ms
typeclass inference of HPow took 0.104ms
typeclass inference of HMul took 0.0489ms
typeclass inference of Pow took 0.0389ms
typeclass inference of NPow took 0.087ms
typeclass inference of OfNat took 0.00354ms
typeclass inference of HMul took 0.00247ms
tactic execution of Lean.Parser.Tactic.refine took 1.77ms
tactic execution of Lean.Parser.Tactic.rewriteSeq took 0.136ms
tactic execution of Lean.Parser.Tactic.exact took 0.146ms
tactic execution of Lean.Parser.Tactic.exact took 0.0961ms
tactic execution of Lean.Parser.Tactic.eqRefl took 0.0104ms
tactic execution of Lean.Parser.Tactic.applyRfl took 0.0241ms
tactic execution of Lean.Parser.Tactic.tacticRfl took 0.0497ms
tactic execution of Lean.Parser.Tactic.tacticSeq1Indented took 0.00666ms
tactic execution of Lean.Parser.Tactic.tacticSeq took 0.00557ms
tactic execution of Lean.Parser.Tactic.withReducible took 0.0079ms
tactic execution of Lean.Parser.Tactic.tacticSeq1Indented took 0.00565ms
tactic execution of Lean.Parser.Tactic.tacticSeq took 0.00441ms
tactic execution of Lean.Parser.Tactic.paren took 0.00582ms
tactic execution of Lean.Parser.Tactic.tacticSeq1Indented took 0.00908ms
tactic execution of Lean.Parser.Tactic.tacticSeq took 0.00511ms
tactic execution of Lean.Parser.Tactic.skip took 0.00242ms
tactic execution of Lean.Parser.Tactic.tacticSeq1Indented took 0.00341ms
tactic execution of Lean.Parser.Tactic.tacticSeq took 0.00329ms
tactic execution of Lean.Parser.Tactic.first took 0.0102ms
tactic execution of Lean.Parser.Tactic.tacticTry_ took 0.00903ms
tactic execution of Lean.Parser.Tactic.tacticSeq1Indented took 0.011ms
tactic execution of Lean.Parser.Tactic.tacticSeq took 0.00306ms
tactic execution of Lean.Parser.Tactic.paren took 0.00407ms
tactic execution of Lean.Parser.Tactic.withAnnotateState took 0.0111ms
tactic execution of Lean.Parser.Tactic.tacticSeq1Indented took 0.0123ms
tactic execution of Lean.Parser.Tactic.tacticSeq took 0.00462ms
tactic execution of Lean.Parser.Tactic.paren took 0.00391ms
tactic execution of Lean.Parser.Tactic.rwSeq took 0.00729ms
tactic execution of Lean.Parser.Tactic.exact took 0.0449ms
tactic execution of Lean.Parser.Tactic.tacticSeq1Indented took 0.00826ms
tactic execution of Lean.Parser.Tactic.tacticSeq took 0.00745ms
tactic execution of Lean.Parser.Tactic.rewriteSeq took 1.68ms
tactic execution of Lean.Parser.Tactic.exact took 0.0888ms
tactic execution of Lean.Parser.Tactic.exact took 0.0795ms
tactic execution of Lean.Parser.Tactic.eqRefl took 0.00948ms
tactic execution of Lean.Parser.Tactic.tacticRfl took 0.03ms
tactic execution of Lean.Parser.Tactic.tacticSeq1Indented took 0.00348ms
tactic execution of Lean.Parser.Tactic.tacticSeq took 0.00311ms
tactic execution of Lean.Parser.Tactic.withReducible took 0.00353ms
tactic execution of Lean.Parser.Tactic.tacticSeq1Indented took 0.00303ms
tactic execution of Lean.Parser.Tactic.tacticSeq took 0.00244ms
tactic execution of Lean.Parser.Tactic.paren took 0.00265ms
tactic execution of Lean.Parser.Tactic.tacticSeq1Indented took 0.00277ms
tactic execution of Lean.Parser.Tactic.tacticSeq took 0.00284ms
tactic execution of Lean.Parser.Tactic.first took 0.00408ms
tactic execution of Lean.Parser.Tactic.tacticTry_ took 0.00507ms
tactic execution of Lean.Parser.Tactic.tacticSeq1Indented took 0.00283ms
tactic execution of Lean.Parser.Tactic.tacticSeq took 0.00303ms
tactic execution of Lean.Parser.Tactic.paren took 0.00288ms
tactic execution of Lean.Parser.Tactic.withAnnotateState took 0.0118ms
tactic execution of Lean.Parser.Tactic.tacticSeq1Indented took 0.0116ms
tactic execution of Lean.Parser.Tactic.tacticSeq took 0.0042ms
tactic execution of Lean.Parser.Tactic.paren took 0.00284ms
tactic execution of Lean.Parser.Tactic.rwSeq took 0.0126ms
tactic execution of Lean.Parser.Tactic.tacticSeq1Indented took 0.00357ms
tactic execution of Lean.Parser.Tactic.tacticSeq took 0.00237ms
tactic execution of Lean.Parser.Tactic.paren took 0.00352ms
tactic execution of Lean.Parser.Tactic.withAnnotateState took 0.00903ms
tactic execution of Lean.Parser.Tactic.tacticSeq1Indented took 0.00394ms
tactic execution of Lean.Parser.Tactic.tacticSeq took 0.00435ms
tactic execution of Lean.Parser.Tactic.case took 0.101ms
tactic execution of Lean.Parser.Tactic.tacticSeq1Indented took 0.0165ms
tactic execution of Lean.Parser.Tactic.tacticSeq took 0.00588ms
tactic execution of Lean.Parser.Tactic.focus took 0.0103ms
tactic execution of Lean.Parser.Tactic.tacticHave__ took 0.0395ms
typeclass inference of OfNat took 0.0857ms
typeclass inference of OfNat took 0.0464ms
typeclass inference of OfNat took 0.0478ms
typeclass inference of OfNat took 0.0343ms
typeclass inference of OfNat took 0.0446ms
typeclass inference of OfNat took 0.0315ms
typeclass inference of HAdd took 0.15ms
typeclass inference of HMul took 0.13ms
typeclass inference of HPow took 0.158ms
typeclass inference of HMul took 0.0822ms
typeclass inference of HAdd took 0.0841ms
typeclass inference of LT took 0.0382ms
typeclass inference of OfNat took 0.0402ms
typeclass inference of OfNat took 0.0672ms
typeclass inference of HPow took 0.145ms
typeclass inference of HMul took 0.0536ms
typeclass inference of HAdd took 0.0494ms
typeclass inference of OfNat took 0.0439ms
typeclass inference of HPow took 0.123ms
typeclass inference of HMul took 0.0702ms
typeclass inference of HAdd took 0.0512ms
typeclass inference of OfNat took 0.0424ms
typeclass inference of HPow took 0.138ms
typeclass inference of HMul took 0.11ms
typeclass inference of HAdd took 0.0792ms
typeclass inference of OfNat took 0.0767ms
typeclass inference of HPow took 0.2ms
typeclass inference of HMul took 0.0579ms
typeclass inference of HAdd took 0.0481ms
typeclass inference of Pow took 0.0448ms
typeclass inference of NPow took 0.107ms
typeclass inference of OfNat took 0.0544ms
typeclass inference of HMul took 0.164ms
typeclass inference of HAdd took 0.00502ms
tactic execution of Lean.Parser.Tactic.refine took 1.08ms
interpretation of Lean.Meta.Grind.reduceCtorEqCheap took 0.00497ms
interpretation of Lean.Meta.Grind.reduceSimpMatchDiscrsOnly took 0.000942ms
interpretation of Lean.Meta.Grind.reducePreMatchCond took 0.000721ms
interpretation of Lean.Meta.Grind.Arith.expandPow01 took 0.000851ms
interpretation of Lean.Meta.Grind.Arith.expandDiv took 0.000772ms
interpretation of Lean.Meta.Grind.Arith.normNatAddInst took 0.000782ms
interpretation of Lean.Meta.Grind.Arith.normNatMulInst took 0.000642ms
interpretation of Lean.Meta.Grind.Arith.normNatSubInst took 0.000591ms
interpretation of Lean.Meta.Grind.Arith.normNatDivInst took 0.000581ms
interpretation of Lean.Meta.Grind.Arith.normNatModInst took 0.000481ms
interpretation of Lean.Meta.Grind.Arith.normNatPowInst took 0.000601ms
interpretation of Lean.Meta.Grind.Arith.normNatOfNatInst took 0.000431ms
interpretation of Lean.Meta.Grind.Arith.normIntNegInst took 0.000501ms
interpretation of Lean.Meta.Grind.Arith.normIntAddInst took 0.000491ms
interpretation of Lean.Meta.Grind.Arith.normIntMulInst took 0.000601ms
interpretation of Lean.Meta.Grind.Arith.normIntSubInst took 0.000611ms
interpretation of Lean.Meta.Grind.Arith.normIntDivInst took 0.000621ms
interpretation of Lean.Meta.Grind.Arith.normIntModInst took 0.000581ms
interpretation of Lean.Meta.Grind.Arith.normIntPowInst took 0.000582ms
interpretation of Lean.Meta.Grind.Arith.normNatCastInst took 0.000642ms
interpretation of Lean.Meta.Grind.Arith.normIntOfNatInst took 0.000591ms
interpretation of Lean.Meta.Grind.Arith.normNatCastNum took 0.000531ms
interpretation of Lean.Meta.Grind.Arith.normIntCastNum took 0.000982ms
interpretation of Lean.Meta.Grind.Arith.normPowRatInt took 0.000802ms
interpretation of Lean.Meta.Grind.Arith.normFieldInv took 0.000511ms
interpretation of Lean.Meta.Grind.simpForall took 0.000701ms
interpretation of Lean.Meta.Grind.simpExists took 0.000501ms
interpretation of Lean.Meta.Grind.simpEq took 0.000872ms
interpretation of Lean.Meta.Grind.simpOr took 0.00112ms
interpretation of Lean.Meta.Grind.simpDIte took 0.000531ms
interpretation of Lean.Meta.Grind.pushNot took 0.000571ms
interpretation of Lean.Meta.Grind.unfoldReducibleSimproc took 0.000582ms
congr simp thm took 0.00873ms
congr simp thm took 0.00398ms
congr simp thm took 0.00343ms
grind simp took 0.42ms
grind mark subsingleton took 0.07ms
sym typeclass inference of HSub took 0.98ms
sym typeclass inference of HMul took 0.93ms
sym typeclass inference of OfNat took 0.765ms
sym canon took 0.156ms
sym typeclass inference of Lean.Grind.CommRing took 0.506ms
typeclass inference of Lean.Grind.Ring took 0.491ms
typeclass inference of Semiring took 0.792ms
typeclass inference of AddLeftCancelSemigroup took 0.901ms
sym typeclass inference of Lean.Grind.IsCharP took 7.56ms
sym typeclass inference of Lean.Grind.NatModule took 0.959ms
typeclass inference of AddCommMonoid took 1.56ms
typeclass inference of AddCommMonoid took 0.00597ms
typeclass inference of AddCommMonoid took 0.00634ms
typeclass inference of AddCancelMonoid took 0.695ms
typeclass inference of AddCommMonoid took 0.00381ms
typeclass inference of AddGroup took 0.573ms
typeclass inference of Field took 0.349ms
typeclass inference of Field took 0.00231ms
typeclass inference of Field took 0.00339ms
typeclass inference of Field took 0.00357ms
typeclass inference of Field took 0.00168ms
typeclass inference of Field took 0.0014ms
typeclass inference of Field took 0.00124ms
typeclass inference of Field took 0.00144ms
typeclass inference of Field took 0.0014ms
typeclass inference of Field took 0.00109ms
typeclass inference of Field took 0.00136ms
typeclass inference of Field took 0.00106ms
typeclass inference of Field took 0.00243ms
typeclass inference of Field took 0.0013ms
typeclass inference of Field took 0.00124ms
typeclass inference of Field took 0.00117ms
typeclass inference of Field took 0.00134ms
typeclass inference of Field took 0.00114ms
typeclass inference of Field took 0.00111ms
typeclass inference of Field took 0.00107ms
typeclass inference of Field took 0.00234ms
typeclass inference of Field took 0.0013ms
typeclass inference of Field took 0.00124ms
typeclass inference of Field took 0.00104ms
typeclass inference of Field took 0.00124ms
typeclass inference of Field took 0.00117ms
typeclass inference of Field took 0.00115ms
typeclass inference of Field took 0.00181ms
typeclass inference of Field took 0.00108ms
typeclass inference of Field took 0.000972ms
typeclass inference of Semiring took 0.00495ms
typeclass inference of RCLike took 0.0261ms
typeclass inference of RCLike took 0.00161ms
typeclass inference of RCLike took 0.0015ms
typeclass inference of RCLike took 0.00526ms
typeclass inference of RCLike took 0.00121ms
typeclass inference of RCLike took 0.00118ms
typeclass inference of RCLike took 0.00121ms
typeclass inference of RCLike took 0.00122ms
typeclass inference of RCLike took 0.00108ms
typeclass inference of RCLike took 0.00115ms
typeclass inference of RCLike took 0.00165ms
typeclass inference of RCLike took 0.00132ms
typeclass inference of RCLike took 0.00234ms
typeclass inference of RCLike took 0.00118ms
typeclass inference of RCLike took 0.00147ms
typeclass inference of RCLike took 0.0012ms
typeclass inference of RCLike took 0.00124ms
typeclass inference of RCLike took 0.00124ms
typeclass inference of RCLike took 0.00127ms
typeclass inference of RCLike took 0.00125ms
typeclass inference of RCLike took 0.00215ms
typeclass inference of RCLike took 0.0012ms
typeclass inference of RCLike took 0.00143ms
typeclass inference of RCLike took 0.00129ms
typeclass inference of RCLike took 0.00145ms
typeclass inference of RCLike took 0.00125ms
typeclass inference of RCLike took 0.00107ms
typeclass inference of RCLike took 0.00209ms
typeclass inference of RCLike took 0.00113ms
typeclass inference of RCLike took 0.00115ms
typeclass inference of Semiring took 0.00545ms
typeclass inference of NonAssocRing took 0.227ms
typeclass inference of Field took 0.00395ms
typeclass inference of Field took 0.00193ms
typeclass inference of Field took 0.00208ms
typeclass inference of Field took 0.00145ms
typeclass inference of Field took 0.00135ms
typeclass inference of Field took 0.00124ms
typeclass inference of Field took 0.00124ms
typeclass inference of Field took 0.00116ms
typeclass inference of Field took 0.00136ms
typeclass inference of Field took 0.00186ms
typeclass inference of Field took 0.00185ms
typeclass inference of Field took 0.00136ms
typeclass inference of Field took 0.00113ms
typeclass inference of Field took 0.00266ms
typeclass inference of Field took 0.00136ms
typeclass inference of Field took 0.00187ms
typeclass inference of Field took 0.00151ms
typeclass inference of Field took 0.00116ms
typeclass inference of Field took 0.0013ms
typeclass inference of Field took 0.0012ms
typeclass inference of Field took 0.00109ms
typeclass inference of Field took 0.00109ms
typeclass inference of Field took 0.00248ms
typeclass inference of Field took 0.00119ms
typeclass inference of Field took 0.00122ms
typeclass inference of Field took 0.00128ms
typeclass inference of Field took 0.00104ms
typeclass inference of Field took 0.00111ms
typeclass inference of Field took 0.00105ms
typeclass inference of Field took 0.000982ms
typeclass inference of Field took 0.00266ms
typeclass inference of Field took 0.00116ms
typeclass inference of Field took 0.00119ms
typeclass inference of Field took 0.00113ms
typeclass inference of Field took 0.00111ms
typeclass inference of Field took 0.00119ms
typeclass inference of Field took 0.00115ms
typeclass inference of Field took 0.00226ms
typeclass inference of Field took 0.00134ms
typeclass inference of Field took 0.0015ms
typeclass inference of Field took 0.00122ms
typeclass inference of Field took 0.00124ms
typeclass inference of Field took 0.00194ms
typeclass inference of Field took 0.00123ms
typeclass inference of Field took 0.0012ms
typeclass inference of Field took 0.00103ms
typeclass inference of Field took 0.00167ms
typeclass inference of Field took 0.00112ms
typeclass inference of Field took 0.00101ms
typeclass inference of Field took 0.00174ms
typeclass inference of Field took 0.00129ms
typeclass inference of Field took 0.00155ms
typeclass inference of Field took 0.00213ms
typeclass inference of Field took 0.00185ms
typeclass inference of Field took 0.00126ms
typeclass inference of Field took 0.00117ms
typeclass inference of Field took 0.00108ms
typeclass inference of Field took 0.0011ms
typeclass inference of Field took 0.00115ms
typeclass inference of Field took 0.00124ms
typeclass inference of Field took 0.00258ms
typeclass inference of Field took 0.00125ms
typeclass inference of Field took 0.00117ms
typeclass inference of Field took 0.00103ms
typeclass inference of Field took 0.00108ms
typeclass inference of Field took 0.00207ms
typeclass inference of Field took 0.00116ms
typeclass inference of Field took 0.00177ms
typeclass inference of Field took 0.00121ms
typeclass inference of Field took 0.00164ms
typeclass inference of Field took 0.00104ms
typeclass inference of Field took 0.00118ms
typeclass inference of Semiring took 0.00572ms
typeclass inference of DivisionRing took 0.495ms
typeclass inference of DivisionRing took 0.00566ms
typeclass inference of DivisionRing took 0.00195ms
typeclass inference of DivisionRing took 0.00172ms
typeclass inference of DivisionRing took 0.00514ms
typeclass inference of DivisionRing took 0.00127ms
typeclass inference of DivisionRing took 0.00147ms
typeclass inference of DivisionRing took 0.00164ms
typeclass inference of DivisionRing took 0.00139ms
typeclass inference of DivisionRing took 0.00115ms
typeclass inference of DivisionRing took 0.00102ms
typeclass inference of DivisionRing took 0.00113ms
typeclass inference of DivisionRing took 0.00539ms
typeclass inference of DivisionRing took 0.00191ms
typeclass inference of DivisionRing took 0.00135ms
typeclass inference of DivisionRing took 0.00108ms
typeclass inference of DivisionRing took 0.0013ms
typeclass inference of DivisionRing took 0.00121ms
typeclass inference of DivisionRing took 0.00101ms
typeclass inference of DivisionRing took 0.00305ms
typeclass inference of DivisionRing took 0.00102ms
typeclass inference of DivisionRing took 0.00112ms
typeclass inference of DivisionRing took 0.00121ms
typeclass inference of DivisionRing took 0.00129ms
typeclass inference of DivisionRing took 0.000972ms
typeclass inference of DivisionRing took 0.00197ms
typeclass inference of DivisionRing took 0.00143ms
typeclass inference of DivisionRing took 0.00121ms
typeclass inference of DivisionRing took 0.00115ms
typeclass inference of DivisionRing took 0.00116ms
typeclass inference of Semifield took 0.605ms
typeclass inference of Semifield took 0.00388ms
typeclass inference of Semifield took 0.00188ms
typeclass inference of Semifield took 0.00127ms
typeclass inference of Semifield took 0.00145ms
typeclass inference of Semifield took 0.00153ms
typeclass inference of Semifield took 0.00103ms
typeclass inference of Semifield took 0.00109ms
typeclass inference of Semifield took 0.000962ms
typeclass inference of Semifield took 0.00242ms
typeclass inference of Semifield took 0.00112ms
typeclass inference of Semifield took 0.00112ms
typeclass inference of Semifield took 0.00117ms
typeclass inference of Semifield took 0.00115ms
typeclass inference of Semifield took 0.000982ms
typeclass inference of Semifield took 0.00109ms
typeclass inference of Field took 0.00272ms
typeclass inference of Field took 0.00121ms
typeclass inference of Field took 0.00116ms
typeclass inference of Field took 0.00234ms
typeclass inference of Field took 0.00119ms
typeclass inference of Field took 0.0012ms
typeclass inference of Field took 0.00121ms
typeclass inference of Field took 0.00105ms
typeclass inference of Field took 0.00109ms
typeclass inference of Field took 0.000961ms
typeclass inference of Field took 0.00106ms
typeclass inference of Field took 0.00107ms
typeclass inference of Field took 0.00218ms
typeclass inference of Field took 0.00121ms
typeclass inference of Field took 0.00117ms
typeclass inference of Field took 0.00106ms
typeclass inference of Field took 0.00112ms
typeclass inference of Field took 0.00111ms
typeclass inference of Field took 0.00101ms
typeclass inference of Field took 0.000982ms
typeclass inference of Field took 0.00178ms
typeclass inference of Field took 0.00118ms
typeclass inference of Field took 0.00119ms
typeclass inference of Field took 0.00123ms
typeclass inference of Field took 0.00118ms
typeclass inference of Field took 0.00103ms
typeclass inference of Field took 0.000962ms
typeclass inference of DivisionRing took 0.00328ms
typeclass inference of DivisionRing took 0.00279ms
typeclass inference of DivisionRing took 0.00127ms
typeclass inference of DivisionRing took 0.00106ms
typeclass inference of DivisionRing took 0.00115ms
typeclass inference of DivisionRing took 0.00101ms
typeclass inference of DivisionRing took 0.00106ms
typeclass inference of DivisionRing took 0.00108ms
typeclass inference of DivisionRing took 0.000901ms
typeclass inference of DivisionRing took 0.00201ms
typeclass inference of DivisionRing took 0.00115ms
typeclass inference of DivisionRing took 0.00105ms
typeclass inference of DivisionRing took 0.00116ms
typeclass inference of DivisionRing took 0.00105ms
typeclass inference of DivisionRing took 0.00114ms
typeclass inference of DivisionRing took 0.001ms
typeclass inference of EuclideanDomain took 0.396ms
typeclass inference of EuclideanDomain took 0.00271ms
typeclass inference of EuclideanDomain took 0.00127ms
typeclass inference of EuclideanDomain took 0.00112ms
typeclass inference of EuclideanDomain took 0.00107ms
typeclass inference of EuclideanDomain took 0.000992ms
typeclass inference of EuclideanDomain took 0.000971ms
typeclass inference of EuclideanDomain took 0.00104ms
typeclass inference of EuclideanDomain took 0.00103ms
typeclass inference of EuclideanDomain took 0.000942ms
typeclass inference of EuclideanDomain took 0.00131ms
typeclass inference of EuclideanDomain took 0.00109ms
typeclass inference of EuclideanDomain took 0.000992ms
typeclass inference of EuclideanDomain took 0.00208ms
typeclass inference of EuclideanDomain took 0.00109ms
typeclass inference of EuclideanDomain took 0.00104ms
typeclass inference of EuclideanDomain took 0.00136ms
typeclass inference of EuclideanDomain took 0.0011ms
typeclass inference of EuclideanDomain took 0.00104ms
typeclass inference of EuclideanDomain took 0.000992ms
typeclass inference of EuclideanDomain took 0.001ms
typeclass inference of EuclideanDomain took 0.000972ms
typeclass inference of EuclideanDomain took 0.00211ms
typeclass inference of EuclideanDomain took 0.00118ms
typeclass inference of EuclideanDomain took 0.0011ms
typeclass inference of EuclideanDomain took 0.00104ms
typeclass inference of EuclideanDomain took 0.00102ms
typeclass inference of EuclideanDomain took 0.000972ms
typeclass inference of EuclideanDomain took 0.001ms
typeclass inference of EuclideanDomain took 0.0011ms
typeclass inference of EuclideanDomain took 0.00206ms
typeclass inference of EuclideanDomain took 0.0011ms
typeclass inference of EuclideanDomain took 0.00106ms
typeclass inference of EuclideanDomain took 0.00112ms
typeclass inference of EuclideanDomain took 0.000982ms
typeclass inference of EuclideanDomain took 0.00103ms
typeclass inference of EuclideanDomain took 0.000972ms
typeclass inference of CommMonoidWithZero took 0.875ms
typeclass inference of Semiring took 0.00513ms
typeclass inference of CommMonoidWithZero took 0.00492ms
typeclass inference of CommMonoidWithZero took 0.00387ms
typeclass inference of CommGroupWithZero took 0.401ms
typeclass inference of CommGroupWithZero took 0.00255ms
typeclass inference of CommGroupWithZero took 0.00134ms
typeclass inference of CommGroupWithZero took 0.00118ms
typeclass inference of CommGroupWithZero took 0.00132ms
typeclass inference of CommGroupWithZero took 0.000982ms
typeclass inference of CommGroupWithZero took 0.00107ms
typeclass inference of CommGroupWithZero took 0.000942ms
typeclass inference of LinearOrderedCommMonoidWithZero took 0.0564ms
typeclass inference of LinearOrderedCommMonoidWithZero took 0.00179ms
typeclass inference of LinearOrderedCommMonoidWithZero took 0.00199ms
typeclass inference of LinearOrderedCommMonoidWithZero took 0.00117ms
typeclass inference of LinearOrderedCommMonoidWithZero took 0.00113ms
typeclass inference of LinearOrderedCommMonoidWithZero took 0.00105ms
typeclass inference of LinearOrderedCommMonoidWithZero took 0.00102ms
typeclass inference of LinearOrderedCommMonoidWithZero took 0.000982ms
typeclass inference of LinearOrderedCommMonoidWithZero took 0.00112ms
typeclass inference of LinearOrderedCommMonoidWithZero took 0.002ms
typeclass inference of LinearOrderedCommMonoidWithZero took 0.00123ms
typeclass inference of LinearOrderedCommMonoidWithZero took 0.00105ms
typeclass inference of LinearOrderedCommMonoidWithZero took 0.00181ms
typeclass inference of LinearOrderedCommMonoidWithZero took 0.00103ms
typeclass inference of LinearOrderedCommMonoidWithZero took 0.00121ms
typeclass inference of LinearOrderedCommMonoidWithZero took 0.000992ms
typeclass inference of LinearOrderedCommMonoidWithZero took 0.00109ms
typeclass inference of LinearOrderedCommMonoidWithZero took 0.00104ms
typeclass inference of LinearOrderedCommMonoidWithZero took 0.000962ms
typeclass inference of LinearOrderedCommMonoidWithZero took 0.00262ms
typeclass inference of LinearOrderedCommMonoidWithZero took 0.00116ms
typeclass inference of LinearOrderedCommMonoidWithZero took 0.00221ms
typeclass inference of LinearOrderedCommMonoidWithZero took 0.00104ms
typeclass inference of LinearOrderedCommMonoidWithZero took 0.00106ms
typeclass inference of LinearOrderedCommMonoidWithZero took 0.00106ms
typeclass inference of LinearOrderedCommMonoidWithZero took 0.00192ms
typeclass inference of LinearOrderedCommMonoidWithZero took 0.00151ms
typeclass inference of LinearOrderedCommMonoidWithZero took 0.00104ms
typeclass inference of LinearOrderedCommMonoidWithZero took 0.00108ms
typeclass inference of LinearOrderedCommMonoidWithZero took 0.000992ms
typeclass inference of LinearOrderedCommMonoidWithZero took 0.00227ms
typeclass inference of LinearOrderedCommMonoidWithZero took 0.00135ms
typeclass inference of LinearOrderedCommMonoidWithZero took 0.00103ms
typeclass inference of LinearOrderedCommMonoidWithZero took 0.00193ms
typeclass inference of LinearOrderedCommMonoidWithZero took 0.00113ms
typeclass inference of LinearOrderedCommMonoidWithZero took 0.00104ms
typeclass inference of LinearOrderedCommMonoidWithZero took 0.00101ms
typeclass inference of LinearOrderedCommMonoidWithZero took 0.001ms
typeclass inference of LinearOrderedCommMonoidWithZero took 0.00101ms
typeclass inference of LinearOrderedCommMonoidWithZero took 0.000942ms
typeclass inference of LinearOrderedCommMonoidWithZero took 0.00138ms
typeclass inference of LinearOrderedCommMonoidWithZero took 0.00106ms
typeclass inference of LinearOrderedCommMonoidWithZero took 0.00102ms
typeclass inference of LinearOrderedCommMonoidWithZero took 0.00209ms
typeclass inference of LinearOrderedCommMonoidWithZero took 0.00106ms
typeclass inference of LinearOrderedCommMonoidWithZero took 0.00149ms
typeclass inference of LinearOrderedCommMonoidWithZero took 0.00101ms
typeclass inference of LinearOrderedCommMonoidWithZero took 0.00111ms
typeclass inference of LinearOrderedCommMonoidWithZero took 0.00131ms
typeclass inference of LinearOrderedCommMonoidWithZero took 0.00106ms
typeclass inference of LinearOrderedCommMonoidWithZero took 0.00181ms
typeclass inference of LinearOrderedCommMonoidWithZero took 0.00107ms
typeclass inference of LinearOrderedCommMonoidWithZero took 0.00109ms
typeclass inference of LinearOrderedCommMonoidWithZero took 0.00102ms
typeclass inference of LinearOrderedCommMonoidWithZero took 0.00107ms
typeclass inference of LinearOrderedCommMonoidWithZero took 0.00102ms
typeclass inference of LinearOrderedCommMonoidWithZero took 0.00182ms
typeclass inference of LinearOrderedCommMonoidWithZero took 0.00175ms
typeclass inference of LinearOrderedCommMonoidWithZero took 0.00119ms
typeclass inference of LinearOrderedCommMonoidWithZero took 0.00104ms
typeclass inference of LinearOrderedCommMonoidWithZero took 0.000981ms
typeclass inference of LinearOrderedCommMonoidWithZero took 0.00216ms
typeclass inference of LinearOrderedCommMonoidWithZero took 0.00118ms
typeclass inference of LinearOrderedCommMonoidWithZero took 0.00144ms
typeclass inference of LinearOrderedCommMonoidWithZero took 0.00251ms
typeclass inference of LinearOrderedCommMonoidWithZero took 0.00133ms
typeclass inference of LinearOrderedCommMonoidWithZero took 0.0029ms
typeclass inference of LinearOrderedCommMonoidWithZero took 0.00186ms
typeclass inference of LinearOrderedCommMonoidWithZero took 0.00172ms
typeclass inference of LinearOrderedCommMonoidWithZero took 0.00104ms
typeclass inference of LinearOrderedCommMonoidWithZero took 0.00101ms
typeclass inference of LinearOrderedCommMonoidWithZero took 0.00106ms
typeclass inference of LinearOrderedCommMonoidWithZero took 0.000972ms
typeclass inference of LinearOrderedCommMonoidWithZero took 0.00125ms
typeclass inference of LinearOrderedCommMonoidWithZero took 0.00127ms
typeclass inference of LinearOrderedCommMonoidWithZero took 0.00103ms
typeclass inference of LinearOrderedCommMonoidWithZero took 0.00185ms
typeclass inference of LinearOrderedCommMonoidWithZero took 0.00102ms
typeclass inference of LinearOrderedCommMonoidWithZero took 0.0012ms
typeclass inference of LinearOrderedCommMonoidWithZero took 0.00104ms
typeclass inference of LinearOrderedCommMonoidWithZero took 0.001ms
typeclass inference of LinearOrderedCommMonoidWithZero took 0.00101ms
typeclass inference of LinearOrderedCommMonoidWithZero took 0.000952ms
typeclass inference of LinearOrderedCommMonoidWithZero took 0.00193ms
typeclass inference of LinearOrderedCommMonoidWithZero took 0.00114ms
typeclass inference of LinearOrderedCommMonoidWithZero took 0.00105ms
typeclass inference of LinearOrderedCommMonoidWithZero took 0.00103ms
typeclass inference of LinearOrderedCommMonoidWithZero took 0.00129ms
typeclass inference of LinearOrderedCommMonoidWithZero took 0.00102ms
typeclass inference of LinearOrderedCommMonoidWithZero took 0.00169ms
typeclass inference of LinearOrderedCommMonoidWithZero took 0.00124ms
typeclass inference of LinearOrderedCommMonoidWithZero took 0.00106ms
typeclass inference of LinearOrderedCommMonoidWithZero took 0.00107ms
typeclass inference of LinearOrderedCommMonoidWithZero took 0.000972ms
typeclass inference of LinearOrderedCommMonoidWithZero took 0.0016ms
typeclass inference of LinearOrderedCommMonoidWithZero took 0.00113ms
typeclass inference of LinearOrderedCommMonoidWithZero took 0.00107ms
typeclass inference of LinearOrderedCommMonoidWithZero took 0.00292ms
typeclass inference of LinearOrderedCommMonoidWithZero took 0.00197ms
typeclass inference of LinearOrderedCommMonoidWithZero took 0.00107ms
typeclass inference of LinearOrderedCommMonoidWithZero took 0.00108ms
typeclass inference of LinearOrderedCommMonoidWithZero took 0.001ms
typeclass inference of LinearOrderedCommMonoidWithZero took 0.001ms
typeclass inference of LinearOrderedCommMonoidWithZero took 0.000891ms
typeclass inference of LinearOrderedCommMonoidWithZero took 0.00128ms
typeclass inference of LinearOrderedCommMonoidWithZero took 0.00105ms
typeclass inference of LinearOrderedCommMonoidWithZero took 0.00118ms
typeclass inference of LinearOrderedCommMonoidWithZero took 0.00159ms
typeclass inference of LinearOrderedCommMonoidWithZero took 0.00102ms
typeclass inference of LinearOrderedCommMonoidWithZero took 0.00101ms
typeclass inference of LinearOrderedCommMonoidWithZero took 0.00146ms
typeclass inference of LinearOrderedCommMonoidWithZero took 0.00181ms
typeclass inference of LinearOrderedCommMonoidWithZero took 0.00103ms
typeclass inference of LinearOrderedCommMonoidWithZero took 0.000922ms
typeclass inference of LinearOrderedCommMonoidWithZero took 0.0018ms
typeclass inference of LinearOrderedCommMonoidWithZero took 0.00107ms
typeclass inference of LinearOrderedCommMonoidWithZero took 0.00102ms
typeclass inference of LinearOrderedCommMonoidWithZero took 0.00114ms
typeclass inference of LinearOrderedCommMonoidWithZero took 0.00111ms
typeclass inference of LinearOrderedCommMonoidWithZero took 0.000972ms
typeclass inference of LinearOrderedCommMonoidWithZero took 0.00219ms
typeclass inference of LinearOrderedCommMonoidWithZero took 0.00134ms
typeclass inference of LinearOrderedCommMonoidWithZero took 0.00102ms
typeclass inference of LinearOrderedCommMonoidWithZero took 0.00104ms
typeclass inference of LinearOrderedCommMonoidWithZero took 0.000952ms
typeclass inference of LinearOrderedCommMonoidWithZero took 0.00181ms
typeclass inference of LinearOrderedCommMonoidWithZero took 0.00105ms
typeclass inference of LinearOrderedCommMonoidWithZero took 0.001ms
typeclass inference of LinearOrderedCommMonoidWithZero took 0.00154ms
typeclass inference of LinearOrderedCommMonoidWithZero took 0.00143ms
typeclass inference of LinearOrderedCommMonoidWithZero took 0.001ms
typeclass inference of LinearOrderedCommMonoidWithZero took 0.00179ms
typeclass inference of LinearOrderedCommMonoidWithZero took 0.00102ms
typeclass inference of LinearOrderedCommMonoidWithZero took 0.00217ms
typeclass inference of LinearOrderedCommMonoidWithZero took 0.00102ms
typeclass inference of LinearOrderedCommMonoidWithZero took 0.000971ms
typeclass inference of LinearOrderedCommMonoidWithZero took 0.000962ms
typeclass inference of LinearOrderedCommMonoidWithZero took 0.000912ms
typeclass inference of LinearOrderedCommMonoidWithZero took 0.00133ms
typeclass inference of LinearOrderedCommMonoidWithZero took 0.0011ms
typeclass inference of LinearOrderedCommMonoidWithZero took 0.00101ms
typeclass inference of LinearOrderedCommMonoidWithZero took 0.00175ms
typeclass inference of LinearOrderedCommMonoidWithZero took 0.001ms
typeclass inference of LinearOrderedCommMonoidWithZero took 0.00102ms
typeclass inference of LinearOrderedCommMonoidWithZero took 0.000982ms
typeclass inference of LinearOrderedCommMonoidWithZero took 0.000992ms
typeclass inference of LinearOrderedCommMonoidWithZero took 0.000962ms
typeclass inference of LinearOrderedCommMonoidWithZero took 0.000912ms
typeclass inference of LinearOrderedCommMonoidWithZero took 0.00192ms
typeclass inference of LinearOrderedCommMonoidWithZero took 0.00123ms
typeclass inference of LinearOrderedCommMonoidWithZero took 0.00106ms
typeclass inference of LinearOrderedCommMonoidWithZero took 0.00105ms
typeclass inference of LinearOrderedCommMonoidWithZero took 0.00108ms
typeclass inference of LinearOrderedCommMonoidWithZero took 0.000982ms
typeclass inference of LinearOrderedCommMonoidWithZero took 0.00159ms
typeclass inference of LinearOrderedCommMonoidWithZero took 0.00124ms
typeclass inference of LinearOrderedCommMonoidWithZero took 0.00101ms
typeclass inference of LinearOrderedCommMonoidWithZero took 0.00125ms
typeclass inference of LinearOrderedCommMonoidWithZero took 0.000992ms
typeclass inference of LinearOrderedCommMonoidWithZero took 0.00183ms
typeclass inference of LinearOrderedCommMonoidWithZero took 0.00104ms
typeclass inference of LinearOrderedCommMonoidWithZero took 0.001ms
typeclass inference of LinearOrderedCommMonoidWithZero took 0.00126ms
typeclass inference of LinearOrderedCommMonoidWithZero took 0.00163ms
typeclass inference of LinearOrderedCommMonoidWithZero took 0.00105ms
typeclass inference of LinearOrderedCommMonoidWithZero took 0.00105ms
typeclass inference of NonUnitalNonAssocRing took 0.53ms
typeclass inference of NormedRing took 0.507ms
typeclass inference of NormedRing took 0.00234ms
typeclass inference of NormedRing took 0.00182ms
typeclass inference of NormedRing took 0.00122ms
typeclass inference of NormedRing took 0.00109ms
typeclass inference of NormedRing took 0.00115ms
typeclass inference of NormedRing took 0.001ms
typeclass inference of NormedRing took 0.001ms
typeclass inference of NormedRing took 0.00136ms
typeclass inference of NormedRing took 0.00142ms
typeclass inference of NormedRing took 0.00103ms
typeclass inference of NormedRing took 0.000961ms
typeclass inference of NormedRing took 0.000981ms
typeclass inference of NormedRing took 0.00339ms
typeclass inference of NormedRing took 0.00205ms
typeclass inference of NormedRing took 0.00127ms
typeclass inference of NormedRing took 0.00116ms
typeclass inference of NormedRing took 0.00101ms
typeclass inference of NormedRing took 0.00102ms
typeclass inference of NormedRing took 0.00103ms
typeclass inference of NormedRing took 0.000932ms
typeclass inference of NormedRing took 0.00206ms
typeclass inference of NormedRing took 0.00111ms
typeclass inference of NormedRing took 0.00118ms
typeclass inference of NormedRing took 0.00106ms
typeclass inference of NormedRing took 0.00101ms
typeclass inference of NormedRing took 0.00105ms
typeclass inference of NormedRing took 0.000962ms
typeclass inference of NormedRing took 0.0016ms
typeclass inference of NormedRing took 0.00108ms
typeclass inference of NormedRing took 0.00105ms
typeclass inference of NormedRing took 0.00102ms
typeclass inference of NormedRing took 0.000952ms
typeclass inference of NormedRing took 0.00198ms
typeclass inference of NormedRing took 0.00105ms
typeclass inference of NormedRing took 0.000972ms
typeclass inference of NormedRing took 0.00116ms
typeclass inference of NormedRing took 0.00134ms
typeclass inference of NormedRing took 0.00105ms
typeclass inference of NormedRing took 0.00103ms
typeclass inference of Semiring took 0.00579ms
typeclass inference of Semiring took 0.0158ms
typeclass inference of GroupWithZero took 0.901ms
typeclass inference of GroupWithZero took 0.00223ms
typeclass inference of GroupWithZero took 0.00186ms
typeclass inference of GroupWithZero took 0.00123ms
typeclass inference of GroupWithZero took 0.00114ms
typeclass inference of GroupWithZero took 0.00108ms
typeclass inference of GroupWithZero took 0.000992ms
typeclass inference of GroupWithZero took 0.00156ms
typeclass inference of GroupWithZero took 0.00106ms
typeclass inference of GroupWithZero took 0.00101ms
typeclass inference of GroupWithZero took 0.00101ms
typeclass inference of GroupWithZero took 0.00156ms
typeclass inference of GroupWithZero took 0.00107ms
typeclass inference of GroupWithZero took 0.00104ms
typeclass inference of MulZeroClass took 0.868ms
typeclass inference of Semiring took 0.00442ms
typeclass inference of CommMonoidWithZero took 0.00593ms
typeclass inference of CommMonoidWithZero took 0.00491ms
typeclass inference of LinearOrderedCommMonoidWithZero took 0.00293ms
typeclass inference of LinearOrderedCommMonoidWithZero took 0.00234ms
typeclass inference of LinearOrderedCommMonoidWithZero took 0.00122ms
typeclass inference of LinearOrderedCommMonoidWithZero took 0.00134ms
typeclass inference of LinearOrderedCommMonoidWithZero took 0.00111ms
typeclass inference of LinearOrderedCommMonoidWithZero took 0.00107ms
typeclass inference of LinearOrderedCommMonoidWithZero took 0.00217ms
typeclass inference of LinearOrderedCommMonoidWithZero took 0.00118ms
typeclass inference of LinearOrderedCommMonoidWithZero took 0.00103ms
typeclass inference of LinearOrderedCommMonoidWithZero took 0.000982ms
typeclass inference of LinearOrderedCommMonoidWithZero took 0.00157ms
typeclass inference of LinearOrderedCommMonoidWithZero took 0.00115ms
typeclass inference of LinearOrderedCommMonoidWithZero took 0.00113ms
typeclass inference of NonUnitalNonAssocRing took 0.0044ms
typeclass inference of GroupWithZero took 0.00329ms
typeclass inference of GroupWithZero took 0.00127ms
typeclass inference of GroupWithZero took 0.00182ms
typeclass inference of GroupWithZero took 0.0011ms
typeclass inference of GroupWithZero took 0.00108ms
typeclass inference of GroupWithZero took 0.00109ms
typeclass inference of GroupWithZero took 0.00104ms
typeclass inference of GroupWithZero took 0.00166ms
typeclass inference of GroupWithZero took 0.00104ms
typeclass inference of GroupWithZero took 0.00106ms
typeclass inference of GroupWithZero took 0.00125ms
typeclass inference of GroupWithZero took 0.0013ms
typeclass inference of GroupWithZero took 0.00115ms
typeclass inference of GroupWithZero took 0.00123ms
typeclass inference of MulZeroClass took 0.00405ms
typeclass inference of GroupWithZero took 0.00283ms
typeclass inference of GroupWithZero took 0.00121ms
typeclass inference of GroupWithZero took 0.00204ms
typeclass inference of GroupWithZero took 0.00113ms
typeclass inference of GroupWithZero took 0.00115ms
typeclass inference of GroupWithZero took 0.00118ms
typeclass inference of GroupWithZero took 0.001ms
typeclass inference of GroupWithZero took 0.00105ms
typeclass inference of GroupWithZero took 0.00133ms
typeclass inference of GroupWithZero took 0.00101ms
typeclass inference of GroupWithZero took 0.001ms
typeclass inference of GroupWithZero took 0.00204ms
typeclass inference of GroupWithZero took 0.00111ms
typeclass inference of GroupWithZero took 0.00404ms
typeclass inference of GroupWithZero took 0.00115ms
typeclass inference of GroupWithZero took 0.00106ms
typeclass inference of GroupWithZero took 0.000961ms
typeclass inference of GroupWithZero took 0.00184ms
typeclass inference of GroupWithZero took 0.00112ms
typeclass inference of GroupWithZero took 0.00106ms
typeclass inference of GroupWithZero took 0.0011ms
typeclass inference of GroupWithZero took 0.00102ms
typeclass inference of GroupWithZero took 0.00172ms
typeclass inference of GroupWithZero took 0.0017ms
typeclass inference of GroupWithZero took 0.0011ms
typeclass inference of GroupWithZero took 0.00166ms
typeclass inference of GroupWithZero took 0.00101ms
typeclass inference of GroupWithZero took 0.00176ms
typeclass inference of GroupWithZero took 0.00108ms
typeclass inference of GroupWithZero took 0.00108ms
typeclass inference of GroupWithZero took 0.00112ms
typeclass inference of GroupWithZero took 0.00105ms
typeclass inference of GroupWithZero took 0.000972ms
typeclass inference of GroupWithZero took 0.00136ms
typeclass inference of GroupWithZero took 0.00102ms
typeclass inference of GroupWithZero took 0.00114ms
typeclass inference of GroupWithZero took 0.00174ms
typeclass inference of GroupWithZero took 0.000991ms
typeclass inference of GroupWithZero took 0.00106ms
typeclass inference of GroupWithZero took 0.00104ms
typeclass inference of GroupWithZero took 0.00104ms
typeclass inference of GroupWithZero took 0.000972ms
typeclass inference of GroupWithZero took 0.00191ms
typeclass inference of GroupWithZero took 0.0011ms
typeclass inference of GroupWithZero took 0.00113ms
typeclass inference of GroupWithZero took 0.00107ms
typeclass inference of GroupWithZero took 0.00101ms
typeclass inference of GroupWithZero took 0.00141ms
typeclass inference of GroupWithZero took 0.00105ms
typeclass inference of GroupWithZero took 0.00101ms
typeclass inference of GroupWithZero took 0.00147ms
typeclass inference of GroupWithZero took 0.00108ms
typeclass inference of GroupWithZero took 0.000952ms
typeclass inference of GroupWithZero took 0.00179ms
typeclass inference of GroupWithZero took 0.00104ms
typeclass inference of GroupWithZero took 0.0011ms
typeclass inference of GroupWithZero took 0.00102ms
typeclass inference of GroupWithZero took 0.00106ms
typeclass inference of GroupWithZero took 0.000982ms
typeclass inference of GroupWithZero took 0.00163ms
typeclass inference of GroupWithZero took 0.00104ms
typeclass inference of GroupWithZero took 0.000992ms
typeclass inference of GroupWithZero took 0.00105ms
typeclass inference of GroupWithZero took 0.000982ms
typeclass inference of GroupWithZero took 0.00182ms
typeclass inference of GroupWithZero took 0.00106ms
typeclass inference of GroupWithZero took 0.00104ms
typeclass inference of GroupWithZero took 0.000962ms
typeclass inference of GroupWithZero took 0.00131ms
typeclass inference of GroupWithZero took 0.00103ms
typeclass inference of GroupWithZero took 0.00102ms
typeclass inference of CommMonoidWithZero took 0.00455ms
typeclass inference of LinearOrderedCommMonoidWithZero took 0.00234ms
typeclass inference of LinearOrderedCommMonoidWithZero took 0.0019ms
typeclass inference of LinearOrderedCommMonoidWithZero took 0.00109ms
typeclass inference of LinearOrderedCommMonoidWithZero took 0.00108ms
typeclass inference of LinearOrderedCommMonoidWithZero took 0.00108ms
typeclass inference of LinearOrderedCommMonoidWithZero took 0.000942ms
typeclass inference of LinearOrderedCommMonoidWithZero took 0.00148ms
typeclass inference of LinearOrderedCommMonoidWithZero took 0.00121ms
typeclass inference of LinearOrderedCommMonoidWithZero took 0.00104ms
typeclass inference of LinearOrderedCommMonoidWithZero took 0.001ms
typeclass inference of LinearOrderedCommMonoidWithZero took 0.00133ms
typeclass inference of LinearOrderedCommMonoidWithZero took 0.000992ms
typeclass inference of LinearOrderedCommMonoidWithZero took 0.00105ms
typeclass inference of NonUnitalNonAssocRing took 0.00514ms
typeclass inference of GroupWithZero took 0.00227ms
typeclass inference of GroupWithZero took 0.00125ms
typeclass inference of GroupWithZero took 0.00163ms
typeclass inference of GroupWithZero took 0.00103ms
typeclass inference of GroupWithZero took 0.00107ms
typeclass inference of GroupWithZero took 0.00105ms
typeclass inference of GroupWithZero took 0.001ms
typeclass inference of GroupWithZero took 0.00145ms
typeclass inference of GroupWithZero took 0.0011ms
typeclass inference of GroupWithZero took 0.00106ms
typeclass inference of GroupWithZero took 0.00101ms
typeclass inference of GroupWithZero took 0.00142ms
typeclass inference of GroupWithZero took 0.001ms
typeclass inference of GroupWithZero took 0.000972ms
sym typeclass inference of Lean.Grind.NoNatZeroDivisors took 64.4ms
sym typeclass inference of Lean.Grind.Field took 0.506ms
typeclass inference of Lean.Grind.CommSemiring took 0.586ms
typeclass inference of Field took 0.00267ms
typeclass inference of Field took 0.00235ms
typeclass inference of Field took 0.00139ms
typeclass inference of Field took 0.0013ms
typeclass inference of Field took 0.00109ms
typeclass inference of Field took 0.00103ms
typeclass inference of Field took 0.000962ms
typeclass inference of Field took 0.000992ms
typeclass inference of Field took 0.00115ms
typeclass inference of Field took 0.00102ms
typeclass inference of Field took 0.00155ms
typeclass inference of Field took 0.00107ms
typeclass inference of Field took 0.0019ms
typeclass inference of Field took 0.00108ms
typeclass inference of Field took 0.00102ms
typeclass inference of Field took 0.00116ms
typeclass inference of Field took 0.001ms
typeclass inference of Field took 0.00105ms
typeclass inference of Field took 0.000932ms
typeclass inference of Field took 0.000922ms
typeclass inference of Field took 0.000942ms
typeclass inference of Field took 0.00196ms
typeclass inference of Field took 0.00105ms
typeclass inference of Field took 0.00107ms
typeclass inference of Field took 0.00101ms
typeclass inference of Field took 0.000972ms
typeclass inference of Field took 0.000981ms
typeclass inference of Field took 0.000982ms
typeclass inference of Field took 0.001ms
typeclass inference of Field took 0.00153ms
typeclass inference of Field took 0.00103ms
typeclass inference of Field took 0.000962ms
typeclass inference of Field took 0.000992ms
typeclass inference of Field took 0.000982ms
typeclass inference of Field took 0.000942ms
typeclass inference of Field took 0.000942ms
typeclass inference of Field took 0.00208ms
typeclass inference of Field took 0.00103ms
typeclass inference of Field took 0.00106ms
typeclass inference of Field took 0.00101ms
typeclass inference of Field took 0.00101ms
typeclass inference of Field took 0.00109ms
typeclass inference of Field took 0.000992ms
typeclass inference of Field took 0.00101ms
typeclass inference of Field took 0.000882ms
typeclass inference of Field took 0.00195ms
typeclass inference of Field took 0.00112ms
typeclass inference of Field took 0.00107ms
typeclass inference of Field took 0.00101ms
typeclass inference of Field took 0.00102ms
typeclass inference of Field took 0.000982ms
typeclass inference of Field took 0.000982ms
typeclass inference of Field took 0.000992ms
typeclass inference of Field took 0.00191ms
typeclass inference of Field took 0.00109ms
typeclass inference of Field took 0.00106ms
typeclass inference of Field took 0.00107ms
typeclass inference of Field took 0.00102ms
typeclass inference of Field took 0.00101ms
typeclass inference of Field took 0.00101ms
typeclass inference of Field took 0.00163ms
typeclass inference of Field took 0.00102ms
typeclass inference of Field took 0.001ms
typeclass inference of Field took 0.00106ms
typeclass inference of Field took 0.00104ms
typeclass inference of Field took 0.000962ms
typeclass inference of Field took 0.00161ms
typeclass inference of Field took 0.00117ms
typeclass inference of Field took 0.000982ms
typeclass inference of Field took 0.00102ms
typeclass inference of Field took 0.001ms
typeclass inference of Field took 0.00162ms
typeclass inference of Field took 0.00117ms
typeclass inference of Field took 0.001ms
typeclass inference of Field took 0.00125ms
typeclass inference of Field took 0.00151ms
typeclass inference of Field took 0.00114ms
typeclass inference of Field took 0.000972ms
typeclass inference of Field took 0.00406ms
typeclass inference of Field took 0.00261ms
typeclass inference of Field took 0.00174ms
typeclass inference of Field took 0.00106ms
typeclass inference of Field took 0.00103ms
typeclass inference of Field took 0.00114ms
typeclass inference of Field took 0.000982ms
typeclass inference of Field took 0.000972ms
typeclass inference of Field took 0.001ms
typeclass inference of Field took 0.00165ms
typeclass inference of Field took 0.00134ms
typeclass inference of Field took 0.00169ms
typeclass inference of Field took 0.00198ms
typeclass inference of Field took 0.00128ms
typeclass inference of Field took 0.00107ms
typeclass inference of Field took 0.0019ms
typeclass inference of Field took 0.00103ms
typeclass inference of Field took 0.000952ms
typeclass inference of Field took 0.00101ms
typeclass inference of Field took 0.000971ms
typeclass inference of Field took 0.000922ms
typeclass inference of Field took 0.00237ms
typeclass inference of Field took 0.00362ms
typeclass inference of Field took 0.00109ms
typeclass inference of Field took 0.00104ms
typeclass inference of Field took 0.00101ms
typeclass inference of Field took 0.00136ms
typeclass inference of Field took 0.0013ms
typeclass inference of Field took 0.00115ms
typeclass inference of Field took 0.00174ms
typeclass inference of Field took 0.00117ms
typeclass inference of Field took 0.001ms
typeclass inference of Field took 0.000952ms
typeclass inference of Field took 0.001ms
typeclass inference of Field took 0.000961ms
typeclass inference of Field took 0.00111ms
typeclass inference of Field took 0.00207ms
typeclass inference of Field took 0.00102ms
typeclass inference of Field took 0.00109ms
typeclass inference of Field took 0.00121ms
typeclass inference of Field took 0.00129ms
typeclass inference of Field took 0.000942ms
typeclass inference of Field took 0.000992ms
typeclass inference of Field took 0.00122ms
typeclass inference of Field took 0.000982ms
typeclass inference of Field took 0.00258ms
typeclass inference of Field took 0.00114ms
typeclass inference of Field took 0.00106ms
typeclass inference of Field took 0.00105ms
typeclass inference of Field took 0.000992ms
typeclass inference of Field took 0.000982ms
typeclass inference of Field took 0.00104ms
typeclass inference of Field took 0.00102ms
typeclass inference of Field took 0.00217ms
typeclass inference of Field took 0.00113ms
typeclass inference of Field took 0.00115ms
typeclass inference of Field took 0.00102ms
typeclass inference of Field took 0.001ms
typeclass inference of Field took 0.00126ms
typeclass inference of Field took 0.000941ms
typeclass inference of Field took 0.00192ms
typeclass inference of Field took 0.0011ms
typeclass inference of Field took 0.00133ms
typeclass inference of Field took 0.00101ms
typeclass inference of Field took 0.00101ms
typeclass inference of Field took 0.000992ms
typeclass inference of Field took 0.0018ms
typeclass inference of Field took 0.00108ms
typeclass inference of Field took 0.00103ms
typeclass inference of Field took 0.00129ms
typeclass inference of Field took 0.00101ms
typeclass inference of Field took 0.00184ms
typeclass inference of Field took 0.00107ms
typeclass inference of Field took 0.000972ms
typeclass inference of Field took 0.00106ms
typeclass inference of Field took 0.00129ms
typeclass inference of Field took 0.00103ms
typeclass inference of Field took 0.00124ms
sym typeclass inference of Lean.Grind.PowIdentity took 14ms
sym typeclass inference of HSub took 0.0141ms
sym canon took 0.0223ms
sym typeclass inference of HMul took 0.00811ms
sym canon took 0.00697ms
sym typeclass inference of Lean.Grind.ToInt took 0.0429ms
sym typeclass inference of LE took 2.86ms
sym typeclass inference of LT took 2.58ms
sym typeclass inference of LE took 0.00246ms
congr simp thm took 0.00205ms
congr simp thm took 0.000371ms
congr simp thm took 0.000361ms
congr simp thm took 0.000481ms
congr simp thm took 0.00645ms
grind simp took 0.487ms
grind mark subsingleton took 0.23ms
typeclass inference of CategoryTheory.CartesianMonoidalCategory took 0.101ms
typeclass inference of CategoryTheory.CartesianMonoidalCategory took 0.00549ms
sym typeclass inference of HPow took 3.2ms
sym typeclass inference of OfNat took 0.931ms
sym typeclass inference of OfNat took 0.0434ms
sym canon took 0.342ms
grind mark subsingleton took 0.00191ms
sym canon took 0.000431ms
grind mark subsingleton took 0.000802ms
sym canon took 0.000231ms
grind mark subsingleton took 0.000491ms
sym canon took 0.00019ms
grind mark subsingleton took 0.0186ms
sym typeclass inference of Pow took 0.162ms
sym canon took 0.194ms
grind mark subsingleton took 0.00146ms
sym canon took 0.000391ms
grind mark subsingleton took 0.000692ms
sym canon took 0.00027ms
grind mark subsingleton took 0.000611ms
sym canon took 0.000331ms
grind mark subsingleton took 0.007ms
sym canon took 0.000331ms
sym typeclass inference of Lean.Grind.CommRing took 0.692ms
sym typeclass inference of Lean.Grind.CommSemiring took 0.0283ms
sym typeclass inference of Lean.Grind.Semiring took 0.0831ms
sym canon took 0.0228ms
typeclass inference of Lean.Grind.CommSemiring took 0.0182ms
sym typeclass inference of Lean.Grind.CommRing took 0.0854ms
sym typeclass inference of Lean.Grind.IsCharP took 0.58ms
typeclass inference of Lean.Grind.CommSemiring took 0.00586ms
sym typeclass inference of Lean.Grind.NatModule took 5.14ms
sym typeclass inference of Lean.Grind.NoNatZeroDivisors took 0.323ms
sym typeclass inference of Lean.Grind.Field took 0.314ms
typeclass inference of Lean.Grind.CommSemiring took 0.0193ms
typeclass inference of Lean.Grind.CommSemiring took 0.109ms
typeclass inference of Field took 0.259ms
typeclass inference of Field took 0.00241ms
typeclass inference of Field took 0.00142ms
typeclass inference of Field took 0.0011ms
typeclass inference of Field took 0.00211ms
typeclass inference of Field took 0.00136ms
typeclass inference of Field took 0.00107ms
typeclass inference of Field took 0.000932ms
sym typeclass inference of Lean.Grind.PowIdentity took 1.09ms
sym typeclass inference of Lean.Grind.CommRing took 0.0366ms
sym typeclass inference of Lean.Grind.IsCharP took 0.139ms
sym typeclass inference of Lean.Grind.NatModule took 0.101ms
sym typeclass inference of Lean.Grind.NoNatZeroDivisors took 0.842ms
sym typeclass inference of Lean.Grind.Field took 0.395ms
typeclass inference of Lean.Grind.CommSemiring took 0.0895ms
typeclass inference of Field took 0.259ms
typeclass inference of Field took 0.0026ms
typeclass inference of Field took 0.00175ms
typeclass inference of Field took 0.00229ms
typeclass inference of Field took 0.00173ms
typeclass inference of Field took 0.00279ms
sym typeclass inference of Lean.Grind.PowIdentity took 0.932ms
sym typeclass inference of NatCast took 0.052ms
sym typeclass inference of NatCast took 0.00364ms
sym canon took 0.0276ms
sym typeclass inference of LE took 0.00032ms
typeclass inference of Preorder took 1.46ms
typeclass inference of Std.IsPreorder took 0.517ms
typeclass inference of PartialOrder took 1.1ms
typeclass inference of Std.IsPartialOrder took 0.233ms
typeclass inference of Std.LinearPreorderPackage took 0.0813ms
typeclass inference of Std.LinearPreorderPackage took 0.00244ms
typeclass inference of Std.LinearPreorderPackage took 0.00135ms
typeclass inference of Std.IsLinearPreorder took 0.379ms
sym typeclass inference of LT took 0.000391ms
sym typeclass inference of LE took 0.000211ms
sym canon took 0.0242ms
typeclass inference of Std.LawfulOrderLT took 0.0541ms
sym typeclass inference of LT took 0.00019ms
sym canon took 0.0207ms
sym typeclass inference of Lean.Grind.OrderedRing took 0.124ms
typeclass inference of OfNat took 0.0633ms
typeclass inference of OfNat took 0.034ms
sym typeclass inference of HAdd took 0.00022ms
sym typeclass inference of HAdd took 0.000241ms
sym canon took 0.0292ms
typeclass inference of OfNat took 0.00366ms
sym typeclass inference of IntCast took 0.0387ms
sym typeclass inference of IntCast took 0.00365ms
sym canon took 0.0275ms
typeclass inference of OfNat took 0.00519ms
typeclass inference of OfNat took 0.0537ms
typeclass inference of OfNat took 0.0025ms
sym typeclass inference of HPow took 0.00821ms
sym canon took 0.0163ms
congr simp thm took 0.00846ms
congr simp thm took 0.00655ms
congr simp thm took 0.000872ms
congr simp thm took 0.000791ms
grind simp took 0.634ms
grind mark subsingleton took 0.022ms
sym typeclass inference of LE took 0.000311ms
sym typeclass inference of OfNat took 0.0574ms
sym canon took 0.128ms
typeclass inference of OfNat took 0.0578ms
typeclass inference of OfNat took 0.0383ms
typeclass inference of OfNat took 0.00266ms
typeclass inference of OfNat took 0.0016ms
congr simp thm took 0.00688ms
congr simp thm took 0.000321ms
congr simp thm took 0.000942ms
congr simp thm took 0.000692ms
congr simp thm took 0.00613ms
typeclass inference of Decidable took 0.177ms
congr simp thm took 0.000641ms
grind simp took 0.772ms
grind mark subsingleton took 0.0143ms
sym typeclass inference of OfNat took 0.0579ms
sym canon took 0.0835ms
typeclass inference of OfNat took 0.0464ms
typeclass inference of OfNat took 0.0324ms
typeclass inference of OfNat took 0.00222ms
typeclass inference of OfNat took 0.00155ms
congr simp thm took 0.000581ms
congr simp thm took 0.000251ms
congr simp thm took 0.000601ms
congr simp thm took 0.000261ms
typeclass inference of Decidable took 0.15ms
congr simp thm took 0.000682ms
grind simp took 0.335ms
grind mark subsingleton took 0.0249ms
sym canon took 0.0777ms
typeclass inference of OfNat took 0.0672ms
typeclass inference of OfNat took 0.0411ms
typeclass inference of OfNat took 0.00319ms
typeclass inference of OfNat took 0.0016ms
congr simp thm took 0.000591ms
congr simp thm took 0.00025ms
congr simp thm took 0.000511ms
congr simp thm took 0.000261ms
typeclass inference of Decidable took 0.103ms
congr simp thm took 0.000591ms
grind simp took 0.319ms
grind mark subsingleton took 0.0139ms
sym typeclass inference of OfNat took 0.0483ms
sym canon took 0.0775ms
typeclass inference of OfNat took 0.0465ms
typeclass inference of OfNat took 0.0318ms
typeclass inference of OfNat took 0.00224ms
typeclass inference of OfNat took 0.00143ms
congr simp thm took 0.00106ms
grind simp took 0.137ms
grind mark subsingleton took 0.0106ms
sym typeclass inference of OfNat took 0.043ms
sym canon took 0.0211ms
typeclass inference of OfNat took 0.0587ms
typeclass inference of OfNat took 0.0377ms
typeclass inference of OfNat took 0.00218ms
congr simp thm took 0.000792ms
grind simp took 0.138ms
grind mark subsingleton took 0.0353ms
sym canon took 0.0581ms
congr simp thm took 0.000621ms
congr simp thm took 0.000371ms
grind simp took 0.154ms
grind mark subsingleton took 0.103ms
sym typeclass inference of HAdd took 1.19ms
sym canon took 0.0905ms
sym typeclass inference of HAdd took 0.00457ms
sym canon took 0.00788ms
congr simp thm took 0.000831ms
congr simp thm took 0.000621ms
congr simp thm took 0.000301ms
congr simp thm took 0.000571ms
grind simp took 0.364ms
grind mark subsingleton took 0.0134ms
sym typeclass inference of OfNat took 0.0573ms
sym canon took 0.0247ms
typeclass inference of OfNat took 0.06ms
typeclass inference of OfNat took 0.0364ms
typeclass inference of OfNat took 0.00288ms
congr simp thm took 0.000782ms
congr simp thm took 0.000361ms
congr simp thm took 0.000571ms
grind simp took 0.409ms
grind mark subsingleton took 0.105ms
sym typeclass inference of OfNat took 0.0664ms
sym canon took 0.159ms
typeclass inference of OfNat took 0.0684ms
typeclass inference of OfNat took 0.058ms
typeclass inference of OfNat took 0.00217ms
congr simp thm took 0.00229ms
congr simp thm took 0.00212ms
congr simp thm took 0.000581ms
congr simp thm took 0.000531ms
congr simp thm took 0.000301ms
congr simp thm took 0.000331ms
grind simp took 0.553ms
grind mark subsingleton took 0.0474ms
sym typeclass inference of HAdd took 0.000301ms
sym typeclass inference of HMul took 0.000151ms
sym typeclass inference of OfNat took 0.0506ms
sym canon took 0.082ms
sym typeclass inference of HMul took 0.00122ms
sym typeclass inference of HMul took 0.000271ms
sym canon took 0.016ms
typeclass inference of OfNat took 0.0498ms
typeclass inference of OfNat took 0.00239ms
typeclass inference of OfNat took 0.0354ms
typeclass inference of OfNat took 0.00178ms
congr simp thm took 0.000741ms
congr simp thm took 0.000341ms
congr simp thm took 0.00033ms
congr simp thm took 0.000481ms
congr simp thm took 0.000641ms
congr simp thm took 0.000371ms
grind simp took 0.458ms
grind mark subsingleton took 0.106ms
sym canon took 0.0777ms
sym typeclass inference of HMul took 0.00039ms
sym canon took 0.00958ms
congr simp thm took 0.0285ms
congr simp thm took 0.000471ms
congr simp thm took 0.000311ms
congr simp thm took 0.000461ms
congr simp thm took 0.00039ms
congr simp thm took 0.000301ms
congr simp thm took 0.0003ms
congr simp thm took 0.000551ms
congr simp thm took 0.000221ms
congr simp thm took 0.00021ms
congr simp thm took 0.000271ms
congr simp thm took 0.000712ms
congr simp thm took 0.000331ms
congr simp thm took 0.000261ms
grind simp took 0.816ms
grind mark subsingleton took 0.0347ms
sym canon took 0.024ms
typeclass inference of OfNat took 0.0548ms
typeclass inference of OfNat took 0.00262ms
typeclass inference of OfNat took 0.00152ms
typeclass inference of OfNat took 0.0014ms
grind ring took 0.0734ms
grind cutsat took 0.213ms
grind took 13.7ms
instantiate metavars took 0.0273ms
tactic execution of Lean.Parser.Tactic.grind took 2.2ms
tactic execution of Lean.Parser.Tactic.tacticSeq1Indented took 0.0179ms
tactic execution of Lean.Parser.Tactic.tacticSeq took 0.0168ms
tactic execution of Lean.Parser.Tactic.paren took 0.0122ms
tactic execution of Lean.Parser.Tactic.withAnnotateState took 0.0362ms
tactic execution of Lean.Parser.Tactic.tacticSeq1Indented took 0.0156ms
tactic execution of Lean.Parser.Tactic.tacticSeq took 0.011ms
tactic execution of Lean.Parser.Tactic.case took 0.191ms
tactic execution of Lean.Parser.Tactic.tacticSeq1Indented took 0.0409ms
tactic execution of Lean.Parser.Tactic.tacticSeq took 0.00946ms
tactic execution of Lean.Parser.Tactic.focus took 0.0136ms
tactic execution of Lean.Parser.Tactic.tacticHave__ took 0.0394ms
typeclass inference of OfNat took 1.49ms
typeclass inference of OfNat took 0.173ms
typeclass inference of OfNat took 0.064ms
typeclass inference of HAdd took 1.13ms
typeclass inference of HMul took 0.905ms
typeclass inference of HPow took 0.178ms
typeclass inference of HMul took 0.0723ms
typeclass inference of HAdd took 0.0568ms
typeclass inference of OfNat took 0.0731ms
typeclass inference of HPow took 0.154ms
typeclass inference of HMul took 0.0761ms
typeclass inference of HAdd took 0.0593ms
typeclass inference of OfNat took 0.0708ms
typeclass inference of OfNat took 0.0453ms
typeclass inference of OfNat took 0.0479ms
typeclass inference of HPow took 0.138ms
typeclass inference of HMul took 0.0563ms
typeclass inference of HAdd took 0.0504ms
typeclass inference of OfNat took 0.0429ms
typeclass inference of OfNat took 0.0561ms
typeclass inference of HAdd took 0.137ms
typeclass inference of HMul took 0.144ms
typeclass inference of HPow took 0.182ms
typeclass inference of HMul took 0.0684ms
typeclass inference of HAdd took 0.0677ms
typeclass inference of OfNat took 0.0507ms
typeclass inference of HPow took 0.133ms
typeclass inference of HMul took 0.0623ms
typeclass inference of HAdd took 0.0557ms
typeclass inference of OfNat took 0.0663ms
typeclass inference of OfNat took 0.054ms
typeclass inference of HPow took 0.144ms
typeclass inference of HMul took 0.0583ms
typeclass inference of HAdd took 0.0511ms
typeclass inference of OfNat took 0.046ms
typeclass inference of HPow took 0.132ms
typeclass inference of HMul took 0.0719ms
typeclass inference of HAdd took 0.0672ms
typeclass inference of OfNat took 0.0497ms
typeclass inference of HPow took 0.122ms
typeclass inference of HMul took 0.052ms
typeclass inference of HAdd took 0.0468ms
typeclass inference of OfNat took 0.0729ms
typeclass inference of HPow took 0.16ms
typeclass inference of HMul took 0.078ms
typeclass inference of HAdd took 0.0727ms
typeclass inference of OfNat took 0.0766ms
typeclass inference of HPow took 0.184ms
typeclass inference of HMul took 0.0763ms
typeclass inference of HAdd took 0.0665ms
typeclass inference of OfNat took 0.0802ms
typeclass inference of HPow took 0.191ms
typeclass inference of HMul took 0.0799ms
typeclass inference of HAdd took 0.0644ms
typeclass inference of OfNat took 0.0677ms
typeclass inference of HPow took 0.158ms
typeclass inference of HMul took 0.0739ms
typeclass inference of HAdd took 0.0875ms
typeclass inference of Pow took 0.0727ms
typeclass inference of CategoryTheory.CartesianMonoidalCategory took 0.198ms
typeclass inference of CategoryTheory.CartesianMonoidalCategory took 0.00463ms
typeclass inference of NPow took 3.17ms
typeclass inference of OfNat took 0.0422ms
typeclass inference of HMul took 0.944ms
typeclass inference of HAdd took 0.00379ms
typeclass inference of OfNat took 0.0576ms
typeclass inference of HPow took 0.122ms
typeclass inference of HMul took 0.0542ms
typeclass inference of HAdd took 0.0473ms
typeclass inference of OfNat took 0.0399ms
typeclass inference of HPow took 0.119ms
typeclass inference of HMul took 0.0595ms
typeclass inference of HAdd took 0.0459ms
typeclass inference of OfNat took 0.0409ms
typeclass inference of HPow took 0.11ms
typeclass inference of HMul took 0.0492ms
typeclass inference of HAdd took 0.0463ms
typeclass inference of Pow took 0.0662ms
typeclass inference of NPow took 0.175ms
typeclass inference of OfNat took 0.00334ms
typeclass inference of HMul took 0.163ms
typeclass inference of HAdd took 0.00328ms
tactic execution of Lean.Parser.Tactic.refine took 2.94ms
tactic execution of Lean.Parser.Tactic.rewriteSeq took 0.169ms
tactic execution of Lean.Parser.Tactic.exact took 0.148ms
tactic execution of Lean.Parser.Tactic.exact took 0.1ms
tactic execution of Lean.Parser.Tactic.eqRefl took 0.01ms
tactic execution of Lean.Parser.Tactic.applyRfl took 0.0293ms
tactic execution of Lean.Parser.Tactic.tacticRfl took 0.0528ms
tactic execution of Lean.Parser.Tactic.tacticSeq1Indented took 0.00641ms
tactic execution of Lean.Parser.Tactic.tacticSeq took 0.00509ms
tactic execution of Lean.Parser.Tactic.withReducible took 0.00726ms
tactic execution of Lean.Parser.Tactic.tacticSeq1Indented took 0.00519ms
tactic execution of Lean.Parser.Tactic.tacticSeq took 0.00447ms
tactic execution of Lean.Parser.Tactic.paren took 0.00465ms
tactic execution of Lean.Parser.Tactic.tacticSeq1Indented took 0.00407ms
tactic execution of Lean.Parser.Tactic.tacticSeq took 0.00441ms
tactic execution of Lean.Parser.Tactic.skip took 0.00266ms
tactic execution of Lean.Parser.Tactic.tacticSeq1Indented took 0.00432ms
tactic execution of Lean.Parser.Tactic.tacticSeq took 0.00374ms
tactic execution of Lean.Parser.Tactic.first took 0.00901ms
tactic execution of Lean.Parser.Tactic.tacticTry_ took 0.00926ms
tactic execution of Lean.Parser.Tactic.tacticSeq1Indented took 0.0059ms
tactic execution of Lean.Parser.Tactic.tacticSeq took 0.00396ms
tactic execution of Lean.Parser.Tactic.paren took 0.00444ms
tactic execution of Lean.Parser.Tactic.withAnnotateState took 0.0116ms
tactic execution of Lean.Parser.Tactic.tacticSeq1Indented took 0.0151ms
tactic execution of Lean.Parser.Tactic.tacticSeq took 0.00517ms
tactic execution of Lean.Parser.Tactic.paren took 0.00505ms
tactic execution of Lean.Parser.Tactic.rwSeq took 0.0123ms
tactic execution of Lean.Parser.Tactic.exact took 0.0499ms
tactic execution of Lean.Parser.Tactic.tacticSeq1Indented took 0.0122ms
tactic execution of Lean.Parser.Tactic.tacticSeq took 0.0115ms
tactic execution of Lean.Parser.Tactic.rewriteSeq took 3.48ms
tactic execution of Lean.Parser.Tactic.exact took 0.0916ms
tactic execution of Lean.Parser.Tactic.exact took 0.0812ms
tactic execution of Lean.Parser.Tactic.eqRefl took 0.0116ms
tactic execution of Lean.Parser.Tactic.tacticRfl took 0.0315ms
tactic execution of Lean.Parser.Tactic.tacticSeq1Indented took 0.00365ms
tactic execution of Lean.Parser.Tactic.tacticSeq took 0.00317ms
tactic execution of Lean.Parser.Tactic.withReducible took 0.00303ms
tactic execution of Lean.Parser.Tactic.tacticSeq1Indented took 0.0029ms
tactic execution of Lean.Parser.Tactic.tacticSeq took 0.00259ms
tactic execution of Lean.Parser.Tactic.paren took 0.00249ms
tactic execution of Lean.Parser.Tactic.tacticSeq1Indented took 0.0029ms
tactic execution of Lean.Parser.Tactic.tacticSeq took 0.00257ms
tactic execution of Lean.Parser.Tactic.first took 0.0036ms
tactic execution of Lean.Parser.Tactic.tacticTry_ took 0.00529ms
tactic execution of Lean.Parser.Tactic.tacticSeq1Indented took 0.0032ms
tactic execution of Lean.Parser.Tactic.tacticSeq took 0.00277ms
tactic execution of Lean.Parser.Tactic.paren took 0.00311ms
tactic execution of Lean.Parser.Tactic.withAnnotateState took 0.0128ms
tactic execution of Lean.Parser.Tactic.tacticSeq1Indented took 0.0137ms
tactic execution of Lean.Parser.Tactic.tacticSeq took 0.00818ms
tactic execution of Lean.Parser.Tactic.paren took 0.0051ms
tactic execution of Lean.Parser.Tactic.rwSeq took 0.0254ms
tactic execution of Lean.Parser.Tactic.tacticSeq1Indented took 0.00602ms
tactic execution of Lean.Parser.Tactic.tacticSeq took 0.00383ms
tactic execution of Lean.Parser.Tactic.paren took 0.00513ms
tactic execution of Lean.Parser.Tactic.withAnnotateState took 0.00962ms
tactic execution of Lean.Parser.Tactic.tacticSeq1Indented took 0.00625ms
tactic execution of Lean.Parser.Tactic.tacticSeq took 0.00673ms
tactic execution of Lean.Parser.Tactic.case took 0.215ms
tactic execution of Lean.Parser.Tactic.tacticSeq1Indented took 0.0301ms
tactic execution of Lean.Parser.Tactic.tacticSeq took 0.00641ms
tactic execution of Lean.Parser.Tactic.focus took 0.0129ms
tactic execution of Lean.Parser.Tactic.tacticHave__ took 0.0566ms
typeclass inference of OfNat took 0.0936ms
typeclass inference of OfNat took 0.0489ms
typeclass inference of OfNat took 0.049ms
typeclass inference of OfNat took 0.0421ms
typeclass inference of OfNat took 0.0349ms
typeclass inference of OfNat took 0.0314ms
typeclass inference of OfNat took 0.0298ms
typeclass inference of OfNat took 0.0292ms
typeclass inference of HMul took 0.179ms
typeclass inference of HMul took 0.00316ms
typeclass inference of HMul took 0.162ms
typeclass inference of HPow took 0.228ms
typeclass inference of HPow took 0.146ms
typeclass inference of HMul took 0.0721ms
typeclass inference of LT took 0.0466ms
typeclass inference of OfNat took 0.0699ms
typeclass inference of OfNat took 0.0612ms
typeclass inference of OfNat took 0.00318ms
typeclass inference of OfNat took 0.0505ms
typeclass inference of HPow took 0.156ms
typeclass inference of HPow took 0.157ms
typeclass inference of HMul took 0.0594ms
typeclass inference of OfNat took 0.0433ms
typeclass inference of OfNat took 0.035ms
typeclass inference of HPow took 0.116ms
typeclass inference of HPow took 0.143ms
typeclass inference of HMul took 0.0498ms
typeclass inference of OfNat took 0.0433ms
typeclass inference of OfNat took 0.0433ms
typeclass inference of HPow took 0.12ms
typeclass inference of HPow took 0.106ms
typeclass inference of HMul took 0.0508ms
typeclass inference of OfNat took 0.0457ms
typeclass inference of OfNat took 0.034ms
typeclass inference of HPow took 0.111ms
typeclass inference of HPow took 0.11ms
typeclass inference of HMul took 0.0494ms
typeclass inference of Pow took 0.0486ms
typeclass inference of NPow took 0.113ms
typeclass inference of OfNat took 0.041ms
typeclass inference of OfNat took 0.0551ms
typeclass inference of HPow took 0.132ms
typeclass inference of HMul took 0.0591ms
typeclass inference of OfNat took 0.0417ms
typeclass inference of HPow took 0.112ms
typeclass inference of HMul took 0.0597ms
typeclass inference of OfNat took 0.0399ms
typeclass inference of HPow took 0.147ms
typeclass inference of HMul took 0.126ms
typeclass inference of Pow took 0.0605ms
typeclass inference of NPow took 0.00398ms
typeclass inference of OfNat took 0.0432ms
typeclass inference of HMul took 0.0034ms
typeclass inference of OfNat took 0.0635ms
typeclass inference of OfNat took 0.0535ms
typeclass inference of OfNat took 0.0499ms
typeclass inference of OfNat took 0.0354ms
typeclass inference of HMul took 0.0037ms
typeclass inference of HMul took 0.0022ms
typeclass inference of HMul took 0.0452ms
typeclass inference of HPow took 0.138ms
typeclass inference of HMul took 0.0594ms
typeclass inference of LE took 0.041ms
typeclass inference of OfNat took 0.00348ms
typeclass inference of OfNat took 0.0514ms
typeclass inference of HPow took 0.126ms
typeclass inference of HMul took 0.0567ms
typeclass inference of OfNat took 0.0551ms
typeclass inference of HPow took 0.127ms
typeclass inference of HMul took 0.0777ms
typeclass inference of OfNat took 0.0631ms
typeclass inference of OfNat took 0.049ms
typeclass inference of OfNat took 0.0488ms
typeclass inference of OfNat took 0.0467ms
typeclass inference of OfNat took 0.0362ms
typeclass inference of OfNat took 0.0431ms
typeclass inference of OfNat took 0.0335ms
typeclass inference of OfNat took 0.0371ms
typeclass inference of HMul took 0.00384ms
typeclass inference of HPow took 0.179ms
typeclass inference of HPow took 0.195ms
typeclass inference of HMul took 0.0709ms
typeclass inference of LT took 0.00507ms
typeclass inference of OfNat took 0.00308ms
typeclass inference of OfNat took 0.054ms
typeclass inference of OfNat took 0.00293ms
typeclass inference of OfNat took 0.0462ms
typeclass inference of HPow took 0.118ms
typeclass inference of HPow took 0.116ms
typeclass inference of HMul took 0.0492ms
typeclass inference of OfNat took 0.0413ms
typeclass inference of OfNat took 0.032ms
typeclass inference of HPow took 0.111ms
typeclass inference of HPow took 0.117ms
typeclass inference of HMul took 0.0537ms
typeclass inference of OfNat took 0.00454ms
typeclass inference of HPow took 0.271ms
typeclass inference of HMul took 0.00288ms
typeclass inference of OfNat took 0.00224ms
typeclass inference of OfNat took 0.0018ms
typeclass inference of HPow took 0.00168ms
typeclass inference of HPow took 0.0013ms
typeclass inference of HMul took 0.00154ms
typeclass inference of Trans took 0.251ms
typeclass inference of LE took 0.406ms
typeclass inference of LE took 0.18ms
typeclass inference of Zero took 0.146ms
typeclass inference of PartialOrder took 0.0526ms
typeclass inference of Ring took 1.23ms
typeclass inference of AddMonoidWithOne took 0.0658ms
norm_num took 0.557ms
typeclass inference of Semiring took 0.0527ms
typeclass inference of PartialOrder took 0.0143ms
typeclass inference of CommSemiring took 0.0485ms
typeclass inference of IsOrderedRing took 3.19ms
typeclass inference of Nontrivial took 0.0845ms
typeclass inference of Semiring took 0.0051ms
typeclass inference of IsStrictOrderedRing took 0.0542ms
tactic execution of Mathlib.Tactic.Positivity.positivity took 1.69ms
tactic execution of Lean.Parser.Tactic.tacticSeq1Indented took 0.0229ms
tactic execution of Lean.Parser.Tactic.tacticSeq took 0.0314ms
tactic execution of Lean.Parser.Tactic.refine took 8.23ms
tactic execution of Lean.Parser.Tactic.rotateRight took 0.0218ms
tactic execution of Lean.Parser.Tactic.tacticSeq1Indented took 0.0245ms
tactic execution of Lean.Parser.Tactic.tacticSeq took 0.00941ms
tactic execution of Lean.Parser.Tactic.paren took 0.00953ms
tactic execution of Lean.Parser.Tactic.tacticSeq1Indented took 0.0139ms
tactic execution of Lean.Parser.Tactic.tacticSeq took 0.00908ms
tactic execution of Lean.Parser.Tactic.focus took 0.0142ms
tactic execution of Lean.Parser.Tactic.tacticRefine_lift_ took 0.0124ms
tactic execution of Lean.Parser.Tactic.tacticHave__ took 0.0513ms
typeclass inference of HMul took 0.245ms
typeclass inference of HMul took 0.175ms
typeclass inference of LT took 0.0442ms
tactic execution of Lean.Parser.Tactic.refine took 0.889ms
interpretation of Lean.Meta.Grind.reduceCtorEqCheap took 0.00446ms
interpretation of Lean.Meta.Grind.reduceSimpMatchDiscrsOnly took 0.00147ms
interpretation of Lean.Meta.Grind.reducePreMatchCond took 0.00109ms
interpretation of Lean.Meta.Grind.Arith.expandPow01 took 0.00841ms
interpretation of Lean.Meta.Grind.Arith.expandDiv took 0.00134ms
interpretation of Lean.Meta.Grind.Arith.normNatAddInst took 0.000922ms
interpretation of Lean.Meta.Grind.Arith.normNatMulInst took 0.000821ms
interpretation of Lean.Meta.Grind.Arith.normNatSubInst took 0.00103ms
interpretation of Lean.Meta.Grind.Arith.normNatDivInst took 0.000882ms
interpretation of Lean.Meta.Grind.Arith.normNatModInst took 0.000862ms
interpretation of Lean.Meta.Grind.Arith.normNatPowInst took 0.00137ms
interpretation of Lean.Meta.Grind.Arith.normNatOfNatInst took 0.000842ms
interpretation of Lean.Meta.Grind.Arith.normIntNegInst took 0.000912ms
interpretation of Lean.Meta.Grind.Arith.normIntAddInst took 0.000851ms
interpretation of Lean.Meta.Grind.Arith.normIntMulInst took 0.00116ms
interpretation of Lean.Meta.Grind.Arith.normIntSubInst took 0.00118ms
interpretation of Lean.Meta.Grind.Arith.normIntDivInst took 0.000912ms
interpretation of Lean.Meta.Grind.Arith.normIntModInst took 0.000862ms
interpretation of Lean.Meta.Grind.Arith.normIntPowInst took 0.00118ms
interpretation of Lean.Meta.Grind.Arith.normNatCastInst took 0.00101ms
interpretation of Lean.Meta.Grind.Arith.normIntOfNatInst took 0.00115ms
interpretation of Lean.Meta.Grind.Arith.normNatCastNum took 0.00123ms
interpretation of Lean.Meta.Grind.Arith.normIntCastNum took 0.00118ms
interpretation of Lean.Meta.Grind.Arith.normPowRatInt took 0.000972ms
interpretation of Lean.Meta.Grind.Arith.normFieldInv took 0.000631ms
interpretation of Lean.Meta.Grind.simpForall took 0.000982ms
interpretation of Lean.Meta.Grind.simpExists took 0.00157ms
interpretation of Lean.Meta.Grind.simpEq took 0.00107ms
interpretation of Lean.Meta.Grind.simpOr took 0.00108ms
interpretation of Lean.Meta.Grind.simpDIte took 0.00102ms
interpretation of Lean.Meta.Grind.pushNot took 0.00103ms
interpretation of Lean.Meta.Grind.unfoldReducibleSimproc took 0.00114ms
congr simp thm took 0.0124ms
congr simp thm took 0.00536ms
congr simp thm took 0.00559ms
grind simp took 0.55ms
grind mark subsingleton took 0.0777ms
sym typeclass inference of HSub took 1.31ms
sym typeclass inference of HMul took 1.31ms
sym typeclass inference of OfNat took 0.97ms
sym canon took 0.299ms
sym typeclass inference of Lean.Grind.CommRing took 0.537ms
typeclass inference of Lean.Grind.Ring took 0.575ms
typeclass inference of Semiring took 1.28ms
typeclass inference of AddLeftCancelSemigroup took 1.16ms
sym typeclass inference of Lean.Grind.IsCharP took 10.5ms
sym typeclass inference of Lean.Grind.NatModule took 1.11ms
typeclass inference of AddCommMonoid took 0.917ms
typeclass inference of AddCommMonoid took 0.00496ms
typeclass inference of AddCommMonoid took 0.00417ms
typeclass inference of AddCancelMonoid took 0.674ms
typeclass inference of AddCommMonoid took 0.00389ms
typeclass inference of AddGroup took 0.549ms
typeclass inference of Field took 0.388ms
typeclass inference of Field took 0.00266ms
typeclass inference of Field took 0.00167ms
typeclass inference of Field took 0.00316ms
typeclass inference of Field took 0.00146ms
typeclass inference of Field took 0.00128ms
typeclass inference of Field took 0.00115ms
typeclass inference of Field took 0.00117ms
typeclass inference of Field took 0.00106ms
typeclass inference of Field took 0.00111ms
typeclass inference of Field took 0.00109ms
typeclass inference of Field took 0.00109ms
typeclass inference of Field took 0.00225ms
typeclass inference of Field took 0.00118ms
typeclass inference of Field took 0.00113ms
typeclass inference of Field took 0.00107ms
typeclass inference of Field took 0.00121ms
typeclass inference of Field took 0.00136ms
typeclass inference of Field took 0.00104ms
typeclass inference of Field took 0.000992ms
typeclass inference of Field took 0.00223ms
typeclass inference of Field took 0.00122ms
typeclass inference of Field took 0.00126ms
typeclass inference of Field took 0.00121ms
typeclass inference of Field took 0.00126ms
typeclass inference of Field took 0.00121ms
typeclass inference of Field took 0.00111ms
typeclass inference of Field took 0.00197ms
typeclass inference of Field took 0.00125ms
typeclass inference of Field took 0.00113ms
typeclass inference of Semiring took 0.00482ms
typeclass inference of RCLike took 0.0146ms
typeclass inference of RCLike took 0.00376ms
typeclass inference of RCLike took 0.00123ms
typeclass inference of RCLike took 0.0021ms
typeclass inference of RCLike took 0.00131ms
typeclass inference of RCLike took 0.00125ms
typeclass inference of RCLike took 0.00121ms
typeclass inference of RCLike took 0.00125ms
typeclass inference of RCLike took 0.000992ms
typeclass inference of RCLike took 0.00113ms
typeclass inference of RCLike took 0.00116ms
typeclass inference of RCLike took 0.000992ms
typeclass inference of RCLike took 0.00169ms
typeclass inference of RCLike took 0.0011ms
typeclass inference of RCLike took 0.00113ms
typeclass inference of RCLike took 0.00119ms
typeclass inference of RCLike took 0.00118ms
typeclass inference of RCLike took 0.000991ms
typeclass inference of RCLike took 0.00109ms
typeclass inference of RCLike took 0.00107ms
typeclass inference of RCLike took 0.00193ms
typeclass inference of RCLike took 0.00108ms
typeclass inference of RCLike took 0.00117ms
typeclass inference of RCLike took 0.00108ms
typeclass inference of RCLike took 0.001ms
typeclass inference of RCLike took 0.00102ms
typeclass inference of RCLike took 0.000972ms
typeclass inference of RCLike took 0.00156ms
typeclass inference of RCLike took 0.00103ms
typeclass inference of RCLike took 0.000942ms
typeclass inference of Semiring took 0.00436ms
typeclass inference of NonAssocRing took 0.205ms
typeclass inference of Field took 0.00292ms
typeclass inference of Field took 0.00197ms
typeclass inference of Field took 0.00187ms
typeclass inference of Field took 0.00137ms
typeclass inference of Field took 0.00116ms
typeclass inference of Field took 0.00107ms
typeclass inference of Field took 0.00108ms
typeclass inference of Field took 0.00113ms
typeclass inference of Field took 0.00118ms
typeclass inference of Field took 0.00175ms
typeclass inference of Field took 0.00128ms
typeclass inference of Field took 0.00128ms
typeclass inference of Field took 0.00101ms
typeclass inference of Field took 0.00227ms
typeclass inference of Field took 0.0012ms
typeclass inference of Field took 0.00119ms
typeclass inference of Field took 0.00106ms
typeclass inference of Field took 0.00107ms
typeclass inference of Field took 0.00106ms
typeclass inference of Field took 0.000981ms
typeclass inference of Field took 0.00103ms
typeclass inference of Field took 0.000972ms
typeclass inference of Field took 0.00224ms
typeclass inference of Field took 0.00119ms
typeclass inference of Field took 0.00117ms
typeclass inference of Field took 0.00109ms
typeclass inference of Field took 0.0011ms
typeclass inference of Field took 0.00104ms
typeclass inference of Field took 0.00107ms
typeclass inference of Field took 0.00104ms
typeclass inference of Field took 0.00176ms
typeclass inference of Field took 0.00101ms
typeclass inference of Field took 0.0011ms
typeclass inference of Field took 0.00107ms
typeclass inference of Field took 0.00111ms
typeclass inference of Field took 0.00101ms
typeclass inference of Field took 0.00101ms
typeclass inference of Field took 0.00216ms
typeclass inference of Field took 0.00125ms
typeclass inference of Field took 0.00111ms
typeclass inference of Field took 0.00119ms
typeclass inference of Field took 0.00108ms
typeclass inference of Field took 0.00169ms
typeclass inference of Field took 0.00111ms
typeclass inference of Field took 0.00106ms
typeclass inference of Field took 0.00104ms
typeclass inference of Field took 0.0015ms
typeclass inference of Field took 0.00122ms
typeclass inference of Field took 0.00105ms
typeclass inference of Field took 0.00161ms
typeclass inference of Field took 0.0012ms
typeclass inference of Field took 0.00135ms
typeclass inference of Field took 0.00148ms
typeclass inference of Field took 0.00176ms
typeclass inference of Field took 0.00111ms
typeclass inference of Field took 0.00362ms
typeclass inference of Field took 0.00121ms
typeclass inference of Field took 0.00121ms
typeclass inference of Field took 0.00174ms
typeclass inference of Field took 0.00269ms
typeclass inference of Field took 0.00291ms
typeclass inference of Field took 0.00127ms
typeclass inference of Field took 0.00117ms
typeclass inference of Field took 0.00115ms
typeclass inference of Field took 0.00107ms
typeclass inference of Field took 0.00187ms
typeclass inference of Field took 0.00111ms
typeclass inference of Field took 0.00109ms
typeclass inference of Field took 0.00117ms
typeclass inference of Field took 0.00158ms
typeclass inference of Field took 0.00131ms
typeclass inference of Field took 0.00109ms
typeclass inference of Semiring took 0.0195ms
typeclass inference of DivisionRing took 0.519ms
typeclass inference of DivisionRing took 0.00233ms
typeclass inference of DivisionRing took 0.00155ms
typeclass inference of DivisionRing took 0.00162ms
typeclass inference of DivisionRing took 0.0051ms
typeclass inference of DivisionRing took 0.00137ms
typeclass inference of DivisionRing took 0.00116ms
typeclass inference of DivisionRing took 0.00103ms
typeclass inference of DivisionRing took 0.00104ms
typeclass inference of DivisionRing took 0.00124ms
typeclass inference of DivisionRing took 0.00101ms
typeclass inference of DivisionRing took 0.000972ms
typeclass inference of DivisionRing took 0.00219ms
typeclass inference of DivisionRing took 0.00108ms
typeclass inference of DivisionRing took 0.00131ms
typeclass inference of DivisionRing took 0.00105ms
typeclass inference of DivisionRing took 0.00109ms
typeclass inference of DivisionRing took 0.00103ms
typeclass inference of DivisionRing took 0.000982ms
typeclass inference of DivisionRing took 0.00162ms
typeclass inference of DivisionRing took 0.000982ms
typeclass inference of DivisionRing took 0.00321ms
typeclass inference of DivisionRing took 0.000972ms
typeclass inference of DivisionRing took 0.000992ms
typeclass inference of DivisionRing took 0.000972ms
typeclass inference of DivisionRing took 0.00156ms
typeclass inference of DivisionRing took 0.001ms
typeclass inference of DivisionRing took 0.00103ms
typeclass inference of DivisionRing took 0.000951ms
typeclass inference of DivisionRing took 0.000931ms
typeclass inference of Semifield took 0.551ms
typeclass inference of Semifield took 0.0023ms
typeclass inference of Semifield took 0.0012ms
typeclass inference of Semifield took 0.00112ms
typeclass inference of Semifield took 0.00101ms
typeclass inference of Semifield took 0.000972ms
typeclass inference of Semifield took 0.00103ms
typeclass inference of Semifield took 0.000982ms
typeclass inference of Semifield took 0.000942ms
typeclass inference of Semifield took 0.00229ms
typeclass inference of Semifield took 0.00121ms
typeclass inference of Semifield took 0.00101ms
typeclass inference of Semifield took 0.001ms
typeclass inference of Semifield took 0.00102ms
typeclass inference of Semifield took 0.000982ms
typeclass inference of Semifield took 0.00103ms
typeclass inference of Field took 0.0021ms
typeclass inference of Field took 0.00117ms
typeclass inference of Field took 0.00105ms
typeclass inference of Field took 0.00206ms
typeclass inference of Field took 0.00106ms
typeclass inference of Field took 0.00116ms
typeclass inference of Field took 0.0011ms
typeclass inference of Field took 0.000962ms
typeclass inference of Field took 0.00107ms
typeclass inference of Field took 0.000922ms
typeclass inference of Field took 0.000962ms
typeclass inference of Field took 0.000962ms
typeclass inference of Field took 0.0019ms
typeclass inference of Field took 0.00114ms
typeclass inference of Field took 0.00105ms
typeclass inference of Field took 0.0011ms
typeclass inference of Field took 0.00101ms
typeclass inference of Field took 0.00104ms
typeclass inference of Field took 0.000972ms
typeclass inference of Field took 0.000942ms
typeclass inference of Field took 0.00191ms
typeclass inference of Field took 0.00114ms
typeclass inference of Field took 0.001ms
typeclass inference of Field took 0.00101ms
typeclass inference of Field took 0.00102ms
typeclass inference of Field took 0.00102ms
typeclass inference of Field took 0.000962ms
typeclass inference of DivisionRing took 0.00219ms
typeclass inference of DivisionRing took 0.00215ms
typeclass inference of DivisionRing took 0.00109ms
typeclass inference of DivisionRing took 0.00106ms
typeclass inference of DivisionRing took 0.000992ms
typeclass inference of DivisionRing took 0.000992ms
typeclass inference of DivisionRing took 0.00109ms
typeclass inference of DivisionRing took 0.000952ms
typeclass inference of DivisionRing took 0.001ms
typeclass inference of DivisionRing took 0.00513ms
typeclass inference of DivisionRing took 0.00106ms
typeclass inference of DivisionRing took 0.00106ms
typeclass inference of DivisionRing took 0.0019ms
typeclass inference of DivisionRing took 0.00104ms
typeclass inference of DivisionRing took 0.00106ms
typeclass inference of DivisionRing took 0.00105ms
typeclass inference of EuclideanDomain took 0.392ms
typeclass inference of EuclideanDomain took 0.00251ms
typeclass inference of EuclideanDomain took 0.0016ms
typeclass inference of EuclideanDomain took 0.00118ms
typeclass inference of EuclideanDomain took 0.00101ms
typeclass inference of EuclideanDomain took 0.00105ms
typeclass inference of EuclideanDomain took 0.00154ms
typeclass inference of EuclideanDomain took 0.00104ms
typeclass inference of EuclideanDomain took 0.00101ms
typeclass inference of EuclideanDomain took 0.00101ms
typeclass inference of EuclideanDomain took 0.00143ms
typeclass inference of EuclideanDomain took 0.00107ms
typeclass inference of EuclideanDomain took 0.00102ms
typeclass inference of EuclideanDomain took 0.00205ms
typeclass inference of EuclideanDomain took 0.00135ms
typeclass inference of EuclideanDomain took 0.0014ms
typeclass inference of EuclideanDomain took 0.00128ms
typeclass inference of EuclideanDomain took 0.0014ms
typeclass inference of EuclideanDomain took 0.00125ms
typeclass inference of EuclideanDomain took 0.001ms
typeclass inference of EuclideanDomain took 0.000972ms
typeclass inference of EuclideanDomain took 0.000942ms
typeclass inference of EuclideanDomain took 0.00224ms
typeclass inference of EuclideanDomain took 0.00117ms
typeclass inference of EuclideanDomain took 0.00137ms
typeclass inference of EuclideanDomain took 0.0011ms
typeclass inference of EuclideanDomain took 0.00105ms
typeclass inference of EuclideanDomain took 0.00117ms
typeclass inference of EuclideanDomain took 0.00105ms
typeclass inference of EuclideanDomain took 0.001ms
typeclass inference of EuclideanDomain took 0.00183ms
typeclass inference of EuclideanDomain took 0.00112ms
typeclass inference of EuclideanDomain took 0.00108ms
typeclass inference of EuclideanDomain took 0.00103ms
typeclass inference of EuclideanDomain took 0.00103ms
typeclass inference of EuclideanDomain took 0.00103ms
typeclass inference of EuclideanDomain took 0.000992ms
typeclass inference of CommMonoidWithZero took 1.03ms
typeclass inference of Semiring took 0.0052ms
typeclass inference of CommMonoidWithZero took 0.00451ms
typeclass inference of CommMonoidWithZero took 0.00359ms
typeclass inference of CommGroupWithZero took 0.492ms
typeclass inference of CommGroupWithZero took 0.00331ms
typeclass inference of CommGroupWithZero took 0.00188ms
typeclass inference of CommGroupWithZero took 0.00138ms
typeclass inference of CommGroupWithZero took 0.00111ms
typeclass inference of CommGroupWithZero took 0.0011ms
typeclass inference of CommGroupWithZero took 0.00101ms
typeclass inference of CommGroupWithZero took 0.00103ms
typeclass inference of LinearOrderedCommMonoidWithZero took 0.0489ms
typeclass inference of LinearOrderedCommMonoidWithZero took 0.0018ms
typeclass inference of LinearOrderedCommMonoidWithZero took 0.00216ms
typeclass inference of LinearOrderedCommMonoidWithZero took 0.00129ms
typeclass inference of LinearOrderedCommMonoidWithZero took 0.00115ms
typeclass inference of LinearOrderedCommMonoidWithZero took 0.001ms
typeclass inference of LinearOrderedCommMonoidWithZero took 0.000982ms
typeclass inference of LinearOrderedCommMonoidWithZero took 0.000972ms
typeclass inference of LinearOrderedCommMonoidWithZero took 0.000962ms
typeclass inference of LinearOrderedCommMonoidWithZero took 0.0021ms
typeclass inference of LinearOrderedCommMonoidWithZero took 0.00127ms
typeclass inference of LinearOrderedCommMonoidWithZero took 0.0011ms
typeclass inference of LinearOrderedCommMonoidWithZero took 0.002ms
typeclass inference of LinearOrderedCommMonoidWithZero took 0.00113ms
typeclass inference of LinearOrderedCommMonoidWithZero took 0.00102ms
typeclass inference of LinearOrderedCommMonoidWithZero took 0.00103ms
typeclass inference of LinearOrderedCommMonoidWithZero took 0.00104ms
typeclass inference of LinearOrderedCommMonoidWithZero took 0.000991ms
typeclass inference of LinearOrderedCommMonoidWithZero took 0.000892ms
typeclass inference of LinearOrderedCommMonoidWithZero took 0.00181ms
typeclass inference of LinearOrderedCommMonoidWithZero took 0.00109ms
typeclass inference of LinearOrderedCommMonoidWithZero took 0.00107ms
typeclass inference of LinearOrderedCommMonoidWithZero took 0.001ms
typeclass inference of LinearOrderedCommMonoidWithZero took 0.00103ms
typeclass inference of LinearOrderedCommMonoidWithZero took 0.001ms
typeclass inference of LinearOrderedCommMonoidWithZero took 0.00176ms
typeclass inference of LinearOrderedCommMonoidWithZero took 0.00104ms
typeclass inference of LinearOrderedCommMonoidWithZero took 0.001ms
typeclass inference of LinearOrderedCommMonoidWithZero took 0.00105ms
typeclass inference of LinearOrderedCommMonoidWithZero took 0.000951ms
typeclass inference of LinearOrderedCommMonoidWithZero took 0.0021ms
typeclass inference of LinearOrderedCommMonoidWithZero took 0.00132ms
typeclass inference of LinearOrderedCommMonoidWithZero took 0.0016ms
typeclass inference of LinearOrderedCommMonoidWithZero took 0.00188ms
typeclass inference of LinearOrderedCommMonoidWithZero took 0.000982ms
typeclass inference of LinearOrderedCommMonoidWithZero took 0.00105ms
typeclass inference of LinearOrderedCommMonoidWithZero took 0.00103ms
typeclass inference of LinearOrderedCommMonoidWithZero took 0.00102ms
typeclass inference of LinearOrderedCommMonoidWithZero took 0.00101ms
typeclass inference of LinearOrderedCommMonoidWithZero took 0.000892ms
typeclass inference of LinearOrderedCommMonoidWithZero took 0.00118ms
typeclass inference of LinearOrderedCommMonoidWithZero took 0.00111ms
typeclass inference of LinearOrderedCommMonoidWithZero took 0.00101ms
typeclass inference of LinearOrderedCommMonoidWithZero took 0.00182ms
typeclass inference of LinearOrderedCommMonoidWithZero took 0.00116ms
typeclass inference of LinearOrderedCommMonoidWithZero took 0.00111ms
typeclass inference of LinearOrderedCommMonoidWithZero took 0.00113ms
typeclass inference of LinearOrderedCommMonoidWithZero took 0.00108ms
typeclass inference of LinearOrderedCommMonoidWithZero took 0.00112ms
typeclass inference of LinearOrderedCommMonoidWithZero took 0.00102ms
typeclass inference of LinearOrderedCommMonoidWithZero took 0.00207ms
typeclass inference of LinearOrderedCommMonoidWithZero took 0.00117ms
typeclass inference of LinearOrderedCommMonoidWithZero took 0.00117ms
typeclass inference of LinearOrderedCommMonoidWithZero took 0.00121ms
typeclass inference of LinearOrderedCommMonoidWithZero took 0.00114ms
typeclass inference of LinearOrderedCommMonoidWithZero took 0.00108ms
typeclass inference of LinearOrderedCommMonoidWithZero took 0.00218ms
typeclass inference of LinearOrderedCommMonoidWithZero took 0.00117ms
typeclass inference of LinearOrderedCommMonoidWithZero took 0.00111ms
typeclass inference of LinearOrderedCommMonoidWithZero took 0.00112ms
typeclass inference of LinearOrderedCommMonoidWithZero took 0.00107ms
typeclass inference of LinearOrderedCommMonoidWithZero took 0.00197ms
typeclass inference of LinearOrderedCommMonoidWithZero took 0.0012ms
typeclass inference of LinearOrderedCommMonoidWithZero took 0.00119ms
typeclass inference of LinearOrderedCommMonoidWithZero took 0.00197ms
typeclass inference of LinearOrderedCommMonoidWithZero took 0.00118ms
typeclass inference of LinearOrderedCommMonoidWithZero took 0.00189ms
typeclass inference of LinearOrderedCommMonoidWithZero took 0.00111ms
typeclass inference of LinearOrderedCommMonoidWithZero took 0.00111ms
typeclass inference of LinearOrderedCommMonoidWithZero took 0.00115ms
typeclass inference of LinearOrderedCommMonoidWithZero took 0.00129ms
typeclass inference of LinearOrderedCommMonoidWithZero took 0.00112ms
typeclass inference of LinearOrderedCommMonoidWithZero took 0.00107ms
typeclass inference of LinearOrderedCommMonoidWithZero took 0.00129ms
typeclass inference of LinearOrderedCommMonoidWithZero took 0.00117ms
typeclass inference of LinearOrderedCommMonoidWithZero took 0.00113ms
typeclass inference of LinearOrderedCommMonoidWithZero took 0.00227ms
typeclass inference of LinearOrderedCommMonoidWithZero took 0.00114ms
typeclass inference of LinearOrderedCommMonoidWithZero took 0.00118ms
typeclass inference of LinearOrderedCommMonoidWithZero took 0.00135ms
typeclass inference of LinearOrderedCommMonoidWithZero took 0.00109ms
typeclass inference of LinearOrderedCommMonoidWithZero took 0.00129ms
typeclass inference of LinearOrderedCommMonoidWithZero took 0.000932ms
typeclass inference of LinearOrderedCommMonoidWithZero took 0.0019ms
typeclass inference of LinearOrderedCommMonoidWithZero took 0.0012ms
typeclass inference of LinearOrderedCommMonoidWithZero took 0.00117ms
typeclass inference of LinearOrderedCommMonoidWithZero took 0.00221ms
typeclass inference of LinearOrderedCommMonoidWithZero took 0.00113ms
typeclass inference of LinearOrderedCommMonoidWithZero took 0.00112ms
typeclass inference of LinearOrderedCommMonoidWithZero took 0.00167ms
typeclass inference of LinearOrderedCommMonoidWithZero took 0.00112ms
typeclass inference of LinearOrderedCommMonoidWithZero took 0.00113ms
typeclass inference of LinearOrderedCommMonoidWithZero took 0.00112ms
typeclass inference of LinearOrderedCommMonoidWithZero took 0.0011ms
typeclass inference of LinearOrderedCommMonoidWithZero took 0.00168ms
typeclass inference of LinearOrderedCommMonoidWithZero took 0.00126ms
typeclass inference of LinearOrderedCommMonoidWithZero took 0.00114ms
typeclass inference of LinearOrderedCommMonoidWithZero took 0.00192ms
typeclass inference of LinearOrderedCommMonoidWithZero took 0.00113ms
typeclass inference of LinearOrderedCommMonoidWithZero took 0.00113ms
typeclass inference of LinearOrderedCommMonoidWithZero took 0.00105ms
typeclass inference of LinearOrderedCommMonoidWithZero took 0.00106ms
typeclass inference of LinearOrderedCommMonoidWithZero took 0.00109ms
typeclass inference of LinearOrderedCommMonoidWithZero took 0.000952ms
typeclass inference of LinearOrderedCommMonoidWithZero took 0.00121ms
typeclass inference of LinearOrderedCommMonoidWithZero took 0.00109ms
typeclass inference of LinearOrderedCommMonoidWithZero took 0.00103ms
typeclass inference of LinearOrderedCommMonoidWithZero took 0.0016ms
typeclass inference of LinearOrderedCommMonoidWithZero took 0.00101ms
typeclass inference of LinearOrderedCommMonoidWithZero took 0.00105ms
typeclass inference of LinearOrderedCommMonoidWithZero took 0.00104ms
typeclass inference of LinearOrderedCommMonoidWithZero took 0.00103ms
typeclass inference of LinearOrderedCommMonoidWithZero took 0.00103ms
typeclass inference of LinearOrderedCommMonoidWithZero took 0.000942ms
typeclass inference of LinearOrderedCommMonoidWithZero took 0.00184ms
typeclass inference of LinearOrderedCommMonoidWithZero took 0.00105ms
typeclass inference of LinearOrderedCommMonoidWithZero took 0.00109ms
typeclass inference of LinearOrderedCommMonoidWithZero took 0.001ms
typeclass inference of LinearOrderedCommMonoidWithZero took 0.000992ms
typeclass inference of LinearOrderedCommMonoidWithZero took 0.00101ms
typeclass inference of LinearOrderedCommMonoidWithZero took 0.00146ms
typeclass inference of LinearOrderedCommMonoidWithZero took 0.00104ms
typeclass inference of LinearOrderedCommMonoidWithZero took 0.00129ms
typeclass inference of LinearOrderedCommMonoidWithZero took 0.00105ms
typeclass inference of LinearOrderedCommMonoidWithZero took 0.00116ms
typeclass inference of LinearOrderedCommMonoidWithZero took 0.00154ms
typeclass inference of LinearOrderedCommMonoidWithZero took 0.00112ms
typeclass inference of LinearOrderedCommMonoidWithZero took 0.000951ms
typeclass inference of LinearOrderedCommMonoidWithZero took 0.00166ms
typeclass inference of LinearOrderedCommMonoidWithZero took 0.00116ms
typeclass inference of LinearOrderedCommMonoidWithZero took 0.0011ms
typeclass inference of LinearOrderedCommMonoidWithZero took 0.00169ms
typeclass inference of LinearOrderedCommMonoidWithZero took 0.00114ms
typeclass inference of LinearOrderedCommMonoidWithZero took 0.00114ms
typeclass inference of LinearOrderedCommMonoidWithZero took 0.0011ms
typeclass inference of LinearOrderedCommMonoidWithZero took 0.0011ms
typeclass inference of LinearOrderedCommMonoidWithZero took 0.00105ms
typeclass inference of LinearOrderedCommMonoidWithZero took 0.000892ms
typeclass inference of LinearOrderedCommMonoidWithZero took 0.00129ms
typeclass inference of LinearOrderedCommMonoidWithZero took 0.00109ms
typeclass inference of LinearOrderedCommMonoidWithZero took 0.00129ms
typeclass inference of LinearOrderedCommMonoidWithZero took 0.00168ms
typeclass inference of LinearOrderedCommMonoidWithZero took 0.000982ms
typeclass inference of LinearOrderedCommMonoidWithZero took 0.00106ms
typeclass inference of LinearOrderedCommMonoidWithZero took 0.00119ms
typeclass inference of LinearOrderedCommMonoidWithZero took 0.00103ms
typeclass inference of LinearOrderedCommMonoidWithZero took 0.000942ms
typeclass inference of LinearOrderedCommMonoidWithZero took 0.000892ms
typeclass inference of LinearOrderedCommMonoidWithZero took 0.00179ms
typeclass inference of LinearOrderedCommMonoidWithZero took 0.00119ms
typeclass inference of LinearOrderedCommMonoidWithZero took 0.00114ms
typeclass inference of LinearOrderedCommMonoidWithZero took 0.001ms
typeclass inference of LinearOrderedCommMonoidWithZero took 0.00108ms
typeclass inference of LinearOrderedCommMonoidWithZero took 0.00108ms
typeclass inference of LinearOrderedCommMonoidWithZero took 0.00167ms
typeclass inference of LinearOrderedCommMonoidWithZero took 0.00114ms
typeclass inference of LinearOrderedCommMonoidWithZero took 0.00102ms
typeclass inference of LinearOrderedCommMonoidWithZero took 0.00104ms
typeclass inference of LinearOrderedCommMonoidWithZero took 0.000992ms
typeclass inference of LinearOrderedCommMonoidWithZero took 0.00166ms
typeclass inference of LinearOrderedCommMonoidWithZero took 0.00111ms
typeclass inference of LinearOrderedCommMonoidWithZero took 0.00107ms
typeclass inference of LinearOrderedCommMonoidWithZero took 0.000962ms
typeclass inference of LinearOrderedCommMonoidWithZero took 0.00135ms
typeclass inference of LinearOrderedCommMonoidWithZero took 0.00109ms
typeclass inference of LinearOrderedCommMonoidWithZero took 0.001ms
typeclass inference of NonUnitalNonAssocRing took 0.402ms
typeclass inference of NormedRing took 0.403ms
typeclass inference of NormedRing took 0.00244ms
typeclass inference of NormedRing took 0.00188ms
typeclass inference of NormedRing took 0.00117ms
typeclass inference of NormedRing took 0.00117ms
typeclass inference of NormedRing took 0.00106ms
typeclass inference of NormedRing took 0.00118ms
typeclass inference of NormedRing took 0.00105ms
typeclass inference of NormedRing took 0.00117ms
typeclass inference of NormedRing took 0.00155ms
typeclass inference of NormedRing took 0.00109ms
typeclass inference of NormedRing took 0.00104ms
typeclass inference of NormedRing took 0.000982ms
typeclass inference of NormedRing took 0.002ms
typeclass inference of NormedRing took 0.0011ms
typeclass inference of NormedRing took 0.00107ms
typeclass inference of NormedRing took 0.00107ms
typeclass inference of NormedRing took 0.00101ms
typeclass inference of NormedRing took 0.00134ms
typeclass inference of NormedRing took 0.00115ms
typeclass inference of NormedRing took 0.000972ms
typeclass inference of NormedRing took 0.00245ms
typeclass inference of NormedRing took 0.00126ms
typeclass inference of NormedRing took 0.00228ms
typeclass inference of NormedRing took 0.00109ms
typeclass inference of NormedRing took 0.00105ms
typeclass inference of NormedRing took 0.001ms
typeclass inference of NormedRing took 0.000992ms
typeclass inference of NormedRing took 0.00163ms
typeclass inference of NormedRing took 0.00106ms
typeclass inference of NormedRing took 0.00113ms
typeclass inference of NormedRing took 0.00104ms
typeclass inference of NormedRing took 0.001ms
typeclass inference of NormedRing took 0.00155ms
typeclass inference of NormedRing took 0.000992ms
typeclass inference of NormedRing took 0.001ms
typeclass inference of NormedRing took 0.00144ms
typeclass inference of NormedRing took 0.00149ms
typeclass inference of NormedRing took 0.00103ms
typeclass inference of NormedRing took 0.000992ms
typeclass inference of Semiring took 0.00478ms
typeclass inference of Semiring took 0.00447ms
typeclass inference of GroupWithZero took 0.738ms
typeclass inference of GroupWithZero took 0.00262ms
typeclass inference of GroupWithZero took 0.00251ms
typeclass inference of GroupWithZero took 0.00119ms
typeclass inference of GroupWithZero took 0.00133ms
typeclass inference of GroupWithZero took 0.00114ms
typeclass inference of GroupWithZero took 0.00104ms
typeclass inference of GroupWithZero took 0.00149ms
typeclass inference of GroupWithZero took 0.00108ms
typeclass inference of GroupWithZero took 0.00129ms
typeclass inference of GroupWithZero took 0.00101ms
typeclass inference of GroupWithZero took 0.00136ms
typeclass inference of GroupWithZero took 0.00101ms
typeclass inference of GroupWithZero took 0.00128ms
typeclass inference of MulZeroClass took 1ms
typeclass inference of Semiring took 0.00553ms
typeclass inference of CommMonoidWithZero took 0.00561ms
typeclass inference of CommMonoidWithZero took 0.00424ms
typeclass inference of LinearOrderedCommMonoidWithZero took 0.00381ms
typeclass inference of LinearOrderedCommMonoidWithZero took 0.0021ms
typeclass inference of LinearOrderedCommMonoidWithZero took 0.00137ms
typeclass inference of LinearOrderedCommMonoidWithZero took 0.00105ms
typeclass inference of LinearOrderedCommMonoidWithZero took 0.00105ms
typeclass inference of LinearOrderedCommMonoidWithZero took 0.000972ms
typeclass inference of LinearOrderedCommMonoidWithZero took 0.00149ms
typeclass inference of LinearOrderedCommMonoidWithZero took 0.00105ms
typeclass inference of LinearOrderedCommMonoidWithZero took 0.00102ms
typeclass inference of LinearOrderedCommMonoidWithZero took 0.000952ms
typeclass inference of LinearOrderedCommMonoidWithZero took 0.00145ms
typeclass inference of LinearOrderedCommMonoidWithZero took 0.00112ms
typeclass inference of LinearOrderedCommMonoidWithZero took 0.000972ms
typeclass inference of NonUnitalNonAssocRing took 0.00501ms
typeclass inference of GroupWithZero took 0.00262ms
typeclass inference of GroupWithZero took 0.00138ms
typeclass inference of GroupWithZero took 0.0016ms
typeclass inference of GroupWithZero took 0.00102ms
typeclass inference of GroupWithZero took 0.00103ms
typeclass inference of GroupWithZero took 0.00103ms
typeclass inference of GroupWithZero took 0.000941ms
typeclass inference of GroupWithZero took 0.00147ms
typeclass inference of GroupWithZero took 0.00107ms
typeclass inference of GroupWithZero took 0.00103ms
typeclass inference of GroupWithZero took 0.000942ms
typeclass inference of GroupWithZero took 0.00136ms
typeclass inference of GroupWithZero took 0.001ms
typeclass inference of GroupWithZero took 0.00101ms
typeclass inference of MulZeroClass took 0.00332ms
typeclass inference of GroupWithZero took 0.00251ms
typeclass inference of GroupWithZero took 0.00136ms
typeclass inference of GroupWithZero took 0.00215ms
typeclass inference of GroupWithZero took 0.0011ms
typeclass inference of GroupWithZero took 0.00112ms
typeclass inference of GroupWithZero took 0.0011ms
typeclass inference of GroupWithZero took 0.00101ms
typeclass inference of GroupWithZero took 0.000942ms
typeclass inference of GroupWithZero took 0.00136ms
typeclass inference of GroupWithZero took 0.00104ms
typeclass inference of GroupWithZero took 0.00109ms
typeclass inference of GroupWithZero took 0.00185ms
typeclass inference of GroupWithZero took 0.00103ms
typeclass inference of GroupWithZero took 0.00114ms
typeclass inference of GroupWithZero took 0.00106ms
typeclass inference of GroupWithZero took 0.00104ms
typeclass inference of GroupWithZero took 0.000942ms
typeclass inference of GroupWithZero took 0.00182ms
typeclass inference of GroupWithZero took 0.00592ms
typeclass inference of GroupWithZero took 0.00108ms
typeclass inference of GroupWithZero took 0.00105ms
typeclass inference of GroupWithZero took 0.000982ms
typeclass inference of GroupWithZero took 0.00147ms
typeclass inference of GroupWithZero took 0.00103ms
typeclass inference of GroupWithZero took 0.001ms
typeclass inference of GroupWithZero took 0.00175ms
typeclass inference of GroupWithZero took 0.00106ms
typeclass inference of GroupWithZero took 0.00172ms
typeclass inference of GroupWithZero took 0.00102ms
typeclass inference of GroupWithZero took 0.00102ms
typeclass inference of GroupWithZero took 0.001ms
typeclass inference of GroupWithZero took 0.00108ms
typeclass inference of GroupWithZero took 0.000952ms
typeclass inference of GroupWithZero took 0.00132ms
typeclass inference of GroupWithZero took 0.00105ms
typeclass inference of GroupWithZero took 0.00112ms
typeclass inference of GroupWithZero took 0.00172ms
typeclass inference of GroupWithZero took 0.00101ms
typeclass inference of GroupWithZero took 0.00102ms
typeclass inference of GroupWithZero took 0.00104ms
typeclass inference of GroupWithZero took 0.00109ms
typeclass inference of GroupWithZero took 0.00114ms
typeclass inference of GroupWithZero took 0.00171ms
typeclass inference of GroupWithZero took 0.00111ms
typeclass inference of GroupWithZero took 0.00108ms
typeclass inference of GroupWithZero took 0.00109ms
typeclass inference of GroupWithZero took 0.00108ms
typeclass inference of GroupWithZero took 0.00164ms
typeclass inference of GroupWithZero took 0.0126ms
typeclass inference of GroupWithZero took 0.00106ms
typeclass inference of GroupWithZero took 0.00149ms
typeclass inference of GroupWithZero took 0.00114ms
typeclass inference of GroupWithZero took 0.0129ms
typeclass inference of GroupWithZero took 0.00198ms
typeclass inference of GroupWithZero took 0.0012ms
typeclass inference of GroupWithZero took 0.00109ms
typeclass inference of GroupWithZero took 0.00123ms
typeclass inference of GroupWithZero took 0.00113ms
typeclass inference of GroupWithZero took 0.000952ms
typeclass inference of GroupWithZero took 0.00186ms
typeclass inference of GroupWithZero took 0.00188ms
typeclass inference of GroupWithZero took 0.013ms
typeclass inference of GroupWithZero took 0.00106ms
typeclass inference of GroupWithZero took 0.001ms
typeclass inference of GroupWithZero took 0.00176ms
typeclass inference of GroupWithZero took 0.00121ms
typeclass inference of GroupWithZero took 0.00119ms
typeclass inference of GroupWithZero took 0.000982ms
typeclass inference of GroupWithZero took 0.00178ms
typeclass inference of GroupWithZero took 0.00102ms
typeclass inference of GroupWithZero took 0.00109ms
typeclass inference of CommMonoidWithZero took 0.00416ms
typeclass inference of LinearOrderedCommMonoidWithZero took 0.00213ms
typeclass inference of LinearOrderedCommMonoidWithZero took 0.00195ms
typeclass inference of LinearOrderedCommMonoidWithZero took 0.00119ms
typeclass inference of LinearOrderedCommMonoidWithZero took 0.00102ms
typeclass inference of LinearOrderedCommMonoidWithZero took 0.00101ms
typeclass inference of LinearOrderedCommMonoidWithZero took 0.000962ms
typeclass inference of LinearOrderedCommMonoidWithZero took 0.00147ms
typeclass inference of LinearOrderedCommMonoidWithZero took 0.000982ms
typeclass inference of LinearOrderedCommMonoidWithZero took 0.00103ms
typeclass inference of LinearOrderedCommMonoidWithZero took 0.00104ms
typeclass inference of LinearOrderedCommMonoidWithZero took 0.00172ms
typeclass inference of LinearOrderedCommMonoidWithZero took 0.00111ms
typeclass inference of LinearOrderedCommMonoidWithZero took 0.00109ms
typeclass inference of NonUnitalNonAssocRing took 0.00438ms
typeclass inference of GroupWithZero took 0.00224ms
typeclass inference of GroupWithZero took 0.00127ms
typeclass inference of GroupWithZero took 0.00175ms
typeclass inference of GroupWithZero took 0.00106ms
typeclass inference of GroupWithZero took 0.00111ms
typeclass inference of GroupWithZero took 0.00102ms
typeclass inference of GroupWithZero took 0.000972ms
typeclass inference of GroupWithZero took 0.00143ms
typeclass inference of GroupWithZero took 0.000992ms
typeclass inference of GroupWithZero took 0.00102ms
typeclass inference of GroupWithZero took 0.000982ms
typeclass inference of GroupWithZero took 0.00134ms
typeclass inference of GroupWithZero took 0.00102ms
typeclass inference of GroupWithZero took 0.001ms
sym typeclass inference of Lean.Grind.NoNatZeroDivisors took 61.2ms
sym typeclass inference of Lean.Grind.Field took 0.39ms
typeclass inference of Lean.Grind.CommSemiring took 0.522ms
typeclass inference of Field took 0.00267ms
typeclass inference of Field took 0.00287ms
typeclass inference of Field took 0.00133ms
typeclass inference of Field took 0.00239ms
typeclass inference of Field took 0.00115ms
typeclass inference of Field took 0.00291ms
typeclass inference of Field took 0.00126ms
typeclass inference of Field took 0.00155ms
typeclass inference of Field took 0.000982ms
typeclass inference of Field took 0.00148ms
typeclass inference of Field took 0.00283ms
typeclass inference of Field took 0.00153ms
typeclass inference of Field took 0.00311ms
typeclass inference of Field took 0.00112ms
typeclass inference of Field took 0.00132ms
typeclass inference of Field took 0.000992ms
typeclass inference of Field took 0.00103ms
typeclass inference of Field took 0.00107ms
typeclass inference of Field took 0.001ms
typeclass inference of Field took 0.000962ms
typeclass inference of Field took 0.001ms
typeclass inference of Field took 0.00278ms
typeclass inference of Field took 0.00129ms
typeclass inference of Field took 0.00127ms
typeclass inference of Field took 0.00102ms
typeclass inference of Field took 0.00101ms
typeclass inference of Field took 0.00118ms
typeclass inference of Field took 0.00102ms
typeclass inference of Field took 0.000972ms
typeclass inference of Field took 0.00297ms
typeclass inference of Field took 0.00103ms
typeclass inference of Field took 0.000952ms
typeclass inference of Field took 0.00102ms
typeclass inference of Field took 0.00125ms
typeclass inference of Field took 0.00124ms
typeclass inference of Field took 0.000952ms
typeclass inference of Field took 0.00199ms
typeclass inference of Field took 0.00109ms
typeclass inference of Field took 0.00141ms
typeclass inference of Field took 0.000962ms
typeclass inference of Field took 0.00101ms
typeclass inference of Field took 0.00107ms
typeclass inference of Field took 0.001ms
typeclass inference of Field took 0.000952ms
typeclass inference of Field took 0.001ms
typeclass inference of Field took 0.00258ms
typeclass inference of Field took 0.00116ms
typeclass inference of Field took 0.00104ms
typeclass inference of Field took 0.00106ms
typeclass inference of Field took 0.00102ms
typeclass inference of Field took 0.001ms
typeclass inference of Field took 0.00102ms
typeclass inference of Field took 0.000942ms
typeclass inference of Field took 0.00175ms
typeclass inference of Field took 0.00101ms
typeclass inference of Field took 0.00102ms
typeclass inference of Field took 0.00108ms
typeclass inference of Field took 0.00103ms
typeclass inference of Field took 0.000952ms
typeclass inference of Field took 0.000982ms
typeclass inference of Field took 0.00169ms
typeclass inference of Field took 0.00104ms
typeclass inference of Field took 0.00105ms
typeclass inference of Field took 0.00102ms
typeclass inference of Field took 0.00102ms
typeclass inference of Field took 0.000962ms
typeclass inference of Field took 0.00163ms
typeclass inference of Field took 0.001ms
typeclass inference of Field took 0.000992ms
typeclass inference of Field took 0.000991ms
typeclass inference of Field took 0.000931ms
typeclass inference of Field took 0.00157ms
typeclass inference of Field took 0.00107ms
typeclass inference of Field took 0.00101ms
typeclass inference of Field took 0.00108ms
typeclass inference of Field took 0.00144ms
typeclass inference of Field took 0.00105ms
typeclass inference of Field took 0.00101ms
typeclass inference of Field took 0.0188ms
typeclass inference of Field took 0.00207ms
typeclass inference of Field took 0.00117ms
typeclass inference of Field took 0.00115ms
typeclass inference of Field took 0.001ms
typeclass inference of Field took 0.000982ms
typeclass inference of Field took 0.00106ms
typeclass inference of Field took 0.001ms
typeclass inference of Field took 0.000962ms
typeclass inference of Field took 0.000961ms
typeclass inference of Field took 0.00123ms
typeclass inference of Field took 0.00107ms
typeclass inference of Field took 0.00182ms
typeclass inference of Field took 0.00113ms
typeclass inference of Field took 0.00106ms
typeclass inference of Field took 0.00107ms
typeclass inference of Field took 0.00101ms
typeclass inference of Field took 0.00125ms
typeclass inference of Field took 0.00101ms
typeclass inference of Field took 0.000961ms
typeclass inference of Field took 0.000942ms
typeclass inference of Field took 0.00205ms
typeclass inference of Field took 0.00136ms
typeclass inference of Field took 0.00106ms
typeclass inference of Field took 0.00105ms
typeclass inference of Field took 0.00131ms
typeclass inference of Field took 0.00106ms
typeclass inference of Field took 0.001ms
typeclass inference of Field took 0.000992ms
typeclass inference of Field took 0.00133ms
typeclass inference of Field took 0.00107ms
typeclass inference of Field took 0.00103ms
typeclass inference of Field took 0.000962ms
typeclass inference of Field took 0.000982ms
typeclass inference of Field took 0.000982ms
typeclass inference of Field took 0.00116ms
typeclass inference of Field took 0.00184ms
typeclass inference of Field took 0.00105ms
typeclass inference of Field took 0.0011ms
typeclass inference of Field took 0.00106ms
typeclass inference of Field took 0.00104ms
typeclass inference of Field took 0.001ms
typeclass inference of Field took 0.000962ms
typeclass inference of Field took 0.00105ms
typeclass inference of Field took 0.000972ms
typeclass inference of Field took 0.00197ms
typeclass inference of Field took 0.00105ms
typeclass inference of Field took 0.00106ms
typeclass inference of Field took 0.00101ms
typeclass inference of Field took 0.00102ms
typeclass inference of Field took 0.00107ms
typeclass inference of Field took 0.00102ms
typeclass inference of Field took 0.001ms
typeclass inference of Field took 0.00182ms
typeclass inference of Field took 0.00102ms
typeclass inference of Field took 0.00105ms
typeclass inference of Field took 0.00107ms
typeclass inference of Field took 0.002ms
typeclass inference of Field took 0.00115ms
typeclass inference of Field took 0.000981ms
typeclass inference of Field took 0.00159ms
typeclass inference of Field took 0.00108ms
typeclass inference of Field took 0.00102ms
typeclass inference of Field took 0.00103ms
typeclass inference of Field took 0.000981ms
typeclass inference of Field took 0.000972ms
typeclass inference of Field took 0.00155ms
typeclass inference of Field took 0.00104ms
typeclass inference of Field took 0.00103ms
typeclass inference of Field took 0.000972ms
typeclass inference of Field took 0.000982ms
typeclass inference of Field took 0.00154ms
typeclass inference of Field took 0.00103ms
typeclass inference of Field took 0.00101ms
typeclass inference of Field took 0.00101ms
typeclass inference of Field took 0.00144ms
typeclass inference of Field took 0.00111ms
typeclass inference of Field took 0.001ms
sym typeclass inference of Lean.Grind.PowIdentity took 16.1ms
sym typeclass inference of HSub took 0.0248ms
sym canon took 0.0277ms
sym typeclass inference of HMul took 0.00745ms
sym canon took 0.0288ms
sym typeclass inference of Lean.Grind.ToInt took 0.121ms
sym typeclass inference of LE took 5.95ms
sym typeclass inference of LT took 2.62ms
sym typeclass inference of LE took 0.00271ms
congr simp thm took 0.00173ms
congr simp thm took 0.000712ms
congr simp thm took 0.000361ms
congr simp thm took 0.00029ms
congr simp thm took 0.00599ms
grind simp took 0.458ms
grind mark subsingleton took 0.246ms
typeclass inference of CategoryTheory.CartesianMonoidalCategory took 0.0898ms
typeclass inference of CategoryTheory.CartesianMonoidalCategory took 0.00458ms
sym typeclass inference of HPow took 2.54ms
sym typeclass inference of OfNat took 0.921ms
sym typeclass inference of OfNat took 0.0468ms
sym canon took 0.288ms
grind mark subsingleton took 0.00175ms
sym canon took 0.000371ms
grind mark subsingleton took 0.000661ms
sym canon took 0.000201ms
grind mark subsingleton took 0.000451ms
sym canon took 0.00016ms
grind mark subsingleton took 0.0181ms
sym typeclass inference of Pow took 0.196ms
sym canon took 0.292ms
grind mark subsingleton took 0.00163ms
sym canon took 0.0004ms
grind mark subsingleton took 0.000601ms
sym canon took 0.000291ms
grind mark subsingleton took 0.00041ms
sym canon took 0.000161ms
grind mark subsingleton took 0.00631ms
sym canon took 0.000531ms
sym typeclass inference of Lean.Grind.CommRing took 0.902ms
sym typeclass inference of Lean.Grind.CommSemiring took 0.0429ms
sym typeclass inference of Lean.Grind.Semiring took 0.11ms
sym canon took 0.035ms
typeclass inference of Lean.Grind.CommSemiring took 0.0241ms
sym typeclass inference of Lean.Grind.CommRing took 0.213ms
sym typeclass inference of Lean.Grind.IsCharP took 1.6ms
typeclass inference of Lean.Grind.CommSemiring took 0.00868ms
sym typeclass inference of Lean.Grind.NatModule took 9.69ms
sym typeclass inference of Lean.Grind.NoNatZeroDivisors took 0.418ms
sym typeclass inference of Lean.Grind.Field took 0.388ms
typeclass inference of Lean.Grind.CommSemiring took 0.0247ms
typeclass inference of Lean.Grind.CommSemiring took 0.134ms
typeclass inference of Field took 0.288ms
typeclass inference of Field took 0.00233ms
typeclass inference of Field took 0.00126ms
typeclass inference of Field took 0.00108ms
typeclass inference of Field took 0.00535ms
typeclass inference of Field took 0.0134ms
typeclass inference of Field took 0.00341ms
typeclass inference of Field took 0.0013ms
sym typeclass inference of Lean.Grind.PowIdentity took 2.42ms
sym typeclass inference of Lean.Grind.CommRing took 0.0536ms
sym typeclass inference of Lean.Grind.IsCharP took 0.173ms
sym typeclass inference of Lean.Grind.NatModule took 0.135ms
sym typeclass inference of Lean.Grind.NoNatZeroDivisors took 1.04ms
sym typeclass inference of Lean.Grind.Field took 0.378ms
typeclass inference of Lean.Grind.CommSemiring took 0.0765ms
typeclass inference of Field took 0.276ms
typeclass inference of Field took 0.00249ms
typeclass inference of Field took 0.00147ms
typeclass inference of Field took 0.00209ms
typeclass inference of Field took 0.0017ms
typeclass inference of Field took 0.00112ms
sym typeclass inference of Lean.Grind.PowIdentity took 0.903ms
sym typeclass inference of NatCast took 0.0363ms
sym typeclass inference of NatCast took 0.00313ms
sym canon took 0.0236ms
sym typeclass inference of LE took 0.000391ms
typeclass inference of Preorder took 1.14ms
typeclass inference of Std.IsPreorder took 0.335ms
typeclass inference of PartialOrder took 1.26ms
typeclass inference of Std.IsPartialOrder took 0.205ms
typeclass inference of Std.LinearPreorderPackage took 0.0963ms
typeclass inference of Std.LinearPreorderPackage took 0.00304ms
typeclass inference of Std.LinearPreorderPackage took 0.00151ms
typeclass inference of Std.IsLinearPreorder took 0.479ms
sym typeclass inference of LT took 0.00035ms
sym typeclass inference of LE took 0.00018ms
sym canon took 0.0146ms
typeclass inference of Std.LawfulOrderLT took 0.0454ms
sym typeclass inference of LT took 0.0002ms
sym canon took 0.0136ms
sym typeclass inference of Lean.Grind.OrderedRing took 0.0938ms
typeclass inference of OfNat took 0.0476ms
typeclass inference of OfNat took 0.0326ms
sym typeclass inference of HAdd took 0.000201ms
sym typeclass inference of HAdd took 0.000201ms
sym canon took 0.0194ms
typeclass inference of OfNat took 0.00347ms
sym typeclass inference of IntCast took 0.0303ms
sym typeclass inference of IntCast took 0.00255ms
sym canon took 0.0118ms
typeclass inference of OfNat took 0.00447ms
typeclass inference of OfNat took 0.0515ms
typeclass inference of OfNat took 0.0023ms
sym typeclass inference of HPow took 0.00498ms
sym canon took 0.00979ms
congr simp thm took 0.0045ms
congr simp thm took 0.00346ms
congr simp thm took 0.000711ms
congr simp thm took 0.000741ms
grind simp took 0.481ms
grind mark subsingleton took 0.0201ms
sym typeclass inference of LE took 0.000311ms
sym typeclass inference of OfNat took 0.0539ms
sym canon took 0.106ms
typeclass inference of OfNat took 0.0552ms
typeclass inference of OfNat took 0.0355ms
typeclass inference of OfNat took 0.00224ms
typeclass inference of OfNat took 0.00152ms
congr simp thm took 0.00439ms
congr simp thm took 0.00033ms
congr simp thm took 0.000621ms
congr simp thm took 0.000701ms
congr simp thm took 0.00357ms
typeclass inference of Decidable took 0.146ms
congr simp thm took 0.000602ms
grind simp took 0.673ms
grind mark subsingleton took 0.0147ms
sym typeclass inference of OfNat took 0.0583ms
sym canon took 0.106ms
typeclass inference of OfNat took 0.0469ms
typeclass inference of OfNat took 0.033ms
typeclass inference of OfNat took 0.00214ms
typeclass inference of OfNat took 0.0014ms
congr simp thm took 0.000561ms
congr simp thm took 0.000241ms
congr simp thm took 0.000631ms
congr simp thm took 0.000311ms
typeclass inference of Decidable took 0.111ms
congr simp thm took 0.000651ms
grind simp took 0.286ms
grind mark subsingleton took 0.0135ms
sym canon took 0.0634ms
typeclass inference of OfNat took 0.0514ms
typeclass inference of OfNat took 0.0342ms
typeclass inference of OfNat took 0.00237ms
typeclass inference of OfNat took 0.00149ms
congr simp thm took 0.000561ms
congr simp thm took 0.000211ms
congr simp thm took 0.000561ms
congr simp thm took 0.00027ms
typeclass inference of Decidable took 0.131ms
congr simp thm took 0.000571ms
grind simp took 0.305ms
grind mark subsingleton took 0.0142ms
sym typeclass inference of OfNat took 0.0455ms
sym canon took 0.191ms
typeclass inference of OfNat took 0.0803ms
typeclass inference of OfNat took 0.0537ms
typeclass inference of OfNat took 0.00221ms
typeclass inference of OfNat took 0.00139ms
congr simp thm took 0.000932ms
grind simp took 0.228ms
grind mark subsingleton took 0.0212ms
sym typeclass inference of OfNat took 0.0931ms
sym canon took 0.032ms
typeclass inference of OfNat took 0.0763ms
typeclass inference of OfNat took 0.0523ms
typeclass inference of OfNat took 0.00214ms
congr simp thm took 0.000711ms
grind simp took 0.18ms
grind mark subsingleton took 0.0484ms
sym canon took 0.0675ms
congr simp thm took 0.000621ms
congr simp thm took 0.00036ms
grind simp took 0.168ms
grind mark subsingleton took 0.123ms
sym typeclass inference of HAdd took 1.48ms
sym canon took 0.114ms
sym typeclass inference of HAdd took 0.0168ms
sym canon took 0.0305ms
congr simp thm took 0.00734ms
congr simp thm took 0.000651ms
congr simp thm took 0.00026ms
congr simp thm took 0.000691ms
grind simp took 0.625ms
grind mark subsingleton took 0.0149ms
sym typeclass inference of OfNat took 0.0675ms
sym canon took 0.0312ms
typeclass inference of OfNat took 0.0616ms
typeclass inference of OfNat took 0.159ms
typeclass inference of OfNat took 0.0143ms
congr simp thm took 0.000851ms
congr simp thm took 0.000911ms
congr simp thm took 0.000591ms
grind simp took 0.604ms
grind mark subsingleton took 0.183ms
sym typeclass inference of OfNat took 0.0556ms
sym canon took 0.153ms
typeclass inference of OfNat took 0.0599ms
typeclass inference of OfNat took 0.0365ms
typeclass inference of OfNat took 0.0021ms
congr simp thm took 0.00139ms
congr simp thm took 0.000431ms
congr simp thm took 0.000471ms
congr simp thm took 0.000601ms
congr simp thm took 0.000301ms
congr simp thm took 0.000351ms
grind simp took 0.551ms
grind mark subsingleton took 0.0395ms
sym typeclass inference of HAdd took 0.000311ms
sym typeclass inference of HMul took 0.00016ms
sym typeclass inference of OfNat took 0.0487ms
sym canon took 0.0741ms
sym typeclass inference of HMul took 0.000471ms
sym typeclass inference of HMul took 0.00028ms
sym canon took 0.0135ms
typeclass inference of OfNat took 0.0444ms
typeclass inference of OfNat took 0.00241ms
typeclass inference of OfNat took 0.0357ms
typeclass inference of OfNat took 0.00185ms
congr simp thm took 0.000802ms
congr simp thm took 0.000621ms
congr simp thm took 0.000371ms
congr simp thm took 0.000431ms
congr simp thm took 0.000591ms
congr simp thm took 0.000361ms
grind simp took 0.449ms
grind mark subsingleton took 0.159ms
sym canon took 0.0752ms
sym typeclass inference of HMul took 0.000391ms
sym canon took 0.00624ms
congr simp thm took 0.001ms
congr simp thm took 0.000371ms
congr simp thm took 0.00043ms
congr simp thm took 0.000361ms
congr simp thm took 0.000301ms
congr simp thm took 0.000291ms
congr simp thm took 0.000631ms
congr simp thm took 0.00027ms
congr simp thm took 0.000231ms
congr simp thm took 0.00026ms
grind simp took 0.655ms
grind mark subsingleton took 0.039ms
sym canon took 0.0298ms
typeclass inference of OfNat took 0.0576ms
typeclass inference of OfNat took 0.00262ms
typeclass inference of OfNat took 0.0361ms
typeclass inference of OfNat took 0.00193ms
congr simp thm took 0.000782ms
congr simp thm took 0.000561ms
congr simp thm took 0.00032ms
congr simp thm took 0.000401ms
congr simp thm took 0.000371ms
congr simp thm took 0.00027ms
congr simp thm took 0.00022ms
congr simp thm took 0.000662ms
congr simp thm took 0.00031ms
congr simp thm took 0.00027ms
grind simp took 0.662ms
grind mark subsingleton took 0.112ms
sym canon took 0.0742ms
sym typeclass inference of HAdd took 0.00043ms
sym canon took 0.00656ms
congr simp thm took 0.000862ms
congr simp thm took 0.000491ms
congr simp thm took 0.000781ms
congr simp thm took 0.000601ms
congr simp thm took 0.000281ms
congr simp thm took 0.000331ms
typeclass inference of Decidable took 0.235ms
congr simp thm took 0.000661ms
congr simp thm took 0.000331ms
grind simp took 0.953ms
grind mark subsingleton took 0.0456ms
sym typeclass inference of OfNat took 0.0774ms
sym canon took 0.0493ms
typeclass inference of OfNat took 0.0799ms
typeclass inference of OfNat took 0.0339ms
typeclass inference of OfNat took 0.00219ms
typeclass inference of OfNat took 0.00139ms
sym typeclass inference of Neg took 0.0562ms
sym typeclass inference of OfNat took 0.00354ms
sym canon took 0.119ms
sym typeclass inference of Neg took 0.00235ms
sym canon took 0.00293ms
typeclass inference of OfNat took 0.00313ms
grind mark subsingleton took 0.0374ms
sym canon took 0.00138ms
sym canon took 0.00101ms
typeclass inference of OfNat took 0.00425ms
grind mark subsingleton took 0.0216ms
sym canon took 0.0014ms
congr simp thm took 0.00528ms
congr simp thm took 0.000481ms
congr simp thm took 0.000321ms
congr simp thm took 0.000652ms
congr simp thm took 0.000241ms
congr simp thm took 0.000341ms
congr simp thm took 0.000681ms
congr simp thm took 0.000341ms
grind simp took 0.444ms
grind mark subsingleton took 0.0214ms
sym canon took 0.0104ms
sym typeclass inference of OfNat took 0.0623ms
sym canon took 0.0715ms
typeclass inference of OfNat took 0.004ms
grind mark subsingleton took 0.0486ms
sym canon took 0.00175ms
sym canon took 0.000922ms
typeclass inference of OfNat took 0.00428ms
grind mark subsingleton took 0.0253ms
sym canon took 0.00164ms
grind took 15.9ms
instantiate metavars took 0.0444ms
tactic execution of Lean.Parser.Tactic.grind took 1.65ms
tactic execution of Lean.Parser.Tactic.tacticSeq1Indented took 0.012ms
tactic execution of Lean.Parser.Tactic.tacticSeq took 0.00654ms
tactic execution of Lean.Parser.Tactic.paren took 0.00756ms
tactic execution of Lean.Parser.Tactic.withAnnotateState took 0.0122ms
tactic execution of Lean.Parser.Tactic.tacticSeq1Indented took 0.00593ms
tactic execution of Lean.Parser.Tactic.tacticSeq took 0.00588ms
tactic execution of Lean.Parser.Tactic.case took 0.0448ms
tactic execution of Lean.Parser.Tactic.tacticSeq1Indented took 0.0189ms
tactic execution of Lean.Parser.Tactic.tacticSeq took 0.00768ms
tactic execution of Lean.Parser.Tactic.focus took 0.0128ms
tactic execution of Lean.Parser.Tactic.tacticHave__ took 0.045ms
typeclass inference of HMul took 1.65ms
typeclass inference of HMul took 1.79ms
typeclass inference of HMul took 0.155ms
typeclass inference of HMul took 0.152ms
tactic execution of Lean.Parser.Tactic.refine took 1.42ms
tactic execution of Lean.Parser.Tactic.rotateRight took 0.0105ms
tactic execution of Lean.Parser.Tactic.tacticSeq1Indented took 0.0179ms
tactic execution of Lean.Parser.Tactic.tacticSeq took 0.00583ms
tactic execution of Lean.Parser.Tactic.paren took 0.00624ms
tactic execution of Lean.Parser.Tactic.tacticSeq1Indented took 0.00527ms
tactic execution of Lean.Parser.Tactic.tacticSeq took 0.00524ms
tactic execution of Lean.Parser.Tactic.focus took 0.00832ms
tactic execution of Lean.Parser.Tactic.tacticRefine_lift_ took 0.00894ms
tactic execution of Lean.Parser.Tactic.tacticHave__ took 0.0294ms
tactic execution of Lean.Parser.Tactic.rewriteSeq took 0.931ms
tactic execution of Lean.Parser.Tactic.exact took 0.134ms
tactic execution of Lean.Parser.Tactic.exact took 0.11ms
tactic execution of Lean.Parser.Tactic.eqRefl took 0.0211ms
tactic execution of Lean.Parser.Tactic.tacticRfl took 0.0578ms
tactic execution of Lean.Parser.Tactic.tacticSeq1Indented took 0.00583ms
tactic execution of Lean.Parser.Tactic.tacticSeq took 0.00322ms
tactic execution of Lean.Parser.Tactic.withReducible took 0.00945ms
tactic execution of Lean.Parser.Tactic.tacticSeq1Indented took 0.00375ms
tactic execution of Lean.Parser.Tactic.tacticSeq took 0.00452ms
tactic execution of Lean.Parser.Tactic.paren took 0.00331ms
tactic execution of Lean.Parser.Tactic.tacticSeq1Indented took 0.00309ms
tactic execution of Lean.Parser.Tactic.tacticSeq took 0.00489ms
tactic execution of Lean.Parser.Tactic.first took 0.00899ms
tactic execution of Lean.Parser.Tactic.tacticTry_ took 0.0314ms
tactic execution of Lean.Parser.Tactic.tacticSeq1Indented took 0.00548ms
tactic execution of Lean.Parser.Tactic.tacticSeq took 0.004ms
tactic execution of Lean.Parser.Tactic.paren took 0.00462ms
tactic execution of Lean.Parser.Tactic.withAnnotateState took 0.0273ms
tactic execution of Lean.Parser.Tactic.tacticSeq1Indented took 0.0168ms
tactic execution of Lean.Parser.Tactic.tacticSeq took 0.00538ms
tactic execution of Lean.Parser.Tactic.paren took 0.00546ms
tactic execution of Lean.Parser.Tactic.rwSeq took 0.0521ms
tactic execution of Lean.Parser.Tactic.tacticSeq1Indented took 0.131ms
tactic execution of Lean.Parser.Tactic.tacticSeq took 0.0213ms
instantiate metavars took 0.54ms
instantiate metavars took 0.000682ms
instantiate metavars took 0.00015ms
instantiate metavars took 0.000371ms
instantiate metavars took 0.00011ms
share common exprs took 5.72ms
fix level params took 0.228ms
let-to-have transformation took 0.0239ms
attribute application took 0.00921ms
attribute application took 0.00143ms
process pre-definitions took 3.13ms
elaboration took 3.72ms
type checking took 0.478ms
type checking took 6.22ms
type checking took 6.71ms
type checking took 13.9ms
type checking took 6.86ms
type checking took 7.75ms
overlappingInstancesLinter took 0.339ms
tacticAnalysis took 4.59ms
linting took 16.7ms
attribute application took 0.00174ms
typeclass inference of OfNat took 0.0626ms
typeclass inference of OfNat took 0.0395ms
typeclass inference of HSub took 0.893ms
typeclass inference of HMul took 0.957ms
typeclass inference of HMul took 0.935ms
typeclass inference of HSub took 1.06ms
typeclass inference of OfNat took 0.878ms
typeclass inference of OfNat took 0.114ms
typeclass inference of OfNat took 0.0621ms
typeclass inference of OfNat took 0.0435ms
typeclass inference of OfNat took 0.0325ms
typeclass inference of OfNat took 0.0392ms
typeclass inference of OfNat took 0.0333ms
typeclass inference of OfNat took 0.0284ms
typeclass inference of OfNat took 0.0295ms
typeclass inference of HSub took 0.0054ms
typeclass inference of HSub took 0.00239ms
typeclass inference of HMul took 0.00286ms
typeclass inference of HSub took 0.0366ms
typeclass inference of HPow took 0.19ms
typeclass inference of HMul took 0.0779ms
typeclass inference of HSub took 0.0509ms
typeclass inference of OfNat took 1.21ms
typeclass inference of OfNat took 0.0807ms
typeclass inference of OfNat took 0.00478ms
typeclass inference of HPow took 0.155ms
typeclass inference of HMul took 0.114ms
typeclass inference of HSub took 0.068ms
typeclass inference of OfNat took 0.0602ms
typeclass inference of HPow took 0.108ms
typeclass inference of HMul took 0.0512ms
typeclass inference of HSub took 0.0428ms
typeclass inference of OfNat took 0.0581ms
typeclass inference of OfNat took 0.0429ms
typeclass inference of OfNat took 0.034ms
typeclass inference of OfNat took 0.0297ms
typeclass inference of HPow took 0.14ms
typeclass inference of LE took 0.0324ms
typeclass inference of OfNat took 0.0361ms
typeclass inference of OfNat took 0.0454ms
typeclass inference of HPow took 0.113ms
typeclass inference of OfNat took 0.0377ms
typeclass inference of HPow took 0.109ms
typeclass inference of OfNat took 0.0555ms
typeclass inference of OfNat took 0.041ms
typeclass inference of OfNat took 0.0334ms
typeclass inference of OfNat took 0.0292ms
typeclass inference of HPow took 0.144ms
typeclass inference of LT took 0.0312ms
typeclass inference of OfNat took 0.00345ms
typeclass inference of OfNat took 0.0473ms
typeclass inference of HPow took 0.122ms
typeclass inference of OfNat took 0.0642ms
typeclass inference of HPow took 0.15ms
typeclass inference of OfNat took 0.0542ms
typeclass inference of OfNat took 0.041ms
typeclass inference of OfNat took 0.0334ms
typeclass inference of OfNat took 0.0296ms
typeclass inference of HPow took 0.128ms
typeclass inference of LT took 0.00357ms
typeclass inference of OfNat took 0.00277ms
typeclass inference of OfNat took 0.05ms
typeclass inference of HPow took 0.111ms
typeclass inference of OfNat took 0.0374ms
typeclass inference of HPow took 0.105ms
typeclass inference of OfNat took 0.0555ms
typeclass inference of OfNat took 0.0442ms
typeclass inference of OfNat took 0.0349ms
typeclass inference of OfNat took 0.0307ms
typeclass inference of HPow took 0.128ms
typeclass inference of LT took 0.00358ms
typeclass inference of OfNat took 0.00262ms
typeclass inference of OfNat took 0.0474ms
typeclass inference of HPow took 0.109ms
typeclass inference of OfNat took 0.0372ms
typeclass inference of HPow took 0.104ms
typeclass inference of OfNat took 0.0674ms
typeclass inference of OfNat took 0.067ms
typeclass inference of OfNat took 0.0524ms
typeclass inference of OfNat took 0.0424ms
typeclass inference of HMul took 0.128ms
typeclass inference of HAdd took 0.129ms
typeclass inference of HMul took 0.00307ms
typeclass inference of HMul took 0.14ms
typeclass inference of HPow took 0.137ms
typeclass inference of HMul took 0.0558ms
typeclass inference of HAdd took 0.0519ms
typeclass inference of OfNat took 0.00377ms
typeclass inference of OfNat took 0.0597ms
typeclass inference of HPow took 0.142ms
typeclass inference of HMul took 0.0755ms
typeclass inference of HAdd took 0.0615ms
typeclass inference of OfNat took 0.0513ms
typeclass inference of HPow took 0.108ms
typeclass inference of HMul took 0.0481ms
typeclass inference of HAdd took 0.053ms
typeclass inference of OfNat took 0.0427ms
typeclass inference of HPow took 0.112ms
typeclass inference of HMul took 0.0511ms
typeclass inference of HSub took 0.0461ms
typeclass inference of OfNat took 0.0395ms
typeclass inference of HPow took 0.106ms
typeclass inference of OfNat took 0.0377ms
typeclass inference of HPow took 0.103ms
typeclass inference of OfNat took 0.0365ms
typeclass inference of HPow took 0.102ms
typeclass inference of OfNat took 0.0366ms
typeclass inference of HPow took 0.102ms
typeclass inference of OfNat took 0.0366ms
typeclass inference of HPow took 0.112ms
typeclass inference of HMul took 0.0494ms
typeclass inference of HAdd took 0.0444ms
typeclass inference of OfNat took 0.0379ms
typeclass inference of HPow took 0.103ms
typeclass inference of HMul took 0.0498ms
typeclass inference of HSub took 0.0429ms
typeclass inference of OfNat took 0.0366ms
typeclass inference of HPow took 0.102ms
typeclass inference of OfNat took 0.0353ms
typeclass inference of HPow took 0.101ms
typeclass inference of OfNat took 0.0352ms
typeclass inference of HPow took 0.0999ms
typeclass inference of OfNat took 0.037ms
typeclass inference of HPow took 0.109ms
typeclass inference of OfNat took 0.0359ms
typeclass inference of HPow took 0.0996ms
typeclass inference of HMul took 0.0483ms
typeclass inference of HAdd took 0.0442ms
typeclass inference of Pow took 0.0392ms
typeclass inference of CategoryTheory.CartesianMonoidalCategory took 0.0596ms
typeclass inference of CategoryTheory.CartesianMonoidalCategory took 0.0048ms
typeclass inference of NPow took 1.96ms
typeclass inference of OfNat took 0.0418ms
typeclass inference of HMul took 0.0409ms
typeclass inference of HSub took 0.00527ms
typeclass inference of OfNat took 0.0516ms
typeclass inference of HPow took 0.121ms
typeclass inference of OfNat took 0.0407ms
typeclass inference of HPow took 0.112ms
typeclass inference of OfNat took 0.0474ms
typeclass inference of HPow took 0.147ms
typeclass inference of OfNat took 0.0899ms
typeclass inference of HPow took 0.111ms
typeclass inference of OfNat took 0.0381ms
typeclass inference of HPow took 0.105ms
typeclass inference of HMul took 0.0531ms
typeclass inference of HAdd took 0.0586ms
typeclass inference of OfNat took 0.0413ms
typeclass inference of HPow took 0.134ms
typeclass inference of OfNat took 0.113ms
typeclass inference of HPow took 0.115ms
typeclass inference of OfNat took 0.0421ms
typeclass inference of HPow took 0.128ms
typeclass inference of OfNat took 0.0692ms
typeclass inference of HPow took 0.148ms
typeclass inference of OfNat took 0.0382ms
typeclass inference of HPow took 0.123ms
typeclass inference of HMul took 0.0551ms
typeclass inference of HAdd took 0.048ms
typeclass inference of OfNat took 0.0397ms
typeclass inference of HPow took 0.104ms
typeclass inference of OfNat took 0.0479ms
typeclass inference of HPow took 0.108ms
typeclass inference of OfNat took 0.0365ms
typeclass inference of HPow took 0.101ms
typeclass inference of OfNat took 0.0356ms
typeclass inference of HPow took 0.1ms
typeclass inference of OfNat took 0.0346ms
typeclass inference of HPow took 0.101ms
typeclass inference of HMul took 0.0503ms
typeclass inference of HAdd took 0.0451ms
typeclass inference of Pow took 0.0413ms
typeclass inference of NPow took 0.107ms
typeclass inference of OfNat took 0.0441ms
typeclass inference of OfNat took 0.0414ms
typeclass inference of HPow took 0.109ms
typeclass inference of OfNat took 0.0381ms
typeclass inference of HPow took 0.101ms
typeclass inference of OfNat took 0.0359ms
typeclass inference of HPow took 0.102ms
typeclass inference of OfNat took 0.0373ms
typeclass inference of HPow took 0.101ms
typeclass inference of HMul took 0.0536ms
typeclass inference of HAdd took 0.0452ms
typeclass inference of OfNat took 0.0394ms
typeclass inference of HPow took 0.102ms
typeclass inference of OfNat took 0.0363ms
typeclass inference of HPow took 0.11ms
typeclass inference of OfNat took 0.0377ms
typeclass inference of HPow took 0.103ms
typeclass inference of OfNat took 0.0366ms
typeclass inference of HPow took 0.102ms
typeclass inference of HMul took 0.0494ms
typeclass inference of HAdd took 0.0458ms
typeclass inference of OfNat took 0.0381ms
typeclass inference of HPow took 0.102ms
typeclass inference of OfNat took 0.0362ms
typeclass inference of HPow took 0.1ms
typeclass inference of OfNat took 0.036ms
typeclass inference of HPow took 0.11ms
typeclass inference of OfNat took 0.0656ms
typeclass inference of HPow took 0.138ms
typeclass inference of HMul took 0.0513ms
typeclass inference of HAdd took 0.0468ms
typeclass inference of Pow took 0.0395ms
typeclass inference of NPow took 0.0036ms
typeclass inference of OfNat took 0.00311ms
typeclass inference of OfNat took 0.0442ms
typeclass inference of HPow took 0.111ms
typeclass inference of OfNat took 0.0378ms
typeclass inference of HPow took 0.104ms
typeclass inference of OfNat took 0.0359ms
typeclass inference of HPow took 0.103ms
typeclass inference of HMul took 0.05ms
typeclass inference of HAdd took 0.0503ms
typeclass inference of OfNat took 0.0443ms
typeclass inference of HPow took 0.106ms
typeclass inference of OfNat took 0.0369ms
typeclass inference of HPow took 0.102ms
typeclass inference of OfNat took 0.036ms
typeclass inference of HPow took 0.0991ms
typeclass inference of HMul took 0.048ms
typeclass inference of HAdd took 0.0435ms
typeclass inference of OfNat took 0.0369ms
typeclass inference of HPow took 0.103ms
typeclass inference of OfNat took 0.037ms
typeclass inference of HPow took 0.102ms
typeclass inference of OfNat took 0.0355ms
typeclass inference of HPow took 0.101ms
typeclass inference of HMul took 0.0548ms
typeclass inference of HAdd took 0.0458ms
typeclass inference of Pow took 0.0501ms
typeclass inference of NPow took 0.00409ms
typeclass inference of OfNat took 0.00406ms
typeclass inference of OfNat took 0.0595ms
typeclass inference of HPow took 0.109ms
typeclass inference of OfNat took 0.0374ms
typeclass inference of HPow took 0.104ms
typeclass inference of HMul took 0.0501ms
typeclass inference of HAdd took 0.0465ms
typeclass inference of OfNat took 0.0394ms
typeclass inference of HPow took 0.108ms
typeclass inference of OfNat took 0.0375ms
typeclass inference of HPow took 0.111ms
typeclass inference of HMul took 0.0508ms
typeclass inference of HAdd took 0.045ms
typeclass inference of OfNat took 0.0389ms
typeclass inference of HPow took 0.104ms
typeclass inference of OfNat took 0.0409ms
typeclass inference of HPow took 0.104ms
typeclass inference of HMul took 0.0496ms
typeclass inference of HAdd took 0.0448ms
typeclass inference of Pow took 0.0383ms
typeclass inference of NPow took 0.0033ms
typeclass inference of OfNat took 0.00286ms
typeclass inference of OfNat took 0.0419ms
typeclass inference of HPow took 0.107ms
typeclass inference of HMul took 0.0484ms
typeclass inference of HAdd took 0.0457ms
typeclass inference of OfNat took 0.0444ms
typeclass inference of HPow took 0.119ms
typeclass inference of HMul took 0.0732ms
typeclass inference of HAdd took 0.0586ms
typeclass inference of OfNat took 0.0376ms
typeclass inference of HPow took 0.105ms
typeclass inference of HMul took 0.0482ms
typeclass inference of HAdd took 0.0452ms
typeclass inference of Pow took 0.0385ms
typeclass inference of NPow took 0.00314ms
typeclass inference of OfNat took 0.00249ms
typeclass inference of HMul took 0.0321ms
typeclass inference of HAdd took 0.00369ms
instantiate metavars took 0.0465ms
instantiate metavars took 0.00023ms
typeclass inference of AddMonoidWithOne took 0.0632ms
norm_num took 0.246ms
typeclass inference of AddMonoidWithOne took 0.00446ms
norm_num took 0.0483ms
norm_num took 0.283ms
typeclass inference of Semiring took 0.041ms
typeclass inference of AddMonoidWithOne took 0.00283ms
norm_num took 0.052ms
norm_num took 0.619ms
norm_num took 0.0253ms
norm_num took 0.185ms
congr simp thm took 0.029ms
norm_num took 0.00555ms
norm_num took 0.00255ms
typeclass inference of AddMonoidWithOne took 0.00554ms
norm_num took 0.0824ms
typeclass inference of AddMonoidWithOne took 0.00301ms
norm_num took 0.039ms
norm_num took 0.105ms
typeclass inference of Semiring took 0.00351ms
typeclass inference of AddMonoidWithOne took 0.00226ms
norm_num took 0.0432ms
norm_num took 0.128ms
norm_num took 0.00554ms
typeclass inference of Preorder took 0.173ms
typeclass inference of Preorder took 0.0559ms
typeclass inference of AddMonoidWithOne took 0.00563ms
norm_num took 0.14ms
typeclass inference of AddMonoidWithOne took 0.00414ms
norm_num took 0.0474ms
typeclass inference of LT took 0.0409ms
typeclass inference of Semiring took 0.00363ms
typeclass inference of PartialOrder took 0.0437ms
typeclass inference of CommSemiring took 0.0308ms
typeclass inference of IsOrderedRing took 1.36ms
typeclass inference of CharZero took 0.0452ms
norm_num took 0.301ms
tactic execution of Mathlib.Tactic.normNum took 2.2ms
tactic execution of Lean.Parser.Tactic.tacticSeq1Indented took 0.0132ms
tactic execution of Lean.Parser.Tactic.tacticSeq took 0.0178ms
typeclass inference of AddMonoidWithOne took 0.048ms
norm_num took 0.14ms
typeclass inference of AddMonoidWithOne took 0.00352ms
norm_num took 0.0436ms
norm_num took 0.179ms
typeclass inference of Semiring took 0.0368ms
typeclass inference of AddMonoidWithOne took 0.00277ms
norm_num took 0.0559ms
norm_num took 0.396ms
norm_num took 0.0191ms
norm_num took 0.132ms
congr simp thm took 0.00632ms
norm_num took 0.00525ms
norm_num took 0.00283ms
typeclass inference of AddMonoidWithOne took 0.00537ms
norm_num took 0.0829ms
typeclass inference of AddMonoidWithOne took 0.003ms
norm_num took 0.037ms
norm_num took 0.0981ms
typeclass inference of Semiring took 0.00304ms
typeclass inference of AddMonoidWithOne took 0.00202ms
norm_num took 0.0385ms
norm_num took 0.14ms
norm_num took 0.00395ms
typeclass inference of Preorder took 0.156ms
typeclass inference of Preorder took 0.0896ms
typeclass inference of AddMonoidWithOne took 0.00449ms
norm_num took 0.0989ms
typeclass inference of AddMonoidWithOne took 0.00351ms
norm_num took 0.0453ms
typeclass inference of LT took 0.0324ms
typeclass inference of Semiring took 0.00251ms
typeclass inference of PartialOrder took 0.0363ms
typeclass inference of CommSemiring took 0.0233ms
typeclass inference of IsOrderedRing took 0.933ms
typeclass inference of CharZero took 0.0377ms
norm_num took 0.132ms
tactic execution of Mathlib.Tactic.normNum took 0.976ms
tactic execution of Lean.Parser.Tactic.tacticSeq1Indented took 0.00996ms
tactic execution of Lean.Parser.Tactic.tacticSeq took 0.0202ms
instantiate metavars took 0.0058ms
instantiate metavars took 0.000341ms
instantiate metavars took 0.00011ms
instantiate metavars took 0.00017ms
instantiate metavars took 0.00014ms
share common exprs took 0.202ms
fix level params took 0.0349ms
attribute application took 0.00278ms
attribute application took 0.000812ms
process pre-definitions took 0.417ms
elaboration took 7.35ms
type checking took 3.54ms
overlappingInstancesLinter took 0.181ms
tacticAnalysis took 1.2ms
linting took 4.02ms
elaboration took 0.132ms
overlappingInstancesLinter took 0.0392ms
tacticAnalysis took 0.192ms
linting took 1.51ms
'RmsNorm.carry_stage_lift' depends on axioms: [propext, Classical.choice, Quot.sound]
elaboration took 771ms
overlappingInstancesLinter took 0.0533ms
tacticAnalysis took 0.239ms
linting took 2.09ms
'RmsNorm.carry_stage_lift_production' depends on axioms: [propext, Classical.choice, Quot.sound]
elaboration took 1.4ms
overlappingInstancesLinter took 0.0239ms
tacticAnalysis took 0.0976ms
linting took 0.984ms
elaboration took 0.0212ms
overlappingInstancesLinter took 0.0188ms
tacticAnalysis took 0.116ms
linting took 1.28ms
module linting took 0.00167ms
cumulative profiling times:
	attribute application 0.0557ms
	congr simp thm 0.616ms
	elaboration 805ms
	fix level params 0.399ms
	grind 53.8ms
	grind cutsat 0.404ms
	grind mark subsingleton 3.44ms
	grind ring 0.28ms
	grind simp 22.4ms
	instantiate metavars 1.16ms
	interpretation 0.263ms
	let-to-have transformation 0.0994ms
	linting 66.7ms
	module linting 0.00106ms
	norm_num 10.6ms
	overlappingInstancesLinter 2.4ms
	parsing 6.2ms
	process pre-definitions 5.65ms
	ring 13ms
	share common exprs 8.16ms
	simp 1.86ms
	sym canon 8.77ms
	sym typeclass inference 482ms
	tactic execution 130ms
	tacticAnalysis 15.8ms
	type checking 88.9ms
	typeclass inference 394ms
PEAK_RSS_BYTES=696500224
EXIT=0 WALL=5.4s CAP=8G
