parsing took 0.0122ms
parsing took 0.544ms
parsing took 0.382ms
parsing took 0.725ms
overlappingInstancesLinter took 0.0645ms
tacticAnalysis took 0.155ms
linting took 3.4ms
elaboration took 0.297ms
overlappingInstancesLinter took 0.126ms
tacticAnalysis took 0.506ms
linting took 2.99ms
attribute application took 0.0039ms
typeclass inference of HAdd took 0.316ms
typeclass inference of HAdd took 0.162ms
typeclass inference of LT took 0.0355ms
typeclass inference of HAdd took 1.22ms
typeclass inference of HAdd took 0.812ms
typeclass inference of HAdd took 0.00444ms
typeclass inference of HAdd took 0.0334ms
instantiate metavars took 0.00497ms
instantiate metavars took 0.00035ms
let-to-have transformation took 0.00714ms
attribute application took 0.00126ms
attribute application took 0.000661ms
elaboration took 2.2ms
typeclass inference of NeZero took 0.244ms
typeclass inference of NeZero took 0.0895ms
typeclass inference of NeZero took 0.0415ms
tactic execution of Lean.Parser.Tactic.rewriteSeq took 1.22ms
tactic execution of Lean.Parser.Tactic.exact took 0.105ms
tactic execution of Lean.Parser.Tactic.exact took 0.0852ms
tactic execution of Lean.Parser.Tactic.eqRefl took 0.012ms
tactic execution of Lean.Parser.Tactic.tacticRfl took 0.0366ms
tactic execution of Lean.Parser.Tactic.tacticSeq1Indented took 0.00499ms
tactic execution of Lean.Parser.Tactic.tacticSeq took 0.00545ms
tactic execution of Lean.Parser.Tactic.withReducible took 0.00887ms
tactic execution of Lean.Parser.Tactic.tacticSeq1Indented took 0.00555ms
tactic execution of Lean.Parser.Tactic.tacticSeq took 0.00375ms
tactic execution of Lean.Parser.Tactic.paren took 0.00535ms
tactic execution of Lean.Parser.Tactic.tacticSeq1Indented took 0.0041ms
tactic execution of Lean.Parser.Tactic.tacticSeq took 0.0107ms
tactic execution of Lean.Parser.Tactic.first took 0.00693ms
tactic execution of Lean.Parser.Tactic.tacticTry_ took 0.0071ms
tactic execution of Lean.Parser.Tactic.tacticSeq1Indented took 0.00287ms
tactic execution of Lean.Parser.Tactic.tacticSeq took 0.00295ms
tactic execution of Lean.Parser.Tactic.paren took 0.00474ms
tactic execution of Lean.Parser.Tactic.withAnnotateState took 0.0151ms
tactic execution of Lean.Parser.Tactic.tacticSeq1Indented took 0.0187ms
tactic execution of Lean.Parser.Tactic.tacticSeq took 0.0069ms
tactic execution of Lean.Parser.Tactic.paren took 0.0372ms
tactic execution of Lean.Parser.Tactic.rwSeq took 0.0483ms
tactic execution of Lean.Parser.Tactic.tacticSeq1Indented took 0.0146ms
tactic execution of Lean.Parser.Tactic.tacticSeq took 0.0212ms
instantiate metavars took 0.0046ms
instantiate metavars took 0.000231ms
instantiate metavars took 0.00017ms
instantiate metavars took 0.00012ms
instantiate metavars took 0.000101ms
share common exprs took 0.0562ms
fix level params took 0.00998ms
let-to-have transformation took 0.00279ms
attribute application took 0.00144ms
attribute application took 0.000682ms
process pre-definitions took 0.135ms
elaboration took 0.399ms
type checking took 0.468ms
overlappingInstancesLinter took 0.337ms
tacticAnalysis took 0.75ms
linting took 4.47ms
attribute application took 0.0015ms
typeclass inference of HMul took 0.179ms
typeclass inference of HMul took 0.135ms
typeclass inference of LT took 0.0279ms
typeclass inference of HMul took 0.925ms
typeclass inference of HMul took 1.54ms
typeclass inference of HMul took 0.00426ms
typeclass inference of HMul took 0.035ms
instantiate metavars took 0.0033ms
instantiate metavars took 0.00019ms
let-to-have transformation took 0.00324ms
attribute application took 0.00104ms
attribute application took 0.000581ms
elaboration took 1.4ms
tactic execution of Lean.Parser.Tactic.rewriteSeq took 0.517ms
tactic execution of Lean.Parser.Tactic.exact took 0.131ms
tactic execution of Lean.Parser.Tactic.exact took 0.1ms
tactic execution of Lean.Parser.Tactic.eqRefl took 0.012ms
tactic execution of Lean.Parser.Tactic.tacticRfl took 0.0595ms
tactic execution of Lean.Parser.Tactic.tacticSeq1Indented took 0.00558ms
tactic execution of Lean.Parser.Tactic.tacticSeq took 0.00958ms
tactic execution of Lean.Parser.Tactic.withReducible took 0.0105ms
tactic execution of Lean.Parser.Taparsing took 2.06ms
parsing took 1.57ms
ctic.tacticSeq1Indented took 0.00761ms
tactic execution of Lean.Parser.Tactic.tacticSeq took 0.00743ms
tactic execution of Lean.Parser.Tactic.paren took 0.0046ms
tactic execution of Lean.Parser.Tactic.tacticSeq1Indented took 0.0058ms
tactic execution of Lean.Parser.Tactic.tacticSeq took 0.00553ms
tactic execution of Lean.Parser.Tactic.first took 0.00829ms
tactic execution of Lean.Parser.Tactic.tacticTry_ took 0.00908ms
tactic execution of Lean.Parser.Tactic.tacticSeq1Indented took 0.00335ms
tactic execution of Lean.Parser.Tactic.tacticSeq took 0.00335ms
tactic execution of Lean.Parser.Tactic.paren took 0.00803ms
tactic execution of Lean.Parser.Tactic.withAnnotateState took 0.0176ms
tactic execution of Lean.Parser.Tactic.tacticSeq1Indented took 0.0206ms
tactic execution of Lean.Parser.Tactic.tacticSeq took 0.00815ms
tactic execution of Lean.Parser.Tactic.paren took 0.0105ms
tactic execution of Lean.Parser.Tactic.rwSeq took 0.0147ms
tactic execution of Lean.Parser.Tactic.tacticSeq1Indented took 0.0168ms
tactic execution of Lean.Parser.Tactic.tacticSeq took 0.0347ms
instantiate metavars took 0.0047ms
instantiate metavars took 0.00023ms
instantiate metavars took 0.00013ms
instantiate metavars took 0.000111ms
instantiate metavars took 0.00011ms
share common exprs took 0.0547ms
fix level params took 0.01ms
let-to-have transformation took 0.00335ms
attribute application took 0.00154ms
attribute application took 0.000841ms
process pre-definitions took 0.122ms
elaboration took 0.382ms
type checking took 0.23ms
overlappingInstancesLinter took 0.239ms
tacticAnalysis took 0.561ms
linting took 3.59ms
attribute application took 0.00225ms
typeclass inference of OfNat took 0.188ms
typeclass inference of OfNat took 0.0467ms
typeclass inference of OfNat took 0.041ms
typeclass inference of HPow took 0.449ms
typeclass inference of LT took 0.066ms
typeclass inference of OfNat took 0.0562ms
typeclass inference of OfNat took 1.1ms
typeclass inference of CategoryTheory.CartesianMonoidalCategory took 0.0953ms
typeclass inference of CategoryTheory.CartesianMonoidalCategory took 0.00596ms
typeclass inference of HPow took 2.77ms
typeclass inference of OfNat took 0.111ms
typeclass inference of OfNat took 0.042ms
typeclass inference of HPow took 0.0391ms
typeclass inference of OfNat took 0.0109ms
instantiate metavars took 0.00447ms
instantiate metavars took 0.00019ms
let-to-have transformation took 0.00749ms
attribute application took 0.00178ms
attribute application took 0.000521ms
elaboration took 1.64ms
typeclass inference of OfNat took 1.03ms
typeclass inference of OfNat took 0.104ms
typeclass inference of OfNat took 0.0491ms
typeclass inference of HPow took 0.315ms
typeclass inference of CoeT took 0.961ms
typeclass inference of OfNat took 0.0451ms
typeclass inference of CategoryTheory.CartesianMonoidalCategory took 0.0471ms
typeclass inference of CategoryTheory.CartesianMonoidalCategory took 0.00462ms
typeclass inference of HPow took 2.14ms
tactic execution of Lean.Parser.Tactic.refine took 1ms
congr simp thm took 0.0312ms
congr simp thm took 0.0377ms
congr simp thm took 0.0203ms
congr simp thm took 0.000661ms
typeclass inference of NatCast took 0.131ms
typeclass inference of NatCast took 0.0459ms
typeclass inference of FunLike took 1.49ms
typeclass inference of One took 0.646ms
typeclass inference of SMul took 9.59ms
typeclass inference of SMul took 1.32ms
typeclass inference of IsSMulApply took 0.0558ms
congr simp thm took 0.0709ms
congr simp thm took 0.000662ms
typeclass inference of Semiring took 1.68ms
congr simp thm took 0.00252ms
congr simp thm took 0.00109ms
typeclass inference of Nat.AtLeastTwo took 0.225ms
congr simp thm took 0.000682ms
congr simp thm took 0.000441ms
simp took 2.56ms
simp took 0.0045ms
tactic execution of Lean.Parser.Tactic.pushCast took 0.0773ms
tactic execution of Lean.Parser.Tactic.exact took 0.108ms
tactic execution of Lean.Parser.Tactic.exact took 0.0897ms
tactic execution of Lean.Parser.Tactic.eqRefl took 0.505ms
tactic execution of Lean.Parser.Tactic.tacticRfl took 0.0471ms
tactic execution of Lean.Parser.Tactic.tacticSeq1Indented took 0.0143ms
tactic execution of Lean.Parser.Tactic.tacticSeq took 0.00452ms
tactic execution of Lean.Parser.Tactic.paren took 0.00507ms
tactic execution of Lean.Parser.Tactic.withAnnotateState took 0.00802ms
tactic execution of Lean.Parser.Tactic.tacticSeq1Indented took 0.00545ms
tactic execution of Lean.Parser.Tactic.tacticSeq took 0.00538ms
tactic execution of Lean.Parser.Tactic.case took 0.123ms
tactic execution of Lean.Parser.Tactic.tacticSeq1Indented took 0.0206ms
tactic execution of Lean.Parser.Tactic.tacticSeq took 0.00549ms
tactic execution of Lean.Parser.Tactic.focus took 0.00979ms
tactic execution of Lean.Parser.Tactic.tacticHave__ took 0.0181ms
tactic execution of Lean.Parser.Tactic.rewriteSeq took 0.19ms
tactic execution of Lean.Parser.Tactic.exact took 0.1ms
tactic execution of Lean.Parser.Tactic.exact took 0.0907ms
tactic execution of Lean.Parser.Tactic.eqRefl took 0.0267ms
tactic execution of Lean.Parser.Tactic.applyRfl took 0.0204ms
tactic execution of Lean.Parser.Tactic.tacticRfl took 0.0346ms
tactic execution of Lean.Parser.Tactic.tacticSeq1Indented took 0.00548ms
tactic execution of Lean.Parser.Tactic.tacticSeq took 0.00353ms
tactic execution of Lean.Parser.Tactic.withReducible took 0.00542ms
tactic execution of Lean.Parser.Tactic.tacticSeq1Indented took 0.00332ms
tactic execution of Lean.Parser.Tactic.tacticSeq took 0.00284ms
tactic execution of Lean.Parser.Tactic.paren took 0.00328ms
tactic execution of Lean.Parser.Tactic.tacticSeq1Indented took 0.00301ms
tactic execution of Lean.Parser.Tactic.tacticSeq took 0.00271ms
tactic execution of Lean.Parser.Tactic.skip took 0.00245ms
tactic execution of Lean.Parser.Tactic.tacticSeq1Indented took 0.00326ms
tactic execution of Lean.Parser.Tactic.tacticSeq took 0.00332ms
tactic execution of Lean.Parser.Tactic.first took 0.0255ms
tactic execution of Lean.Parser.Tactic.tacticTry_ took 0.00769ms
tactic execution of Lean.Parser.Tactic.tacticSeq1Indented took 0.00305ms
tactic execution of Lean.Parser.Tactic.tacticSeq took 0.00279ms
tactic execution of Lean.Parser.Tactic.paren took 0.00288ms
tactic execution of Lean.Parser.Tactic.withAnnotateState took 0.0123ms
tactic execution of Lean.Parser.Tactic.tacticSeq1Indented took 0.0104ms
tactic execution of Lean.Parser.Tactic.tacticSeq took 0.00324ms
tactic execution of Lean.Parser.Tactic.paren took 0.0042ms
tactic execution of Lean.Parser.Tactic.rwSeq took 0.0375ms
tactic execution of Lean.Parser.Tactic.exact took 0.213ms
tactic execution of Lean.Parser.Tactic.tacticSeq1Indented took 0.0198ms
tactic execution of Lean.Parser.Tactic.tacticSeq took 0.0172ms
instantiate metavars took 0.0151ms
instantiate metavars took 0.000291ms
instantiate metavars took 0.00013ms
instantiate metavars took 0.00015ms
instantiate metavars took 0.0001ms
share common exprs took 0.0886ms
fix level params took 0.0168ms
let-to-have transformation took 0.0181ms
attribute application took 0.00389ms
attribute application took 0.000701ms
process pre-definitions took 0.285ms
elaboration took 0.344ms
type checking took 1.53ms
overlappingInstancesLinter took 0.166ms
tacticAnalysis took 0.816ms
linting took 5.56ms
attribute application took 0.00196ms
typeclass inference of OfNat took 0.0755ms
typeclass inference of OfNat took 0.0415ms
typeclass inference of HSub took 0.899ms
typeclass inference of HMul took 0.95ms
typeclass inference of HMul took 0.768ms
typeclass inference of HSub took 0.723ms
typeclass inference of OfNat took 0.763ms
typeclass inference of OfNat took 0.074ms
typeclass inference of OfNat took 0.041ms
typeclass inference of OfNat took 0.0413ms
typeclass inference of OfNat took 0.033ms
typeclass inference of OfNat took 0.0339ms
typeclass inference of HSub took 0.0144ms
typeclass inference of HSub took 0.00252ms
typeclass inference of HMul took 0.00213ms
typeclass inference of HSub took 0.0348ms
typeclass inference of CategoryTheory.CartesianMonoidalCategory took 0.0498ms
typeclass inference of CategoryTheory.CartesianMonoidalCategory took 0.00451ms
typeclass inference of HPow took 2.18ms
typeclass inference of HMul took parsing took 1.1ms
parsing took 0.0511ms
parsing took 0.0492ms
0.039ms
typeclass inference of HSub took 0.0294ms
typeclass inference of OfNat took 0.992ms
typeclass inference of OfNat took 0.00501ms
typeclass inference of OfNat took 0.093ms
typeclass inference of OfNat took 0.0415ms
typeclass inference of HPow took 0.292ms
typeclass inference of LE took 0.0331ms
typeclass inference of OfNat took 0.0404ms
typeclass inference of OfNat took 0.0671ms
typeclass inference of OfNat took 0.041ms
typeclass inference of HPow took 0.036ms
typeclass inference of LT took 0.0328ms
typeclass inference of OfNat took 0.00297ms
typeclass inference of OfNat took 0.0682ms
typeclass inference of OfNat took 0.0653ms
typeclass inference of HPow took 0.0414ms
typeclass inference of LT took 0.00337ms
typeclass inference of OfNat took 0.0027ms
typeclass inference of OfNat took 0.0731ms
typeclass inference of OfNat took 0.0418ms
typeclass inference of HPow took 0.035ms
typeclass inference of LT took 0.00334ms
typeclass inference of OfNat took 0.00229ms
typeclass inference of OfNat took 0.0542ms
typeclass inference of OfNat took 0.0444ms
typeclass inference of HAdd took 0.156ms
typeclass inference of HAdd took 0.138ms
typeclass inference of OfNat took 0.0441ms
typeclass inference of OfNat took 0.0401ms
typeclass inference of HPow took 0.0406ms
typeclass inference of LT took 0.00283ms
typeclass inference of OfNat took 0.00265ms
typeclass inference of OfNat took 0.0533ms
typeclass inference of OfNat took 0.0435ms
typeclass inference of HAdd took 0.00383ms
typeclass inference of HAdd took 0.0922ms
typeclass inference of OfNat took 0.0609ms
typeclass inference of OfNat took 0.0778ms
typeclass inference of HPow took 0.0368ms
typeclass inference of LT took 0.00277ms
typeclass inference of OfNat took 0.00251ms
typeclass inference of OfNat took 0.057ms
typeclass inference of OfNat took 0.0435ms
typeclass inference of HMul took 0.142ms
typeclass inference of HAdd took 0.0036ms
typeclass inference of HMul took 0.00217ms
typeclass inference of HMul took 0.184ms
typeclass inference of HPow took 0.0409ms
typeclass inference of HMul took 0.0364ms
typeclass inference of HAdd took 0.046ms
typeclass inference of OfNat took 0.00305ms
instantiate metavars took 0.0171ms
instantiate metavars took 0.000251ms
let-to-have transformation took 0.0146ms
attribute application took 0.0023ms
attribute application took 0.000561ms
elaboration took 5.39ms
typeclass inference of HMul took 2.31ms
typeclass inference of HMul took 0.921ms
tactic execution of Lean.Parser.Tactic.refine took 0.64ms
typeclass inference of Add took 0.811ms
typeclass inference of AddRightCancelSemigroup took 1.25ms
typeclass inference of IsRightCancelAdd took 4.88ms
typeclass inference of AddGroup took 0.577ms
typeclass inference of CommSemiring took 0.493ms
typeclass inference of CommRing took 0.0718ms
typeclass inference of Semifield took 0.394ms
typeclass inference of Field took 0.342ms
typeclass inference of Field took 0.00291ms
typeclass inference of Field took 0.00242ms
typeclass inference of Field took 0.00266ms
typeclass inference of Field took 0.00148ms
typeclass inference of Field took 0.00165ms
typeclass inference of Field took 0.00128ms
typeclass inference of Field took 0.00109ms
typeclass inference of Field took 0.0011ms
typeclass inference of Field took 0.00117ms
typeclass inference of Field took 0.00107ms
typeclass inference of Field took 0.00112ms
typeclass inference of Field took 0.00218ms
typeclass inference of Field took 0.0012ms
typeclass inference of Field took 0.00123ms
typeclass inference of Field took 0.00123ms
typeclass inference of Field took 0.00112ms
typeclass inference of Field took 0.00115ms
typeclass inference of Field took 0.0011ms
typeclass inference of Field took 0.00113ms
typeclass inference of Field took 0.00203ms
typeclass inference of Field took 0.00131ms
typeclass inference of Field took 0.00121ms
typeclass inference of Field took 0.00132ms
typeclass inference of Field took 0.00116ms
typeclass inference of Field took 0.00111ms
typeclass inference of Field took 0.00112ms
typeclass inference of Field took 0.00213ms
typeclass inference of Field took 0.00128ms
typeclass inference of Field took 0.00105ms
typeclass inference of Semiring took 0.732ms
typeclass inference of RCLike took 0.0114ms
typeclass inference of RCLike took 0.00198ms
typeclass inference of RCLike took 0.00169ms
typeclass inference of RCLike took 0.00272ms
typeclass inference of RCLike took 0.00137ms
typeclass inference of RCLike took 0.00138ms
typeclass inference of RCLike took 0.00171ms
typeclass inference of RCLike took 0.00126ms
typeclass inference of RCLike took 0.00131ms
typeclass inference of RCLike took 0.00167ms
typeclass inference of RCLike took 0.0011ms
typeclass inference of RCLike took 0.00114ms
typeclass inference of RCLike took 0.00354ms
typeclass inference of RCLike took 0.00128ms
typeclass inference of RCLike took 0.00154ms
typeclass inference of RCLike took 0.00111ms
typeclass inference of RCLike took 0.00114ms
typeclass inference of RCLike took 0.00108ms
typeclass inference of RCLike took 0.00111ms
typeclass inference of RCLike took 0.00107ms
typeclass inference of RCLike took 0.00214ms
typeclass inference of RCLike took 0.00119ms
typeclass inference of RCLike took 0.0013ms
typeclass inference of RCLike took 0.00116ms
typeclass inference of RCLike took 0.00119ms
typeclass inference of RCLike took 0.00115ms
typeclass inference of RCLike took 0.00108ms
typeclass inference of RCLike took 0.00162ms
typeclass inference of RCLike took 0.00116ms
typeclass inference of RCLike took 0.0011ms
typeclass inference of Semiring took 0.00544ms
typeclass inference of NonAssocRing took 0.213ms
typeclass inference of Field took 0.00372ms
typeclass inference of Field took 0.00303ms
typeclass inference of Field took 0.00258ms
typeclass inference of Field took 0.00185ms
typeclass inference of Field took 0.00143ms
typeclass inference of Field took 0.00153ms
typeclass inference of Field took 0.00131ms
typeclass inference of Field took 0.00178ms
typeclass inference of Field took 0.00159ms
typeclass inference of Field took 0.00262ms
typeclass inference of Field took 0.00233ms
typeclass inference of Field took 0.00235ms
typeclass inference of Field took 0.00121ms
typeclass inference of Field took 0.00227ms
typeclass inference of Field took 0.00117ms
typeclass inference of Field took 0.00134ms
typeclass inference of Field took 0.00126ms
typeclass inference of Field took 0.00119ms
typeclass inference of Field took 0.00109ms
typeclass inference of Field took 0.00107ms
typeclass inference of Field took 0.00114ms
typeclass inference of Field took 0.00104ms
typeclass inference of Field took 0.00202ms
typeclass inference of Field took 0.00124ms
typeclass inference of Field took 0.00119ms
typeclass inference of Field took 0.00116ms
typeclass inference of Field took 0.00116ms
typeclass inference of Field took 0.00117ms
typeclass inference of Field took 0.00124ms
typeclass inference of Field took 0.00107ms
typeclass inference of Field took 0.00192ms
typeclass inference of Field took 0.00117ms
typeclass inference of Field took 0.00128ms
typeclass inference of Field took 0.00117ms
typeclass inference of Field took 0.00119ms
typeclass inference of Field took 0.00116ms
typeclass inference of Field took 0.00103ms
typeclass inference of Field took 0.00236ms
typeclass inference of Field took 0.00165ms
typeclass inference of Field took 0.00141ms
typeclass inference of Field took 0.00143ms
typeclass inference of Field took 0.00122ms
typeclass inference of Field took 0.00176ms
typeclass inference of Field took 0.00136ms
typeclass inference of Field took 0.00115ms
typeclass inference of Field took 0.00109ms
typeclass inference of Field took 0.00175ms
typeclass inference of Field took 0.00161ms
typeclass inference of Field took 0.00134ms
typeclass inference of Field took 0.00227ms
typeclass inference of Field took 0.00233ms
typeclass inference of Field took 0.00239ms
typeclass inference of Field took 0.0018ms
typeclass inference of Field took 0.003ms
typeclass inference of Field took 0.00419ms
typeclass inference of Field took 0.00131ms
typeclass inference of Field took 0.00178ms
typeclass inference of Field took 0.00121ms
typeclass inference of Field took 0.0014ms
typeclass inference of Field took 0.00144ms
typeclass inference of Field took 0.0027ms
typeclass inference of Field took 0.00151ms
typeclass inference of Field took 0.00137ms
typeclass inference of Field took 0.00128ms
typeclass inference of Field took 0.00158ms
typeclass inference of Field took 0.00216ms
typeclass inference of Field took 0.00227ms
typeclass inference of Field took 0.00135ms
typeclass inference of Field took 0.00143ms
typeclass inference of Field took 0.0018ms
typeclass inference of Field took 0.00134ms
typeclass inference of Field took 0.00157ms
typeclass inference of Semiring took 0.00597ms
typeclass inference of CharZero took 22.2ms
norm_num took 0.123ms
norm_num took 0.00495ms
typeclass inference of AddMonoidWithOne took 0.989ms
norm_num took 1.09ms
norm_num took 0.0174ms
norm_num took 0.00525ms
norm_num took 0.00352ms
norm_num took 0.00457ms
typeclass inference of AddMonoidWithOne took 0.00624ms
norm_num took 0.389ms
ring took 4.07ms
tactic execution of Mathlib.Tactic.LinearCombination.linearCombination took 3.91ms
tactic execution of Lean.Parser.Tactic.tacticSeq1Indented took 0.0104ms
tactic execution of Lean.Parser.Tactic.tacticSeq took 0.00553ms
tactic execution of Lean.Parser.Tactic.paren took 0.00534ms
tactic execution of Lean.Parser.Tactic.withAnnotateState took 0.00932ms
tactic execution of Lean.Parser.Tactic.tacticSeq1Indented took 0.00577ms
tactic execution of Lean.Parser.Tactic.tacticSeq took 0.00537ms
tactic execution of Lean.Parser.Tactic.case took 0.0758ms
tactic execution of Lean.Parser.Tactic.tacticSeq1Indented took 0.0248ms
tactic execution of Lean.Parser.Tactic.tacticSeq took 0.0118ms
tactic execution of Lean.Parser.Tactic.focus took 0.0205ms
tactic execution of Lean.Parser.Tactic.tacticHave__ took 0.0363ms
typeclass inference of OfNat took 0.0896ms
typeclass inference of OfNat took 0.0497ms
typeclass inference of HAdd took 0.997ms
typeclass inference of HMul took 0.892ms
typeclass inference of CategoryTheory.CartesianMonoidalCategory took 0.0528ms
typeclass inference of CategoryTheory.CartesianMonoidalCategory took 0.00479ms
typeclass inference of HPow took 2.08ms
typeclass inference of HMul took 0.838ms
typeclass inference of HAdd took 0.823ms
typeclass inference of OfNat took 0.903ms
tactic execution of Lean.Parser.Tactic.refine took 0.73ms
typeclass inference of Add took 0.767ms
typeclass inference of AddRightCancelSemigroup took 1.02ms
typeclass inference of IsRightCancelAdd took 3.65ms
typeclass inference of AddGroup took 0.579ms
typeclass inference of CommSemiring took 0.475ms
typeclass inference of CommRing took 0.0428ms
typeclass inference of Semifield took 0.322ms
typeclass inference of Field took 0.44ms
typeclass inference of Field took 0.00275ms
typeclass inference of Field took 0.00209ms
typeclass inference of Field took 0.00238ms
typeclass inference of Field took 0.00145ms
typeclass inference of Field took 0.00134ms
typeclass inference of Field took 0.0011ms
typeclass inference of Field took 0.00124ms
typeclass inference of Field took 0.00112ms
typeclass inference of Field took 0.00187ms
typeclass inference of Field took 0.00119ms
typeclass inference of Field took 0.00113ms
typeclass inference of Field took 0.00219ms
typeclass inference of Field took 0.00118ms
typeclass inference of Field took 0.00116ms
typeclass inference of Field took 0.00112ms
typeclass inference of Field took 0.00107ms
typeclass inference of Field took 0.0011ms
typeclass inference of Field took 0.0012ms
typeclass inference of Field took 0.00113ms
typeclass inference of Field took 0.00213ms
typeclass inference of Field took 0.0012ms
typeclass inference of Field took 0.0013ms
typeclass inference of Field took 0.00115ms
typeclass inference of Field took 0.00114ms
typeclass inference of Field took 0.00127ms
typeclass inference of Field took 0.00107ms
typeclass inference of Field took 0.00193ms
typeclass inference of Field took 0.00248ms
typeclass inference of Field took 0.00114ms
typeclass inference of Semiring took 0.788ms
typeclass inference of RCLike took 0.0142ms
typeclass inference of RCLike took 0.0022ms
typeclass inference of RCLike took 0.00198ms
typeclass inference of RCLike took 0.00286ms
typeclass inference of RCLike took 0.00133ms
typeclass inference of RCLike took 0.00139ms
typeclass inference of RCLike took 0.00129ms
typeclass inference of RCLike took 0.00138ms
typeclass inference of RCLike took 0.00118ms
typeclass inference of RCLike took 0.00125ms
typeclass inference of RCLike took 0.0013ms
typeclass inference of RCLike took 0.00105ms
typeclass inference of RCLike took 0.0019ms
typeclass inference of RCLike took 0.00125ms
typeclass inference of RCLike took 0.00201ms
typeclass inference of RCLike took 0.00154ms
typeclass inference of RCLike took 0.00129ms
typeclass inference of RCLike took 0.00141ms
typeclass inference of RCLike took 0.00154ms
typeclass inference of RCLike took 0.00127ms
typeclass inference of RCLike took 0.00198ms
typeclass inference of RCLike took 0.00159ms
typeclass inference of RCLike took 0.00164ms
typeclass inference of RCLike took 0.00138ms
typeclass inference of RCLike took 0.00129ms
typeclass inference of RCLike took 0.00127ms
typeclass inference of RCLike took 0.00114ms
typeclass inference of RCLike took 0.00166ms
typeclass inference of RCLike took 0.00137ms
typeclass inference of RCLike took 0.00109ms
typeclass inference of Semiring took 0.00503ms
typeclass inference of NonAssocRing took 0.393ms
typeclass inference of Field took 0.00434ms
typeclass inference of Field took 0.00211ms
typeclass inference of Field took 0.00248ms
typeclass inference of Field took 0.00214ms
typeclass inference of Field took 0.00171ms
typeclass inference of Field took 0.00186ms
typeclass inference of Field took 0.00149ms
typeclass inference of Field took 0.00163ms
typeclass inference of Field took 0.00129ms
typeclass inference of Field took 0.00201ms
typeclass inference of Field took 0.00135ms
typeclass inference of Field took 0.00144ms
typeclass inference of Field took 0.0011ms
typeclass inference of Field took 0.0026ms
typeclass inference of Field took 0.00134ms
typeclass inference of Field took 0.00148ms
typeclass inference of Field took 0.0015ms
typeclass inference of Field took 0.00111ms
typeclass inference of Field took 0.00111ms
typeclass inference of Field took 0.00121ms
typeclass inference of Field took 0.00106ms
typeclass inference of Field took 0.00103ms
typeclass inference of Field took 0.00218ms
typeclass inference of Field took 0.00117ms
typeclass inference of Field took 0.0013ms
typeclass inference of Field took 0.00214ms
typeclass inference of Field took 0.00118ms
typeclass inference of Field took 0.00112ms
typeclass inference of Field took 0.00109ms
typeclass inference of Field took 0.00107ms
typeclass inference of Field took 0.00244ms
typeclass inference of Field took 0.00128ms
typeclass inference of Field took 0.00138ms
typeclass inference of Field took 0.00112ms
typeclass inference of Field took 0.00116ms
typeclass inference of Field took 0.00121ms
typeclass inference of Field took 0.00106ms
typeclass inference of Field took 0.00269ms
typeclass inference of Field took 0.00147ms
typeclass inference of Field took 0.00131ms
typeclass inference of Field took 0.00142ms
typeclass inference of Field took 0.00118ms
typeclass inference of Field took 0.00169ms
typeclass inference of Field took 0.00133ms
typeclass inference of Field took 0.00113ms
typeclass inference of Field took 0.00124ms
typeclass inference of Field took 0.00181ms
typeclass inference of Field took 0.00116ms
typeclass inference of Field took 0.00136ms
typeclass inference of Field took 0.00193ms
typeclass inference of Field took 0.00166ms
typeclass inference of Field took 0.00163ms
typeclass inference of Field took 0.00237ms
typeclass inference of Field took 0.00383ms
typeclass inference of Field took 0.00178ms
typeclass inference of Field took 0.00129ms
typeclass inference of Field took 0.00171ms
typeclass inference of Field took 0.00145ms
typeclass inference of Field took 0.00142ms
typeclass inference of Field took 0.00134ms
typeclass inference of Field took 0.00405ms
typeclass inference of Field took 0.00152ms
typeclass inference of Field took 0.00144ms
typeclass inference of Field took 0.00142ms
typeclass inference of Field took 0.00109ms
typeclass inference of Field took 0.00195ms
typeclass inference of Field took 0.00124ms
typeclass inference of Field took 0.00123ms
typeclass inference of Field took 0.00131ms
typeclass inference of Field took 0.00168ms
typeclass inference of Field took 0.00125ms
typeclass inference of Field took 0.00127ms
typeclass inference of Semiring took 0.00687ms
typeclass inference of CharZero took 21.5ms
norm_num took 0.077ms
typeclass inference of AddMonoidWithOne took 0.664ms
norm_num took 0.538ms
norm_num took 0.00605ms
typeclass inference of AddMonoidWithOne took 0.00505ms
norm_num took 0.111ms
norm_num took 0.00553ms
norm_num took 0.0065ms
norm_num took 0.00503ms
norm_num took 0.00226ms
typeclass inference of AddMonoidWithOne took 0.00436ms
norm_num took 0.119ms
norm_num took 0.00436ms
norm_num took 0.00335ms
typeclass inference of AddMonoidWithOne took 0.00518ms
norm_num took 0.466ms
ring took 2.49ms
tactic execution of Mathlib.Tactic.LinearCombination.linearCombination took 1.56ms
tactic execution of Lean.Parser.Tactic.tacticSeq1Indented took 0.00763ms
tactic execution of Lean.Parser.Tactic.tacticSeq took 0.00431ms
tactic execution of Lean.Parser.Tactic.paren took 0.00518ms
tactic execution of Lean.Parser.Tactic.withAnnotateState took 0.00719ms
tactic execution of Lean.Parser.Tactic.tacticSeq1Indented took 0.00586ms
tactic execution of Lean.Parser.Tactic.tacticSeq took 0.00565ms
tactic execution of Lean.Parser.Tactic.case took 0.0943ms
tactic execution of Lean.Parser.Tactic.tacticSeq1Indented took 0.0232ms
tactic execution of Lean.Parser.Tactic.tacticSeq took 0.00613ms
tactic execution of Lean.Parser.Tactic.focus took 0.0103ms
tactic execution of Lean.Parser.Tactic.tacticHave__ took 0.0284ms
typeclass inference of OfNat took 0.147ms
typeclass inference of OfNat took 0.058ms
typeclass inference of OfNat took 0.054ms
typeclass inference of HPow took 0.444ms
typeclass inference of LT took 0.0309ms
typeclass inference of OfNat took 0.0481ms
typeclass inference of Preorder took 0.245ms
typeclass inference of Preorder took 0.0356ms
typeclass inference of Preorder took 0.0436ms
typeclass inference of AddMonoidWithOne took 0.055ms
norm_num took 0.247ms
typeclass inference of AddMonoidWithOne took 0.00531ms
norm_num took 0.0582ms
typeclass inference of LT took 0.0386ms
typeclass inference of Semiring took 0.0317ms
typeclass inference of PartialOrder took 0.0402ms
typeclass inference of CommSemiring took 0.0291ms
typeclass inference of IsOrderedRing took 0.997ms
typeclass inference of CharZero took 0.0433ms
norm_num took 0.265ms
tactic execution of Mathlib.Tactic.normNum took 0.515ms
tactic execution of Lean.Parser.Tactic.tacticSeq1Indented took 0.00847ms
tactic execution of Lean.Parser.Tactic.tacticSeq took 0.0146ms
tactic execution of Lean.Parser.Tactic.refine took 3.71ms
tactic execution of Lean.Parser.Tactic.rotateRight took 0.00783ms
tactic execution of Lean.Parser.Tactic.tacticSeq1Indented took 0.0125ms
tactic execution of Lean.Parser.Tactic.tacticSeq took 0.00426ms
tactic execution of Lean.Parser.Tactic.paren took 0.00456ms
tactic execution of Lean.Parser.Tactic.tacticSeq1Indented took 0.00495ms
tactic execution of Lean.Parser.Tactic.tacticSeq took 0.00505ms
tactic execution of Lean.Parser.Tactic.focus took 0.0069ms
tactic execution of Lean.Parser.Tactic.tacticRefine_lift_ took 0.014ms
tactic execution of Lean.Parser.Tactic.tacticHave__ took 0.875ms
typeclass inference of OfNat took 1.06ms
typeclass inference of CategoryTheory.CartesianMonoidalCategory took 0.0594ms
typeclass inference of CategoryTheory.CartesianMonoidalCategory took 0.00474ms
typeclass inference of HPow took 2.11ms
typeclass inference of OfNat took 0.113ms
typeclass inference of OfNat took 0.0462ms
typeclass inference of HPow took 0.298ms
typeclass inference of OfNat took 0.0493ms
tactic execution of Lean.Parser.Tactic.refine took 1ms
tactic execution of Lean.Parser.Tactic.rotateRight took 0.00702ms
tactic execution of Lean.Parser.Tactic.tacticSeq1Indented took 0.0143ms
tactic execution of Lean.Parser.Tactic.tacticSeq took 0.00377ms
tactic execution of Lean.Parser.Tactic.paren took 0.00419ms
tactic execution of Lean.Parser.Tactic.tacticSeq1Indented took 0.00429ms
tactic execution of Lean.Parser.Tactic.tacticSeq took 0.00377ms
tactic execution of Lean.Parser.Tactic.focus took 0.00884ms
tactic execution of Lean.Parser.Tactic.tacticRefine_lift_ took 0.00732ms
tactic execution of Lean.Parser.Tactic.tacticHave__ took 0.0193ms
typeclass inference of OfNat took 0.0648ms
typeclass inference of OfNat took 0.0499ms
typeclass inference of OfNat took 0.0436ms
typeclass inference of HMul took 0.157ms
typeclass inference of HPow took 0.0363ms
typeclass inference of HMul took 0.147ms
typeclass inference of LT took 0.0299ms
typeclass inference of OfNat took 0.00328ms
tactic execution of Lean.Parser.Tactic.refine took 0.531ms
typeclass inference of OfNat took 0.0754ms
typeclass inference of OfNat took 0.0568ms
typeclass inference of OfNat took 0.0556ms
typeclass inference of OfNat took 0.0528ms
typeclass inference of OfNat took 0.043ms
typeclass inference of OfNat took 0.0348ms
typeclass inference of OfNat took 0.0335ms
typeclass inference of HMul took 0.00385ms
typeclass inference of HMul took 0.00243ms
typeclass inference of HPow took 0.0338ms
typeclass inference of HMul took 0.0299ms
typeclass inference of HPow took 0.0288ms
typeclass inference of HPow took 0.0283ms
typeclass inference of HMul took 0.0357ms
typeclass inference of LT took 0.00353ms
typeclass inference of OfNat took 0.00265ms
typeclass inference of OfNat took 0.00192ms
typeclass inference of OfNat took 0.00159ms
typeclass inference of OfNat took 0.0798ms
typeclass inference of OfNat took 0.067ms
typeclass inference of HAdd took 0.171ms
typeclass inference of HAdd took 0.335ms
typeclass inference of OfNat took 0.0554ms
typeclass inference of HPow took 0.0366ms
typeclass inference of OfNat took 0.00334ms
typeclass inference of Trans took 0.295ms
typeclass inference of LT took 0.00411ms
typeclass inference of Trans took 0.261ms
typeclass inference of LE took 0.22ms
typeclass inference of LE took 0.0775ms
typeclass inference of Zero took 0.127ms
typeclass inference of PartialOrder took 0.0468ms
typeclass inference of Ring took 1.17ms
typeclass inference of AddMonoidWithOne took 0.0408ms
norm_num took 0.272ms
typeclass inference of Semiring took 0.0315ms
typeclass inference of PartialOrder took 0.00288ms
typeclass inference of CommSemiring took 0.0237ms
typeclass inference of IsOrderedRing took 1.01ms
typeclass inference of Nontrivial took 0.0548ms
typeclass inference of Semiring took 0.00379ms
typeclass inference of IsStrictOrderedRing took 0.0349ms
tactic execution of Mathlib.Tactic.Positivity.positivity took 1.86ms
tactic execution of Lean.Parser.Tactic.tacticSeq1Indented took 0.0105ms
tactic execution of Lean.Parser.Tactic.tacticSeq took 0.0148ms
typeclass inference of Monoid took 0.281ms
typeclass inference of Monoid took 0.122ms
typeclass inference of Monoid took 0.0333ms
typeclass inference of Monoid took 0.029ms
tactic execution of Lean.Parser.Tactic.rewriteSeq took 0.588ms
tactic execution of Lean.Parser.Tactic.exact took 0.116ms
tactic execution of Lean.Parser.Tactic.exact took 0.0855ms
tactic execution of Lean.Parser.Tactic.eqRefl took 0.154ms
tactic execution of Lean.Parser.Tactic.tacticRfl took 0.0482ms
tactic execution of Lean.Parser.Tactic.tacticSeq1Indented took 0.00782ms
tactic execution of Lean.Parser.Tactic.tacticSeq took 0.00661ms
tactic execution of Lean.Parser.Tactic.withReducible took 0.00635ms
tactic execution of Lean.Parser.Tactic.tacticSeq1Indented took 0.00674ms
tactic execution of Lean.Parser.Tactic.tacticSeq took 0.0041ms
tactic execution of Lean.Parser.Tactic.paren took 0.0044ms
tactic execution of Lean.Parser.Tactic.tacticSeq1Indented took 0.00525ms
tactic execution of Lean.Parser.Tactic.tacticSeq took 0.00769ms
tactic execution of Lean.Parser.Tactic.first took 0.00625ms
tactic execution of Lean.Parser.Tactic.tacticTry_ took 0.0088ms
tactic execution of Lean.Parser.Tactic.tacticSeq1Indented took 0.00334ms
tactic execution of Lean.Parser.Tactic.tacticSeq took 0.00318ms
tactic execution of Lean.Parser.Tactic.paren took 0.00373ms
tactic execution of Lean.Parser.Tactic.withAnnotateState took 0.0192ms
tactic execution of Lean.Parser.Tactic.tacticSeq1Indented took 0.00996ms
tactic execution of Lean.Parser.Tactic.tacticSeq took 0.00326ms
tactic execution of Lean.Parser.Tactic.paren took 0.00461ms
tactic execution of Lean.Parser.Tactic.rwSeq took 0.0119ms
tactic execution of Lean.Parser.Tactic.tacticSeq1Indented took 0.00566ms
tactic execution of Lean.Parser.Tactic.tacticSeq took 0.0126ms
tactic execution of Lean.calcTactic took 5.36ms
tactic execution of Lean.Parser.Tactic.tacticSeq1Indented took 0.00597ms
tactic execution of Lean.Parser.Tactic.tacticSeq took 0.00468ms
tactic execution of Lean.Parser.Tactic.paren took 0.00492ms
tactic execution of Lean.Parser.Tactic.withAnnotateState took 0.00756ms
tactic execution of Lean.Parser.Tactic.tacticSeq1Indented took 0.00537ms
tactic execution of Lean.Parser.Tactic.tacticSeq took 0.00483ms
tactic execution of Lean.Parser.Tactic.case took 0.0524ms
tactic execution of Lean.Parser.Tactic.tacticSeq1Indented took 0.0126ms
tactic execution of Lean.Parser.Tactic.tacticSeq took 0.00499ms
tactic execution of Lean.Parser.Tactic.focus took 0.00788ms
tactic execution of Lean.Parser.Tactic.tacticHave__ took 0.152ms
typeclass inference of OfNat took 1.05ms
typeclass inference of HMul took 0.907ms
typeclass inference of CategoryTheory.CartesianMonoidalCategory took 0.0498ms
typeclass inference of CategoryTheory.CartesianMonoidalCategory took 0.0046ms
typeclass inference of HPow took 1.95ms
typeclass inference of HMul took 1.31ms
typeclass inference of OfNat took 0.16ms
typeclass inference of OfNat took 0.0574ms
typeclass inference of HMul took 0.157ms
typeclass inference of HPow took 0.403ms
typeclass inference of HMul took 0.155ms
typeclass inference of OfNat took 0.0453ms
tactic execution of Lean.Parser.Tactic.refine took 1.21ms
tactic execution of Lean.Parser.Tactic.rewriteSeq took 0.163ms
tactic execution of Lean.Parser.Tactic.exact took 0.141ms
tactic execution of Lean.Parser.Tactic.exact took 0.13ms
tactic execution of Lean.Parser.Tactic.eqRefl took 0.012ms
tactic execution of Lean.Parser.Tactic.applyRfl took 0.0257ms
tactic execution of Lean.Parser.Tactic.tacticRfl took 0.0568ms
tactic execution of Lean.Parser.Tactic.tacticSeq1Indented took 0.00637ms
tactic execution of Lean.Parser.Tactic.tacticSeq took 0.00515ms
tactic execution of Lean.Parser.Tactic.withReducible took 0.00723ms
tactic execution of Lean.Parser.Tactic.tacticSeq1Indented took 0.00438ms
tactic execution of Lean.Parser.Tactic.tacticSeq took 0.0042ms
tactic execution of Lean.Parser.Tactic.paren took 0.00414ms
tactic execution of Lean.Parser.Tactic.tacticSeq1Indented took 0.00468ms
tactic execution of Lean.Parser.Tactic.tacticSeq took 0.00425ms
tactic execution of Lean.Parser.Tactic.skip took 0.00287ms
tactic execution of Lean.Parser.Tactic.tacticSeq1Indented took 0.00347ms
tactic execution of Lean.Parser.Tactic.tacticSeq took 0.00386ms
tactic execution of Lean.Parser.Tactic.first took 0.00835ms
tactic execution of Lean.Parser.Tactic.tacticTry_ took 0.0082ms
tactic execution of Lean.Parser.Tactic.tacticSeq1Indented took 0.00422ms
tactic execution of Lean.Parser.Tactic.tacticSeq took 0.00323ms
tactic execution of Lean.Parser.Tactic.paren took 0.00336ms
tactic execution of Lean.Parser.Tactic.withAnnotateState took 0.248ms
tactic execution of Lean.Parser.Tactic.tacticSeq1Indented took 0.0135ms
tactic execution of Lean.Parser.Tactic.tacticSeq took 0.00441ms
tactic execution of Lean.Parser.Tactic.paren took 0.00519ms
tactic execution of Lean.Parser.Tactic.rwSeq took 0.0105ms
tactic execution of Lean.Parser.Tactic.exact took 0.0606ms
tactic execution of Lean.Parser.Tactic.tacticSeq1Indented took 0.0116ms
tactic execution of Lean.Parser.Tactic.tacticSeq took 0.0101ms
tactic execution of Lean.Parser.Tactic.rewriteSeq took 2.14ms
tactic execution of Lean.Parser.Tactic.exact took 0.113ms
tactic execution of Lean.Parser.Tactic.exact took 0.0837ms
tactic execution of Lean.Parser.Tactic.eqRefl took 0.00993ms
tactic execution of Lean.Parser.Tactic.tacticRfl took 0.0317ms
tactic execution of Lean.Parser.Tactic.tacticSeq1Indented took 0.00493ms
tactic execution of Lean.Parser.Tactic.tacticSeq took 0.00351ms
tactic execution of Lean.Parser.Tactic.withReducible took 0.00428ms
tactic execution of Lean.Parser.Tactic.tacticSeq1Indented took 0.00396ms
tactic execution of Lean.Parser.Tactic.tacticSeq took 0.00328ms
tactic execution of Lean.Parser.Tactic.paren took 0.00294ms
tactic execution of Lean.Parser.Tactic.tacticSeq1Indented took 0.00281ms
tactic execution of Lean.Parser.Tactic.tacticSeq took 0.003ms
tactic execution of Lean.Parser.Tactic.first took 0.00361ms
tactic execution of Lean.Parser.Tactic.tacticTry_ took 0.00523ms
tactic execution of Lean.Parser.Tactic.tacticSeq1Indented took 0.00336ms
tactic execution of Lean.Parser.Tactic.tacticSeq took 0.00281ms
tactic execution of Lean.Parser.Tactic.paren took 0.00305ms
tactic execution of Lean.Parser.Tactic.withAnnotateState took 0.0129ms
tactic execution of Lean.Parser.Tactic.tacticSeq1Indented took 0.0154ms
tactic execution of Lean.Parser.Tactic.tacticSeq took 0.00765ms
tactic execution of Lean.Parser.Tactic.paren took 0.00602ms
tactic execution of Lean.Parser.Tactic.rwSeq took 0.0239ms
tactic execution of Lean.Parser.Tactic.tacticSeq1Indented took 0.00342ms
tactic execution of Lean.Parser.Tactic.tacticSeq took 0.00319ms
tactic execution of Lean.Parser.Tactic.paren took 0.0057ms
tactic execution of Lean.Parser.Tactic.withAnnotateState took 0.00949ms
tactic execution of Lean.Parser.Tactic.tacticSeq1Indented took 0.00487ms
tactic execution of Lean.Parser.Tactic.tacticSeq took 0.0056ms
tactic execution of Lean.Parser.Tactic.case took 0.194ms
tactic execution of Lean.Parser.Tactic.tacticSeq1Indented took 0.0187ms
tactic execution of Lean.Parser.Tactic.tacticSeq took 0.00459ms
tactic execution of Lean.Parser.Tactic.focus took 0.00798ms
tactic execution of Lean.Parser.Tactic.tacticHave__ took 0.0244ms
typeclass inference of OfNat took 0.114ms
typeclass inference of OfNat took 0.0536ms
typeclass inference of OfNat took 0.0464ms
typeclass inference of HAdd took 0.167ms
typeclass inference of HMul took 0.143ms
typeclass inference of HPow took 0.32ms
typeclass inference of HMul took 0.151ms
typeclass inference of HAdd took 0.14ms
typeclass inference of LT took 0.0318ms
typeclass inference of OfNat took 0.0412ms
tactic execution of Lean.Parser.Tactic.refine took 0.81ms
typeclass inference of OfNat took 0.0706ms
typeclass inference of OfNat took 0.0589ms
typeclass inference of OfNat took 0.0446ms
typeclass inference of OfNat took 0.0364ms
typeclass inference of OfNat took 0.0486ms
typeclass inference of OfNat took 0.0524ms
typeclass inference of OfNat took 0.0428ms
typeclass inference of OfNat took 0.0322ms
typeclass inference of OfNat took 0.0327ms
typeclass inference of OfNat took 0.0334ms
typeclass inference of HAdd took 0.00427ms
typeclass inference of HMul took 0.00258ms
typeclass inference of HMul took 0.00249ms
typeclass inference of HPow took 0.0376ms
typeclass inference of HMul took 0.0315ms
typeclass inference of HPow took 0.0317ms
typeclass inference of HAdd took 0.0387ms
typeclass inference of HPow took 0.0351ms
typeclass inference of HPow took 0.0314ms
typeclass inference of HMul took 0.0315ms
typeclass inference of LE took 0.0395ms
typeclass inference of OfNat took 0.0035ms
typeclass inference of OfNat took 0.00216ms
typeclass inference of OfNat took 0.00183ms
typeclass inference of OfNat took 0.00167ms
tactic execution of Lean.Parser.Tactic.refine took 1.09ms
typeclass inference of OfNat took 0.0836ms
typeclass inference of OfNat took 0.0443ms
typeclass inference of OfNat took 0.0638ms
typeclass inference of OfNat took 0.0484ms
typeclass inference of OfNat took 0.0381ms
typeclass inference of HAdd took 0.00408ms
typeclass inference of HAdd took 0.0364ms
typeclass inference of HPow took 0.0339ms
typeclass inference of LE took 0.00393ms
typeclass inference of OfNat took 0.0527ms
typeclass inference of OfNat took 0.00328ms
tactic execution of Lean.Parser.Tactic.refine took 0.799ms
tactic execution of Lean.Parser.Tactic.rotateRight took 0.00626ms
tactic execution of Lean.Parser.Tactic.tacticSeq1Indented took 0.0135ms
tactic execution of Lean.Parser.Tactic.tacticSeq took 0.00377ms
tactic execution of Lean.Parser.Tactic.paren took 0.00288ms
tactic execution of Lean.Parser.Tactic.tacticSeq1Indented took 0.00397ms
tactic execution of Lean.Parser.Tactic.tacticSeq took 0.00378ms
tactic execution of Lean.Parser.Tactic.focus took 0.0056ms
tactic execution of Lean.Parser.Tactic.tacticRefine_lift_ took 0.00788ms
tactic execution of Lean.Parser.Tactic.tacticHave__ took 0.0109ms
typeclass inference of OfNat took 0.0666ms
typeclass inference of OfNat took 0.0664ms
typeclass inference of OfNat took 0.0455ms
typeclass inference of OfNat took 0.0352ms
typeclass inference of OfNat took 0.0494ms
typeclass inference of OfNat took 0.0553ms
typeclass inference of OfNat took 0.0392ms
typeclass inference of OfNat took 0.0349ms
typeclass inference of OfNat took 0.0325ms
typeclass inference of OfNat took 0.0392ms
typeclass inference of HAdd took 0.0042ms
typeclass inference of HMul took 0.00322ms
typeclass inference of HMul took 0.00254ms
typeclass inference of HAdd took 0.00229ms
typeclass inference of HPow took 0.041ms
typeclass inference of HMul took 0.0388ms
typeclass inference of HPow took 0.0456ms
typeclass inference of HAdd took 0.0329ms
typeclass inference of HPow took 0.0306ms
typeclass inference of HAdd took 0.0303ms
typeclass inference of HMul took 0.0308ms
typeclass inference of OfNat took 0.00391ms
typeclass inference of OfNat took 0.00225ms
typeclass inference of OfNat took 0.00176ms
typeclass inference of OfNat took 0.00178ms
typeclass inference of OfNat took 0.0756ms
typeclass inference of OfNat took 0.0578ms
typeclass inference of OfNat took 0.043ms
typeclass inference of OfNat took 0.0349ms
typeclass inference of HMul took 0.0039ms
typeclass inference of HPow took 0.0345ms
typeclass inference of HPow took 0.0354ms
typeclass inference of HMul took 0.0446ms
typeclass inference of LE took 0.00357ms
typeclass inference of OfNat took 0.00355ms
typeclass inference of OfNat took 0.00295ms
typeclass inference of Trans took 0.259ms
typeclass inference of CommSemiring took 0.0536ms
typeclass inference of CommRing took 0.845ms
typeclass inference of Semifield took 0.351ms
typeclass inference of CharZero took 1.87ms
typeclass inference of AddMonoidWithOne took 0.07ms
norm_num took 0.478ms
norm_num took 0.0346ms
norm_num took 0.00747ms
typeclass inference of AddMonoidWithOne took 0.00479ms
norm_num took 0.114ms
norm_num took 0.00475ms
typeclass inference of AddMonoidWithOne took 0.00403ms
norm_num took 0.0945ms
norm_num took 0.00412ms
norm_num took 0.0074ms
typeclass inference of AddMonoidWithOne took 0.00443ms
norm_num took 0.106ms
ring took 2.98ms
tactic execution of Mathlib.Tactic.Ring.ring1 took 1.06ms
tactic execution of Lean.Parser.Tactic.tacticSeq1Indented took 0.0134ms
tactic execution of Lean.Parser.Tactic.tacticSeq took 0.00774ms
tactic execution of Lean.Parser.Tactic.first took 0.0157ms
tactic execution of Mathlib.Tactic.RingNF.ring took 0.408ms
tactic execution of Lean.Parser.Tactic.tacticSeq1Indented took 0.00863ms
tactic execution of Lean.Parser.Tactic.tacticSeq took 0.0142ms
tactic execution of Lean.calcTactic took 3.81ms
tactic execution of Lean.Parser.Tactic.tacticSeq1Indented took 0.0141ms
tactic execution of Lean.Parser.Tactic.tacticSeq took 0.00604ms
tactic execution of Lean.Parser.Tactic.paren took 0.00556ms
tactic execution of Lean.Parser.Tactic.withAnnotateState took 0.00773ms
tactic execution of Lean.Parser.Tactic.tacticSeq1Indented took 0.00656ms
tactic execution of Lean.Parser.Tactic.tacticSeq took 0.00619ms
tactic execution of Lean.Parser.Tactic.case took 0.0673ms
tactic execution of Lean.Parser.Tactic.tacticSeq1Indented took 0.0838ms
tactic execution of Lean.Parser.Tactic.tacticSeq took 0.00591ms
tactic execution of Lean.Parser.Tactic.focus took 0.00748ms
tactic execution of Lean.Parser.Tactic.tacticHave__ took 0.0168ms
typeclass inference of OfNat took 0.161ms
typeclass inference of OfNat took 0.0645ms
typeclass inference of OfNat took 0.0518ms
typeclass inference of OfNat took 0.0429ms
typeclass inference of OfNat took 0.0558ms
typeclass inference of OfNat took 0.0543ms
typeclass inference of OfNat took 0.0424ms
typeclass inference of OfNat took 0.0371ms
typeclass inference of HAdd took 0.238ms
typeclass inference of HAdd took 0.163ms
typeclass inference of OfNat took 0.0724ms
typeclass inference of OfNat took 0.0428ms
typeclass inference of OfNat took 0.0374ms
typeclass inference of HPow took 0.0791ms
typeclass inference of HPow took 0.0728ms
typeclass inference of HMul took 0.0991ms
typeclass inference of HPow took 0.061ms
typeclass inference of OfNat took 0.0698ms
typeclass inference of OfNat took 0.0448ms
typeclass inference of OfNat took 0.0395ms
typeclass inference of HPow took 0.0503ms
typeclass inference of HPow took 0.0475ms
typeclass inference of HMul took 0.0507ms
typeclass inference of HPow took 0.0478ms
typeclass inference of OfNat took 0.0455ms
typeclass inference of OfNat took 0.0361ms
typeclass inference of OfNat took 0.033ms
typeclass inference of HPow took 0.048ms
typeclass inference of HPow took 0.0453ms
typeclass inference of HMul took 0.0532ms
typeclass inference of HPow took 0.0485ms
typeclass inference of OfNat took 0.0421ms
typeclass inference of OfNat took 0.034ms
typeclass inference of OfNat took 0.0316ms
typeclass inference of HPow took 0.0461ms
typeclass inference of HPow took 0.0437ms
typeclass inference of HMul took 0.0446ms
typeclass inference of HPow took 0.0521ms
typeclass inference of Pow took 0.254ms
typeclass inference of NPow took 0.294ms
typeclass inference of HomogeneousPow took 0.0155ms
typeclass inference of NatPow took 0.0384ms
typeclass inference of Pow took 0.155ms
typeclass inference of NPow took 0.219ms
typeclass inference of HomogeneousPow took 0.0022ms
typeclass inference of NatPow took 0.0282ms
typeclass inference of Mul took 0.315ms
typeclass inference of Pow took 0.0992ms
typeclass inference of NPow took 0.145ms
typeclass inference of HomogeneousPow took 0.00185ms
typeclass inference of NatPow took 0.0274ms
typeclass inference of OfNat took 0.0826ms
typeclass inference of OfNat took 0.0388ms
typeclass inference of HPow took 0.303ms
typeclass inference of HPow took 0.0655ms
typeclass inference of HMul took 0.0674ms
typeclass inference of HPow took 0.0523ms
typeclass inference of OfNat took 0.0461ms
typeclass inference of OfNat took 0.0359ms
typeclass inference of HPow took 0.0476ms
typeclass inference of HMul took 0.0549ms
typeclass inference of HPow took 0.0504ms
typeclass inference of OfNat took 0.0401ms
typeclass inference of OfNat took 0.0328ms
typeclass inference of HPow took 0.0468ms
typeclass inference of HMul took 0.0528ms
typeclass inference of HPow took 0.0469ms
typeclass inference of Pow took 0.114ms
typeclass inference of NPow took 0.158ms
typeclass inference of HomogeneousPow took 0.00191ms
typeclass inference of NatPow took 0.0299ms
typeclass inference of Mul took 0.0327ms
typeclass inference of OfNat took 0.0636ms
typeclass inference of OfNat took 0.0375ms
typeclass inference of HPow took 0.0532ms
typeclass inference of HPow took 0.0477ms
typeclass inference of OfNat took 0.0393ms
typeclass inference of OfNat took 0.205ms
typeclass inference of HPow took 0.0664ms
typeclass inference of HPow took 0.0479ms
typeclass inference of Pow took 0.136ms
typeclass inference of OfNat took 0.0562ms
typeclass inference of OfNat took 0.144ms
typeclass inference of HPow took 0.0649ms
typeclass inference of OfNat took 0.0421ms
typeclass inference of HPow took 0.0551ms
typeclass inference of OfNat took 0.0411ms
typeclass inference of HPow took 0.0692ms
typeclass inference of Pow took 0.00406ms
typeclass inference of OfNat took 0.00282ms
tactic execution of Lean.Parser.Tactic.refine took 2.69ms
typeclass inference of Monoid took 0.188ms
typeclass inference of Monoid took 0.106ms
typeclass inference of Monoid took 0.0424ms
typeclass inference of Monoid took 0.0334ms
tactic execution of Lean.Parser.Tactic.rewriteSeq took 0.66ms
tactic execution of Lean.Parser.Tactic.exact took 0.137ms
tactic execution of Lean.Parser.Tactic.exact took 0.0984ms
tactic execution of Lean.Parser.Tactic.eqRefl took 0.149ms
tactic execution of Lean.Parser.Tactic.tacticRfl took 0.0534ms
tactic execution of Lean.Parser.Tactic.tacticSeq1Indented took 0.0116ms
tactic execution of Lean.Parser.Tactic.tacticSeq took 0.00396ms
tactic execution of Lean.Parser.Tactic.withReducible took 0.00817ms
tactic execution of Lean.Parser.Tactic.tacticSeq1Indented took 0.01ms
tactic execution of Lean.Parser.Tactic.tacticSeq took 0.0037ms
tactic execution of Lean.Parser.Tactic.paren took 0.00375ms
tactic execution of Lean.Parser.Tactic.tacticSeq1Indented took 0.00432ms
tactic execution of Lean.Parser.Tactic.tacticSeq took 0.00448ms
tactic execution of Lean.Parser.Tactic.first took 0.0073ms
tactic execution of Lean.Parser.Tactic.tacticTry_ took 0.0124ms
tactic execution of Lean.Parser.Tactic.tacticSeq1Indented took 0.00435ms
tactic execution of Lean.Parser.Tactic.tacticSeq took 0.00403ms
tactic execution of Lean.Parser.Tactic.paren took 0.00497ms
tactic execution of Lean.Parser.Tactic.withAnnotateState took 0.033ms
tactic execution of Lean.Parser.Tactic.tacticSeq1Indented took 0.0143ms
tactic execution of Lean.Parser.Tactic.tacticSeq took 0.0082ms
tactic execution of Lean.Parser.Tactic.paren took 0.0055ms
tactic execution of Lean.Parser.Tactic.rwSeq took 0.0416ms
tactic execution of Lean.Parser.Tactic.tacticSeq1Indented took 0.0109ms
tactic execution of Lean.Parser.Tactic.tacticSeq took 0.00606ms
tactic execution of Lean.Parser.Tactic.paren took 0.00918ms
tactic execution of Lean.Parser.Tactic.withAnnotateState took 0.0116ms
tactic execution of Lean.Parser.Tactic.tacticSeq1Indented took 0.00753ms
tactic execution of Lean.Parser.Tactic.tacticSeq took 0.0125ms
tactic execution of Lean.Parser.Tactic.case took 0.196ms
tactic execution of Lean.Parser.Tactic.tacticSeq1Indented took 0.0399ms
tactic execution of Lean.Parser.Tactic.tacticSeq took 0.006ms
tactic execution of Lean.Parser.Tactic.focus took 0.0258ms
tactic execution of Lean.Parser.Tactic.tacticHave__ took 0.0375ms
typeclass inference of Decidable took 0.305ms
typeclass inference of LE took 0.0436ms
typeclass inference of LE took 0.00674ms
typeclass inference of LE took 0.00434ms
typeclass inference of LE took 0.00621ms
typeclass inference of Decidable took 0.162ms
typeclass inference of Decidable took 0.00384ms
instantiate metavars took 0.0012ms
tactic execution of Lean.Parser.Tactic.omega took 8.01ms
tactic execution of Lean.Parser.Tactic.tacticSeq1Indented took 0.0273ms
tactic execution of Lean.Parser.Tactic.tacticSeq took 0.00589ms
tactic execution of Lean.Parser.Tactic.paren took 0.00525ms
tactic execution of Lean.Parser.Tactic.withAnnotateState took 0.00687ms
tactic execution of Lean.Parser.Tactic.tacticSeq1Indented took 0.00506ms
tactic execution of Lean.Parser.Tactic.tacticSeq took 0.00515ms
tactic execution of Lean.Parser.Tactic.case took 0.0669ms
tactic execution of Lean.Parser.Tactic.tacticSeq1Indented took 0.0143ms
tactic execution of Lean.Parser.Tactic.tacticSeq took 0.00401ms
tactic execution of Lean.Parser.Tactic.focus took 0.00806ms
tactic execution of Lean.Parser.Tactic.tacticHave__ took 0.0365ms
typeclass inference of OfNat took 1.26ms
typeclass inference of HAdd took 1.32ms
typeclass inference of HMul took 1.21ms
typeclass inference of CategoryTheory.CartesianMonoidalCategory took 0.299ms
typeclass inference of CategoryTheory.CartesianMonoidalCategory took 0.00517ms
typeclass inference of HPow took 3.82ms
typeclass inference of HMul took 1.29ms
typeclass inference of HAdd took 1.24ms
typeclass inference of OfNat took 0.147ms
typeclass inference of OfNat took 0.0594ms
typeclass inference of HAdd took 0.182ms
typeclass inference of HMul took 0.177ms
typeclass inference of HPow took 0.451ms
typeclass inference of HMul took 0.255ms
typeclass inference of HAdd took 0.411ms
typeclass inference of OfNat took 0.0799ms
tactic execution of Lean.Parser.Tactic.refine took 2.08ms
tactic execution of Lean.Parser.Tactic.rewriteSeq took 0.226ms
tactic execution of Lean.Parser.Tactic.exact took 0.146ms
tactic execution of Lean.Parser.Tactic.exact took 0.125ms
tactic execution of Lean.Parser.Tactic.eqRefl took 0.0108ms
tactic execution of Lean.Parser.Tactic.applyRfl took 0.036ms
tactic execution of Lean.Parser.Tactic.tacticRfl took 0.0499ms
tactic execution of Lean.Parser.Tactic.tacticSeq1Indented took 0.00642ms
tactic execution of Lean.Parser.Tactic.tacticSeq took 0.0051ms
tactic execution of Lean.Parser.Tactic.withReducible took 0.00894ms
tactic execution of Lean.Parser.Tactic.tacticSeq1Indented took 0.00517ms
tactic execution of Lean.Parser.Tactic.tacticSeq took 0.00441ms
tactic execution of Lean.Parser.Tactic.paren took 0.00426ms
tactic execution of Lean.Parser.Tactic.tacticSeq1Indented took 0.00508ms
tactic execution of Lean.Parser.Tactic.tacticSeq took 0.00484ms
tactic execution of Lean.Parser.Tactic.skip took 0.00316ms
tactic execution of Lean.Parser.Tactic.tacticSeq1Indented took 0.00441ms
tactic execution of Lean.Parser.Tactic.tacticSeq took 0.0048ms
tactic execution of Lean.Parser.Tactic.first took 0.0102ms
tactic execution of Lean.Parser.Tactic.tacticTry_ took 0.00986ms
tactic execution of Lean.Parser.Tactic.tacticSeq1Indented took 0.00444ms
tactic execution of Lean.Parser.Tactic.tacticSeq took 0.0035ms
tactic execution of Lean.Parser.Tactic.paren took 0.00388ms
tactic execution of Lean.Parser.Tactic.withAnnotateState took 0.0126ms
tactic execution of Lean.Parser.Tactic.tacticSeq1Indented took 0.0159ms
tactic execution of Lean.Parser.Tactic.tacticSeq took 0.00389ms
tactic execution of Lean.Parser.Tactic.paren took 0.00607ms
tactic execution of Lean.Parser.Tactic.rwSeq took 0.0146ms
tactic execution of Lean.Parser.Tactic.exact took 0.061ms
tactic execution of Lean.Parser.Tactic.tacticSeq1Indented took 0.0143ms
tactic execution of Lean.Parser.Tactic.tacticSeq took 0.0179ms
tactic execution of Lean.Parser.Tactic.rewriteSeq took 3.78ms
tactic execution of Lean.Parser.Tactic.exact took 0.104ms
tactic execution of Lean.Parser.Tactic.exact took 0.0876ms
tactic execution of Lean.Parser.Tactic.eqRefl took 0.0152ms
tactic execution of Lean.Parser.Tactic.tacticRfl took 0.0306ms
tactic execution of Lean.Parser.Tactic.tacticSeq1Indented took 0.00402ms
tactic execution of Lean.Parser.Tactic.tacticSeq took 0.00513ms
tactic execution of Lean.Parser.Tactic.withReducible took 0.00336ms
tactic execution of Lean.Parser.Tactic.tacticSeq1Indented took 0.00337ms
tactic execution of Lean.Parser.Tactic.tacticSeq took 0.00275ms
tactic execution of Lean.Parser.Tactic.paren took 0.00851ms
tactic execution of Lean.Parser.Tactic.tacticSeq1Indented took 0.00317ms
tactic execution of Lean.Parser.Tactic.tacticSeq took 0.0029ms
tactic execution of Lean.Parser.Tactic.first took 0.003ms
tactic execution of Lean.Parser.Tactic.tacticTry_ took 0.00556ms
tactic execution of Lean.Parser.Tactic.tacticSeq1Indented took 0.00327ms
tactic execution of Lean.Parser.Tactic.tacticSeq took 0.00317ms
tactic execution of Lean.Parser.Tactic.paren took 0.00375ms
tactic execution of Lean.Parser.Tactic.withAnnotateState took 0.0138ms
tactic execution of Lean.Parser.Tactic.tacticSeq1Indented took 0.0164ms
tactic execution of Lean.Parser.Tactic.tacticSeq took 0.00813ms
tactic execution of Lean.Parser.Tactic.paren took 0.00595ms
tactic execution of Lean.Parser.Tactic.rwSeq took 0.0236ms
tactic execution of Lean.Parser.Tactic.tacticSeq1Indented took 0.00748ms
tactic execution of Lean.Parser.Tactic.tacticSeq took 0.00484ms
tactic execution of Lean.Parser.Tactic.paren took 0.00653ms
tactic execution of Lean.Parser.Tactic.withAnnotateState took 0.00952ms
tactic execution of Lean.Parser.Tactic.tacticSeq1Indented took 0.00812ms
tactic execution of Lean.Parser.Tactic.tacticSeq took 0.00704ms
tactic execution of Lean.Parser.Tactic.case took 0.321ms
tactic execution of Lean.Parser.Tactic.tacticSeq1Indented took 0.025ms
tactic execution of Lean.Parser.Tactic.tacticSeq took 0.00646ms
tactic execution of Lean.Parser.Tactic.focus took 0.0106ms
tactic execution of Lean.Parser.Tactic.tacticHave__ took 0.0456ms
typeclass inference of HMul took 0.228ms
typeclass inference of HMul took 0.328ms
typeclass inference of LT took 0.0381ms
tactic execution of Lean.Parser.Tactic.refine took 0.644ms
typeclass inference of OfNat took 0.542ms
typeclass inference of OfNat took 0.0808ms
typeclass inference of HMul took 0.0066ms
typeclass inference of HMul took 0.00237ms
typeclass inference of HMul took 0.0576ms
typeclass inference of HPow took 0.662ms
typeclass inference of HMul took 0.043ms
typeclass inference of LE took 0.0421ms
typeclass inference of OfNat took 0.0835ms
typeclass inference of OfNat took 0.0889ms
typeclass inference of OfNat took 0.0839ms
typeclass inference of OfNat took 0.0573ms
typeclass inference of OfNat took 0.043ms
typeclass inference of HMul took 0.00534ms
typeclass inference of HPow took 0.0447ms
typeclass inference of HPow took 0.0372ms
typeclass inference of HMul took 0.049ms
typeclass inference of LT took 0.00649ms
typeclass inference of OfNat took 0.00329ms
typeclass inference of OfNat took 0.0025ms
typeclass inference of Trans took 0.269ms
typeclass inference of OfNat took 0.0996ms
typeclass inference of OfNat took 0.0848ms
typeclass inference of HAdd took 0.238ms
typeclass inference of HAdd took 0.21ms
typeclass inference of OfNat took 0.0703ms
typeclass inference of HPow took 0.0611ms
typeclass inference of OfNat took 0.0057ms
typeclass inference of Trans took 0.283ms
typeclass inference of LT took 0.00538ms
typeclass inference of Trans took 0.251ms
typeclass inference of LE took 0.263ms
typeclass inference of LE took 0.0854ms
typeclass inference of Zero took 0.149ms
typeclass inference of PartialOrder took 0.226ms
typeclass inference of Ring took 1.46ms
typeclass inference of AddMonoidWithOne took 0.046ms
norm_num took 0.41ms
typeclass inference of Semiring took 0.0421ms
typeclass inference of PartialOrder took 0.00463ms
typeclass inference of CommSemiring took 0.04ms
typeclass inference of IsOrderedRing took 1.9ms
typeclass inference of Nontrivial took 0.0969ms
typeclass inference of Semiring took 0.00328ms
typeclass inference of IsStrictOrderedRing took 0.0486ms
tactic execution of Mathlib.Tactic.Positivity.positivity took 1.4ms
tactic execution of Lean.Parser.Tactic.tacticSeq1Indented took 0.0159ms
tactic execution of Lean.Parser.Tactic.tacticSeq took 0.0297ms
typeclass inference of Monoid took 0.279ms
typeclass inference of Monoid took 0.111ms
typeclass inference of Monoid took 0.0374ms
typeclass inference of Monoid took 0.0295ms
tactic execution of Lean.Parser.Tactic.rewriteSeq took 0.602ms
tactic execution of Lean.Parser.Tactic.exact took 0.113ms
tactic execution of Lean.Parser.Tactic.exact took 0.0922ms
tactic execution of Lean.Parser.Tactic.eqRefl took 0.157ms
tactic execution of Lean.Parser.Tactic.tacticRfl took 0.0449ms
tactic execution of Lean.Parser.Tactic.tacticSeq1Indented took 0.00537ms
tactic execution of Lean.Parser.Tactic.tacticSeq took 0.00364ms
tactic execution of Lean.Parser.Tactic.withReducible took 0.00696ms
tactic execution of Lean.Parser.Tactic.tacticSeq1Indented took 0.00365ms
tactic execution of Lean.Parser.Tactic.tacticSeq took 0.00416ms
tactic execution of Lean.Parser.Tactic.paren took 0.00368ms
tactic execution of Lean.Parser.Tactic.tacticSeq1Indented took 0.0032ms
tactic execution of Lean.Parser.Tactic.tacticSeq took 0.00358ms
tactic execution of Lean.Parser.Tactic.first took 0.0068ms
tactic execution of Lean.Parser.Tactic.tacticTry_ took 0.00946ms
tactic execution of Lean.Parser.Tactic.tacticSeq1Indented took 0.00391ms
tactic execution of Lean.Parser.Tactic.tacticSeq took 0.00332ms
tactic execution of Lean.Parser.Tactic.paren took 0.00355ms
tactic execution of Lean.Parser.Tactic.withAnnotateState took 0.0203ms
tactic execution of Lean.Parser.Tactic.tacticSeq1Indented took 0.012ms
tactic execution of Lean.Parser.Tactic.tacticSeq took 0.00349ms
tactic execution of Lean.Parser.Tactic.paren took 0.00461ms
tactic execution of Lean.Parser.Tactic.rwSeq took 0.0156ms
tactic execution of Lean.Parser.Tactic.tacticSeq1Indented took 0.00729ms
tactic execution of Lean.Parser.Tactic.tacticSeq took 0.0196ms
tactic execution of Lean.calcTactic took 15.3ms
tactic execution of Lean.Parser.Tactic.tacticSeq1Indented took 0.00675ms
tactic execution of Lean.Parser.Tactic.tacticSeq took 0.00441ms
tactic execution of Lean.Parser.Tactic.paren took 0.00501ms
tactic execution of Lean.Parser.Tactic.withAnnotateState took 0.0068ms
tactic execution of Lean.Parser.Tactic.tacticSeq1Indented took 0.00495ms
tactic execution of Lean.Parser.Tactic.tacticSeq took 0.00829ms
tactic execution of Lean.Parser.Tactic.case took 0.0497ms
tactic execution of Lean.Parser.Tactic.tacticSeq1Indented took 0.018ms
tactic execution of Lean.Parser.Tactic.tacticSeq took 0.00457ms
tactic execution of Lean.Parser.Tactic.focus took 0.00823ms
tactic execution of Lean.Parser.Tactic.tacticHave__ took 0.0391ms
typeclass inference of HMul took 1.36ms
typeclass inference of HMul took 1.02ms
typeclass inference of HMul took 0.159ms
typeclass inference of HMul took 0.185ms
tactic execution of Lean.Parser.Tactic.refine took 1.16ms
tactic execution of Lean.Parser.Tactic.rotateRight took 0.00963ms
tactic execution of Lean.Parser.Tactic.tacticSeq1Indented took 0.0189ms
tactic execution of Lean.Parser.Tactic.tacticSeq took 0.00468ms
tactic execution of Lean.Parser.Tactic.paren took 0.00484ms
tactic execution of Lean.Parser.Tactic.tacticSeq1Indented took 0.0056ms
tactic execution of Lean.Parser.Tactic.tacticSeq took 0.00419ms
tactic execution of Lean.Parser.Tactic.focus took 0.00739ms
tactic execution of Lean.Parser.Tactic.tacticRefine_lift_ took 0.00927ms
tactic execution of Lean.Parser.Tactic.tacticHave__ took 0.0209ms
tactic execution of Lean.Parser.Tactic.rewriteSeq took 0.796ms
tactic execution of Lean.Parser.Tactic.exact took 0.139ms
tactic execution of Lean.Parser.Tactic.exact took 0.102ms
tactic execution of Lean.Parser.Tactic.eqRefl took 0.0151ms
tactic execution of Lean.Parser.Tactic.tacticRfl took 0.0383ms
tactic execution of Lean.Parser.Tactic.tacticSeq1Indented took 0.0084ms
tactic execution of Lean.Parser.Tactic.tacticSeq took 0.00337ms
tactic execution of Lean.Parser.Tactic.withReducible took 0.0058ms
tactic execution of Lean.Parser.Tactic.tacticSeq1Indented took 0.00387ms
tactic execution of Lean.Parser.Tactic.tacticSeq took 0.00247ms
tactic execution of Lean.Parser.Tactic.paren took 0.00305ms
tactic execution of Lean.Parser.Tactic.tacticSeq1Indented took 0.00372ms
tactic execution of Lean.Parser.Tactic.tacticSeq took 0.00366ms
tactic execution of Lean.Parser.Tactic.first took 0.00697ms
tactic execution of Lean.Parser.Tactic.tacticTry_ took 0.00969ms
tactic execution of Lean.Parser.Tactic.tacticSeq1Indented took 0.00444ms
tactic execution of Lean.Parser.Tactic.tacticSeq took 0.0041ms
tactic execution of Lean.Parser.Tactic.paren took 0.00394ms
tactic execution of Lean.Parser.Tactic.withAnnotateState took 0.0268ms
tactic execution of Lean.Parser.Tactic.tacticSeq1Indented took 0.0127ms
tactic execution of Lean.Parser.Tactic.tacticSeq took 0.0034ms
tactic execution of Lean.Parser.Tactic.paren took 0.00745ms
tactic execution of Lean.Parser.Tactic.rwSeq took 0.0641ms
tactic execution of Lean.Parser.Tactic.tacticSeq1Indented took 0.0789ms
tactic execution of Lean.Parser.Tactic.tacticSeq took 0.0242ms
instantiate metavars took 0.392ms
instantiate metavars took 0.0022ms
instantiate metavars took 0.000211ms
instantiate metavars took 0.00017ms
instantiate metavars took 0.0001ms
share common exprs took 3.18ms
fix level params took 0.108ms
let-to-have transformation took 0.0111ms
attribute application took 0.00521ms
attribute application took 0.000801ms
process pre-definitions took 2ms
elaboration took 2.89ms
type checking took 53.1ms
type checking took 8.37ms
overlappingInstancesLinter took 0.463ms
tacticAnalysis took 6.46ms
linting took 22ms
attribute application took 0.00224ms
typeclass inference of OfNat took 0.0899ms
typeclass inference of OfNat took 0.0398ms
typeclass inference of HSub took 0.873ms
typeclass inference of HMul took 0.908ms
typeclass inference of HMul took 0.749ms
typeclass inference of HSub took 0.777ms
typeclass inference of OfNat took 0.749ms
typeclass inference of OfNat took 0.0906ms
typeclass inference of OfNat took 0.0636ms
typeclass inference of OfNat took 0.0404ms
typeclass inference of OfNat took 0.0329ms
typeclass inference of OfNat took 0.0416ms
typeclass inference of OfNat took 0.0326ms
typeclass inference of OfNat took 0.0315ms
typeclass inference of OfNat took 0.0306ms
typeclass inference of HSub took 0.00467ms
typeclass inference of HSub took 0.00269ms
typeclass inference of HMul took 0.00224ms
typeclass inference of HSub took 0.0358ms
typeclass inference of HPow took 0.182ms
typeclass inference of HMul took 0.087ms
typeclass inference of HSub took 0.0603ms
typeclass inference of OfNat took 1.31ms
typeclass inference of OfNat took 0.138ms
typeclass inference of OfNat took 0.00578ms
typeclass inference of HPow took 0.191ms
typeclass inference of HMul took 0.103ms
typeclass inference of HSub took 0.091ms
typeclass inference of OfNat took 0.0725ms
typeclass inference of HPow took 0.37ms
typeclass inference of HMul took 0.0946ms
typeclass inference of HSub took 0.0666ms
typeclass inference of OfNat took 0.0873ms
typeclass inference of OfNat took 0.164ms
typeclass inference of OfNat took 0.0724ms
typeclass inference of OfNat took 0.0541ms
typeclass inference of HPow took 0.153ms
typeclass inference of LE took 0.0323ms
typeclass inference of OfNat took 0.0375ms
typeclass inference of OfNat took 0.0526ms
typeclass inference of HPow took 0.179ms
typeclass inference of OfNat took 0.0658ms
typeclass inference of HPow took 0.149ms
typeclass inference of OfNat took 0.081ms
typeclass inference of OfNat took 0.0432ms
typeclass inference of OfNat took 0.0349ms
typeclass inference of OfNat took 0.0309ms
typeclass inference of HPow took 0.133ms
typeclass inference of LT took 0.0462ms
typeclass inference of OfNat took 0.00343ms
typeclass inference of OfNat took 0.049ms
typeclass inference of HPow took 0.115ms
typeclass inference of OfNat took 0.0376ms
typeclass inference of HPow took 0.108ms
typeclass inference of OfNat took 0.0567ms
typeclass inference of OfNat took 0.042ms
typeclass inference of OfNat took 0.0348ms
typeclass inference of OfNat took 0.0312ms
typeclass inference of HPow took 0.134ms
typeclass inference of LT took 0.00488ms
typeclass inference of OfNat took 0.00408ms
typeclass inference of OfNat took 0.0714ms
typeclass inference of HPow took 0.138ms
typeclass inference of OfNat took 0.0387ms
typeclass inference of HPow took 0.109ms
typeclass inference of OfNat took 0.0587ms
typeclass inference of OfNat took 0.0469ms
typeclass inference of OfNat took 0.0385ms
typeclass inference of OfNat took 0.0324ms
typeclass inference of HPow took 0.14ms
typeclass inference of LT took 0.00385ms
typeclass inference of OfNat took 0.0028ms
typeclass inference of OfNat took 0.051ms
typeclass inference of HPow took 0.116ms
typeclass inference of OfNat took 0.0425ms
typeclass inference of HPow took 0.111ms
typeclass inference of OfNat took 0.0588ms
typeclass inference of OfNat took 0.047ms
typeclass inference of OfNat took 0.0465ms
typeclass inference of OfNat took 0.0346ms
typeclass inference of HMul took 0.146ms
typeclass inference of HAdd took 0.145ms
typeclass inference of HMul took 0.00325ms
typeclass inference of HMul took 0.177ms
typeclass inference of HPow took 0.153ms
typeclass inference of HMul took 0.073ms
typeclass inference of HAdd took 0.0522ms
typeclass inference of OfNat took 0.00356ms
typeclass inference of OfNat took 0.0586ms
typeclass inference of HPow took 0.126ms
typeclass inference of HMul took 0.0536ms
typeclass inference of HAdd took 0.0483ms
typeclass inference of OfNat took 0.0431ms
typeclass inference of HPow took 0.11ms
typeclass inference of HMul took 0.0492ms
typeclass inference of HAdd took 0.0454ms
typeclass inference of OfNat took 0.043ms
typeclass inference of HPow took 0.115ms
typeclass inference of HMul took 0.0527ms
typeclass inference of HSub took 0.05ms
typeclass inference of OfNat took 0.0394ms
typeclass inference of HPow took 0.207ms
typeclass inference of OfNat took 0.111ms
typeclass inference of HPow took 0.265ms
typeclass inference of OfNat took 0.0799ms
typeclass inference of HPow took 0.175ms
typeclass inference of OfNat took 0.0401ms
typeclass inference of HPow took 0.109ms
typeclass inference of OfNat took 0.0445ms
typeclass inference of HPow took 0.109ms
typeclass inference of HMul took 0.0541ms
typeclass inference of HAdd took 0.0485ms
typeclass inference of OfNat took 0.0417ms
typeclass inference of HPow took 0.114ms
typeclass inference of HMul took 0.0531ms
typeclass inference of HSub took 0.0477ms
typeclass inference of OfNat took 0.0397ms
typeclass inference of HPow took 0.119ms
typeclass inference of OfNat took 0.0662ms
typeclass inference of HPow took 0.14ms
typeclass inference of OfNat took 0.0394ms
typeclass inference of HPow took 0.132ms
typeclass inference of OfNat took 0.04ms
typeclass inference of HPow took 0.11ms
typeclass inference of OfNat took 0.0391ms
typeclass inference of HPow took 0.108ms
typeclass inference of HMul took 0.0512ms
typeclass inference of HAdd took 0.0469ms
typeclass inference of Pow took 0.0406ms
typeclass inference of CategoryTheory.CartesianMonoidalCategory took 0.0515ms
typeclass inference of CategoryTheory.CartesianMonoidalCategory took 0.00568ms
typeclass inference of NPow took 2.18ms
typeclass inference of OfNat took 0.0528ms
typeclass inference of HMul took 0.0459ms
typeclass inference of HSub took 0.00501ms
typeclass inference of OfNat took 0.0637ms
typeclass inference of HPow took 0.128ms
typeclass inference of OfNat took 0.0414ms
typeclass inference of HPow took 0.113ms
typeclass inference of OfNat took 0.0383ms
typeclass inference of HPow took 0.11ms
typeclass inference of OfNat took 0.0377ms
typeclass inference of HPow took 0.108ms
typeclass inference of OfNat took 0.0371ms
typeclass inference of HPow took 0.108ms
typeclass inference of HMul took 0.0626ms
typeclass inference of HAdd took 0.0508ms
typeclass inference of OfNat took 0.0404ms
typeclass inference of HPow took 0.107ms
typeclass inference of OfNat took 0.0394ms
typeclass inference of HPow took 0.113ms
typeclass inference of OfNat took 0.0396ms
typeclass inference of HPow took 0.107ms
typeclass inference of OfNat took 0.0377ms
typeclass inference of HPow took 0.106ms
typeclass inference of OfNat took 0.0481ms
typeclass inference of HPow took 0.11ms
typeclass inference of HMul took 0.061ms
typeclass inference of HAdd took 0.0557ms
typeclass inference of OfNat took 0.0475ms
typeclass inference of HPow took 0.144ms
typeclass inference of OfNat took 0.17ms
typeclass inference of HPow took 0.151ms
typeclass inference of OfNat took 0.0376ms
typeclass inference of HPow took 0.106ms
typeclass inference of OfNat took 0.037ms
typeclass inference of HPow took 0.104ms
typeclass inference of OfNat took 0.0376ms
typeclass inference of HPow took 0.108ms
typeclass inference of HMul took 0.0542ms
typeclass inference of HAdd took 0.047ms
typeclass inference of Pow took 0.0379ms
typeclass inference of NPow took 0.104ms
typeclass inference of OfNat took 0.0386ms
typeclass inference of OfNat took 0.042ms
typeclass inference of HPow took 0.112ms
typeclass inference of OfNat took 0.0382ms
typeclass inference of HPow took 0.106ms
typeclass inference of OfNat took 0.0378ms
typeclass inference of HPow took 0.105ms
typeclass inference of OfNat took 0.0369ms
typeclass inference of HPow took 0.114ms
typeclass inference of HMul took 0.0508ms
typeclass inference of HAdd took 0.0476ms
typeclass inference of OfNat took 0.0397ms
typeclass inference of HPow took 0.116ms
typeclass inference of OfNat took 0.0374ms
typeclass inference of HPow took 0.101ms
typeclass inference of OfNat took 0.036ms
typeclass inference of HPow took 0.102ms
typeclass inference of OfNat took 0.036ms
typeclass inference of HPow took 0.103ms
typeclass inference of HMul took 0.0485ms
typeclass inference of HAdd took 0.0487ms
typeclass inference of OfNat took 0.0398ms
typeclass inference of HPow took 0.115ms
typeclass inference of OfNat took 0.0377ms
typeclass inference of Hparsing took 0.0717ms
parsing took 0.00101ms
Pow took 0.122ms
typeclass inference of OfNat took 0.0432ms
typeclass inference of HPow took 0.116ms
typeclass inference of OfNat took 0.0371ms
typeclass inference of HPow took 0.105ms
typeclass inference of HMul took 0.0492ms
typeclass inference of HAdd took 0.0483ms
typeclass inference of Pow took 0.0382ms
typeclass inference of NPow took 0.00305ms
typeclass inference of OfNat took 0.00354ms
typeclass inference of OfNat took 0.0501ms
typeclass inference of HPow took 0.119ms
typeclass inference of OfNat took 0.0371ms
typeclass inference of HPow took 0.116ms
typeclass inference of OfNat took 0.0648ms
typeclass inference of HPow took 0.122ms
typeclass inference of HMul took 0.0522ms
typeclass inference of HAdd took 0.0441ms
typeclass inference of OfNat took 0.0383ms
typeclass inference of HPow took 0.102ms
typeclass inference of OfNat took 0.0355ms
typeclass inference of HPow took 0.101ms
typeclass inference of OfNat took 0.0351ms
typeclass inference of HPow took 0.102ms
typeclass inference of HMul took 0.0556ms
typeclass inference of HAdd took 0.0456ms
typeclass inference of OfNat took 0.0384ms
typeclass inference of HPow took 0.103ms
typeclass inference of OfNat took 0.0473ms
typeclass inference of HPow took 0.126ms
typeclass inference of OfNat took 0.0358ms
typeclass inference of HPow took 0.104ms
typeclass inference of HMul took 0.0494ms
typeclass inference of HAdd took 0.0455ms
typeclass inference of Pow took 0.0381ms
typeclass inference of NPow took 0.00322ms
typeclass inference of OfNat took 0.00267ms
typeclass inference of OfNat took 0.0428ms
typeclass inference of HPow took 0.107ms
typeclass inference of OfNat took 0.0471ms
typeclass inference of HPow took 0.108ms
typeclass inference of HMul took 0.0487ms
typeclass inference of HAdd took 0.0456ms
typeclass inference of OfNat took 0.0386ms
typeclass inference of HPow took 0.103ms
typeclass inference of OfNat took 0.0655ms
typeclass inference of HPow took 0.137ms
typeclass inference of HMul took 0.0491ms
typeclass inference of HAdd took 0.0443ms
typeclass inference of OfNat took 0.0373ms
typeclass inference of HPow took 0.124ms
typeclass inference of OfNat took 0.0358ms
typeclass inference of HPow took 0.115ms
typeclass inference of HMul took 0.0493ms
typeclass inference of HAdd took 0.0442ms
typeclass inference of Pow took 0.0376ms
typeclass inference of NPow took 0.0034ms
typeclass inference of OfNat took 0.00277ms
typeclass inference of OfNat took 0.0417ms
typeclass inference of HPow took 0.108ms
typeclass inference of HMul took 0.0499ms
typeclass inference of HAdd took 0.0444ms
typeclass inference of OfNat took 0.0379ms
typeclass inference of HPow took 0.103ms
typeclass inference of HMul took 0.0478ms
typeclass inference of HAdd took 0.0448ms
typeclass inference of OfNat took 0.0388ms
typeclass inference of HPow took 0.103ms
typeclass inference of HMul took 0.0586ms
typeclass inference of HAdd took 0.0451ms
typeclass inference of Pow took 0.0375ms
typeclass inference of NPow took 0.00313ms
typeclass inference of OfNat took 0.00258ms
typeclass inference of HMul took 0.0324ms
typeclass inference of HAdd took 0.00387ms
instantiate metavars took 0.0421ms
instantiate metavars took 0.00026ms
let-to-have transformation took 0.0176ms
attribute application took 0.00211ms
attribute application took 0.000761ms
elaboration took 6.81ms
typeclass inference of OfNat took 0.198ms
typeclass inference of OfNat took 0.0666ms
typeclass inference of OfNat took 0.0651ms
tactic execution of Lean.Parser.Tactic.refine took 0.677ms
tactic execution of Lean.Parser.Tactic.rotateRight took 0.00701ms
tactic execution of Lean.Parser.Tactic.tacticSeq1Indented took 0.0899ms
tactic execution of Lean.Parser.Tactic.tacticSeq took 0.0112ms
tactic execution of Lean.Parser.Tactic.paren took 0.0134ms
tactic execution of Lean.Parser.Tactic.tacticSeq1Indented took 0.0131ms
tactic execution of Lean.Parser.Tactic.tacticSeq took 0.00905ms
tactic execution of Lean.Parser.Tactic.focus took 0.0191ms
tactic execution of Lean.Parser.Tactic.tacticRefine_lift_ took 0.0152ms
tactic execution of Lean.Parser.Tactic.tacticHave__ took 0.0401ms
typeclass inference of HMul took 1.16ms
typeclass inference of HMul took 0.95ms
tactic execution of Lean.Parser.Tactic.refine took 0.593ms
typeclass inference of Add took 0.786ms
typeclass inference of AddRightCancelSemigroup took 0.892ms
typeclass inference of IsRightCancelAdd took 4.69ms
typeclass inference of AddGroup took 0.603ms
typeclass inference of CommSemiring took 0.48ms
typeclass inference of CommRing took 0.0417ms
typeclass inference of Semifield took 0.313ms
typeclass inference of Field took 0.296ms
typeclass inference of Field took 0.00223ms
typeclass inference of Field took 0.00182ms
typeclass inference of Field took 0.00307ms
typeclass inference of Field took 0.00177ms
typeclass inference of Field took 0.00152ms
typeclass inference of Field took 0.00131ms
typeclass inference of Field took 0.00155ms
typeclass inference of Field took 0.00159ms
typeclass inference of Field took 0.00118ms
typeclass inference of Field took 0.00107ms
typeclass inference of Field took 0.00142ms
typeclass inference of Field took 0.00246ms
typeclass inference of Field took 0.00132ms
typeclass inference of Field took 0.00146ms
typeclass inference of Field took 0.00127ms
typeclass inference of Field took 0.00122ms
typeclass inference of Field took 0.00123ms
typeclass inference of Field took 0.00111ms
typeclass inference of Field took 0.00104ms
typeclass inference of Field took 0.00201ms
typeclass inference of Field took 0.00127ms
typeclass inference of Field took 0.00242ms
typeclass inference of Field took 0.00116ms
typeclass inference of Field took 0.00123ms
typeclass inference of Field took 0.00116ms
typeclass inference of Field took 0.00117ms
typeclass inference of Field took 0.00212ms
typeclass inference of Field took 0.00123ms
typeclass inference of Field took 0.00115ms
typeclass inference of Semiring took 0.718ms
typeclass inference of RCLike took 0.0112ms
typeclass inference of RCLike took 0.00189ms
typeclass inference of RCLike took 0.00154ms
typeclass inference of RCLike took 0.00248ms
typeclass inference of RCLike took 0.00172ms
typeclass inference of RCLike took 0.00182ms
typeclass inference of RCLike took 0.00139ms
typeclass inference of RCLike took 0.00127ms
typeclass inference of RCLike took 0.00137ms
typeclass inference of RCLike took 0.0017ms
typeclass inference of RCLike took 0.00147ms
typeclass inference of RCLike took 0.00142ms
typeclass inference of RCLike took 0.00255ms
typeclass inference of RCLike took 0.00126ms
typeclass inference of RCLike took 0.00154ms
typeclass inference of RCLike took 0.00128ms
typeclass inference of RCLike took 0.00132ms
typeclass inference of RCLike took 0.00128ms
typeclass inference of RCLike took 0.00115ms
typeclass inference of RCLike took 0.0023ms
typeclass inference of RCLike took 0.00293ms
typeclass inference of RCLike took 0.00185ms
typeclass inference of RCLike took 0.00148ms
typeclass inference of RCLike took 0.00148ms
typeclass inference of RCLike took 0.00139ms
typeclass inference of RCLike took 0.0012ms
typeclass inference of RCLike took 0.00109ms
typeclass inference of RCLike took 0.00215ms
typeclass inference of RCLike took 0.00142ms
typeclass inference of RCLike took 0.00135ms
typeclass inference of Semiring took 0.00516ms
typeclass inference of NonAssocRing took 0.211ms
typeclass inference of Field took 0.00331ms
typeclass inference of Field took 0.00222ms
typeclass inference of Field took 0.00208ms
typeclass inference of Field took 0.00152ms
typeclass inference of Field took 0.00132ms
typeclass inference of Field took 0.00136ms
typeclass inference of Field took 0.0012ms
typeclass inference of Field took 0.0014ms
typeclass inference of Field took 0.00127ms
typeclass inference of Field took 0.00201ms
typeclass inference of Field took 0.00149ms
typeclass inference of Field took 0.00145ms
typeclass inference of Field took 0.00111ms
typeclass inference of Field took 0.00345ms
typeclass inference of Field took 0.00152ms
typeclass inference of Field took 0.00184ms
typeclass inference of Field took 0.00123ms
typeclass inference of Field took 0.00151ms
typeclass inference of Field took 0.00139ms
typeclass inference of Field took 0.00127ms
typeclass inference of Field took 0.00109ms
typeclass inference of Field took 0.00177ms
typeclass inference of Field took 0.00248ms
typeclass inference of Field took 0.00135ms
typeclass inference of Field took 0.00156ms
typeclass inference of Field took 0.00121ms
typeclass inference of Field took 0.00195ms
typeclass inference of Field took 0.00115ms
typeclass inference of Field took 0.0012ms
typeclass inference of Field took 0.00178ms
typeclass inference of Field took 0.00219ms
typeclass inference of Field took 0.00132ms
typeclass inference of Field took 0.0012ms
typeclass inference of Field took 0.00119ms
typeclass inference of Field took 0.00114ms
typeclass inference of Field took 0.00107ms
typeclass inference of Field took 0.00106ms
typeclass inference of Field took 0.00226ms
typeclass inference of Field took 0.00144ms
typeclass inference of Field took 0.0013ms
typeclass inference of Field took 0.00141ms
typeclass inference of Field took 0.00121ms
typeclass inference of Field took 0.00194ms
typeclass inference of Field took 0.00119ms
typeclass inference of Field took 0.00121ms
typeclass inference of Field took 0.00119ms
typeclass inference of Field took 0.00163ms
typeclass inference of Field took 0.00122ms
typeclass inference of Field took 0.00118ms
typeclass inference of Field took 0.0018ms
typeclass inference of Field took 0.00131ms
typeclass inference of Field took 0.00183ms
typeclass inference of Field took 0.00199ms
typeclass inference of Field took 0.0019ms
typeclass inference of Field took 0.00131ms
typeclass inference of Field took 0.00125ms
typeclass inference of Field took 0.00112ms
typeclass inference of Field took 0.00127ms
typeclass inference of Field took 0.00118ms
typeclass inference of Field took 0.00136ms
typeclass inference of Field took 0.00324ms
typeclass inference of Field took 0.00186ms
typeclass inference of Field took 0.00144ms
typeclass inference of Field took 0.00118ms
typeclass inference of Field took 0.00108ms
typeclass inference of Field took 0.00279ms
typeclass inference of Field took 0.00187ms
typeclass inference of Field took 0.00137ms
typeclass inference of Field took 0.00153ms
typeclass inference of Field took 0.00203ms
typeclass inference of Field took 0.00218ms
typeclass inference of Field took 0.00239ms
typeclass inference of Semiring took 0.00694ms
typeclass inference of CharZero took 21.9ms
norm_num took 0.0292ms
norm_num took 0.00862ms
typeclass inference of AddMonoidWithOne took 1.35ms
norm_num took 0.805ms
norm_num took 0.0157ms
norm_num took 0.0119ms
norm_num took 0.016ms
norm_num took 0.00512ms
typeclass inference of AddMonoidWithOne took 0.0064ms
norm_num took 0.371ms
ring took 3.02ms
tactic execution of Mathlib.Tactic.LinearCombination.linearCombination took 2.19ms
tactic execution of Lean.Parser.Tactic.tacticSeq1Indented took 0.00909ms
tactic execution of Lean.Parser.Tactic.tacticSeq took 0.00549ms
tactic execution of Lean.Parser.Tactic.paren took 0.00591ms
tactic execution of Lean.Parser.Tactic.withAnnotateState took 0.00905ms
tactic execution of Lean.Parser.Tactic.tacticSeq1Indented took 0.00567ms
tactic execution of Lean.Parser.Tactic.tacticSeq took 0.00496ms
tactic execution of Lean.Parser.Tactic.case took 0.0773ms
tactic execution of Lean.Parser.Tactic.tacticSeq1Indented took 0.0166ms
tactic execution of Lean.Parser.Tactic.tacticSeq took 0.00834ms
tactic execution of Lean.Parser.Tactic.focus took 0.00811ms
tactic execution of Lean.Parser.Tactic.tacticHave__ took 0.0195ms
typeclass inference of OfNat took 0.147ms
typeclass inference of OfNat took 0.0606ms
typeclass inference of OfNat took 0.0493ms
typeclass inference of OfNat took 0.0418ms
typeclass inference of HAdd took 1.15ms
typeclass inference of HMul took 0.0076ms
typeclass inference of HPow took 0.361ms
typeclass inference of HMul took 0.137ms
typeclass inference of HAdd took 0.123ms
typeclass inference of OfNat took 1.22ms
typeclass inference of OfNat took 0.123ms
typeclass inference of HPow took 0.173ms
typeclass inference of HMul took 0.0756ms
typeclass inference of HAdd took 0.059ms
typeclass inference of OfNat took 0.0529ms
typeclass inference of HPow took 0.141ms
typeclass inference of HMul took 0.0912ms
typeclass inference of HAdd took 0.126ms
typeclass inference of OfNat took 0.097ms
typeclass inference of HPow took 0.179ms
typeclass inference of HMul took 0.0642ms
typeclass inference of HAdd took 0.0498ms
typeclass inference of OfNat took 0.0464ms
typeclass inference of HPow took 0.12ms
typeclass inference of HMul took 0.0592ms
typeclass inference of HAdd took 0.0489ms
typeclass inference of Pow took 0.0448ms
typeclass inference of CategoryTheory.CartesianMonoidalCategory took 0.0649ms
typeclass inference of CategoryTheory.CartesianMonoidalCategory took 0.00498ms
typeclass inference of NPow took 2.13ms
typeclass inference of OfNat took 0.0528ms
typeclass inference of HMul took 0.0448ms
typeclass inference of HAdd took 0.00331ms
tactic execution of Lean.Parser.Tactic.refine took 1.29ms
typeclass inference of Add took 0.006ms
typeclass inference of IsRightCancelAdd took 0.048ms
typeclass inference of AddGroup took 0.00757ms
typeclass inference of CommSemiring took 0.00358ms
typeclass inference of CommRing took 0.00293ms
typeclass inference of Semifield took 0.00124ms
typeclass inference of CharZero took 0.00602ms
norm_num took 0.0321ms
typeclass inference of AddMonoidWithOne took 0.00621ms
norm_num took 0.181ms
norm_num took 0.00732ms
typeclass inference of AddMonoidWithOne took 0.00436ms
norm_num took 0.195ms
typeclass inference of AddMonoidWithOne took 0.0447ms
norm_num took 0.399ms
norm_num took 0.00577ms
norm_num took 0.00446ms
norm_num took 0.0027ms
typeclass inference of AddMonoidWithOne took 0.00444ms
norm_num took 0.114ms
typeclass inference of AddMonoidWithOne took 0.00405ms
norm_num took 0.0802ms
norm_num took 0.00457ms
typeclass inference of AddMonoidWithOne took 0.0039ms
norm_num took 0.158ms
ring took 1.89ms
tactic execution of Mathlib.Tactic.LinearCombination.linearCombination took 1.12ms
tactic execution of Lean.Parser.Tactic.tacticSeq1Indented took 0.00756ms
tactic execution of Lean.Parser.Tactic.tacticSeq took 0.00468ms
tactic execution of Lean.Parser.Tactic.paren took 0.00469ms
tactic execution of Lean.Parser.Tactic.withAnnotateState took 0.00747ms
tactic execution of Lean.Parser.Tactic.tacticSeq1Indented took 0.00784ms
tactic execution of Lean.Parser.Tactic.tacticSeq took 0.00477ms
tactic execution of Lean.Parser.Tactic.case took 0.0421ms
tactic execution of Lean.Parser.Tactic.tacticSeq1Indented took 0.0194ms
tactic execution of Lean.Parser.Tactic.tacticSeq took 0.0113ms
tactic execution of Lean.Parser.Tactic.focus took 0.0111ms
tactic execution of Lean.Parser.Tactic.tacticHave__ took 0.124ms
typeclass inference of OfNat took 0.154ms
typeclass inference of OfNat took 0.192ms
typeclass inference of OfNat took 0.0505ms
typeclass inference of OfNat took 0.0555ms
typeclass inference of HPow took 0.226ms
typeclass inference of LT took 0.0465ms
typeclass inference of OfNat took 0.0623ms
typeclass inference of HPow took 0.143ms
typeclass inference of OfNat took 0.0468ms
typeclass inference of HPow took 0.129ms
typeclass inference of OfNat took 0.0472ms
typeclass inference of HPow took 0.141ms
typeclass inference of Pow took 0.0432ms
typeclass inference of NPow took 0.103ms
typeclass inference of OfNat took 0.00595ms
tactic execution of Lean.Parser.Tactic.refine took 0.9ms
interpretation of Lean.Meta.Grind.reduceCtorEqCheap took 0.0279ms
interpretation of Lean.Meta.Grind.reduceSimpMatchDiscrsOnly took 0.0076ms
interpretation of Lean.Meta.Grind.reducePreMatchCond took 0.00956ms
interpretation of Lean.Meta.Grind.Arith.expandPow01 took 0.00891ms
interpretation of Lean.Meta.Grind.Arith.expandDiv took 0.00409ms
interpretation of Lean.Meta.Grind.Arith.normNatAddInst took 0.00651ms
interpretation of Lean.Meta.Grind.Arith.normNatMulInst took 0.00985ms
interpretation of Lean.Meta.Grind.Arith.normNatSubInst took 0.00635ms
interpretation of Lean.Meta.Grind.Arith.normNatDivInst took 0.00212ms
interpretation of Lean.Meta.Grind.Arith.normNatModInst took 0.00188ms
interpretation of Lean.Meta.Grind.Arith.normNatPowInst took 0.00269ms
interpretation of Lean.Meta.Grind.Arith.normNatOfNatInst took 0.00229ms
interpretation of Lean.Meta.Grind.Arith.normIntNegInst took 0.00191ms
interpretation of Lean.Meta.Grind.Arith.normIntAddInst took 0.00234ms
interpretation of Lean.Meta.Grind.Arith.normIntMulInst took 0.00227ms
interpretation of Lean.Meta.Grind.Arith.normIntSubInst took 0.0028ms
interpretation of Lean.Meta.Grind.Arith.normIntDivInst took 0.00211ms
interpretation of Lean.Meta.Grind.Arith.normIntModInst took 0.00211ms
interpretation of Lean.Meta.Grind.Arith.normIntPowInst took 0.00238ms
interpretation of Lean.Meta.Grind.Arith.normNatCastInst took 0.00227ms
interpretation of Lean.Meta.Grind.Arith.normIntOfNatInst took 0.00207ms
interpretation of Lean.Meta.Grind.Arith.normNatCastNum took 0.00186ms
interpretation of Lean.Meta.Grind.Arith.normIntCastNum took 0.00228ms
interpretation of Lean.Meta.Grind.Arith.normPowRatInt took 0.00211ms
interpretation of Lean.Meta.Grind.Arith.normFieldInv took 0.00207ms
interpretation of Lean.Meta.Grind.simpForall took 0.00339ms
interpretation of Lean.Meta.Grind.simpExists took 0.0016ms
interpretation of Lean.Meta.Grind.simpEq took 0.00217ms
interpretation of Lean.Meta.Grind.simpOr took 0.00217ms
interpretation of Lean.Meta.Grind.simpDIte took 0.00262ms
interpretation of Lean.Meta.Grind.pushNot took 0.00209ms
interpretation of Lean.Meta.Grind.unfoldReducibleSimproc took 0.0023ms
congr simp thm took 0.00964ms
congr simp thm took 0.0679ms
congr simp thm took 0.0418ms
grind simp took 0.42ms
grind mark subsingleton took 0.106ms
sym typeclass inference of HSub took 1.14ms
sym typeclass inference of HMul took 0.984ms
sym typeclass inference of OfNat took 0.808ms
sym canon took 0.724ms
sym typeclass inference of Lean.Grind.CommRing took 0.51ms
typeclass inference of Lean.Grind.Ring took 0.499ms
typeclass inference of Semiring took 0.672ms
typeclass inference of AddLeftCancelSemigroup took 1.08ms
sym typeclass inference of Lean.Grind.IsCharP took 7.7ms
sym typeclass inference of Lean.Grind.NatModule took 0.968ms
typeclass inference of AddCommMonoid took 0.776ms
typeclass inference of AddCommMonoid took 0.00516ms
typeclass inference of AddCommMonoid took 0.00443ms
typeclass inference of AddCancelMonoid took 0.599ms
typeclass inference of AddCommMonoid took 0.00437ms
typeclass inference of AddGroup took 0.504ms
typeclass inference of Field took 0.337ms
typeclass inference of Field took 0.0023ms
typeclass inference of Field took 0.00195ms
typeclass inference of Field took 0.00269ms
typeclass inference of Field took 0.0014ms
typeclass inference of Field took 0.00129ms
typeclass inference of Field took 0.00131ms
typeclass inference of Field took 0.00119ms
typeclass inference of Field took 0.00111ms
typeclass inference of Field took 0.00113ms
typeclass inference of Field took 0.00104ms
typeclass inference of Field took 0.00108ms
typeclass inference of Field took 0.00227ms
typeclass inference of Field took 0.00121ms
typeclass inference of Field took 0.00114ms
typeclass inference of Field took 0.00124ms
typeclass inference of Field took 0.00119ms
typeclass inference of Field took 0.00122ms
typeclass inference of Field took 0.00116ms
typeclass inference of Field took 0.00126ms
typeclass inference of Field took 0.00203ms
typeclass inference of Field took 0.00132ms
typeclass inference of Field took 0.00122ms
typeclass inference of Field took 0.00118ms
typeclass inference of Field took 0.00131ms
typeclass inference of Field took 0.00126ms
typeclass inference of Field took 0.0011ms
typeclass inference of Field took 0.00209ms
typeclass inference of Field took 0.00131ms
typeclass inference of Field took 0.00112ms
typeclass inference of Semiring took 0.0052ms
typeclass inference of RCLike took 0.0118ms
typeclass inference of RCLike took 0.00183ms
typeclass inference of RCLike took 0.00148ms
typeclass inference of RCLike took 0.00334ms
typeclass inference of RCLike took 0.00188ms
typeclass inference of RCLike took 0.0016ms
typeclass inference of RCLike took 0.00126ms
typeclass inference of RCLike took 0.00125ms
typeclass inference of RCLike took 0.00116ms
typeclass inference of RCLike took 0.0023ms
typeclass inference of RCLike took 0.00194ms
typeclass inference of RCLike took 0.00136ms
typeclass inference of RCLike took 0.00238ms
typeclass inference of RCLike took 0.00144ms
typeclass inference of RCLike took 0.0015ms
typeclass inference of RCLike took 0.00262ms
typeclass inference of RCLike took 0.00149ms
typeclass inference of RCLike took 0.00122ms
typeclass inference of RCLike took 0.00113ms
typeclass inference of RCLike took 0.00103ms
typeclass inference of RCLike took 0.00232ms
typeclass inference of RCLike took 0.00189ms
typeclass inference of RCLike took 0.00132ms
typeclass inference of RCLike took 0.00226ms
typeclass inference of RCLike took 0.00193ms
typeclass inference of RCLike took 0.00122ms
typeclass inference of RCLike took 0.00114ms
typeclass inference of RCLike took 0.00226ms
typeclass inference of RCLike took 0.00117ms
typeclass inference of RCLike took 0.00171ms
typeclass inference of Semiring took 0.00854ms
typeclass inference of NonAssocRing took 0.202ms
typeclass inference of Field took 0.00362ms
typeclass inference of Field took 0.00246ms
typeclass inference of Field took 0.00252ms
typeclass inference of Field took 0.0016ms
typeclass inference of Field took 0.00137ms
typeclass inference of Field took 0.00127ms
typeclass inference of Field took 0.00125ms
typeclass inference of Field took 0.00112ms
typeclass inference of Field took 0.00155ms
typeclass inference of Field took 0.00235ms
typeclass inference of Field took 0.00159ms
typeclass inference of Field took 0.0177ms
typeclass inference of Field took 0.00125ms
typeclass inference of Field took 0.00251ms
typeclass inference of Field took 0.00137ms
typeclass inference of Field took 0.00142ms
typeclass inference of Field took 0.00117ms
typeclass inference of Field took 0.00127ms
typeclass inference of Field took 0.00126ms
typeclass inference of Field took 0.00112ms
typeclass inference of Field took 0.00103ms
typeclass inference of Field took 0.00105ms
typeclass inference of Field took 0.00234ms
typeclass inference of Field took 0.0012ms
typeclass inference of Field took 0.00115ms
typeclass inference of Field took 0.00116ms
typeclass inference of Field took 0.00154ms
typeclass inference of Field took 0.00197ms
typeclass inference of Field took 0.00124ms
typeclass inference of Field took 0.00111ms
typeclass inference of Field took 0.00277ms
typeclass inference of Field took 0.00131ms
typeclass inference of Field took 0.00126ms
typeclass inference of Field took 0.00125ms
typeclass inference of Field took 0.00117ms
typeclass inference of Field took 0.00117ms
typeclass inference of Field took 0.00102ms
typeclass inference of Field took 0.00231ms
typeclass inference of Field took 0.0016ms
typeclass inference of Field took 0.00151ms
typeclass inference of Field took 0.00121ms
typeclass inference of Field took 0.00116ms
typeclass inference of Field took 0.00195ms
typeclass inference of Field took 0.00133ms
typeclass inference of Field took 0.00114ms
typeclass inference of Field took 0.00113ms
typeclass inference of Field took 0.00161ms
typeclass inference of Field took 0.00126ms
typeclass inference of Field took 0.00126ms
typeclass inference of Field took 0.0017ms
typeclass inference of Field took 0.00147ms
typeclass inference of Field took 0.003ms
typeclass inference of Field took 0.00276ms
typeclass inference of Field took 0.00274ms
typeclass inference of Field took 0.00171ms
typeclass inference of Field took 0.00258ms
typeclass inference of Field took 0.00165ms
typeclass inference of Field took 0.00131ms
typeclass inference of Field took 0.00134ms
typeclass inference of Field took 0.00132ms
typeclass inference of Field took 0.00287ms
typeclass inference of Field took 0.00154ms
typeclass inference of Field took 0.00138ms
typeclass inference of Field took 0.00148ms
typeclass inference of Field took 0.00115ms
typeclass inference of Field took 0.00185ms
typeclass inference of Field took 0.00112ms
typeclass inference of Field took 0.00116ms
typeclass inference of Field took 0.00132ms
typeclass inference of Field took 0.00172ms
typeclass inference of Field took 0.00138ms
typeclass inference of Field took 0.00124ms
typeclass inference of Semiring took 0.00639ms
typeclass inference of DivisionRing took 0.416ms
typeclass inference of DivisionRing took 0.00251ms
typeclass inference of DivisionRing took 0.00143ms
typeclass inference of DivisionRing took 0.00117ms
typeclass inference of DivisionRing took 0.00401ms
typeclass inference of DivisionRing took 0.00198ms
typeclass inference of DivisionRing took 0.00167ms
typeclass inference of DivisionRing took 0.00138ms
typeclass inference of DivisionRing took 0.00121ms
typeclass inference of DivisionRing took 0.00297ms
typeclass inference of DivisionRing took 0.00123ms
typeclass inference of DivisionRing took 0.00122ms
typeclass inference of DivisionRing took 0.00298ms
typeclass inference of DivisionRing took 0.00118ms
typeclass inference of DivisionRing took 0.00119ms
typeclass inference of DivisionRing took 0.00119ms
typeclass inference of DivisionRing took 0.0011ms
typeclass inference of DivisionRing took 0.00115ms
typeclass inference of DivisionRing took 0.00108ms
typeclass inference of DivisionRing took 0.00276ms
typeclass inference of DivisionRing took 0.00126ms
typeclass inference of DivisionRing took 0.00153ms
typeclass inference of DivisionRing took 0.00114ms
typeclass inference of DivisionRing took 0.00167ms
typeclass inference of DivisionRing took 0.0013ms
typeclass inference of DivisionRing took 0.00319ms
typeclass inference of DivisionRing took 0.0011ms
typeclass inference of DivisionRing took 0.00112ms
typeclass inference of DivisionRing took 0.00112ms
typeclass inference of DivisionRing took 0.00106ms
typeclass inference of Semifield took 0.624ms
typeclass inference of Semifield took 0.00651ms
typeclass inference of Semifield took 0.00179ms
typeclass inference of Semifield took 0.00123ms
typeclass inference of Semifield took 0.00119ms
typeclass inference of Semifield took 0.00107ms
typeclass inference of Semifield took 0.00102ms
typeclass inference of Semifield took 0.00104ms
typeclass inference of Semifield took 0.000992ms
typeclass inference of Semifield took 0.00379ms
typeclass inference of Semifield took 0.00149ms
typeclass inference of Semifield took 0.00122ms
typeclass inference of Semifield took 0.00111ms
typeclass inference of Semifield took 0.00112ms
typeclass inference of Semifield took 0.00256ms
typeclass inference of Semifield took 0.00127ms
typeclass inference of Field took 0.00321ms
typeclass inference of Field took 0.00168ms
typeclass inference of Field took 0.00123ms
typeclass inference of Field took 0.00414ms
typeclass inference of Field took 0.00125ms
typeclass inference of Field took 0.00172ms
typeclass inference of Field took 0.00135ms
typeclass inference of Field took 0.00147ms
typeclass inference of Field took 0.00117ms
typeclass inference of Field took 0.00119ms
typeclass inference of Field took 0.00126ms
typeclass inference of Field took 0.00118ms
typeclass inference of Field took 0.00223ms
typeclass inference of Field took 0.00973ms
typeclass inference of Field took 0.0012ms
typeclass inference of Field took 0.00118ms
typeclass inference of Field took 0.0076ms
typeclass inference of Field took 0.00135ms
typeclass inference of Field took 0.0011ms
typeclass inference of Field took 0.0011ms
typeclass inference of Field took 0.00262ms
typeclass inference of Field took 0.00156ms
typeclass inference of Field took 0.00116ms
typeclass inference of Field took 0.00143ms
typeclass inference of Field took 0.00132ms
typeclass inference of Field took 0.00123ms
typeclass inference of Field took 0.00105ms
typeclass inference of DivisionRing took 0.003ms
typeclass inference of DivisionRing took 0.00423ms
typeclass inference of DivisionRing took 0.00152ms
typeclass inference of DivisionRing took 0.00137ms
typeclass inference of DivisionRing took 0.00144ms
typeclass inference of DivisionRing took 0.00144ms
typeclass inference of DivisionRing took 0.00159ms
typeclass inference of DivisionRing took 0.00121ms
typeclass inference of DivisionRing took 0.00133ms
typeclass inference of DivisionRing took 0.00246ms
typeclass inference of DivisionRing took 0.00141ms
typeclass inference of DivisionRing took 0.0018ms
typeclass inference of DivisionRing took 0.00204ms
typeclass inference of DivisionRing took 0.00136ms
typeclass inference of DivisionRing took 0.00124ms
typeclass inference of DivisionRing took 0.00109ms
typeclass inference of EuclideanDomain took 0.522ms
typeclass inference of EuclideanDomain took 0.00277ms
typeclass inference of EuclideanDomain took 0.00236ms
typeclass inference of EuclideanDomain took 0.00148ms
typeclass inference of EuclideanDomain took 0.0013ms
typeclass inference of EuclideanDomain took 0.00127ms
typeclass inference of EuclideanDomain took 0.0013ms
typeclass inference of EuclideanDomain took 0.0012ms
typeclass inference of EuclideanDomain took 0.00114ms
typeclass inference of EuclideanDomain took 0.00105ms
typeclass inference of EuclideanDomain took 0.00157ms
typeclass inference of EuclideanDomain took 0.0012ms
typeclass inference of EuclideanDomain took 0.00107ms
typeclass inference of EuclideanDomain took 0.00244ms
typeclass inference of EuclideanDomain took 0.00122ms
typeclass inference of EuclideanDomain took 0.00114ms
typeclass inference of EuclideanDomain took 0.00117ms
typeclass inference of EuclideanDomain took 0.00113ms
typeclass inference of EuclideanDomain took 0.00127ms
typeclass inference of EuclideanDomain took 0.0011ms
typeclass inference of EuclideanDomain took 0.00106ms
typeclass inference of EuclideanDomain took 0.00108ms
typeclass inference of EuclideanDomain took 0.00233ms
typeclass inference of EuclideanDomain took 0.00135ms
typeclass inference of EuclideanDomain took 0.00136ms
typeclass inference of EuclideanDomain took 0.00123ms
typeclass inference of EuclideanDomain took 0.00128ms
typeclass inference of EuclideanDomain took 0.00158ms
typeclass inference of EuclideanDomain took 0.00107ms
typeclass inference of EuclideanDomain took 0.00107ms
typeclass inference of EuclideanDomain took 0.00225ms
typeclass inference of EuclideanDomain took 0.00113ms
typeclass inference of EuclideanDomain took 0.00126ms
typeclass inference of EuclideanDomain took 0.00137ms
typeclass inference of EuclideanDomain took 0.00136ms
typeclass inference of EuclideanDomain took 0.00143ms
typeclass inference of EuclideanDomain took 0.00108ms
typeclass inference of CommMonoidWithZero took 0.926ms
typeclass inference of Semiring took 0.00536ms
typeclass inference of CommMonoidWithZero took 0.00495ms
typeclass inference of CommMonoidWithZero took 0.00379ms
typeclass inference of CommGroupWithZero took 0.492ms
typeclass inference of CommGroupWithZero took 0.00603ms
typeclass inference of CommGroupWithZero took 0.00164ms
typeclass inference of CommGroupWithZero took 0.00183ms
typeclass inference of CommGroupWithZero took 0.0017ms
typeclass inference of CommGroupWithZero took 0.00387ms
typeclass inference of CommGroupWithZero took 0.00137ms
typeclass inference of CommGroupWithZero took 0.00127ms
typeclass inference of LinearOrderedCommMonoidWithZero took 0.0725ms
typeclass inference of LinearOrderedCommMonoidWithZero took 0.00307ms
typeclass inference of LinearOrderedCommMonoidWithZero took 0.00391ms
typeclass inference of LinearOrderedCommMonoidWithZero took 0.00243ms
typeclass inference of LinearOrderedCommMonoidWithZero took 0.00201ms
typeclass inference of LinearOrderedCommMonoidWithZero took 0.00127ms
typeclass inference of LinearOrderedCommMonoidWithZero took 0.00115ms
typeclass inference of LinearOrderedCommMonoidWithZero took 0.00113ms
typeclass inference of LinearOrderedCommMonoidWithZero took 0.00117ms
typeclass inference of LinearOrderedCommMonoidWithZero took 0.00243ms
typeclass inference of LinearOrderedCommMonoidWithZero took 0.00265ms
typeclass inference of LinearOrderedCommMonoidWithZero took 0.00154ms
typeclass inference of LinearOrderedCommMonoidWithZero took 0.00236ms
typeclass inference of LinearOrderedCommMonoidWithZero took 0.00131ms
typeclass inference of LinearOrderedCommMonoidWithZero took 0.0014ms
typeclass inference of LinearOrderedCommMonoidWithZero took 0.0012ms
typeclass inference of LinearOrderedCommMonoidWithZero took 0.00108ms
typeclass inference of LinearOrderedCommMonoidWithZero took 0.00114ms
typeclass inference of LinearOrderedCommMonoidWithZero took 0.00102ms
typeclass inference of LinearOrderedCommMonoidWithZero took 0.00275ms
typeclass inference of LinearOrderedCommMonoidWithZero took 0.00118ms
typeclass inference of LinearOrderedCommMonoidWithZero took 0.00124ms
typeclass inference of LinearOrderedCommMonoidWithZero took 0.00124ms
typeclass inference of LinearOrderedCommMonoidWithZero took 0.00117ms
typeclass inference of LinearOrderedCommMonoidWithZero took 0.00126ms
typeclass inference of LinearOrderedCommMonoidWithZero took 0.002ms
typeclass inference of LinearOrderedCommMonoidWithZero took 0.00154ms
typeclass inference of LinearOrderedCommMonoidWithZero took 0.00138ms
typeclass inference of LinearOrderedCommMonoidWithZero took 0.00152ms
typeclass inference of LinearOrderedCommMonoidWithZero took 0.00107ms
typeclass inference of LinearOrderedCommMonoidWithZero took 0.00282ms
typeclass inference of LinearOrderedCommMonoidWithZero took 0.00207ms
typeclass inference of LinearOrderedCommMonoidWithZero took 0.00121ms
typeclass inference of LinearOrderedCommMonoidWithZero took 0.0027ms
typeclass inference of LinearOrderedCommMonoidWithZero took 0.00129ms
typeclass inference of LinearOrderedCommMonoidWithZero took 0.00135ms
typeclass inference of LinearOrderedCommMonoidWithZero took 0.00935ms
typeclass inference of LinearOrderedCommMonoidWithZero took 0.00126ms
typeclass inference of LinearOrderedCommMonoidWithZero took 0.00111ms
typeclass inference of LinearOrderedCommMonoidWithZero took 0.00115ms
typeclass inference of LinearOrderedCommMonoidWithZero took 0.0013ms
typeclass inference of LinearOrderedCommMonoidWithZero took 0.00145ms
typeclass inference of LinearOrderedCommMonoidWithZero took 0.00109ms
typeclass inference of LinearOrderedCommMonoidWithZero took 0.00248ms
typeclass inference of LinearOrderedCommMonoidWithZero took 0.00144ms
typeclass inference of LinearOrderedCommMonoidWithZero took 0.00183ms
typeclass inference of LinearOrderedCommMonoidWithZero took 0.00178ms
typeclass inference of LinearOrderedCommMonoidWithZero took 0.00128ms
typeclass inference of LinearOrderedCommMonoidWithZero took 0.0012ms
typeclass inference of LinearOrderedCommMonoidWithZero took 0.00141ms
typeclass inference of LinearOrderedCommMonoidWithZero took 0.00265ms
typeclass inference of LinearOrderedCommMonoidWithZero took 0.00123ms
typeclass inference of LinearOrderedCommMonoidWithZero took 0.0013ms
typeclass inference of LinearOrderedCommMonoidWithZero took 0.00113ms
typeclass inference of LinearOrderedCommMonoidWithZero took 0.00109ms
typeclass inference of LinearOrderedCommMonoidWithZero took 0.00109ms
typeclass inference of LinearOrderedCommMonoidWithZero took 0.00224ms
typeclass inference of LinearOrderedCommMonoidWithZero took 0.00116ms
typeclass inference of LinearOrderedCommMonoidWithZero took 0.00113ms
typeclass inference of LinearOrderedCommMonoidWithZero took 0.00118ms
typeclass inference of LinearOrderedCommMonoidWithZero took 0.00116ms
typeclass inference of LinearOrderedCommMonoidWithZero took 0.00229ms
typeclass inference of LinearOrderedCommMonoidWithZero took 0.00144ms
typeclass inference of LinearOrderedCommMonoidWithZero took 0.0012ms
typeclass inference of LinearOrderedCommMonoidWithZero took 0.00303ms
typeclass inference of LinearOrderedCommMonoidWithZero took 0.00143ms
typeclass inference of LinearOrderedCommMonoidWithZero took 0.00252ms
typeclass inference of LinearOrderedCommMonoidWithZero took 0.0013ms
typeclass inference of LinearOrderedCommMonoidWithZero took 0.00118ms
typeclass inference of LinearOrderedCommMonoidWithZero took 0.0012ms
typeclass inference of LinearOrderedCommMonoidWithZero took 0.00116ms
typeclass inference of LinearOrderedCommMonoidWithZero took 0.00117ms
typeclass inference of LinearOrderedCommMonoidWithZero took 0.00101ms
typeclass inference of LinearOrderedCommMonoidWithZero took 0.00134ms
typeclass inference of LinearOrderedCommMonoidWithZero took 0.00113ms
typeclass inference of LinearOrderedCommMonoidWithZero took 0.00119ms
typeclass inference of LinearOrderedCommMonoidWithZero took 0.00219ms
typeclass inference of LinearOrderedCommMonoidWithZero took 0.00114ms
typeclass inference of LinearOrderedCommMonoidWithZero took 0.00138ms
typeclass inference of LinearOrderedCommMonoidWithZero took 0.00113ms
typeclass inference of LinearOrderedCommMonoidWithZero took 0.00105ms
typeclass inference of LinearOrderedCommMonoidWithZero took 0.00116ms
typeclass inference of LinearOrderedCommMonoidWithZero took 0.000971ms
typeclass inference of LinearOrderedCommMonoidWithZero took 0.00225ms
typeclass inference of LinearOrderedCommMonoidWithZero took 0.00113ms
typeclass inference of LinearOrderedCommMonoidWithZero took 0.00109ms
typeclass inference of LinearOrderedCommMonoidWithZero took 0.00114ms
typeclass inference of LinearOrderedCommMonoidWithZero took 0.00121ms
typeclass inference of LinearOrderedCommMonoidWithZero took 0.0011ms
typeclass inference of LinearOrderedCommMonoidWithZero took 0.00207ms
typeclass inference of LinearOrderedCommMonoidWithZero took 0.00119ms
typeclass inference of LinearOrderedCommMonoidWithZero took 0.0011ms
typeclass inference of LinearOrderedCommMonoidWithZero took 0.00108ms
typeclass inference of LinearOrderedCommMonoidWithZero took 0.00105ms
typeclass inference of LinearOrderedCommMonoidWithZero took 0.00155ms
typeclass inference of LinearOrderedCommMonoidWithZero took 0.00123ms
typeclass inference of LinearOrderedCommMonoidWithZero took 0.00101ms
typeclass inference of LinearOrderedCommMonoidWithZero took 0.00281ms
typeclass inference of LinearOrderedCommMonoidWithZero took 0.00109ms
typeclass inference of LinearOrderedCommMonoidWithZero took 0.00117ms
typeclass inference of LinearOrderedCommMonoidWithZero took 0.00145ms
typeclass inference of LinearOrderedCommMonoidWithZero took 0.00113ms
typeclass inference of LinearOrderedCommMonoidWithZero took 0.00105ms
typeclass inference of LinearOrderedCommMonoidWithZero took 0.00116ms
typeclass inference of LinearOrderedCommMonoidWithZero took 0.00141ms
typeclass inference of LinearOrderedCommMonoidWithZero took 0.0013ms
typeclass inference of LinearOrderedCommMonoidWithZero took 0.00115ms
typeclass inference of LinearOrderedCommMonoidWithZero took 0.00249ms
typeclass inference of LinearOrderedCommMonoidWithZero took 0.0011ms
typeclass inference of LinearOrderedCommMonoidWithZero took 0.00121ms
typeclass inference of LinearOrderedCommMonoidWithZero took 0.00124ms
typeclass inference of LinearOrderedCommMonoidWithZero took 0.00109ms
typeclass inference of LinearOrderedCommMonoidWithZero took 0.00106ms
typeclass inference of LinearOrderedCommMonoidWithZero took 0.000952ms
typeclass inference of LinearOrderedCommMonoidWithZero took 0.00206ms
typeclass inference of LinearOrderedCommMonoidWithZero took 0.00125ms
typeclass inference of LinearOrderedCommMonoidWithZero took 0.00206ms
typeclass inference of LinearOrderedCommMonoidWithZero took 0.00116ms
typeclass inference of LinearOrderedCommMonoidWithZero took 0.00107ms
typeclass inference of LinearOrderedCommMonoidWithZero took 0.00115ms
typeclass inference of LinearOrderedCommMonoidWithZero took 0.00235ms
typeclass inference of LinearOrderedCommMonoidWithZero took 0.00121ms
typeclass inference of LinearOrderedCommMonoidWithZero took 0.00141ms
typeclass inference of LinearOrderedCommMonoidWithZero took 0.00117ms
typeclass inference of LinearOrderedCommMonoidWithZero took 0.00106ms
typeclass inference of LinearOrderedCommMonoidWithZero took 0.00214ms
typeclass inference of LinearOrderedCommMonoidWithZero took 0.0011ms
typeclass inference of LinearOrderedCommMonoidWithZero took 0.0011ms
typeclass inference of LinearOrderedCommMonoidWithZero took 0.00191ms
typeclass inference of LinearOrderedCommMonoidWithZero took 0.00151ms
typeclass inference of LinearOrderedCommMonoidWithZero took 0.00123ms
typeclass inference of LinearOrderedCommMonoidWithZero took 0.00231ms
typeclass inference of LinearOrderedCommMonoidWithZero took 0.00133ms
typeclass inference of LinearOrderedCommMonoidWithZero took 0.00113ms
typeclass inference of LinearOrderedCommMonoidWithZero took 0.00123ms
typeclass inference of LinearOrderedCommMonoidWithZero took 0.00113ms
typeclass inference of LinearOrderedCommMonoidWithZero took 0.00116ms
typeclass inference of LinearOrderedCommMonoidWithZero took 0.00101ms
typeclass inference of LinearOrderedCommMonoidWithZero took 0.00143ms
typeclass inference of LinearOrderedCommMonoidWithZero took 0.00125ms
typeclass inference of LinearOrderedCommMonoidWithZero took 0.00104ms
typeclass inference of LinearOrderedCommMonoidWithZero took 0.00382ms
typeclass inference of LinearOrderedCommMonoidWithZero took 0.00201ms
typeclass inference of LinearOrderedCommMonoidWithZero took 0.00198ms
typeclass inference of LinearOrderedCommMonoidWithZero took 0.00212ms
typeclass inference of LinearOrderedCommMonoidWithZero took 0.00135ms
typeclass inference of LinearOrderedCommMonoidWithZero took 0.00123ms
typeclass inference of LinearOrderedCommMonoidWithZero took 0.00103ms
typeclass inference of LinearOrderedCommMonoidWithZero took 0.00265ms
typeclass inference of LinearOrderedCommMonoidWithZero took 0.00121ms
typeclass inference of LinearOrderedCommMonoidWithZero took 0.00138ms
typeclass inference of LinearOrderedCommMonoidWithZero took 0.00111ms
typeclass inference of LinearOrderedCommMonoidWithZero took 0.00113ms
typeclass inference of LinearOrderedCommMonoidWithZero took 0.00129ms
typeclass inference of LinearOrderedCommMonoidWithZero took 0.00331ms
typeclass inference of LinearOrderedCommMonoidWithZero took 0.0016ms
typeclass inference of LinearOrderedCommMonoidWithZero took 0.00135ms
typeclass inference of LinearOrderedCommMonoidWithZero took 0.00138ms
typeclass inference of LinearOrderedCommMonoidWithZero took 0.00131ms
typeclass inference of LinearOrderedCommMonoidWithZero took 0.00275ms
typeclass inference of LinearOrderedCommMonoidWithZero took 0.00117ms
typeclass inference of LinearOrderedCommMonoidWithZero took 0.00156ms
typeclass inference of LinearOrderedCommMonoidWithZero took 0.00107ms
typeclass inference of LinearOrderedCommMonoidWithZero took 0.00182ms
typeclass inference of LinearOrderedCommMonoidWithZero took 0.0015ms
typeclass inference of LinearOrderedCommMonoidWithZero took 0.00121ms
typeclass inference of NonUnitalNonAssocRing took 0.593ms
typeclass inference of NormedRing took 0.481ms
typeclass inference of NormedRing took 0.00312ms
typeclass inference of NormedRing took 0.00305ms
typeclass inference of NormedRing took 0.00177ms
typeclass inference of NormedRing took 0.00164ms
typeclass inference of NormedRing took 0.00154ms
typeclass inference of NormedRing took 0.00134ms
typeclass inference of NormedRing took 0.00124ms
typeclass inference of NormedRing took 0.00161ms
typeclass inference of NormedRing took 0.00167ms
typeclass inference of NormedRing took 0.00125ms
typeclass inference of NormedRing took 0.00108ms
typeclass inference of NormedRing took 0.00164ms
typeclass inference of NormedRing took 0.00394ms
typeclass inference of NormedRing took 0.00123ms
typeclass inference of NormedRing took 0.00159ms
typeclass inference of NormedRing took 0.0012ms
typeclass inference of NormedRing took 0.00156ms
typeclass inference of NormedRing took 0.0014ms
typeclass inference of NormedRing took 0.00107ms
typeclass inference of NormedRing took 0.00136ms
typeclass inference of NormedRing took 0.00311ms
typeclass inference of NormedRing took 0.00159ms
typeclass inference of NormedRing took 0.00178ms
typeclass inference of NormedRing took 0.00142ms
typeclass inference of NormedRing took 0.00174ms
typeclass inference of NormedRing took 0.0012ms
typeclass inference of NormedRing took 0.00154ms
typeclass inference of NormedRing took 0.00291ms
typeclass inference of NormedRing took 0.0015ms
typeclass inference of NormedRing took 0.00135ms
typeclass inference of NormedRing took 0.00112ms
typeclass inference of NormedRing took 0.00101ms
typeclass inference of NormedRing took 0.00185ms
typeclass inference of NormedRing took 0.00143ms
typeclass inference of NormedRing took 0.00135ms
typeclass inference of NormedRing took 0.00167ms
typeclass inference of NormedRing took 0.00199ms
typeclass inference of NormedRing took 0.00129ms
typeclass inference of NormedRing took 0.00126ms
typeclass inference of Semiring took 0.00788ms
typeclass inference of Semiring took 0.00659ms
typeclass inference of GroupWithZero took 1.1ms
typeclass inference of GroupWithZero took 0.00246ms
typeclass inference of GroupWithZero took 0.00258ms
typeclass inference of GroupWithZero took 0.00138ms
typeclass inference of GroupWithZero took 0.00118ms
typeclass inference of GroupWithZero took 0.00121ms
typeclass inference of GroupWithZero took 0.00123ms
typeclass inference of GroupWithZero took 0.00301ms
typeclass inference of GroupWithZero took 0.00192ms
typeclass inference of GroupWithZero took 0.0016ms
typeclass inference of GroupWithZero took 0.00151ms
typeclass inference of GroupWithZero took 0.00269ms
typeclass inference of GroupWithZero took 0.00128ms
typeclass inference of GroupWithZero took 0.00115ms
typeclass inference of MulZeroClass took 1.03ms
typeclass inference of Semiring took 0.00657ms
typeclass inference of CommMonoidWithZero took 0.00866ms
typeclass inference of CommMonoidWithZero took 0.00513ms
typeclass inference of LinearOrderedCommMonoidWithZero took 0.00429ms
typeclass inference of LinearOrderedCommMonoidWithZero took 0.00251ms
typeclass inference of LinearOrderedCommMonoidWithZero took 0.003ms
typeclass inference of LinearOrderedCommMonoidWithZero took 0.00154ms
typeclass inference of LinearOrderedCommMonoidWithZero took 0.00138ms
typeclass inference of LinearOrderedCommMonoidWithZero took 0.00126ms
typeclass inference of LinearOrderedCommMonoidWithZero took 0.00244ms
typeclass inference of LinearOrderedCommMonoidWithZero took 0.00159ms
typeclass inference of LinearOrderedCommMonoidWithZero took 0.00153ms
typeclass inference of LinearOrderedCommMonoidWithZero took 0.00164ms
typeclass inference of LinearOrderedCommMonoidWithZero took 0.00183ms
typeclass inference of LinearOrderedCommMonoidWithZero took 0.00149ms
typeclass inference of LinearOrderedCommMonoidWithZero took 0.00124ms
typeclass inference of NonUnitalNonAssocRing took 0.00655ms
typeclass inference of GroupWithZero took 0.00412ms
typeclass inference of GroupWithZero took 0.0021ms
typeclass inference of GroupWithZero took 0.00328ms
typeclass inference of GroupWithZero took 0.00243ms
typeclass inference of GroupWithZero took 0.0012ms
typeclass inference of GroupWithZero took 0.00224ms
typeclass inference of GroupWithZero took 0.00202ms
typeclass inference of GroupWithZero took 0.00307ms
typeclass inference of GroupWithZero took 0.00154ms
typeclass inference of GroupWithZero took 0.00177ms
typeclass inference of GroupWithZero took 0.00161ms
typeclass inference of GroupWithZero took 0.00265ms
typeclass inference of GroupWithZero took 0.00171ms
typeclass inference of GroupWithZero took 0.00123ms
typeclass inference of MulZeroClass took 0.00688ms
typeclass inference of GroupWithZero took 0.00693ms
typeclass inference of GroupWithZero took 0.00298ms
typeclass inference of GroupWithZero took 0.00576ms
typeclass inference of GroupWithZero took 0.00229ms
typeclass inference of GroupWithZero took 0.00244ms
typeclass inference of GroupWithZero took 0.0138ms
typeclass inference of GroupWithZero took 0.00347ms
typeclass inference of GroupWithZero took 0.00151ms
typeclass inference of GroupWithZero took 0.00283ms
typeclass inference of GroupWithZero took 0.00203ms
typeclass inference of GroupWithZero took 0.00147ms
typeclass inference of GroupWithZero took 0.00596ms
typeclass inference of GroupWithZero took 0.00201ms
typeclass inference of GroupWithZero took 0.00153ms
typeclass inference of GroupWithZero took 0.00156ms
typeclass inference of GroupWithZero took 0.00139ms
typeclass inference of GroupWithZero took 0.00107ms
typeclass inference of GroupWithZero took 0.00463ms
typeclass inference of GroupWithZero took 0.00136ms
typeclass inference of GroupWithZero took 0.00135ms
typeclass inference of GroupWithZero took 0.00146ms
typeclass inference of GroupWithZero took 0.00106ms
typeclass inference of GroupWithZero took 0.00242ms
typeclass inference of GroupWithZero took 0.00133ms
typeclass inference of GroupWithZero took 0.00117ms
typeclass inference of GroupWithZero took 0.00251ms
typeclass inference of GroupWithZero took 0.0013ms
typeclass inference of GroupWithZero took 0.00326ms
typeclass inference of GroupWithZero took 0.00122ms
typeclass inference of GroupWithZero took 0.00144ms
typeclass inference of GroupWithZero took 0.00122ms
typeclass inference of GroupWithZero took 0.00142ms
typeclass inference of GroupWithZero took 0.00127ms
typeclass inference of GroupWithZero took 0.00207ms
typeclass inference of GroupWithZero took 0.00127ms
typeclass inference of GroupWithZero took 0.00158ms
typeclass inference of GroupWithZero took 0.00293ms
typeclass inference of GroupWithZero took 0.00146ms
typeclass inference of GroupWithZero took 0.00189ms
typeclass inference of GroupWithZero took 0.00128ms
typeclass inference of GroupWithZero took 0.00126ms
typeclass inference of GroupWithZero took 0.00104ms
typeclass inference of GroupWithZero took 0.00208ms
typeclass inference of GroupWithZero took 0.00127ms
typeclass inference of GroupWithZero took 0.00155ms
typeclass inference of GroupWithZero took 0.00156ms
typeclass inference of GroupWithZero took 0.00114ms
typeclass inference of GroupWithZero took 0.00362ms
typeclass inference of GroupWithZero took 0.00127ms
typeclass inference of GroupWithZero took 0.00143ms
typeclass inference of GroupWithZero took 0.00255ms
typeclass inference of GroupWithZero took 0.00128ms
typeclass inference of GroupWithZero took 0.00132ms
typeclass inference of GroupWithZero took 0.00416ms
typeclass inference of GroupWithZero took 0.00138ms
typeclass inference of GroupWithZero took 0.0016ms
typeclass inference of GroupWithZero took 0.00134ms
typeclass inference of GroupWithZero took 0.00145ms
typeclass inference of GroupWithZero took 0.00121ms
typeclass inference of GroupWithZero took 0.00244ms
typeclass inference of GroupWithZero took 0.00118ms
typeclass inference of GroupWithZero took 0.0017ms
typeclass inference of GroupWithZero took 0.00111ms
typeclass inference of GroupWithZero took 0.00126ms
typeclass inference of GroupWithZero took 0.00174ms
typeclass inference of GroupWithZero took 0.00118ms
typeclass inference of GroupWithZero took 0.00114ms
typeclass inference of GroupWithZero took 0.00122ms
typeclass inference of GroupWithZero took 0.00194ms
typeclass inference of GroupWithZero took 0.00116ms
typeclass inference of GroupWithZero took 0.00111ms
typeclass inference of CommMonoidWithZero took 0.00847ms
typeclass inference of LinearOrderedCommMonoidWithZero took 0.00403ms
typeclass inference of LinearOrderedCommMonoidWithZero took 0.00276ms
typeclass inference of LinearOrderedCommMonoidWithZero took 0.00151ms
typeclass inference of LinearOrderedCommMonoidWithZero took 0.00131ms
typeclass inference of LinearOrderedCommMonoidWithZero took 0.00126ms
typeclass inference of LinearOrderedCommMonoidWithZero took 0.00109ms
typeclass inference of LinearOrderedCommMonoidWithZero took 0.0021ms
typeclass inference of LinearOrderedCommMonoidWithZero took 0.00113ms
typeclass inference of LinearOrderedCommMonoidWithZero took 0.00155ms
typeclass inference of LinearOrderedCommMonoidWithZero took 0.00151ms
typeclass inference of LinearOrderedCommMonoidWithZero took 0.00177ms
typeclass inference of LinearOrderedCommMonoidWithZero took 0.00109ms
typeclass inference of LinearOrderedCommMonoidWithZero took 0.00312ms
typeclass inference of NonUnitalNonAssocRing took 0.00855ms
typeclass inference of GroupWithZero took 0.00385ms
typeclass inference of GroupWithZero took 0.00139ms
typeclass inference of GroupWithZero took 0.00382ms
typeclass inference of GroupWithZero took 0.00125ms
typeclass inference of GroupWithZero took 0.00203ms
typeclass inference of GroupWithZero took 0.00127ms
typeclass inference of GroupWithZero took 0.0015ms
typeclass inference of GroupWithZero took 0.00245ms
typeclass inference of GroupWithZero took 0.00159ms
typeclass inference of GroupWithZero took 0.00152ms
typeclass inference of GroupWithZero took 0.00133ms
typeclass inference of GroupWithZero took 0.0022ms
typeclass inference of GroupWithZero took 0.00115ms
typeclass inference of GroupWithZero took 0.00107ms
sym typeclass inference of Lean.Grind.NoNatZeroDivisors took 69.9ms
sym typeclass inference of Lean.Grind.Field took 0.925ms
typeclass inference of Lean.Grind.CommSemiring took 1.16ms
typeclass inference of Field took 0.00393ms
typeclass inference of Field took 0.0036ms
typeclass inference of Field took 0.0015ms
typeclass inference of Field took 0.00267ms
typeclass inference of Field took 0.00177ms
typeclass inference of Field took 0.00185ms
typeclass inference of Field took 0.00157ms
typeclass inference of Field took 0.00152ms
typeclass inference of Field took 0.00149ms
typeclass inference of Field took 0.00154ms
typeclass inference of Field took 0.00269ms
typeclass inference of Field took 0.0015ms
typeclass inference of Field took 0.00322ms
typeclass inference of Field took 0.00137ms
typeclass inference of Field took 0.00177ms
typeclass inference of Field took 0.00172ms
typeclass inference of Field took 0.00187ms
typeclass inference of Field took 0.00168ms
typeclass inference of Field took 0.00139ms
typeclass inference of Field took 0.00129ms
typeclass inference of Field took 0.00189ms
typeclass inference of Field took 0.0032ms
typeclass inference of Field took 0.0021ms
typeclass inference of Field took 0.00205ms
typeclass inference of Field took 0.00183ms
typeclass inference of Field took 0.00191ms
typeclass inference of Field took 0.00167ms
typeclass inference of Field took 0.00164ms
typeclass inference of Field took 0.00165ms
typeclass inference of Field took 0.00523ms
typeclass inference of Field took 0.00279ms
typeclass inference of Field took 0.00186ms
typeclass inference of Field took 0.00147ms
typeclass inference of Field took 0.00161ms
typeclass inference of Field took 0.00213ms
typeclass inference of Field took 0.00206ms
typeclass inference of Field took 0.0061ms
typeclass inference of Field took 0.00158ms
typeclass inference of Field took 0.00325ms
typeclass inference of Field took 0.00185ms
typeclass inference of Field took 0.00133ms
typeclass inference of Field took 0.00119ms
typeclass inference of Field took 0.00152ms
typeclass inference of Field took 0.00141ms
typeclass inference of Field took 0.00141ms
typeclass inference of Field took 0.00391ms
typeclass inference of Field took 0.00179ms
typeclass inference of Field took 0.00132ms
typeclass inference of Field took 0.00182ms
typeclass inference of Field took 0.0018ms
typeclass inference of Field took 0.00174ms
typeclass inference of Field took 0.00123ms
typeclass inference of Field took 0.00128ms
typeclass inference of Field took 0.00379ms
typeclass inference of Field took 0.00149ms
typeclass inference of Field took 0.00177ms
typeclass inference of Field took 0.00124ms
typeclass inference of Field took 0.00156ms
typeclass inference of Field took 0.00132ms
typeclass inference of Field took 0.00113ms
typeclass inference of Field took 0.00293ms
typeclass inference of Field took 0.00149ms
typeclass inference of Field took 0.00154ms
typeclass inference of Field took 0.00141ms
typeclass inference of Field took 0.00152ms
typeclass inference of Field took 0.00112ms
typeclass inference of Field took 0.0029ms
typeclass inference of Field took 0.0014ms
typeclass inference of Field took 0.0013ms
typeclass inference of Field took 0.00116ms
typeclass inference of Field took 0.0013ms
typeclass inference of Field took 0.00278ms
typeclass inference of Field took 0.00156ms
typeclass inference of Field took 0.00161ms
typeclass inference of Field took 0.0011ms
typeclass inference of Field took 0.00265ms
typeclass inference of Field took 0.00123ms
typeclass inference of Field took 0.00139ms
typeclass inference of Field took 0.00716ms
typeclass inference of Field took 0.0039ms
typeclass inference of Field took 0.00152ms
typeclass inference of Field took 0.0015ms
typeclass inference of Field took 0.00123ms
typeclass inference of Field took 0.00145ms
typeclass inference of Field took 0.00113ms
typeclass inference of Field took 0.00106ms
typeclass inference of Field took 0.00114ms
typeclass inference of Field took 0.00133ms
typeclass inference of Field took 0.00184ms
typeclass inference of Field took 0.00139ms
typeclass inference of Field took 0.00261ms
typeclass inference of Field took 0.00115ms
typeclass inference of Field took 0.00144ms
typeclass inference of Field took 0.00151ms
typeclass inference of Field took 0.00155ms
typeclass inference of Field took 0.00133ms
typeclass inference of Field took 0.00137ms
typeclass inference of Field took 0.00105ms
typeclass inference of Field took 0.000972ms
typeclass inference of Field took 0.00325ms
typeclass inference of Field took 0.00128ms
typeclass inference of Field took 0.00145ms
typeclass inference of Field took 0.00137ms
typeclass inference of Field took 0.00106ms
typeclass inference of Field took 0.0013ms
typeclass inference of Field took 0.00122ms
typeclass inference of Field took 0.00139ms
typeclass inference of Field took 0.00167ms
typeclass inference of Field took 0.00134ms
typeclass inference of Field took 0.00106ms
typeclass inference of Field took 0.00139ms
typeclass inference of Field took 0.00116ms
typeclass inference of Field took 0.00116ms
typeclass inference of Field took 0.001ms
typeclass inference of Field took 0.0028ms
typeclass inference of Field took 0.00149ms
typeclass inference of Field took 0.00213ms
typeclass inference of Field took 0.00186ms
typeclass inference of Field took 0.00123ms
typeclass inference of Field took 0.00128ms
typeclass inference of Field took 0.00123ms
typeclass inference of Field took 0.00106ms
typeclass inference of Field took 0.00144ms
typeclass inference of Field took 0.00317ms
typeclass inference of Field took 0.00162ms
typeclass inference of Field took 0.00119ms
typeclass inference of Field took 0.00169ms
typeclass inference of Field took 0.00137ms
typeclass inference of Field took 0.00132ms
typeclass inference of Field took 0.0011ms
typeclass inference of Field took 0.00122ms
typeclass inference of Field took 0.00462ms
typeclass inference of Field took 0.00111ms
typeclass inference of Field took 0.00145ms
typeclass inference of Field took 0.00113ms
typeclass inference of Field took 0.0013ms
typeclass inference of Field took 0.00125ms
typeclass inference of Field took 0.00118ms
typeclass inference of Field took 0.00287ms
typeclass inference of Field took 0.00158ms
typeclass inference of Field took 0.00123ms
typeclass inference of Field took 0.00191ms
typeclass inference of Field took 0.00148ms
typeclass inference of Field took 0.00156ms
typeclass inference of Field took 0.00186ms
typeclass inference of Field took 0.00177ms
typeclass inference of Field took 0.00175ms
typeclass inference of Field took 0.00109ms
typeclass inference of Field took 0.00103ms
typeclass inference of Field took 0.00156ms
typeclass inference of Field took 0.00233ms
typeclass inference of Field took 0.00158ms
typeclass inference of Field took 0.0014ms
typeclass inference of Field took 0.00144ms
typeclass inference of Field took 0.00212ms
typeclass inference of Field took 0.00108ms
sym typeclass inference of Lean.Grind.PowIdentity took 17ms
sym typeclass inference of HSub took 0.0215ms
sym canon took 0.0284ms
sym typeclass inference of HMul took 0.00783ms
sym canon took 0.00882ms
sym typeclass inference of Lean.Grind.ToInt took 0.0435ms
sym typeclass inference of LE took 3.07ms
sym typeclass inference of LT took 2.65ms
sym typeclass inference of LE took 0.00269ms
congr simp thm took 0.00165ms
congr simp thm took 0.000391ms
congr simp thm took 0.00037ms
congr simp thm took 0.000541ms
congr simp thm took 0.00554ms
grind simp took 0.45ms
grind mark subsingleton took 0.172ms
typeclass inference of CategoryTheory.CartesianMonoidalCategory took 0.0694ms
typeclass inference of CategoryTheory.CartesianMonoidalCategory took 0.00513ms
sym typeclass inference of HPow took 2.48ms
sym typeclass inference of OfNat took 1.11ms
sym typeclass inference of OfNat took 0.0693ms
sym canon took 0.298ms
grind mark subsingleton took 0.00252ms
sym canon took 0.000571ms
grind mark subsingleton took 0.000681ms
sym canon took 0.000251ms
grind mark subsingleton took 0.000471ms
sym canon took 0.000171ms
grind mark subsingleton took 0.0229ms
sym typeclass inference of Pow took 0.209ms
sym canon took 0.27ms
grind mark subsingleton took 0.00244ms
sym canon took 0.000622ms
grind mark subsingleton took 0.000691ms
sym canon took 0.000231ms
grind mark subsingleton took 0.000561ms
sym canon took 0.00017ms
grind mark subsingleton took 0.00612ms
sym canon took 0.000341ms
sym typeclass inference of Lean.Grind.CommRing took 0.85ms
sym typeclass inference of Lean.Grind.CommSemiring took 0.032ms
sym typeclass inference of Lean.Grind.Semiring took 0.11ms
sym canon took 0.0577ms
typeclass inference of Lean.Grind.CommSemiring took 0.026ms
sym typeclass inference of Lean.Grind.CommRing took 0.116ms
sym typeclass inference of Lean.Grind.IsCharP took 0.619ms
typeclass inference of Lean.Grind.CommSemiring took 0.00808ms
sym typeclass inference of Lean.Grind.NatModule took 6.17ms
sym typeclass inference of Lean.Grind.NoNatZeroDivisors took 0.363ms
sym typeclass inference of Lean.Grind.Field took 0.344ms
typeclass inference of Lean.Grind.CommSemiring took 0.0214ms
typeclass inference of Lean.Grind.CommSemiring took 0.122ms
typeclass inference of Field took 0.332ms
typeclass inference of Field took 0.00251ms
typeclass inference of Field took 0.00153ms
typeclass inference of Field took 0.00119ms
typeclass inference of Field took 0.00242ms
typeclass inference of Field took 0.00146ms
typeclass inference of Field took 0.00107ms
typeclass inference of Field took 0.0012ms
sym typeclass inference of Lean.Grind.PowIdentity took 1.18ms
sym typeclass inference of Lean.Grind.CommRing took 0.0438ms
sym typeclass inference of Lean.Grind.IsCharP took 0.16ms
sym typeclass inference of Lean.Grind.NatModule took 0.119ms
sym typeclass inference of Lean.Grind.NoNatZeroDivisors took 0.896ms
sym typeclass inference of Lean.Grind.Field took 0.396ms
typeclass inference of Lean.Grind.CommSemiring took 0.0801ms
typeclass inference of Field took 0.296ms
typeclass inference of Field took 0.00284ms
typeclass inference of Field took 0.00159ms
typeclass inference of Field took 0.00253ms
typeclass inference of Field took 0.00214ms
typeclass inference of Field took 0.00147ms
sym typeclass inference of Lean.Grind.PowIdentity took 0.964ms
sym typeclass inference of NatCast took 0.0435ms
sym typeclass inference of NatCast took 0.00447ms
sym canon took 0.0594ms
sym typeclass inference of LE took 0.0004ms
typeclass inference of Preorder took 1.35ms
typeclass inference of Std.IsPreorder took 0.591ms
typeclass inference of PartialOrder took 0.973ms
typeclass inference of Std.IsPartialOrder took 0.204ms
typeclass inference of Std.LinearPreorderPackage took 0.0912ms
typeclass inference of Std.LinearPreorderPackage took 0.00491ms
typeclass inference of Std.LinearPreorderPackage took 0.00372ms
typeclass inference of Std.IsLinearPreorder took 0.527ms
sym typeclass inference of LT took 0.000621ms
sym typeclass inference of LE took 0.00027ms
sym canon took 0.0444ms
typeclass inference of Std.LawfulOrderLT took 0.0433ms
sym typeclass inference of LT took 0.000381ms
sym canon took 0.115ms
sym typeclass inference of Lean.Grind.OrderedRing took 0.165ms
typeclass inference of OfNat took 0.0647ms
typeclass inference of OfNat took 0.0418ms
sym typeclass inference of HAdd took 0.00026ms
sym typeclass inference of HAdd took 0.000331ms
sym canon took 0.0546ms
typeclass inference of OfNat took 0.00371ms
sym typeclass inference of IntCast took 0.0344ms
sym typeclass inference of IntCast took 0.0038ms
sym canon took 0.0404ms
typeclass inference of OfNat took 0.00625ms
typeclass inference of OfNat took 0.0627ms
typeclass inference of OfNat took 0.00362ms
sym typeclass inference of HPow took 0.00592ms
sym canon took 0.0115ms
congr simp thm took 0.00483ms
congr simp thm took 0.00322ms
congr simp thm took 0.000742ms
congr simp thm took 0.000742ms
grind simp took 0.525ms
grind mark subsingleton took 0.0223ms
sym typeclass inference of LE took 0.000431ms
sym typeclass inference of OfNat took 0.0664ms
sym canon took 0.107ms
typeclass inference of OfNat took 0.0615ms
typeclass inference of OfNat took 0.0373ms
typeclass inference of OfNat took 0.00247ms
typeclass inference of OfNat took 0.00168ms
congr simp thm took 0.00534ms
congr simp thm took 0.000321ms
congr simp thm took 0.000761ms
congr simp thm took 0.000792ms
congr simp thm took 0.00307ms
typeclass inference of Decidable took 0.207ms
congr simp thm took 0.000682ms
grind simp took 0.697ms
grind mark subsingleton took 0.0211ms
sym typeclass inference of OfNat took 0.0526ms
sym canon took 0.0838ms
typeclass inference of OfNat took 0.0517ms
typeclass inference of OfNat took 0.0366ms
typeclass inference of OfNat took 0.00237ms
typeclass inference of OfNat took 0.00157ms
congr simp thm took 0.000541ms
congr simp thm took 0.000201ms
congr simp thm took 0.000662ms
congr simp thm took 0.000321ms
typeclass inference of Decidable took 0.112ms
congr simp thm took 0.000591ms
grind simp took 0.289ms
grind mark subsingleton took 0.0142ms
sym canon took 0.0623ms
typeclass inference of OfNat took 0.0638ms
typeclass inference of OfNat took 0.0362ms
typeclass inference of OfNat took 0.00255ms
typeclass inference of OfNat took 0.00151ms
congr simp thm took 0.000551ms
congr simp thm took 0.00022ms
congr simp thm took 0.000601ms
congr simp thm took 0.000291ms
typeclass inference of Decidable took 0.135ms
congr simp thm took 0.000642ms
grind simp took 0.294ms
grind mark subsingleton took 0.0171ms
sym typeclass inference of OfNat took 0.0489ms
sym canon took 0.0825ms
typeclass inference of OfNat took 0.0492ms
typeclass inference of OfNat took 0.0412ms
typeclass inference of OfNat took 0.00274ms
typeclass inference of OfNat took 0.00164ms
congr simp thm took 0.000952ms
grind simp took 0.141ms
grind mark subsingleton took 0.0116ms
sym typeclass inference of OfNat took 0.0457ms
sym canon took 0.0223ms
typeclass inference of OfNat took 0.0482ms
typeclass inference of OfNat took 0.0339ms
typeclass inference of OfNat took 0.00238ms
congr simp thm took 0.000711ms
grind simp took 0.11ms
grind mark subsingleton took 0.0271ms
sym canon took 0.0628ms
congr simp thm took 0.000712ms
congr simp thm took 0.000431ms
grind simp took 0.164ms
grind mark subsingleton took 0.112ms
sym typeclass inference of HAdd took 1.24ms
sym canon took 0.0905ms
sym typeclass inference of HAdd took 0.00585ms
sym canon took 0.0092ms
congr simp thm took 0.0328ms
congr simp thm took 0.000971ms
congr simp thm took 0.000842ms
congr simp thm took 0.000301ms
congr simp thm took 0.000541ms
congr simp thm took 0.000791ms
grind simp took 0.54ms
grind mark subsingleton took 0.017ms
sym typeclass inference of OfNat took 0.0695ms
sym canon took 0.0296ms
typeclass inference of OfNat took 0.0637ms
typeclass inference of OfNat took 0.0387ms
typeclass inference of OfNat took 0.00267ms
typeclass inference of OfNat took 0.00164ms
grind took 11.3ms
instantiate metavars took 0.0154ms
tactic execution of Lean.Parser.Tactic.grind took 1.4ms
tactic execution of Lean.Parser.Tactic.tacticSeq1Indented took 0.0113ms
tactic execution of Lean.Parser.Tactic.tacticSeq took 0.00606ms
tactic execution of Lean.Parser.Tactic.paren took 0.00656ms
tactic execution of Lean.Parser.Tactic.withAnnotateState took 0.0242ms
tactic execution of Lean.Parser.Tactic.tacticSeq1Indented took 0.00678ms
tactic execution of Lean.Parser.Tactic.tacticSeq took 0.00627ms
tactic execution of Lean.Parser.Tactic.case took 0.0817ms
tactic execution of Lean.Parser.Tactic.tacticSeq1Indented took 0.0215ms
tactic execution of Lean.Parser.Tactic.tacticSeq took 0.00732ms
tactic execution of Lean.Parser.Tactic.focus took 0.0113ms
tactic execution of Lean.Parser.Tactic.tacticHave__ took 0.946ms
typeclass inference of OfNat took 1.53ms
typeclass inference of OfNat took 0.202ms
typeclass inference of OfNat took 0.0604ms
typeclass inference of HPow took 0.274ms
typeclass inference of OfNat took 0.125ms
typeclass inference of HPow took 0.247ms
typeclass inference of OfNat took 0.0845ms
typeclass inference of OfNat took 0.0741ms
typeclass inference of OfNat took 0.076ms
typeclass inference of HPow took 0.155ms
typeclass inference of OfNat took 0.0467ms
typeclass inference of OfNat took 0.0394ms
typeclass inference of HPow took 0.151ms
typeclass inference of OfNat took 0.0499ms
typeclass inference of HPow took 0.132ms
typeclass inference of OfNat took 0.0482ms
typeclass inference of OfNat took 0.0509ms
typeclass inference of HPow took 0.133ms
typeclass inference of OfNat took 0.0515ms
typeclass inference of HPow took 0.129ms
typeclass inference of OfNat took 0.0423ms
typeclass inference of HPow took 0.121ms
typeclass inference of OfNat took 0.045ms
typeclass inference of HPow took 0.123ms
typeclass inference of OfNat took 0.0434ms
typeclass inference of HPow took 0.13ms
typeclass inference of OfNat took 0.0419ms
typeclass inference of HPow took 0.135ms
typeclass inference of OfNat took 0.0562ms
typeclass inference of HPow took 0.166ms
typeclass inference of Pow took 0.0447ms
typeclass inference of CategoryTheory.CartesianMonoidalCategory took 0.0588ms
typeclass inference of CategoryTheory.CartesianMonoidalCategory took 0.00639ms
typeclass inference of NPow took 2.25ms
typeclass inference of OfNat took 0.0521ms
typeclass inference of OfNat took 0.0665ms
typeclass inference of HPow took 0.147ms
typeclass inference of OfNat took 0.055ms
typeclass inference of HPow took 0.129ms
typeclass inference of OfNat took 0.043ms
typeclass inference of HPow took 0.117ms
typeclass inference of Pow took 0.0441ms
typeclass inference of NPow took 0.097ms
typeclass inference of OfNat took 0.00391ms
tactic execution of Lean.Parser.Tactic.refine took 2ms
tactic execution of Lean.Parser.Tactic.rotateRight took 0.0116ms
tactic execution of Lean.Parser.Tactic.tacticSeq1Indented took 0.0208ms
tactic execution of Lean.Parser.Tactic.tacticSeq took 0.00541ms
tactic execution of Lean.Parser.Tactic.paren took 0.00561ms
tactic execution of Lean.Parser.Tactic.tacticSeq1Indented took 0.00679ms
tactic execution of Lean.Parser.Tactic.tacticSeq took 0.00729ms
tactic execution of Lean.Parser.Tactic.focus took 0.0123ms
tactic execution of Lean.Parser.Tactic.tacticRefine_lift_ took 0.0109ms
tactic execution of Lean.Parser.Tactic.tacticHave__ took 0.0308ms
typeclass inference of OfNat took 0.0832ms
typeclass inference of OfNat took 0.0515ms
typeclass inference of OfNat took 0.0527ms
typeclass inference of OfNat took 0.0408ms
typeclass inference of OfNat took 0.0467ms
typeclass inference of OfNat took 0.0355ms
typeclass inference of HMul took 0.189ms
typeclass inference of HPow took 0.155ms
typeclass inference of HMul took 0.0666ms
typeclass inference of LT took 0.0353ms
typeclass inference of OfNat took 0.00358ms
typeclass inference of OfNat took 0.0687ms
typeclass inference of HPow took 0.13ms
typeclass inference of HMul took 0.0738ms
typeclass inference of OfNat took 0.0439ms
typeclass inference of HPow took 0.126ms
typeclass inference of HMul took 0.054ms
typeclass inference of OfNat took 0.0445ms
typeclass inference of HPow took 0.116ms
typeclass inference of HMul took 0.0551ms
typeclass inference of OfNat took 0.0421ms
typeclass inference of HPow took 0.118ms
typeclass inference of HMul took 0.0569ms
typeclass inference of Pow took 0.042ms
typeclass inference of NPow took 0.0035ms
typeclass inference of OfNat took 0.00318ms
typeclass inference of HMul took 0.00257ms
tactic execution of Lean.Parser.Tactic.refine took 0.947ms
interpretation of Lean.Meta.Grind.reduceCtorEqCheap took 0.00255ms
interpretation of Lean.Meta.Grind.reduceSimpMatchDiscrsOnly took 0.000902ms
interpretation of Lean.Meta.Grind.reducePreMatchCond took 0.000842ms
interpretation of Lean.Meta.Grind.Arith.expandPow01 took 0.000661ms
interpretation of Lean.Meta.Grind.Arith.expandDiv took 0.000862ms
interpretation of Lean.Meta.Grind.Arith.normNatAddInst took 0.00189ms
interpretation of Lean.Meta.Grind.Arith.normNatMulInst took 0.000912ms
interpretation of Lean.Meta.Grind.Arith.normNatSubInst took 0.000651ms
interpretation of Lean.Meta.Grind.Arith.normNatDivInst took 0.000521ms
interpretation of Lean.Meta.Grind.Arith.normNatModInst took 0.000501ms
interpretation of Lean.Meta.Grind.Arith.normNatPowInst took 0.000732ms
interpretation of Lean.Meta.Grind.Arith.normNatOfNatInst took 0.000511ms
interpretation of Lean.Meta.Grind.Arith.normIntNegInst took 0.000791ms
interpretation of Lean.Meta.Grind.Arith.normIntAddInst took 0.000521ms
interpretation of Lean.Meta.Grind.Arith.normIntMulInst took 0.000662ms
interpretation of Lean.Meta.Grind.Arith.normIntSubInst took 0.000621ms
interpretation of Lean.Meta.Grind.Arith.normIntDivInst took 0.000621ms
interpretation of Lean.Meta.Grind.Arith.normIntModInst took 0.000601ms
interpretation of Lean.Meta.Grind.Arith.normIntPowInst took 0.000822ms
interpretation of Lean.Meta.Grind.Arith.normNatCastInst took 0.000711ms
interpretation of Lean.Meta.Grind.Arith.normIntOfNatInst took 0.000671ms
interpretation of Lean.Meta.Grind.Arith.normNatCastNum took 0.00043ms
interpretation of Lean.Meta.Grind.Arith.normIntCastNum took 0.000621ms
interpretation of Lean.Meta.Grind.Arith.normPowRatInt took 0.000631ms
interpretation of Lean.Meta.Grind.Arith.normFieldInv took 0.000552ms
interpretation of Lean.Meta.Grind.simpForall took 0.000711ms
interpretation of Lean.Meta.Grind.simpExists took 0.000491ms
interpretation of Lean.Meta.Grind.simpEq took 0.000612ms
interpretation of Lean.Meta.Grind.simpOr took 0.000661ms
interpretation of Lean.Meta.Grind.simpDIte took 0.000671ms
interpretation of Lean.Meta.Grind.pushNot took 0.000591ms
interpretation of Lean.Meta.Grind.unfoldReducibleSimproc took 0.000621ms
congr simp thm took 0.00794ms
congr simp thm took 0.00482ms
congr simp thm took 0.00361ms
grind simp took 0.435ms
grind mark subsingleton took 0.074ms
sym typeclass inference of HSub took 0.992ms
sym typeclass inference of HMul took 1.08ms
sym typeclass inference of OfNat took 0.859ms
sym canon took 0.168ms
sym typeclass inference of Lean.Grind.CommRing took 0.747ms
typeclass inference of Lean.Grind.Ring took 0.568ms
typeclass inference of Semiring took 0.939ms
typeclass inference of AddLeftCancelSemigroup took 0.981ms
sym typeclass inference of Lean.Grind.IsCharP took 8.82ms
sym typeclass inference of Lean.Grind.NatModule took 1.14ms
typeclass inference of AddCommMonoid took 0.888ms
typeclass inference of AddCommMonoid took 0.00523ms
typeclass inference of AddCommMonoid took 0.00415ms
typeclass inference of AddCancelMonoid took 0.761ms
typeclass inference of AddCommMonoid took 0.00691ms
typeclass inference of AddGroup took 0.624ms
typeclass inference of Field took 0.317ms
typeclass inference of Field took 0.00237ms
typeclass inference of Field took 0.00185ms
typeclass inference of Field took 0.00361ms
typeclass inference of Field took 0.00158ms
typeclass inference of Field took 0.0019ms
typeclass inference of Field took 0.00128ms
typeclass inference of Field took 0.00117ms
typeclass inference of Field took 0.00135ms
typeclass inference of Field took 0.00107ms
typeclass inference of Field took 0.00107ms
typeclass inference of Field took 0.00101ms
typeclass inference of Field took 0.00274ms
typeclass inference of Field took 0.00124ms
typeclass inference of Field took 0.00127ms
typeclass inference of Field took 0.00117ms
typeclass inference of Field took 0.00115ms
typeclass inference of Field took 0.00118ms
typeclass inference of Field took 0.00118ms
typeclass inference of Field took 0.00125ms
typeclass inference of Field took 0.00215ms
typeclass inference of Field took 0.00132ms
typeclass inference of Field took 0.00124ms
typeclass inference of Field took 0.00112ms
typeclass inference of Field took 0.00119ms
typeclass inference of Field took 0.00122ms
typeclass inference of Field took 0.00116ms
typeclass inference of Field took 0.00218ms
typeclass inference of Field took 0.00128ms
typeclass inference of Field took 0.00169ms
typeclass inference of Semiring took 0.00577ms
typeclass inference of RCLike took 0.0174ms
typeclass inference of RCLike took 0.00241ms
typeclass inference of RCLike took 0.00146ms
typeclass inference of RCLike took 0.00319ms
typeclass inference of RCLike took 0.00187ms
typeclass inference of RCLike took 0.00146ms
typeclass inference of RCLike took 0.00138ms
typeclass inference of RCLike took 0.00124ms
typeclass inference of RCLike took 0.00116ms
typeclass inference of RCLike took 0.00124ms
typeclass inference of RCLike took 0.00115ms
typeclass inference of RCLike took 0.0011ms
typeclass inference of RCLike took 0.00188ms
typeclass inference of RCLike took 0.00122ms
typeclass inference of RCLike took 0.00145ms
typeclass inference of RCLike took 0.00112ms
typeclass inference of RCLike took 0.00107ms
typeclass inference of RCLike took 0.00108ms
typeclass inference of RCLike took 0.00108ms
typeclass inference of RCLike took 0.00102ms
typeclass inference of RCLike took 0.00206ms
typeclass inference of RCLike took 0.00125ms
typeclass inference of RCLike took 0.0012ms
typeclass inference of RCLike took 0.00129ms
typeclass inference of RCLike took 0.00139ms
typeclass inference of RCLike took 0.00131ms
typeclass inference of RCLike took 0.00108ms
typeclass inference of RCLike took 0.002ms
typeclass inference of RCLike took 0.0016ms
typeclass inference of RCLike took 0.00118ms
typeclass inference of Semiring took 0.00465ms
typeclass inference of NonAssocRing took 0.227ms
typeclass inference of Field took 0.00356ms
typeclass inference of Field took 0.00244ms
typeclass inference of Field took 0.00211ms
typeclass inference of Field took 0.00147ms
typeclass inference of Field took 0.0016ms
typeclass inference of Field took 0.00122ms
typeclass inference of Field took 0.00118ms
typeclass inference of Field took 0.00119ms
typeclass inference of Field took 0.00136ms
typeclass inference of Field took 0.00199ms
typeclass inference of Field took 0.00144ms
typeclass inference of Field took 0.00148ms
typeclass inference of Field took 0.00118ms
typeclass inference of Field took 0.00216ms
typeclass inference of Field took 0.0012ms
typeclass inference of Field took 0.00121ms
typeclass inference of Field took 0.00135ms
typeclass inference of Field took 0.00121ms
typeclass inference of Field took 0.00109ms
typeclass inference of Field took 0.00104ms
typeclass inference of Field took 0.00105ms
typeclass inference of Field took 0.00111ms
typeclass inference of Field took 0.00404ms
typeclass inference of Field took 0.00238ms
typeclass inference of Field took 0.00151ms
typeclass inference of Field took 0.00129ms
typeclass inference of Field took 0.00141ms
typeclass inference of Field took 0.00116ms
typeclass inference of Field took 0.0013ms
typeclass inference of Field took 0.00118ms
typeclass inference of Field took 0.00526ms
typeclass inference of Field took 0.00149ms
typeclass inference of Field took 0.00217ms
typeclass inference of Field took 0.00137ms
typeclass inference of Field took 0.0011ms
typeclass inference of Field took 0.0011ms
typeclass inference of Field took 0.00105ms
typeclass inference of Field took 0.00244ms
typeclass inference of Field took 0.00179ms
typeclass inference of Field took 0.0016ms
typeclass inference of Field took 0.002ms
typeclass inference of Field took 0.00148ms
typeclass inference of Field took 0.00186ms
typeclass inference of Field took 0.00224ms
typeclass inference of Field took 0.00142ms
typeclass inference of Field took 0.00111ms
typeclass inference of Field took 0.00192ms
typeclass inference of Field took 0.0016ms
typeclass inference of Field took 0.00144ms
typeclass inference of Field took 0.00334ms
typeclass inference of Field took 0.00172ms
typeclass inference of Field took 0.00147ms
typeclass inference of Field took 0.00155ms
typeclass inference of Field took 0.00173ms
typeclass inference of Field took 0.00127ms
typeclass inference of Field took 0.00114ms
typeclass inference of Field took 0.00109ms
typeclass inference of Field took 0.00123ms
typeclass inference of Field took 0.00117ms
typeclass inference of Field took 0.00149ms
typeclass inference of Field took 0.00281ms
typeclass inference of Field took 0.0015ms
typeclass inference of Field took 0.00138ms
typeclass inference of Field took 0.00124ms
typeclass inference of Field took 0.00125ms
typeclass inference of Field took 0.00201ms
typeclass inference of Field took 0.00143ms
typeclass inference of Field took 0.00123ms
typeclass inference of Field took 0.00143ms
typeclass inference of Field took 0.00191ms
typeclass inference of Field took 0.00151ms
typeclass inference of Field took 0.00112ms
typeclass inference of Semiring took 0.0075ms
typeclass inference of DivisionRing took 0.55ms
typeclass inference of DivisionRing took 0.00244ms
typeclass inference of DivisionRing took 0.00135ms
typeclass inference of DivisionRing took 0.00117ms
typeclass inference of DivisionRing took 0.00241ms
typeclass inference of DivisionRing took 0.00133ms
typeclass inference of DivisionRing took 0.00123ms
typeclass inference of DivisionRing took 0.00118ms
typeclass inference of DivisionRing took 0.00128ms
typeclass inference of DivisionRing took 0.00117ms
typeclass inference of DivisionRing took 0.00113ms
typeclass inference of DivisionRing took 0.00106ms
typeclass inference of DivisionRing took 0.00209ms
typeclass inference of DivisionRing took 0.00114ms
typeclass inference of DivisionRing took 0.00115ms
typeclass inference of DivisionRing took 0.0013ms
typeclass inference of DivisionRing took 0.00116ms
typeclass inference of DivisionRing took 0.00105ms
typeclass inference of DivisionRing took 0.00107ms
typeclass inference of DivisionRing took 0.00238ms
typeclass inference of DivisionRing took 0.00114ms
typeclass inference of DivisionRing took 0.00111ms
typeclass inference of DivisionRing took 0.00114ms
typeclass inference of DivisionRing took 0.00104ms
typeclass inference of DivisionRing took 0.0011ms
typeclass inference of DivisionRing took 0.00185ms
typeclass inference of DivisionRing took 0.0011ms
typeclass inference of DivisionRing took 0.00115ms
typeclass inference of DivisionRing took 0.00109ms
typeclass inference of DivisionRing took 0.00102ms
typeclass inference of Semifield took 0.401ms
typeclass inference of Semifield took 0.00255ms
typeclass inference of Semifield took 0.0015ms
typeclass inference of Semifield took 0.00124ms
typeclass inference of Semifield took 0.00123ms
typeclass inference of Semifield took 0.00128ms
typeclass inference of Semifield took 0.0011ms
typeclass inference of Semifield took 0.0018ms
typeclass inference of Semifield took 0.001ms
typeclass inference of Semifield took 0.0041ms
typeclass inference of Semifield took 0.00225ms
typeclass inference of Semifield took 0.00548ms
typeclass inference of Semifield took 0.00161ms
typeclass inference of Semifield took 0.00118ms
typeclass inference of Semifield took 0.00305ms
typeclass inference of Semifield took 0.0012ms
typeclass inference of Field took 0.00317ms
typeclass inference of Field took 0.00144ms
typeclass inference of Field took 0.0011ms
typeclass inference of Field took 0.00438ms
typeclass inference of Field took 0.00141ms
typeclass inference of Field took 0.00138ms
typeclass inference of Field took 0.00158ms
typeclass inference of Field took 0.00226ms
typeclass inference of Field took 0.00158ms
typeclass inference of Field took 0.0012ms
typeclass inference of Field took 0.0017ms
typeclass inference of Field took 0.00112ms
typeclass inference of Field took 0.00218ms
typeclass inference of Field took 0.00126ms
typeclass inference of Field took 0.00123ms
typeclass inference of Field took 0.00139ms
typeclass inference of Field took 0.00115ms
typeclass inference of Field took 0.00114ms
typeclass inference of Field took 0.00107ms
typeclass inference of Field took 0.00119ms
typeclass inference of Field took 0.00227ms
typeclass inference of Field took 0.00126ms
typeclass inference of Field took 0.00128ms
typeclass inference of Field took 0.0015ms
typeclass inference of Field took 0.00114ms
typeclass inference of Field took 0.00112ms
typeclass inference of Field took 0.00111ms
typeclass inference of DivisionRing took 0.00227ms
typeclass inference of DivisionRing took 0.00405ms
typeclass inference of DivisionRing took 0.00154ms
typeclass inference of DivisionRing took 0.00211ms
typeclass inference of DivisionRing took 0.00227ms
typeclass inference of DivisionRing took 0.00131ms
typeclass inference of DivisionRing took 0.00125ms
typeclass inference of DivisionRing took 0.00117ms
typeclass inference of DivisionRing took 0.00121ms
typeclass inference of DivisionRing took 0.00342ms
typeclass inference of DivisionRing took 0.00151ms
typeclass inference of DivisionRing took 0.0017ms
typeclass inference of DivisionRing took 0.00159ms
typeclass inference of DivisionRing took 0.00111ms
typeclass inference of DivisionRing took 0.00109ms
typeclass inference of DivisionRing took 0.00108ms
typeclass inference of EuclideanDomain took 0.667ms
typeclass inference of EuclideanDomain took 0.00513ms
typeclass inference of EuclideanDomain took 0.00172ms
typeclass inference of EuclideanDomain took 0.00206ms
typeclass inference of EuclideanDomain took 0.00167ms
typeclass inference of EuclideanDomain took 0.00132ms
typeclass inference of EuclideanDomain took 0.00303ms
typeclass inference of EuclideanDomain took 0.00206ms
typeclass inference of EuclideanDomain took 0.00269ms
typeclass inference of EuclideanDomain took 0.00174ms
typeclass inference of EuclideanDomain took 0.00247ms
typeclass inference of EuclideanDomain took 0.00129ms
typeclass inference of EuclideanDomain took 0.00187ms
typeclass inference of EuclideanDomain took 0.00319ms
typeclass inference of EuclideanDomain took 0.00153ms
typeclass inference of EuclideanDomain took 0.00142ms
typeclass inference of EuclideanDomain took 0.00127ms
typeclass inference of EuclideanDomain took 0.00124ms
typeclass inference of EuclideanDomain took 0.00145ms
typeclass inference of EuclideanDomain took 0.00144ms
typeclass inference of EuclideanDomain took 0.00169ms
typeclass inference of EuclideanDomain took 0.00117ms
typeclass inference of EuclideanDomain took 0.00255ms
typeclass inference of EuclideanDomain took 0.00145ms
typeclass inference of EuclideanDomain took 0.00141ms
typeclass inference of EuclideanDomain took 0.00127ms
typeclass inference of EuclideanDomain took 0.0013ms
typeclass inference of EuclideanDomain took 0.00128ms
typeclass inference of EuclideanDomain took 0.00147ms
typeclass inference of EuclideanDomain took 0.00123ms
typeclass inference of EuclideanDomain took 0.002ms
typeclass inference of EuclideanDomain took 0.00142ms
typeclass inference of EuclideanDomain took 0.00139ms
typeclass inference of EuclideanDomain took 0.00118ms
typeclass inference of EuclideanDomain took 0.00122ms
typeclass inference of EuclideanDomain took 0.00121ms
typeclass inference of EuclideanDomain took 0.00116ms
typeclass inference of CommMonoidWithZero took 0.894ms
typeclass inference of Semiring took 0.00616ms
typeclass inference of CommMonoidWithZero took 0.00523ms
typeclass inference of CommMonoidWithZero took 0.00485ms
typeclass inference of CommGroupWithZero took 0.463ms
typeclass inference of CommGroupWithZero took 0.00309ms
typeclass inference of CommGroupWithZero took 0.00135ms
typeclass inference of CommGroupWithZero took 0.00133ms
typeclass inference of CommGroupWithZero took 0.00125ms
typeclass inference of CommGroupWithZero took 0.00127ms
typeclass inference of CommGroupWithZero took 0.0013ms
typeclass inference of CommGroupWithZero took 0.00106ms
typeclass inference of LinearOrderedCommMonoidWithZero took 0.0485ms
typeclass inference of LinearOrderedCommMonoidWithZero took 0.00199ms
typeclass inference of LinearOrderedCommMonoidWithZero took 0.00367ms
typeclass inference of LinearOrderedCommMonoidWithZero took 0.00133ms
typeclass inference of LinearOrderedCommMonoidWithZero took 0.0013ms
typeclass inference of LinearOrderedCommMonoidWithZero took 0.00116ms
typeclass inference of LinearOrderedCommMonoidWithZero took 0.0012ms
typeclass inference of LinearOrderedCommMonoidWithZero took 0.00115ms
typeclass inference of LinearOrderedCommMonoidWithZero took 0.00115ms
typeclass inference of LinearOrderedCommMonoidWithZero took 0.00167ms
typeclass inference of LinearOrderedCommMonoidWithZero took 0.00122ms
typeclass inference of LinearOrderedCommMonoidWithZero took 0.00126ms
typeclass inference of LinearOrderedCommMonoidWithZero took 0.00198ms
typeclass inference of LinearOrderedCommMonoidWithZero took 0.00102ms
typeclass inference of LinearOrderedCommMonoidWithZero took 0.00113ms
typeclass inference of LinearOrderedCommMonoidWithZero took 0.00223ms
typeclass inference of LinearOrderedCommMonoidWithZero took 0.00181ms
typeclass inference of LinearOrderedCommMonoidWithZero took 0.0016ms
typeclass inference of LinearOrderedCommMonoidWithZero took 0.00136ms
typeclass inference of LinearOrderedCommMonoidWithZero took 0.00284ms
typeclass inference of LinearOrderedCommMonoidWithZero took 0.0013ms
typeclass inference of LinearOrderedCommMonoidWithZero took 0.00132ms
typeclass inference of LinearOrderedCommMonoidWithZero took 0.00115ms
typeclass inference of LinearOrderedCommMonoidWithZero took 0.00111ms
typeclass inference of LinearOrderedCommMonoidWithZero took 0.00108ms
typeclass inference of LinearOrderedCommMonoidWithZero took 0.00169ms
typeclass inference of LinearOrderedCommMonoidWithZero took 0.00105ms
typeclass inference of LinearOrderedCommMonoidWithZero took 0.00105ms
typeclass inference of LinearOrderedCommMonoidWithZero took 0.00108ms
typeclass inference of LinearOrderedCommMonoidWithZero took 0.00116ms
typeclass inference of LinearOrderedCommMonoidWithZero took 0.00277ms
typeclass inference of LinearOrderedCommMonoidWithZero took 0.00201ms
typeclass inference of LinearOrderedCommMonoidWithZero took 0.00201ms
typeclass inference of LinearOrderedCommMonoidWithZero took 0.00403ms
typeclass inference of LinearOrderedCommMonoidWithZero took 0.00165ms
typeclass inference of LinearOrderedCommMonoidWithZero took 0.00144ms
typeclass inference of LinearOrderedCommMonoidWithZero took 0.00138ms
typeclass inference of LinearOrderedCommMonoidWithZero took 0.00116ms
typeclass inference of LinearOrderedCommMonoidWithZero took 0.00112ms
typeclass inference of LinearOrderedCommMonoidWithZero took 0.00112ms
typeclass inference of LinearOrderedCommMonoidWithZero took 0.00147ms
typeclass inference of LinearOrderedCommMonoidWithZero took 0.0012ms
typeclass inference of LinearOrderedCommMonoidWithZero took 0.00104ms
typeclass inference of LinearOrderedCommMonoidWithZero took 0.00191ms
typeclass inference of LinearOrderedCommMonoidWithZero took 0.00124ms
typeclass inference of LinearOrderedCommMonoidWithZero took 0.00113ms
typeclass inference of LinearOrderedCommMonoidWithZero took 0.00108ms
typeclass inference of LinearOrderedCommMonoidWithZero took 0.001ms
typeclass inference of LinearOrderedCommMonoidWithZero took 0.00101ms
typeclass inference of LinearOrderedCommMonoidWithZero took 0.000962ms
typeclass inference of LinearOrderedCommMonoidWithZero took 0.00234ms
typeclass inference of LinearOrderedCommMonoidWithZero took 0.0023ms
typeclass inference of LinearOrderedCommMonoidWithZero took 0.00128ms
typeclass inference of LinearOrderedCommMonoidWithZero took 0.00113ms
typeclass inference of LinearOrderedCommMonoidWithZero took 0.00122ms
typeclass inference of LinearOrderedCommMonoidWithZero took 0.00107ms
typeclass inference of LinearOrderedCommMonoidWithZero took 0.00192ms
typeclass inference of LinearOrderedCommMonoidWithZero took 0.00106ms
typeclass inference of LinearOrderedCommMonoidWithZero took 0.00107ms
typeclass inference of LinearOrderedCommMonoidWithZero took 0.00117ms
typeclass inference of LinearOrderedCommMonoidWithZero took 0.00123ms
typeclass inference of LinearOrderedCommMonoidWithZero took 0.00202ms
typeclass inference of LinearOrderedCommMonoidWithZero took 0.00135ms
typeclass inference of LinearOrderedCommMonoidWithZero took 0.00115ms
typeclass inference of LinearOrderedCommMonoidWithZero took 0.00253ms
typeclass inference of LinearOrderedCommMonoidWithZero took 0.00112ms
typeclass inference of LinearOrderedCommMonoidWithZero took 0.00235ms
typeclass inference of LinearOrderedCommMonoidWithZero took 0.00113ms
typeclass inference of LinearOrderedCommMonoidWithZero took 0.00121ms
typeclass inference of LinearOrderedCommMonoidWithZero took 0.0011ms
typeclass inference of LinearOrderedCommMonoidWithZero took 0.00119ms
typeclass inference of LinearOrderedCommMonoidWithZero took 0.00113ms
typeclass inference of LinearOrderedCommMonoidWithZero took 0.000992ms
typeclass inference of LinearOrderedCommMonoidWithZero took 0.00128ms
typeclass inference of LinearOrderedCommMonoidWithZero took 0.00116ms
typeclass inference of LinearOrderedCommMonoidWithZero took 0.00104ms
typeclass inference of LinearOrderedCommMonoidWithZero took 0.00193ms
typeclass inference of LinearOrderedCommMonoidWithZero took 0.0011ms
typeclass inference of LinearOrderedCommMonoidWithZero took 0.00113ms
typeclass inference of LinearOrderedCommMonoidWithZero took 0.00105ms
typeclass inference of LinearOrderedCommMonoidWithZero took 0.00113ms
typeclass inference of LinearOrderedCommMonoidWithZero took 0.00104ms
typeclass inference of LinearOrderedCommMonoidWithZero took 0.000952ms
typeclass inference of LinearOrderedCommMonoidWithZero took 0.00191ms
typeclass inference of LinearOrderedCommMonoidWithZero took 0.00108ms
typeclass inference of LinearOrderedCommMonoidWithZero took 0.00121ms
typeclass inference of LinearOrderedCommMonoidWithZero took 0.00103ms
typeclass inference of LinearOrderedCommMonoidWithZero took 0.00106ms
typeclass inference of LinearOrderedCommMonoidWithZero took 0.00105ms
typeclass inference of LinearOrderedCommMonoidWithZero took 0.00173ms
typeclass inference of LinearOrderedCommMonoidWithZero took 0.00113ms
typeclass inference of LinearOrderedCommMonoidWithZero took 0.00108ms
typeclass inference of LinearOrderedCommMonoidWithZero took 0.00118ms
typeclass inference of LinearOrderedCommMonoidWithZero took 0.0014ms
typeclass inference of LinearOrderedCommMonoidWithZero took 0.00176ms
typeclass inference of LinearOrderedCommMonoidWithZero took 0.00121ms
typeclass inference of LinearOrderedCommMonoidWithZero took 0.001ms
typeclass inference of LinearOrderedCommMonoidWithZero took 0.00224ms
typeclass inference of LinearOrderedCommMonoidWithZero took 0.00118ms
typeclass inference of LinearOrderedCommMonoidWithZero took 0.00117ms
typeclass inference of LinearOrderedCommMonoidWithZero took 0.00108ms
typeclass inference of LinearOrderedCommMonoidWithZero took 0.00117ms
typeclass inference of LinearOrderedCommMonoidWithZero took 0.00115ms
typeclass inference of LinearOrderedCommMonoidWithZero took 0.000972ms
typeclass inference of LinearOrderedCommMonoidWithZero took 0.00144ms
typeclass inference of LinearOrderedCommMonoidWithZero took 0.00109ms
typeclass inference of LinearOrderedCommMonoidWithZero took 0.00105ms
typeclass inference of LinearOrderedCommMonoidWithZero took 0.00293ms
typeclass inference of LinearOrderedCommMonoidWithZero took 0.00112ms
typeclass inference of LinearOrderedCommMonoidWithZero took 0.00106ms
typeclass inference of LinearOrderedCommMonoidWithZero took 0.0011ms
typeclass inference of LinearOrderedCommMonoidWithZero took 0.00113ms
typeclass inference of LinearOrderedCommMonoidWithZero took 0.00125ms
typeclass inference of LinearOrderedCommMonoidWithZero took 0.0012ms
typeclass inference of LinearOrderedCommMonoidWithZero took 0.00227ms
typeclass inference of LinearOrderedCommMonoidWithZero took 0.00122ms
typeclass inference of LinearOrderedCommMonoidWithZero took 0.00114ms
typeclass inference of LinearOrderedCommMonoidWithZero took 0.00118ms
typeclass inference of LinearOrderedCommMonoidWithZero took 0.00104ms
typeclass inference of LinearOrderedCommMonoidWithZero took 0.0013ms
typeclass inference of LinearOrderedCommMonoidWithZero took 0.00201ms
typeclass inference of LinearOrderedCommMonoidWithZero took 0.00114ms
typeclass inference of LinearOrderedCommMonoidWithZero took 0.00113ms
typeclass inference of LinearOrderedCommMonoidWithZero took 0.00129ms
typeclass inference of LinearOrderedCommMonoidWithZero took 0.00102ms
typeclass inference of LinearOrderedCommMonoidWithZero took 0.00197ms
typeclass inference of LinearOrderedCommMonoidWithZero took 0.00146ms
typeclass inference of LinearOrderedCommMonoidWithZero took 0.00117ms
typeclass inference of LinearOrderedCommMonoidWithZero took 0.00185ms
typeclass inference of LinearOrderedCommMonoidWithZero took 0.0014ms
typeclass inference of LinearOrderedCommMonoidWithZero took 0.000992ms
typeclass inference of LinearOrderedCommMonoidWithZero took 0.00258ms
typeclass inference of LinearOrderedCommMonoidWithZero took 0.00109ms
typeclass inference of LinearOrderedCommMonoidWithZero took 0.00146ms
typeclass inference of LinearOrderedCommMonoidWithZero took 0.00167ms
typeclass inference of LinearOrderedCommMonoidWithZero took 0.0011ms
typeclass inference of LinearOrderedCommMonoidWithZero took 0.00111ms
typeclass inference of LinearOrderedCommMonoidWithZero took 0.000932ms
typeclass inference of LinearOrderedCommMonoidWithZero took 0.00141ms
typeclass inference of LinearOrderedCommMonoidWithZero took 0.00126ms
typeclass inference of LinearOrderedCommMonoidWithZero took 0.00104ms
typeclass inference of LinearOrderedCommMonoidWithZero took 0.0152ms
typeclass inference of LinearOrderedCommMonoidWithZero took 0.00129ms
typeclass inference of LinearOrderedCommMonoidWithZero took 0.00168ms
typeclass inference of LinearOrderedCommMonoidWithZero took 0.00105ms
typeclass inference of LinearOrderedCommMonoidWithZero took 0.00157ms
typeclass inference of LinearOrderedCommMonoidWithZero took 0.00104ms
typeclass inference of LinearOrderedCommMonoidWithZero took 0.00226ms
typeclass inference of LinearOrderedCommMonoidWithZero took 0.00189ms
typeclass inference of LinearOrderedCommMonoidWithZero took 0.0011ms
typeclass inference of LinearOrderedCommMonoidWithZero took 0.00149ms
typeclass inference of LinearOrderedCommMonoidWithZero took 0.00102ms
typeclass inference of LinearOrderedCommMonoidWithZero took 0.00136ms
typeclass inference of LinearOrderedCommMonoidWithZero took 0.00124ms
typeclass inference of LinearOrderedCommMonoidWithZero took 0.00192ms
typeclass inference of LinearOrderedCommMonoidWithZero took 0.00106ms
typeclass inference of LinearOrderedCommMonoidWithZero took 0.00121ms
typeclass inference of LinearOrderedCommMonoidWithZero took 0.00115ms
typeclass inference of LinearOrderedCommMonoidWithZero took 0.00111ms
typeclass inference of LinearOrderedCommMonoidWithZero took 0.00211ms
typeclass inference of LinearOrderedCommMonoidWithZero took 0.00176ms
typeclass inference of LinearOrderedCommMonoidWithZero took 0.00137ms
typeclass inference of LinearOrderedCommMonoidWithZero took 0.00108ms
typeclass inference of LinearOrderedCommMonoidWithZero took 0.00176ms
typeclass inference of LinearOrderedCommMonoidWithZero took 0.00128ms
typeclass inference of LinearOrderedCommMonoidWithZero took 0.0011ms
typeclass inference of NonUnitalNonAssocRing took 0.536ms
typeclass inference of NormedRing took 0.485ms
typeclass inference of NormedRing took 0.00266ms
typeclass inference of NormedRing took 0.00233ms
typeclass inference of NormedRing took 0.00123ms
typeclass inference of NormedRing took 0.00159ms
typeclass inference of NormedRing took 0.00105ms
typeclass inference of NormedRing took 0.00118ms
typeclass inference of NormedRing took 0.00114ms
typeclass inference of NormedRing took 0.00173ms
typeclass inference of NormedRing took 0.00146ms
typeclass inference of NormedRing took 0.00136ms
typeclass inference of NormedRing took 0.00134ms
typeclass inference of NormedRing took 0.00105ms
typeclass inference of NormedRing took 0.00213ms
typeclass inference of NormedRing took 0.00111ms
typeclass inference of NormedRing took 0.00132ms
typeclass inference of NormedRing took 0.00142ms
typeclass inference of NormedRing took 0.00122ms
typeclass inference of NormedRing took 0.00105ms
typeclass inference of NormedRing took 0.00106ms
typeclass inference of NormedRing took 0.00103ms
typeclass inference of NormedRing took 0.00227ms
typeclass inference of NormedRing took 0.00127ms
typeclass inference of NormedRing took 0.00124ms
typeclass inference of NormedRing took 0.00113ms
typeclass inference of NormedRing took 0.00125ms
typeclass inference of NormedRing took 0.00108ms
typeclass inference of NormedRing took 0.00109ms
typeclass inference of NormedRing took 0.00162ms
typeclass inference of NormedRing took 0.00106ms
typeclass inference of NormedRing took 0.00136ms
typeclass inference of NormedRing took 0.00125ms
typeclass inference of NormedRing took 0.00102ms
typeclass inference of NormedRing took 0.0014ms
typeclass inference of NormedRing took 0.00101ms
typeclass inference of NormedRing took 0.00117ms
typeclass inference of NormedRing took 0.00129ms
typeclass inference of NormedRing took 0.00166ms
typeclass inference of NormedRing took 0.00124ms
typeclass inference of NormedRing took 0.00117ms
typeclass inference of Semiring took 0.00644ms
typeclass inference of Semiring took 0.0155ms
typeclass inference of GroupWithZero took 0.612ms
typeclass inference of GroupWithZero took 0.00216ms
typeclass inference of GroupWithZero took 0.00201ms
typeclass inference of GroupWithZero took 0.00126ms
typeclass inference of GroupWithZero took 0.00112ms
typeclass inference of GroupWithZero took 0.00118ms
typeclass inference of GroupWithZero took 0.00104ms
typeclass inference of GroupWithZero took 0.00168ms
typeclass inference of GroupWithZero took 0.00107ms
typeclass inference of GroupWithZero took 0.00108ms
typeclass inference of GroupWithZero took 0.00107ms
typeclass inference of GroupWithZero took 0.00153ms
typeclass inference of GroupWithZero took 0.000972ms
typeclass inference of GroupWithZero took 0.00101ms
typeclass inference of MulZeroClass took 0.861ms
typeclass inference of Semiring took 0.00442ms
typeclass inference of CommMonoidWithZero took 0.0061ms
typeclass inference of CommMonoidWithZero took 0.00383ms
typeclass inference of LinearOrderedCommMonoidWithZero took 0.00277ms
typeclass inference of LinearOrderedCommMonoidWithZero took 0.00216ms
typeclass inference of LinearOrderedCommMonoidWithZero took 0.00113ms
typeclass inference of LinearOrderedCommMonoidWithZero took 0.00159ms
typeclass inference of LinearOrderedCommMonoidWithZero took 0.00109ms
typeclass inference of LinearOrderedCommMonoidWithZero took 0.00103ms
typeclass inference of LinearOrderedCommMonoidWithZero took 0.00212ms
typeclass inference of LinearOrderedCommMonoidWithZero took 0.00126ms
typeclass inference of LinearOrderedCommMonoidWithZero took 0.0021ms
typeclass inference of LinearOrderedCommMonoidWithZero took 0.00111ms
typeclass inference of LinearOrderedCommMonoidWithZero took 0.00168ms
typeclass inference of LinearOrderedCommMonoidWithZero took 0.00118ms
typeclass inference of LinearOrderedCommMonoidWithZero took 0.00127ms
typeclass inference of NonUnitalNonAssocRing took 0.00445ms
typeclass inference of GroupWithZero took 0.00288ms
typeclass inference of GroupWithZero took 0.00141ms
typeclass inference of GroupWithZero took 0.00213ms
typeclass inference of GroupWithZero took 0.00109ms
typeclass inference of GroupWithZero took 0.00138ms
typeclass inference of GroupWithZero took 0.00137ms
typeclass inference of GroupWithZero took 0.00108ms
typeclass inference of GroupWithZero took 0.00178ms
typeclass inference of GroupWithZero took 0.00177ms
typeclass inference of GroupWithZero took 0.00118ms
typeclass inference of GroupWithZero took 0.00123ms
typeclass inference of GroupWithZero took 0.00166ms
typeclass inference of GroupWithZero took 0.00164ms
typeclass inference of GroupWithZero took 0.0011ms
typeclass inference of MulZeroClass took 0.0143ms
typeclass inference of GroupWithZero took 0.00293ms
typeclass inference of GroupWithZero took 0.00135ms
typeclass inference of GroupWithZero took 0.00389ms
typeclass inference of GroupWithZero took 0.00127ms
typeclass inference of GroupWithZero took 0.00142ms
typeclass inference of GroupWithZero took 0.00147ms
typeclass inference of GroupWithZero took 0.00129ms
typeclass inference of GroupWithZero took 0.001ms
typeclass inference of GroupWithZero took 0.00162ms
typeclass inference of GroupWithZero took 0.00158ms
typeclass inference of GroupWithZero took 0.00117ms
typeclass inference of GroupWithZero took 0.00265ms
typeclass inference of GroupWithZero took 0.00108ms
typeclass inference of GroupWithZero took 0.00134ms
typeclass inference of GroupWithZero took 0.00141ms
typeclass inference of GroupWithZero took 0.00103ms
typeclass inference of GroupWithZero took 0.00108ms
typeclass inference of GroupWithZero took 0.00213ms
typeclass inference of GroupWithZero took 0.0013ms
typeclass inference of GroupWithZero took 0.00129ms
typeclass inference of GroupWithZero took 0.00128ms
typeclass inference of GroupWithZero took 0.00105ms
typeclass inference of GroupWithZero took 0.00196ms
typeclass inference of GroupWithZero took 0.00121ms
typeclass inference of GroupWithZero took 0.00113ms
typeclass inference of GroupWithZero took 0.00203ms
typeclass inference of GroupWithZero took 0.0011ms
typeclass inference of GroupWithZero took 0.00238ms
typeclass inference of GroupWithZero took 0.00131ms
typeclass inference of GroupWithZero took 0.0012ms
typeclass inference of GroupWithZero took 0.00124ms
typeclass inference of GroupWithZero took 0.00135ms
typeclass inference of GroupWithZero took 0.00122ms
typeclass inference of GroupWithZero took 0.00162ms
typeclass inference of GroupWithZero took 0.00133ms
typeclass inference of GroupWithZero took 0.0015ms
typeclass inference of GroupWithZero took 0.00712ms
typeclass inference of GroupWithZero took 0.00106ms
typeclass inference of GroupWithZero took 0.00149ms
typeclass inference of GroupWithZero took 0.00107ms
typeclass inference of GroupWithZero took 0.00149ms
typeclass inference of GroupWithZero took 0.00142ms
typeclass inference of GroupWithZero took 0.00217ms
typeclass inference of GroupWithZero took 0.00105ms
typeclass inference of GroupWithZero took 0.00201ms
typeclass inference of GroupWithZero took 0.00136ms
typeclass inference of GroupWithZero took 0.00104ms
typeclass inference of GroupWithZero took 0.00188ms
typeclass inference of GroupWithZero took 0.00117ms
typeclass inference of GroupWithZero took 0.00127ms
typeclass inference of GroupWithZero took 0.00186ms
typeclass inference of GroupWithZero took 0.00111ms
typeclass inference of GroupWithZero took 0.000962ms
typeclass inference of GroupWithZero took 0.0032ms
typeclass inference of GroupWithZero took 0.00103ms
typeclass inference of GroupWithZero took 0.00476ms
typeclass inference of GroupWithZero took 0.00502ms
typeclass inference of GroupWithZero took 0.00155ms
typeclass inference of GroupWithZero took 0.00122ms
typeclass inference of GroupWithZero took 0.00207ms
typeclass inference of GroupWithZero took 0.0012ms
typeclass inference of GroupWithZero took 0.00143ms
typeclass inference of GroupWithZero took 0.00117ms
typeclass inference of GroupWithZero took 0.00106ms
typeclass inference of GroupWithZero took 0.00199ms
typeclass inference of GroupWithZero took 0.00104ms
typeclass inference of GroupWithZero took 0.0011ms
typeclass inference of GroupWithZero took 0.00106ms
typeclass inference of GroupWithZero took 0.00204ms
typeclass inference of GroupWithZero took 0.00168ms
typeclass inference of GroupWithZero took 0.00136ms
typeclass inference of CommMonoidWithZero took 0.00993ms
typeclass inference of LinearOrderedCommMonoidWithZero took 0.00536ms
typeclass inference of LinearOrderedCommMonoidWithZero took 0.00189ms
typeclass inference of LinearOrderedCommMonoidWithZero took 0.00121ms
typeclass inference of LinearOrderedCommMonoidWithZero took 0.00118ms
typeclass inference of LinearOrderedCommMonoidWithZero took 0.00127ms
typeclass inference of LinearOrderedCommMonoidWithZero took 0.00112ms
typeclass inference of LinearOrderedCommMonoidWithZero took 0.00205ms
typeclass inference of LinearOrderedCommMonoidWithZero took 0.00116ms
typeclass inference of LinearOrderedCommMonoidWithZero took 0.00119ms
typeclass inference of LinearOrderedCommMonoidWithZero took 0.00115ms
typeclass inference of LinearOrderedCommMonoidWithZero took 0.00184ms
typeclass inference of LinearOrderedCommMonoidWithZero took 0.00116ms
typeclass inference of LinearOrderedCommMonoidWithZero took 0.00127ms
typeclass inference of NonUnitalNonAssocRing took 0.00744ms
typeclass inference of GroupWithZero took 0.0035ms
typeclass inference of GroupWithZero took 0.00193ms
typeclass inference of GroupWithZero took 0.00213ms
typeclass inference of GroupWithZero took 0.00113ms
typeclass inference of GroupWithZero took 0.00123ms
typeclass inference of GroupWithZero took 0.0012ms
typeclass inference of GroupWithZero took 0.00103ms
typeclass inference of GroupWithZero took 0.00184ms
typeclass inference of GroupWithZero took 0.0012ms
typeclass inference of GroupWithZero took 0.00124ms
typeclass inference of GroupWithZero took 0.0014ms
typeclass inference of GroupWithZero took 0.00182ms
typeclass inference of GroupWithZero took 0.00144ms
typeclass inference of GroupWithZero took 0.0011ms
sym typeclass inference of Lean.Grind.NoNatZeroDivisors took 66.2ms
sym typeclass inference of Lean.Grind.Field took 0.516ms
typeclass inference of Lean.Grind.CommSemiring took 0.566ms
typeclass inference of Field took 0.00405ms
typeclass inference of Field took 0.00346ms
typeclass inference of Field took 0.00136ms
typeclass inference of Field took 0.00164ms
typeclass inference of Field took 0.00121ms
typeclass inference of Field took 0.0012ms
typeclass inference of Field took 0.00112ms
typeclass inference of Field took 0.00121ms
typeclass inference of Field took 0.00124ms
typeclass inference of Field took 0.00154ms
typeclass inference of Field took 0.00185ms
typeclass inference of Field took 0.0011ms
typeclass inference of Field took 0.00252ms
typeclass inference of Field took 0.00123ms
typeclass inference of Field took 0.00139ms
typeclass inference of Field took 0.00142ms
typeclass inference of Field took 0.00112ms
typeclass inference of Field took 0.00135ms
typeclass inference of Field took 0.00125ms
typeclass inference of Field took 0.00117ms
typeclass inference of Field took 0.00103ms
typeclass inference of Field took 0.00229ms
typeclass inference of Field took 0.00114ms
typeclass inference of Field took 0.00119ms
typeclass inference of Field took 0.00123ms
typeclass inference of Field took 0.00111ms
typeclass inference of Field took 0.00107ms
typeclass inference of Field took 0.00119ms
typeclass inference of Field took 0.000982ms
typeclass inference of Field took 0.00167ms
typeclass inference of Field took 0.00125ms
typeclass inference of Field took 0.00103ms
typeclass inference of Field took 0.00102ms
typeclass inference of Field took 0.00103ms
typeclass inference of Field took 0.00122ms
typeclass inference of Field took 0.000951ms
typeclass inference of Field took 0.00203ms
typeclass inference of Field took 0.00139ms
typeclass inference of Field took 0.00141ms
typeclass inference of Field took 0.00126ms
typeclass inference of Field took 0.00122ms
typeclass inference of Field took 0.00175ms
typeclass inference of Field took 0.00107ms
typeclass inference of Field took 0.00112ms
typeclass inference of Field took 0.0015ms
typeclass inference of Field took 0.00251ms
typeclass inference of Field took 0.00166ms
typeclass inference of Field took 0.00148ms
typeclass inference of Field took 0.00166ms
typeclass inference of Field took 0.00119ms
typeclass inference of Field took 0.00144ms
typeclass inference of Field took 0.00108ms
typeclass inference of Field took 0.00119ms
typeclass inference of Field took 0.00292ms
typeclass inference of Field took 0.00182ms
typeclass inference of Field took 0.00155ms
typeclass inference of Field took 0.00155ms
typeclass inference of Field took 0.00119ms
typeclass inference of Field took 0.0012ms
typeclass inference of Field took 0.00107ms
typeclass inference of Field took 0.00252ms
typeclass inference of Field took 0.0011ms
typeclass inference of Field took 0.00109ms
typeclass inference of Field took 0.00111ms
typeclass inference of Field took 0.00105ms
typeclass inference of Field took 0.00103ms
typeclass inference of Field took 0.00179ms
typeclass inference of Field took 0.00106ms
typeclass inference of Field took 0.00113ms
typeclass inference of Field took 0.00117ms
typeclass inference of Field took 0.00101ms
typeclass inference of Field took 0.00197ms
typeclass inference of Field took 0.00127ms
typeclass inference of Field took 0.00114ms
typeclass inference of Field took 0.00102ms
typeclass inference of Field took 0.00139ms
typeclass inference of Field took 0.001ms
typeclass inference of Field took 0.00122ms
typeclass inference of Field took 0.00219ms
typeclass inference of Field took 0.00221ms
typeclass inference of Field took 0.00119ms
typeclass inference of Field took 0.00127ms
typeclass inference of Field took 0.00117ms
typeclass inference of Field took 0.00113ms
typeclass inference of Field took 0.00104ms
typeclass inference of Field took 0.00108ms
typeclass inference of Field took 0.00103ms
typeclass inference of Field took 0.00108ms
typeclass inference of Field took 0.0015ms
typeclass inference of Field took 0.00106ms
typeclass inference of Field took 0.00212ms
typeclass inference of Field took 0.00107ms
typeclass inference of Field took 0.00113ms
typeclass inference of Field took 0.00113ms
typeclass inference of Field took 0.00107ms
typeclass inference of Field took 0.0011ms
typeclass inference of Field took 0.00112ms
typeclass inference of Field took 0.00113ms
typeclass inference of Field took 0.00109ms
typeclass inference of Field took 0.00202ms
typeclass inference of Field took 0.00113ms
typeclass inference of Field took 0.00117ms
typeclass inference of Field took 0.0011ms
typeclass inference of Field took 0.00108ms
typeclass inference of Field took 0.00109ms
typeclass inference of Field took 0.0015ms
typeclass inference of Field took 0.00116ms
typeclass inference of Field took 0.00155ms
typeclass inference of Field took 0.00116ms
typeclass inference of Field took 0.00115ms
typeclass inference of Field took 0.00102ms
typeclass inference of Field took 0.00106ms
typeclass inference of Field took 0.00116ms
typeclass inference of Field took 0.000972ms
typeclass inference of Field took 0.00392ms
typeclass inference of Field took 0.00225ms
typeclass inference of Field took 0.00172ms
typeclass inference of Field took 0.00151ms
typeclass inference of Field took 0.00114ms
typeclass inference of Field took 0.00153ms
typeclass inference of Field took 0.00126ms
typeclass inference of Field took 0.0012ms
typeclass inference of Field took 0.00132ms
typeclass inference of Field took 0.00491ms
typeclass inference of Field took 0.00302ms
typeclass inference of Field took 0.00136ms
typeclass inference of Field took 0.00126ms
typeclass inference of Field took 0.00135ms
typeclass inference of Field took 0.0011ms
typeclass inference of Field took 0.0022ms
typeclass inference of Field took 0.00184ms
typeclass inference of Field took 0.00328ms
typeclass inference of Field took 0.00145ms
typeclass inference of Field took 0.00195ms
typeclass inference of Field took 0.00276ms
typeclass inference of Field took 0.00149ms
typeclass inference of Field took 0.00115ms
typeclass inference of Field took 0.00148ms
typeclass inference of Field took 0.00578ms
typeclass inference of Field took 0.00171ms
typeclass inference of Field took 0.00136ms
typeclass inference of Field took 0.00179ms
typeclass inference of Field took 0.00112ms
typeclass inference of Field took 0.00329ms
typeclass inference of Field took 0.00244ms
typeclass inference of Field took 0.00108ms
typeclass inference of Field took 0.00108ms
typeclass inference of Field took 0.00103ms
typeclass inference of Field took 0.00102ms
typeclass inference of Field took 0.00193ms
typeclass inference of Field took 0.00109ms
typeclass inference of Field took 0.00108ms
typeclass inference of Field took 0.00102ms
typeclass inference of Field took 0.00146ms
typeclass inference of Field took 0.00151ms
typeclass inference of Field took 0.0011ms
sym typeclass inference of Lean.Grind.PowIdentity took 14ms
sym typeclass inference of HSub took 0.0193ms
sym canon took 0.0163ms
sym typeclass inference of HMul took 0.00828ms
sym canon took 0.0069ms
sym typeclass inference of Lean.Grind.ToInt took 0.0485ms
sym typeclass inference of LE took 2.98ms
sym typeclass inference of LT took 2.8ms
sym typeclass inference of LE took 0.00328ms
congr simp thm took 0.00176ms
congr simp thm took 0.000421ms
congr simp thm took 0.000341ms
congr simp thm took 0.00033ms
congr simp thm took 0.00628ms
grind simp took 0.483ms
grind mark subsingleton took 0.17ms
typeclass inference of CategoryTheory.CartesianMonoidalCategory took 0.065ms
typeclass inference of CategoryTheory.CartesianMonoidalCategory took 0.0054ms
sym typeclass inference of HPow took 3.06ms
sym typeclass inference of OfNat took 1.06ms
sym typeclass inference of OfNat took 0.0519ms
sym canon took 0.256ms
grind mark subsingleton took 0.00202ms
sym canon took 0.000551ms
grind mark subsingleton took 0.000771ms
sym canon took 0.00037ms
grind mark subsingleton took 0.000571ms
sym canon took 0.00017ms
grind mark subsingleton took 0.0235ms
sym typeclass inference of Pow took 0.202ms
sym canon took 0.243ms
grind mark subsingleton took 0.00183ms
sym canon took 0.000601ms
grind mark subsingleton took 0.000841ms
sym canon took 0.00022ms
grind mark subsingleton took 0.00044ms
sym canon took 0.00024ms
grind mark subsingleton took 0.00611ms
sym canon took 0.000541ms
sym typeclass inference of Lean.Grind.CommRing took 0.852ms
sym typeclass inference of Lean.Grind.CommSemiring took 0.0316ms
sym typeclass inference of Lean.Grind.Semiring took 0.0905ms
sym canon took 0.0256ms
typeclass inference of Lean.Grind.CommSemiring took 0.0198ms
sym typeclass inference of Lean.Grind.CommRing took 0.0934ms
sym typeclass inference of Lean.Grind.IsCharP took 0.602ms
typeclass inference of Lean.Grind.CommSemiring took 0.0059ms
sym typeclass inference of Lean.Grind.NatModule took 5.56ms
sym typeclass inference of Lean.Grind.NoNatZeroDivisors took 0.334ms
sym typeclass inference of Lean.Grind.Field took 0.303ms
typeclass inference of Lean.Grind.CommSemiring took 0.0197ms
typeclass inference of Lean.Grind.CommSemiring took 0.113ms
typeclass inference of Field took 0.285ms
typeclass inference of Field took 0.00232ms
typeclass inference of Field took 0.00146ms
typeclass inference of Field took 0.00119ms
typeclass inference of Field took 0.00307ms
typeclass inference of Field took 0.00178ms
typeclass inference of Field took 0.00262ms
typeclass inference of Field took 0.00132ms
sym typeclass inference of Lean.Grind.PowIdentity took 1.37ms
sym typeclass inference of Lean.Grind.CommRing took 0.0492ms
sym typeclass inference of Lean.Grind.IsCharP took 0.156ms
sym typeclass inference of Lean.Grind.NatModule took 0.123ms
sym typeclass inference of Lean.Grind.NoNatZeroDivisors took 0.812ms
sym typeclass inference of Lean.Grind.Field took 0.345ms
typeclass inference of Lean.Grind.CommSemiring took 0.0741ms
typeclass inference of Field took 0.254ms
typeclass inference of Field took 0.00238ms
typeclass inference of Field took 0.00153ms
typeclass inference of Field took 0.00219ms
typeclass inference of Field took 0.00174ms
typeclass inference of Field took 0.00108ms
sym typeclass inference of Lean.Grind.PowIdentity took 0.824ms
sym typeclass inference of NatCast took 0.0338ms
sym typeclass inference of NatCast took 0.00324ms
sym canon took 0.0227ms
sym typeclass inference of LE took 0.00029ms
typeclass inference of Preorder took 1.21ms
typeclass inference of Std.IsPreorder took 0.438ms
typeclass inference of PartialOrder took 1.13ms
typeclass inference of Std.IsPartialOrder took 0.171ms
typeclass inference of Std.LinearPreorderPackage took 0.0864ms
typeclass inference of Std.LinearPreorderPackage took 0.00399ms
typeclass inference of Std.LinearPreorderPackage took 0.0027ms
typeclass inference of Std.IsLinearPreorder took 0.472ms
sym typeclass inference of LT took 0.00127ms
sym typeclass inference of LE took 0.000211ms
sym canon took 0.0464ms
typeclass inference of Std.LawfulOrderLT took 0.0602ms
sym typeclass inference of LT took 0.00024ms
sym canon took 0.0164ms
sym typeclass inference of Lean.Grind.OrderedRing took 0.13ms
typeclass inference of OfNat took 0.0575ms
typeclass inference of OfNat took 0.039ms
sym typeclass inference of HAdd took 0.00031ms
sym typeclass inference of HAdd took 0.000281ms
sym canon took 0.0232ms
typeclass inference of OfNat took 0.00374ms
sym typeclass inference of IntCast took 0.0318ms
sym typeclass inference of IntCast took 0.0028ms
sym canon took 0.0143ms
typeclass inference of OfNat took 0.00499ms
typeclass inference of OfNat took 0.0504ms
typeclass inference of OfNat took 0.00231ms
sym typeclass inference of HPow took 0.00604ms
sym canon took 0.0121ms
congr simp thm took 0.00485ms
congr simp thm took 0.00394ms
congr simp thm took 0.000711ms
congr simp thm took 0.000631ms
grind simp took 0.546ms
grind mark subsingleton took 0.0211ms
sym typeclass inference of LE took 0.0003ms
sym typeclass inference of OfNat took 0.0595ms
sym canon took 0.111ms
typeclass inference of OfNat took 0.0565ms
typeclass inference of OfNat took 0.035ms
typeclass inference of OfNat took 0.00255ms
typeclass inference of OfNat took 0.00156ms
congr simp thm took 0.00484ms
congr simp thm took 0.000311ms
congr simp thm took 0.000911ms
congr simp thm took 0.000731ms
congr simp thm took 0.00464ms
typeclass inference of Decidable took 0.14ms
congr simp thm took 0.000611ms
grind simp took 0.661ms
grind mark subsingleton took 0.0148ms
sym typeclass inference of OfNat took 0.0486ms
sym canon took 0.0854ms
typeclass inference of OfNat took 0.0471ms
typeclass inference of OfNat took 0.0345ms
typeclass inference of OfNat took 0.00241ms
typeclass inference of OfNat took 0.00147ms
congr simp thm took 0.000631ms
congr simp thm took 0.00021ms
congr simp thm took 0.000592ms
congr simp thm took 0.000421ms
typeclass inference of Decidable took 0.11ms
congr simp thm took 0.000611ms
grind simp took 0.302ms
grind mark subsingleton took 0.0142ms
sym canon took 0.0642ms
typeclass inference of OfNat took 0.0515ms
typeclass inference of OfNat took 0.0333ms
typeclass inference of OfNat took 0.00235ms
typeclass inference of OfNat took 0.00152ms
congr simp thm took 0.000521ms
congr simp thm took 0.000201ms
congr simp thm took 0.000601ms
congr simp thm took 0.000281ms
typeclass inference of Decidable took 0.105ms
congr simp thm took 0.000551ms
grind simp took 0.288ms
grind mark subsingleton took 0.0134ms
sym typeclass inference of OfNat took 0.0469ms
sym canon took 0.0793ms
typeclass inference of OfNat took 0.053ms
typeclass inference of OfNat took 0.0319ms
typeclass inference of OfNat took 0.00231ms
typeclass inference of OfNat took 0.00148ms
congr simp thm took 0.00106ms
grind simp took 0.172ms
grind mark subsingleton took 0.0175ms
sym typeclass inference of OfNat took 0.0733ms
sym canon took 0.0274ms
typeclass inference of OfNat took 0.0535ms
typeclass inference of OfNat took 0.0376ms
typeclass inference of OfNat took 0.00255ms
congr simp thm took 0.000872ms
grind simp took 0.124ms
grind mark subsingleton took 0.0334ms
sym canon took 0.0717ms
congr simp thm took 0.000791ms
congr simp thm took 0.00041ms
grind simp took 0.173ms
grind mark subsingleton took 0.118ms
sym typeclass inference of HAdd took 1.2ms
sym canon took 0.0911ms
sym typeclass inference of HAdd took 0.00447ms
sym canon took 0.00897ms
congr simp thm took 0.00381ms
congr simp thm took 0.000652ms
congr simp thm took 0.00031ms
congr simp thm took 0.000631ms
grind simp took 0.338ms
grind mark subsingleton took 0.014ms
sym typeclass inference of OfNat took 0.0544ms
sym canon took 0.0253ms
typeclass inference of OfNat took 0.0554ms
typeclass inference of OfNat took 0.0337ms
typeclass inference of OfNat took 0.00258ms
congr simp thm took 0.000922ms
congr simp thm took 0.00028ms
congr simp thm took 0.000571ms
grind simp took 0.259ms
grind mark subsingleton took 0.124ms
sym typeclass inference of OfNat took 0.0576ms
sym canon took 0.12ms
typeclass inference of OfNat took 0.0582ms
typeclass inference of OfNat took 0.0364ms
typeclass inference of OfNat took 0.00235ms
congr simp thm took 0.00518ms
congr simp thm took 0.000511ms
congr simp thm took 0.00037ms
congr simp thm took 0.000642ms
congr simp thm took 0.000782ms
congr simp thm took 0.000281ms
congr simp thm took 0.00032ms
congr simp thm took 0.000822ms
congr simp thm took 0.000351ms
grind simp took 0.6ms
grind mark subsingleton took 0.0295ms
sym typeclass inference of HMul took 0.000421ms
sym canon took 0.0366ms
sym typeclass inference of HMul took 0.00042ms
sym typeclass inference of HMul took 0.00025ms
sym canon took 0.0177ms
typeclass inference of OfNat took 0.0617ms
typeclass inference of OfNat took 0.00287ms
typeclass inference of OfNat took 0.00176ms
typeclass inference of OfNat took 0.00161ms
grind ring took 0.11ms
grind cutsat took 0.195ms
grind took 11.1ms
instantiate metavars took 0.0284ms
tactic execution of Lean.Parser.Tactic.grind took 0.873ms
tactic execution of Lean.Parser.Tactic.tacticSeq1Indented took 0.0175ms
tactic execution of Lean.Parser.Tactic.tacticSeq took 0.00943ms
tactic execution of Lean.Parser.Tactic.paren took 0.0109ms
tactic execution of Lean.Parser.Tactic.withAnnotateState took 0.0144ms
tactic execution of Lean.Parser.Tactic.tacticSeq1Indented took 0.0115ms
tactic execution of Lean.Parser.Tactic.tacticSeq took 0.00904ms
tactic execution of Lean.Parser.Tactic.case took 0.155ms
tactic execution of Lean.Parser.Tactic.tacticSeq1Indented took 0.0267ms
tactic execution of Lean.Parser.Tactic.tacticSeq took 0.00844ms
tactic execution of Lean.Parser.Tactic.focus took 0.0152ms
tactic execution of Lean.Parser.Tactic.tacticHave__ took 0.377ms
typeclass inference of OfNat took 1.96ms
typeclass inference of OfNat took 0.222ms
typeclass inference of OfNat took 0.104ms
typeclass inference of HMul took 1.27ms
typeclass inference of HPow took 0.205ms
typeclass inference of HMul took 0.0759ms
typeclass inference of OfNat took 0.09ms
typeclass inference of HPow took 0.154ms
typeclass inference of HMul took 0.0658ms
typeclass inference of OfNat took 0.089ms
typeclass inference of OfNat took 0.0806ms
typeclass inference of OfNat took 0.0628ms
typeclass inference of HPow took 0.164ms
typeclass inference of HMul took 0.0723ms
typeclass inference of OfNat took 0.0673ms
typeclass inference of OfNat took 0.0503ms
typeclass inference of HMul took 0.159ms
typeclass inference of HPow took 0.207ms
typeclass inference of HMul took 0.0661ms
typeclass inference of OfNat took 0.0548ms
typeclass inference of HPow took 0.136ms
typeclass inference of HMul took 0.0614ms
typeclass inference of OfNat took 0.0537ms
typeclass inference of OfNat took 0.0557ms
typeclass inference of HPow took 0.121ms
typeclass inference of HMul took 0.0526ms
typeclass inference of OfNat took 0.0428ms
typeclass inference of HPow took 0.11ms
typeclass inference of HMul took 0.054ms
typeclass inference of OfNat took 0.041ms
typeclass inference of HPow took 0.123ms
typeclass inference of HMul took 0.053ms
typeclass inference of OfNat took 0.0433ms
typeclass inference of HPow took 0.109ms
typeclass inference of HMul took 0.0533ms
typeclass inference of OfNat took 0.0507ms
typeclass inference of HPow took 0.12ms
typeclass inference of HMul took 0.0498ms
typeclass inference of OfNat took 0.0399ms
typeclass inference of HPow took 0.108ms
typeclass inference of HMul took 0.054ms
typeclass inference of OfNat took 0.0398ms
typeclass inference of HPow took 0.105ms
typeclass inference of HMul took 0.0477ms
typeclass inference of Pow took 0.0499ms
typeclass inference of CategoryTheory.CartesianMonoidalCategory took 0.0699ms
typeclass inference of CategoryTheory.CartesianMonoidalCategory took 0.00512ms
typeclass inference of NPow took 2.08ms
typeclass inference of OfNat took 0.058ms
typeclass inference of HMul took 0.00486ms
typeclass inference of OfNat took 0.0581ms
typeclass inference of HPow took 0.164ms
typeclass inference of HMul took 0.0648ms
typeclass inference of OfNat took 0.043ms
typeclass inference of HPow took 0.114ms
typeclass inference of HMul took 0.0513ms
typeclass inference of OfNat took 0.0426ms
typeclass inference of HPow took 0.109ms
typeclass inference of HMul took 0.0497ms
typeclass inference of Pow took 0.0494ms
typeclass inference of NPow took 0.1ms
typeclass inference of OfNat took 0.00359ms
typeclass inference of HMul took 0.00304ms
tactic execution of Lean.Parser.Tactic.refine took 2.38ms
tactic execution of Lean.Parser.Tactic.rewriteSeq took 0.17ms
tactic execution of Lean.Parser.Tactic.exact took 0.142ms
tactic execution of Lean.Parser.Tactic.exact took 0.101ms
tactic execution of Lean.Parser.Tactic.eqRefl took 0.0111ms
tactic execution of Lean.Parser.Tactic.applyRfl took 0.0269ms
tactic execution of Lean.Parser.Tactic.tacticRfl took 0.0618ms
tactic execution of Lean.Parser.Tactic.tacticSeq1Indented took 0.00842ms
tactic execution of Lean.Parser.Tactic.tacticSeq took 0.00629ms
tactic execution of Lean.Parser.Tactic.withReducible took 0.00929ms
tactic execution of Lean.Parser.Tactic.tacticSeq1Indented took 0.006ms
tactic execution of Lean.Parser.Tactic.tacticSeq took 0.00486ms
tactic execution of Lean.Parser.Tactic.paren took 0.00571ms
tactic execution of Lean.Parser.Tactic.tacticSeq1Indented took 0.00973ms
tactic execution of Lean.Parser.Tactic.tacticSeq took 0.0059ms
tactic execution of Lean.Parser.Tactic.skip took 0.00274ms
tactic execution of Lean.Parser.Tactic.tacticSeq1Indented took 0.00371ms
tactic execution of Lean.Parser.Tactic.tacticSeq took 0.00337ms
tactic execution of Lean.Parser.Tactic.first took 0.0111ms
tactic execution of Lean.Parser.Tactic.tacticTry_ took 0.009ms
tactic execution of Lean.Parser.Tactic.tacticSeq1Indented took 0.00957ms
tactic execution of Lean.Parser.Tactic.tacticSeq took 0.00356ms
tactic execution of Lean.Parser.Tactic.paren took 0.00596ms
tactic execution of Lean.Parser.Tactic.withAnnotateState took 0.0143ms
tactic execution of Lean.Parser.Tactic.tacticSeq1Indented took 0.0135ms
tactic execution of Lean.Parser.Tactic.tacticSeq took 0.00435ms
tactic execution of Lean.Parser.Tactic.paren took 0.00419ms
tactic execution of Lean.Parser.Tactic.rwSeq took 0.011ms
tactic execution of Lean.Parser.Tactic.exact took 0.0616ms
tactic execution of Lean.Parser.Tactic.tacticSeq1Indented took 0.0109ms
tactic execution of Lean.Parser.Tactic.tacticSeq took 0.0112ms
tactic execution of Lean.Parser.Tactic.rewriteSeq took 2.12ms
tactic execution of Lean.Parser.Tactic.exact took 0.129ms
tactic execution of Lean.Parser.Tactic.exact took 0.113ms
tactic execution of Lean.Parser.Tactic.eqRefl took 0.0207ms
tactic execution of Lean.Parser.Tactic.tacticRfl took 0.0572ms
tactic execution of Lean.Parser.Tactic.tacticSeq1Indented took 0.00441ms
tactic execution of Lean.Parser.Tactic.tacticSeq took 0.00696ms
tactic execution of Lean.Parser.Tactic.withReducible took 0.00425ms
tactic execution of Lean.Parser.Tactic.tacticSeq1Indented took 0.00512ms
tactic execution of Lean.Parser.Tactic.tacticSeq took 0.0036ms
tactic execution of Lean.Parser.Tactic.paren took 0.00347ms
tactic execution of Lean.Parser.Tactic.tacticSeq1Indented took 0.0045ms
tactic execution of Lean.Parser.Tactic.tacticSeq took 0.00325ms
tactic execution of Lean.Parser.Tactic.first took 0.00493ms
tactic execution of Lean.Parser.Tactic.tacticTry_ took 0.00611ms
tactic execution of Lean.Parser.Tactic.tacticSeq1Indented took 0.00449ms
tactic execution of Lean.Parser.Tactic.tacticSeq took 0.0033ms
tactic execution of Lean.Parser.Tactic.paren took 0.00416ms
tactic execution of Lean.Parser.Tactic.withAnnotateState took 0.0165ms
tactic execution of Lean.Parser.Tactic.tacticSeq1Indented took 0.0164ms
tactic execution of Lean.Parser.Tactic.tacticSeq took 0.00544ms
tactic execution of Lean.Parser.Tactic.paren took 0.00425ms
tactic execution of Lean.Parser.Tactic.rwSeq took 0.0178ms
tactic execution of Lean.Parser.Tactic.tacticSeq1Indented took 0.00543ms
tactic execution of Lean.Parser.Tactic.tacticSeq took 0.00331ms
tactic execution of Lean.Parser.Tactic.paren took 0.00406ms
tactic execution of Lean.Parser.Tactic.withAnnotateState took 0.00713ms
tactic execution of Lean.Parser.Tactic.tacticSeq1Indented took 0.00668ms
tactic execution of Lean.Parser.Tactic.tacticSeq took 0.0123ms
tactic execution of Lean.Parser.Tactic.case took 0.277ms
tactic execution of Lean.Parser.Tactic.tacticSeq1Indented took 0.0576ms
tactic execution of Lean.Parser.Tactic.tacticSeq took 0.0229ms
tactic execution of Lean.Parser.Tactic.focus took 0.0289ms
tactic execution of Lean.Parser.Tactic.tacticHave__ took 0.0911ms
typeclass inference of OfNat took 0.0997ms
typeclass inference of OfNat took 0.064ms
typeclass inference of OfNat took 0.0532ms
typeclass inference of OfNat took 0.0371ms
typeclass inference of OfNat took 0.0478ms
typeclass inference of OfNat took 0.0445ms
typeclass inference of HAdd took 0.175ms
typeclass inference of HMul took 0.148ms
typeclass inference of HPow took 0.164ms
typeclass inference of HMul took 0.0622ms
typeclass inference of HAdd took 0.0586ms
typeclass inference of LT took 0.0342ms
typeclass inference of OfNat took 0.046ms
typeclass inference of OfNat took 0.0905ms
typeclass inference of HPow took 0.188ms
typeclass inference of HMul took 0.0691ms
typeclass inference of HAdd took 0.0596ms
typeclass inference of OfNat took 0.0471ms
typeclass inference of HPow took 0.122ms
typeclass inference of HMul took 0.0532ms
typeclass inference of HAdd took 0.0506ms
typeclass inference of OfNat took 0.0429ms
typeclass inference of HPow took 0.116ms
typeclass inference of HMul took 0.0512ms
typeclass inference of HAdd took 0.0516ms
typeclass inference of OfNat took 0.0426ms
typeclass inference of HPow took 0.126ms
typeclass inference of HMul took 0.0596ms
typeclass inference of HAdd took 0.0533ms
typeclass inference of Pow took 0.0444ms
typeclass inference of NPow took 0.116ms
typeclass inference of OfNat took 0.0435ms
typeclass inference of HMul took 0.166ms
typeclass inference of HAdd took 0.00411ms
tactic execution of Lean.Parser.Tactic.refine took 1.19ms
interpretation of Lean.Meta.Grind.reduceCtorEqCheap took 0.0045ms
interpretation of Lean.Meta.Grind.reduceSimpMatchDiscrsOnly took 0.000902ms
interpretation of Lean.Meta.Grind.reducePreMatchCond took 0.00103ms
interpretation of Lean.Meta.Grind.Arith.expandPow01 took 0.000832ms
interpretation of Lean.Meta.Grind.Arith.expandDiv took 0.000702ms
interpretation of Lean.Meta.Grind.Arith.normNatAddInst took 0.000792ms
interpretation of Lean.Meta.Grind.Arith.normNatMulInst took 0.000711ms
interpretation of Lean.Meta.Grind.Arith.normNatSubInst took 0.000691ms
interpretation of Lean.Meta.Grind.Arith.normNatDivInst took 0.000742ms
interpretation of Lean.Meta.Grind.Arith.normNatModInst took 0.000871ms
interpretation of Lean.Meta.Grind.Arith.normNatPowInst took 0.000672ms
interpretation of Lean.Meta.Grind.Arith.normNatOfNatInst took 0.000581ms
interpretation of Lean.Meta.Grind.Arith.normIntNegInst took 0.000631ms
interpretation of Lean.Meta.Grind.Arith.normIntAddInst took 0.000711ms
interpretation of Lean.Meta.Grind.Arith.normIntMulInst took 0.000952ms
interpretation of Lean.Meta.Grind.Arith.normIntSubInst took 0.000712ms
interpretation of Lean.Meta.Grind.Arith.normIntDivInst took 0.000691ms
interpretation of Lean.Meta.Grind.Arith.normIntModInst took 0.000711ms
interpretation of Lean.Meta.Grind.Arith.normIntPowInst took 0.000791ms
interpretation of Lean.Meta.Grind.Arith.normNatCastInst took 0.000992ms
interpretation of Lean.Meta.Grind.Arith.normIntOfNatInst took 0.000601ms
interpretation of Lean.Meta.Grind.Arith.normNatCastNum took 0.000601ms
interpretation of Lean.Meta.Grind.Arith.normIntCastNum took 0.000691ms
interpretation of Lean.Meta.Grind.Arith.normPowRatInt took 0.000722ms
interpretation of Lean.Meta.Grind.Arith.normFieldInv took 0.000732ms
interpretation of Lean.Meta.Grind.simpForall took 0.000891ms
interpretation of Lean.Meta.Grind.simpExists took 0.000561ms
interpretation of Lean.Meta.Grind.simpEq took 0.000812ms
interpretation of Lean.Meta.Grind.simpOr took 0.000872ms
interpretation of Lean.Meta.Grind.simpDIte took 0.000642ms
interpretation of Lean.Meta.Grind.pushNot took 0.000662ms
interpretation of Lean.Meta.Grind.unfoldReducibleSimproc took 0.000822ms
congr simp thm took 0.00766ms
congr simp thm took 0.00388ms
congr simp thm took 0.00374ms
grind simp took 0.42ms
grind mark subsingleton took 0.0644ms
sym typeclass inference of HSub took 0.991ms
sym typeclass inference of HMul took 0.949ms
sym typeclass inference of OfNat took 0.884ms
sym canon took 0.16ms
sym typeclass inference of Lean.Grind.CommRing took 0.479ms
typeclass inference of Lean.Grind.Ring took 0.525ms
typeclass inference of Semiring took 0.769ms
typeclass inference of AddLeftCancelSemigroup took 1.36ms
sym typeclass inference of Lean.Grind.IsCharP took 8.66ms
sym typeclass inference of Lean.Grind.NatModule took 1.15ms
typeclass inference of AddCommMonoid took 0.854ms
typeclass inference of AddCommMonoid took 0.00552ms
typeclass inference of AddCommMonoid took 0.00432ms
typeclass inference of AddCancelMonoid took 0.682ms
typeclass inference of AddCommMonoid took 0.00449ms
typeclass inference of AddGroup took 0.558ms
typeclass inference of Field took 0.377ms
typeclass inference of Field took 0.00272ms
typeclass inference of Field took 0.00184ms
typeclass inference of Field took 0.00423ms
typeclass inference of Field took 0.00177ms
typeclass inference of Field took 0.0019ms
typeclass inference of Field took 0.00156ms
typeclass inference of Field took 0.00143ms
typeclass inference of Field took 0.00124ms
typeclass inference of Field took 0.00127ms
typeclass inference of Field took 0.00129ms
typeclass inference of Field took 0.00105ms
typeclass inference of Field took 0.00251ms
typeclass inference of Field took 0.00125ms
typeclass inference of Field took 0.00194ms
typeclass inference of Field took 0.0017ms
typeclass inference of Field took 0.00151ms
typeclass inference of Field took 0.00144ms
typeclass inference of Field took 0.0014ms
typeclass inference of Field took 0.00115ms
typeclass inference of Field took 0.00947ms
typeclass inference of Field took 0.00134ms
typeclass inference of Field took 0.00131ms
typeclass inference of Field took 0.00145ms
typeclass inference of Field took 0.00116ms
typeclass inference of Field took 0.00117ms
typeclass inference of Field took 0.00116ms
typeclass inference of Field took 0.00232ms
typeclass inference of Field took 0.00131ms
typeclass inference of Field took 0.0011ms
typeclass inference of Semiring took 0.00637ms
typeclass inference of RCLike took 0.0354ms
typeclass inference of RCLike took 0.00381ms
typeclass inference of RCLike took 0.00217ms
typeclass inference of RCLike took 0.00392ms
typeclass inference of RCLike took 0.00296ms
typeclass inference of RCLike took 0.00189ms
typeclass inference of RCLike took 0.00123ms
typeclass inference of RCLike took 0.00114ms
typeclass inference of RCLike took 0.00115ms
typeclass inference of RCLike took 0.00113ms
typeclass inference of RCLike took 0.0012ms
typeclass inference of RCLike took 0.00149ms
typeclass inference of RCLike took 0.00229ms
typeclass inference of RCLike took 0.0012ms
typeclass inference of RCLike took 0.00123ms
typeclass inference of RCLike took 0.00137ms
typeclass inference of RCLike took 0.00107ms
typeclass inference of RCLike took 0.0012ms
typeclass inference of RCLike took 0.00106ms
typeclass inference of RCLike took 0.00131ms
typeclass inference of RCLike took 0.00195ms
typeclass inference of RCLike took 0.00137ms
typeclass inference of RCLike took 0.00131ms
typeclass inference of RCLike took 0.00122ms
typeclass inference of RCLike took 0.0012ms
typeclass inference of RCLike took 0.0012ms
typeclass inference of RCLike took 0.00105ms
typeclass inference of RCLike took 0.0016ms
typeclass inference of RCLike took 0.0014ms
typeclass inference of RCLike took 0.00111ms
typeclass inference of Semiring took 0.00533ms
typeclass inference of NonAssocRing took 0.242ms
typeclass inference of Field took 0.004ms
typeclass inference of Field took 0.00234ms
typeclass inference of Field took 0.00234ms
typeclass inference of Field took 0.00154ms
typeclass inference of Field took 0.00152ms
typeclass inference of Field took 0.00131ms
typeclass inference of Field took 0.00131ms
typeclass inference of Field took 0.00123ms
typeclass inference of Field took 0.00152ms
typeclass inference of Field took 0.00189ms
typeclass inference of Field took 0.00176ms
typeclass inference of Field took 0.00142ms
typeclass inference of Field took 0.00116ms
typeclass inference of Field took 0.00424ms
typeclass inference of Field took 0.00135ms
typeclass inference of Field took 0.00122ms
typeclass inference of Field took 0.0012ms
typeclass inference of Field took 0.00122ms
typeclass inference of Field took 0.00123ms
typeclass inference of Field took 0.00116ms
typeclass inference of Field took 0.00116ms
typeclass inference of Field took 0.00117ms
typeclass inference of Field took 0.00316ms
typeclass inference of Field took 0.00133ms
typeclass inference of Field took 0.00131ms
typeclass inference of Field took 0.00121ms
typeclass inference of Field took 0.00113ms
typeclass inference of Field took 0.00107ms
typeclass inference of Field took 0.00121ms
typeclass inference of Field took 0.00123ms
typeclass inference of Field took 0.00221ms
typeclass inference of Field took 0.00112ms
typeclass inference of Field took 0.00156ms
typeclass inference of Field took 0.00124ms
typeclass inference of Field took 0.00143ms
typeclass inference of Field took 0.00117ms
typeclass inference of Field took 0.00103ms
typeclass inference of Field took 0.00258ms
typeclass inference of Field took 0.00135ms
typeclass inference of Field took 0.00124ms
typeclass inference of Field took 0.00141ms
typeclass inference of Field took 0.00122ms
typeclass inference of Field took 0.00184ms
typeclass inference of Field took 0.00139ms
typeclass inference of Field took 0.00115ms
typeclass inference of Field took 0.00112ms
typeclass inference of Field took 0.00165ms
typeclass inference of Field took 0.00125ms
typeclass inference of Field took 0.00113ms
typeclass inference of Field took 0.00201ms
typeclass inference of Field took 0.00145ms
typeclass inference of Field took 0.00157ms
typeclass inference of Field took 0.00774ms
typeclass inference of Field took 0.00321ms
typeclass inference of Field took 0.0017ms
typeclass inference of Field took 0.00182ms
typeclass inference of Field took 0.00196ms
typeclass inference of Field took 0.00121ms
typeclass inference of Field took 0.00173ms
typeclass inference of Field took 0.00188ms
typeclass inference of Field took 0.00258ms
typeclass inference of Field took 0.00125ms
typeclass inference of Field took 0.00139ms
typeclass inference of Field took 0.00124ms
typeclass inference of Field took 0.00127ms
typeclass inference of Field took 0.00214ms
typeclass inference of Field took 0.00109ms
typeclass inference of Field took 0.00117ms
typeclass inference of Field took 0.00307ms
typeclass inference of Field took 0.00163ms
typeclass inference of Field took 0.00159ms
typeclass inference of Field took 0.0012ms
typeclass inference of Semiring took 0.00706ms
typeclass inference of DivisionRing took 0.495ms
typeclass inference of DivisionRing took 0.00413ms
typeclass inference of DivisionRing took 0.00182ms
typeclass inference of DivisionRing took 0.00168ms
typeclass inference of DivisionRing took 0.00457ms
typeclass inference of DivisionRing took 0.00195ms
typeclass inference of DivisionRing took 0.00207ms
typeclass inference of DivisionRing took 0.00117ms
typeclass inference of DivisionRing took 0.0022ms
typeclass inference of DivisionRing took 0.00182ms
typeclass inference of DivisionRing took 0.00169ms
typeclass inference of DivisionRing took 0.00147ms
typeclass inference of DivisionRing took 0.00286ms
typeclass inference of DivisionRing took 0.00162ms
typeclass inference of DivisionRing took 0.0014ms
typeclass inference of DivisionRing took 0.00132ms
typeclass inference of DivisionRing took 0.00116ms
typeclass inference of DivisionRing took 0.00131ms
typeclass inference of DivisionRing took 0.00112ms
typeclass inference of DivisionRing took 0.00222ms
typeclass inference of DivisionRing took 0.00137ms
typeclass inference of DivisionRing took 0.00127ms
typeclass inference of DivisionRing took 0.00118ms
typeclass inference of DivisionRing took 0.00107ms
typeclass inference of DivisionRing took 0.00115ms
typeclass inference of DivisionRing took 0.00194ms
typeclass inference of DivisionRing took 0.0013ms
typeclass inference of DivisionRing took 0.00126ms
typeclass inference of DivisionRing took 0.00107ms
typeclass inference of DivisionRing took 0.00126ms
typeclass inference of Semifield took 0.486ms
typeclass inference of Semifield took 0.00325ms
typeclass inference of Semifield took 0.00133ms
typeclass inference of Semifield took 0.00119ms
typeclass inference of Semifield took 0.00132ms
typeclass inference of Semifield took 0.00122ms
typeclass inference of Semifield took 0.00133ms
typeclass inference of Semifield took 0.00117ms
typeclass inference of Semifield took 0.00107ms
typeclass inference of Semifield took 0.00253ms
typeclass inference of Semifield took 0.00117ms
typeclass inference of Semifield took 0.00109ms
typeclass inference of Semifield took 0.00125ms
typeclass inference of Semifield took 0.00118ms
typeclass inference of Semifield took 0.0013ms
typeclass inference of Semifield took 0.00115ms
typeclass inference of Field took 0.00386ms
typeclass inference of Field took 0.00136ms
typeclass inference of Field took 0.00128ms
typeclass inference of Field took 0.00404ms
typeclass inference of Field took 0.00135ms
typeclass inference of Field took 0.00152ms
typeclass inference of Field took 0.00156ms
typeclass inference of Field took 0.00116ms
typeclass inference of Field took 0.0012ms
typeclass inference of Field took 0.00115ms
typeclass inference of Field took 0.00126ms
typeclass inference of Field took 0.00107ms
typeclass inference of Field took 0.00235ms
typeclass inference of Field took 0.0015ms
typeclass inference of Field took 0.00217ms
typeclass inference of Field took 0.0019ms
typeclass inference of Field took 0.00144ms
typeclass inference of Field took 0.00149ms
typeclass inference of Field took 0.00174ms
typeclass inference of Field took 0.00117ms
typeclass inference of Field took 0.00278ms
typeclass inference of Field took 0.00135ms
typeclass inference of Field took 0.00125ms
typeclass inference of Field took 0.00136ms
typeclass inference of Field took 0.00127ms
typeclass inference of Field took 0.00129ms
typeclass inference of Field took 0.00108ms
typeclass inference of DivisionRing took 0.00284ms
typeclass inference of DivisionRing took 0.00375ms
typeclass inference of DivisionRing took 0.00147ms
typeclass inference of DivisionRing took 0.00149ms
typeclass inference of DivisionRing took 0.00128ms
typeclass inference of DivisionRing took 0.00216ms
typeclass inference of DivisionRing took 0.00125ms
typeclass inference of DivisionRing took 0.00137ms
typeclass inference of DivisionRing took 0.00117ms
typeclass inference of DivisionRing took 0.00311ms
typeclass inference of DivisionRing took 0.00128ms
typeclass inference of DivisionRing took 0.00119ms
typeclass inference of DivisionRing took 0.00124ms
typeclass inference of DivisionRing took 0.00101ms
typeclass inference of DivisionRing took 0.00111ms
typeclass inference of DivisionRing took 0.00126ms
typeclass inference of EuclideanDomain took 0.454ms
typeclass inference of EuclideanDomain took 0.00283ms
typeclass inference of EuclideanDomain took 0.00128ms
typeclass inference of EuclideanDomain took 0.00124ms
typeclass inference of EuclideanDomain took 0.00124ms
typeclass inference of EuclideanDomain took 0.00116ms
typeclass inference of EuclideanDomain took 0.00107ms
typeclass inference of EuclideanDomain took 0.00109ms
typeclass inference of EuclideanDomain took 0.00101ms
typeclass inference of EuclideanDomain took 0.00106ms
typeclass inference of EuclideanDomain took 0.00165ms
typeclass inference of EuclideanDomain took 0.00114ms
typeclass inference of EuclideanDomain took 0.000972ms
typeclass inference of EuclideanDomain took 0.00208ms
typeclass inference of EuclideanDomain took 0.00119ms
typeclass inference of EuclideanDomain took 0.00125ms
typeclass inference of EuclideanDomain took 0.00133ms
typeclass inference of EuclideanDomain took 0.00107ms
typeclass inference of EuclideanDomain took 0.00136ms
typeclass inference of EuclideanDomain took 0.001ms
typeclass inference of EuclideanDomain took 0.00116ms
typeclass inference of EuclideanDomain took 0.00102ms
typeclass inference of EuclideanDomain took 0.00232ms
typeclass inference of EuclideanDomain took 0.00113ms
typeclass inference of EuclideanDomain took 0.00111ms
typeclass inference of EuclideanDomain took 0.00122ms
typeclass inference of EuclideanDomain took 0.00126ms
typeclass inference of EuclideanDomain took 0.00118ms
typeclass inference of EuclideanDomain took 0.00118ms
typeclass inference of EuclideanDomain took 0.00102ms
typeclass inference of EuclideanDomain took 0.00255ms
typeclass inference of EuclideanDomain took 0.00113ms
typeclass inference of EuclideanDomain took 0.00108ms
typeclass inference of EuclideanDomain took 0.00107ms
typeclass inference of EuclideanDomain took 0.0012ms
typeclass inference of EuclideanDomain took 0.00119ms
typeclass inference of EuclideanDomain took 0.00101ms
typeclass inference of CommMonoidWithZero took 1.43ms
typeclass inference of Semiring took 0.00669ms
typeclass inference of CommMonoidWithZero took 0.00485ms
typeclass inference of CommMonoidWithZero took 0.00423ms
typeclass inference of CommGroupWithZero took 0.526ms
typeclass inference of CommGroupWithZero took 0.00289ms
typeclass inference of CommGroupWithZero took 0.00138ms
typeclass inference of CommGroupWithZero took 0.00126ms
typeclass inference of CommGroupWithZero took 0.00108ms
typeclass inference of CommGroupWithZero took 0.00124ms
typeclass inference of CommGroupWithZero took 0.00126ms
typeclass inference of CommGroupWithZero took 0.000972ms
typeclass inference of LinearOrderedCommMonoidWithZero took 0.071ms
typeclass inference of LinearOrderedCommMonoidWithZero took 0.00201ms
typeclass inference of LinearOrderedCommMonoidWithZero took 0.00211ms
typeclass inference of LinearOrderedCommMonoidWithZero took 0.00129ms
typeclass inference of LinearOrderedCommMonoidWithZero took 0.00117ms
typeclass inference of LinearOrderedCommMonoidWithZero took 0.00123ms
typeclass inference of LinearOrderedCommMonoidWithZero took 0.00131ms
typeclass inference of LinearOrderedCommMonoidWithZero took 0.00106ms
typeclass inference of LinearOrderedCommMonoidWithZero took 0.000992ms
typeclass inference of LinearOrderedCommMonoidWithZero took 0.00142ms
typeclass inference of LinearOrderedCommMonoidWithZero took 0.00123ms
typeclass inference of LinearOrderedCommMonoidWithZero took 0.00119ms
typeclass inference of LinearOrderedCommMonoidWithZero took 0.002ms
typeclass inference of LinearOrderedCommMonoidWithZero took 0.00104ms
typeclass inference of LinearOrderedCommMonoidWithZero took 0.00136ms
typeclass inference of LinearOrderedCommMonoidWithZero took 0.00119ms
typeclass inference of LinearOrderedCommMonoidWithZero took 0.00108ms
typeclass inference of LinearOrderedCommMonoidWithZero took 0.00103ms
typeclass inference of LinearOrderedCommMonoidWithZero took 0.00101ms
typeclass inference of LinearOrderedCommMonoidWithZero took 0.00228ms
typeclass inference of LinearOrderedCommMonoidWithZero took 0.00113ms
typeclass inference of LinearOrderedCommMonoidWithZero took 0.00113ms
typeclass inference of LinearOrderedCommMonoidWithZero took 0.00109ms
typeclass inference of LinearOrderedCommMonoidWithZero took 0.00108ms
typeclass inference of LinearOrderedCommMonoidWithZero took 0.00112ms
typeclass inference of LinearOrderedCommMonoidWithZero took 0.0018ms
typeclass inference of LinearOrderedCommMonoidWithZero took 0.0011ms
typeclass inference of LinearOrderedCommMonoidWithZero took 0.00111ms
typeclass inference of LinearOrderedCommMonoidWithZero took 0.00107ms
typeclass inference of LinearOrderedCommMonoidWithZero took 0.00103ms
typeclass inference of LinearOrderedCommMonoidWithZero took 0.00364ms
typeclass inference of LinearOrderedCommMonoidWithZero took 0.00227ms
typeclass inference of LinearOrderedCommMonoidWithZero took 0.00257ms
typeclass inference of LinearOrderedCommMonoidWithZero took 0.0019ms
typeclass inference of LinearOrderedCommMonoidWithZero took 0.00162ms
typeclass inference of LinearOrderedCommMonoidWithZero took 0.00116ms
typeclass inference of LinearOrderedCommMonoidWithZero took 0.00161ms
typeclass inference of LinearOrderedCommMonoidWithZero took 0.00122ms
typeclass inference of LinearOrderedCommMonoidWithZero took 0.00124ms
typeclass inference of LinearOrderedCommMonoidWithZero took 0.000981ms
typeclass inference of LinearOrderedCommMonoidWithZero took 0.00136ms
typeclass inference of LinearOrderedCommMonoidWithZero took 0.00171ms
typeclass inference of LinearOrderedCommMonoidWithZero took 0.00105ms
typeclass inference of LinearOrderedCommMonoidWithZero took 0.00234ms
typeclass inference of LinearOrderedCommMonoidWithZero took 0.00104ms
typeclass inference of LinearOrderedCommMonoidWithZero took 0.00107ms
typeclass inference of LinearOrderedCommMonoidWithZero took 0.00118ms
typeclass inference of LinearOrderedCommMonoidWithZero took 0.0011ms
typeclass inference of LinearOrderedCommMonoidWithZero took 0.0015ms
typeclass inference of LinearOrderedCommMonoidWithZero took 0.00103ms
typeclass inference of LinearOrderedCommMonoidWithZero took 0.00204ms
typeclass inference of LinearOrderedCommMonoidWithZero took 0.00109ms
typeclass inference of LinearOrderedCommMonoidWithZero took 0.0011ms
typeclass inference of LinearOrderedCommMonoidWithZero took 0.00105ms
typeclass inference of LinearOrderedCommMonoidWithZero took 0.00116ms
typeclass inference of LinearOrderedCommMonoidWithZero took 0.00115ms
typeclass inference of LinearOrderedCommMonoidWithZero took 0.00311ms
typeclass inference of LinearOrderedCommMonoidWithZero took 0.00111ms
typeclass inference of LinearOrderedCommMonoidWithZero took 0.0011ms
typeclass inference of LinearOrderedCommMonoidWithZero took 0.00109ms
typeclass inference of LinearOrderedCommMonoidWithZero took 0.00152ms
typeclass inference of LinearOrderedCommMonoidWithZero took 0.00244ms
typeclass inference of LinearOrderedCommMonoidWithZero took 0.00116ms
typeclass inference of LinearOrderedCommMonoidWithZero took 0.00103ms
typeclass inference of LinearOrderedCommMonoidWithZero took 0.00218ms
typeclass inference of LinearOrderedCommMonoidWithZero took 0.00134ms
typeclass inference of LinearOrderedCommMonoidWithZero took 0.00229ms
typeclass inference of LinearOrderedCommMonoidWithZero took 0.00102ms
typeclass inference of LinearOrderedCommMonoidWithZero took 0.00105ms
typeclass inference of LinearOrderedCommMonoidWithZero took 0.000992ms
typeclass inference of LinearOrderedCommMonoidWithZero took 0.00105ms
typeclass inference of LinearOrderedCommMonoidWithZero took 0.001ms
typeclass inference of LinearOrderedCommMonoidWithZero took 0.000921ms
typeclass inference of LinearOrderedCommMonoidWithZero took 0.00129ms
typeclass inference of LinearOrderedCommMonoidWithZero took 0.00113ms
typeclass inference of LinearOrderedCommMonoidWithZero took 0.00107ms
typeclass inference of LinearOrderedCommMonoidWithZero took 0.00197ms
typeclass inference of LinearOrderedCommMonoidWithZero took 0.001ms
typeclass inference of LinearOrderedCommMonoidWithZero took 0.00117ms
typeclass inference of LinearOrderedCommMonoidWithZero took 0.00112ms
typeclass inference of LinearOrderedCommMonoidWithZero took 0.00105ms
typeclass inference of LinearOrderedCommMonoidWithZero took 0.00102ms
typeclass inference of LinearOrderedCommMonoidWithZero took 0.00102ms
typeclass inference of LinearOrderedCommMonoidWithZero took 0.00185ms
typeclass inference of LinearOrderedCommMonoidWithZero took 0.00107ms
typeclass inference of LinearOrderedCommMonoidWithZero took 0.00123ms
typeclass inference of LinearOrderedCommMonoidWithZero took 0.0012ms
typeclass inference of LinearOrderedCommMonoidWithZero took 0.00148ms
typeclass inference of LinearOrderedCommMonoidWithZero took 0.00102ms
typeclass inference of LinearOrderedCommMonoidWithZero took 0.00169ms
typeclass inference of LinearOrderedCommMonoidWithZero took 0.001ms
typeclass inference of LinearOrderedCommMonoidWithZero took 0.00108ms
typeclass inference of LinearOrderedCommMonoidWithZero took 0.00106ms
typeclass inference of LinearOrderedCommMonoidWithZero took 0.00103ms
typeclass inference of LinearOrderedCommMonoidWithZero took 0.00144ms
typeclass inference of LinearOrderedCommMonoidWithZero took 0.00126ms
typeclass inference of LinearOrderedCommMonoidWithZero took 0.00103ms
typeclass inference of LinearOrderedCommMonoidWithZero took 0.00217ms
typeclass inference of LinearOrderedCommMonoidWithZero took 0.00112ms
typeclass inference of LinearOrderedCommMonoidWithZero took 0.00106ms
typeclass inference of LinearOrderedCommMonoidWithZero took 0.00108ms
typeclass inference of LinearOrderedCommMonoidWithZero took 0.00113ms
typeclass inference of LinearOrderedCommMonoidWithZero took 0.00107ms
typeclass inference of LinearOrderedCommMonoidWithZero took 0.000941ms
typeclass inference of LinearOrderedCommMonoidWithZero took 0.00126ms
typeclass inference of LinearOrderedCommMonoidWithZero took 0.00123ms
typeclass inference of LinearOrderedCommMonoidWithZero took 0.00144ms
typeclass inference of LinearOrderedCommMonoidWithZero took 0.00285ms
typeclass inference of LinearOrderedCommMonoidWithZero took 0.00173ms
typeclass inference of LinearOrderedCommMonoidWithZero took 0.0011ms
typeclass inference of LinearOrderedCommMonoidWithZero took 0.00187ms
typeclass inference of LinearOrderedCommMonoidWithZero took 0.00176ms
typeclass inference of LinearOrderedCommMonoidWithZero took 0.00184ms
typeclass inference of LinearOrderedCommMonoidWithZero took 0.00114ms
typeclass inference of LinearOrderedCommMonoidWithZero took 0.00202ms
typeclass inference of LinearOrderedCommMonoidWithZero took 0.00108ms
typeclass inference of LinearOrderedCommMonoidWithZero took 0.00121ms
typeclass inference of LinearOrderedCommMonoidWithZero took 0.0013ms
typeclass inference of LinearOrderedCommMonoidWithZero took 0.00139ms
typeclass inference of LinearOrderedCommMonoidWithZero took 0.00102ms
typeclass inference of LinearOrderedCommMonoidWithZero took 0.00205ms
typeclass inference of LinearOrderedCommMonoidWithZero took 0.0011ms
typeclass inference of LinearOrderedCommMonoidWithZero took 0.00108ms
typeclass inference of LinearOrderedCommMonoidWithZero took 0.00105ms
typeclass inference of LinearOrderedCommMonoidWithZero took 0.00116ms
typeclass inference of LinearOrderedCommMonoidWithZero took 0.00171ms
typeclass inference of LinearOrderedCommMonoidWithZero took 0.00112ms
typeclass inference of LinearOrderedCommMonoidWithZero took 0.00114ms
typeclass inference of LinearOrderedCommMonoidWithZero took 0.00173ms
typeclass inference of LinearOrderedCommMonoidWithZero took 0.00132ms
typeclass inference of LinearOrderedCommMonoidWithZero took 0.00116ms
typeclass inference of LinearOrderedCommMonoidWithZero took 0.00217ms
typeclass inference of LinearOrderedCommMonoidWithZero took 0.00106ms
typeclass inference of LinearOrderedCommMonoidWithZero took 0.00115ms
typeclass inference of LinearOrderedCommMonoidWithZero took 0.00116ms
typeclass inference of LinearOrderedCommMonoidWithZero took 0.00121ms
typeclass inference of LinearOrderedCommMonoidWithZero took 0.00117ms
typeclass inference of LinearOrderedCommMonoidWithZero took 0.00128ms
typeclass inference of LinearOrderedCommMonoidWithZero took 0.0012ms
typeclass inference of LinearOrderedCommMonoidWithZero took 0.00119ms
typeclass inference of LinearOrderedCommMonoidWithZero took 0.00105ms
typeclass inference of LinearOrderedCommMonoidWithZero took 0.00308ms
typeclass inference of LinearOrderedCommMonoidWithZero took 0.00148ms
typeclass inference of LinearOrderedCommMonoidWithZero took 0.00217ms
typeclass inference of LinearOrderedCommMonoidWithZero took 0.00126ms
typeclass inference of LinearOrderedCommMonoidWithZero took 0.00104ms
typeclass inference of LinearOrderedCommMonoidWithZero took 0.00104ms
typeclass inference of LinearOrderedCommMonoidWithZero took 0.001ms
typeclass inference of LinearOrderedCommMonoidWithZero took 0.00358ms
typeclass inference of LinearOrderedCommMonoidWithZero took 0.00149ms
typeclass inference of LinearOrderedCommMonoidWithZero took 0.00132ms
typeclass inference of LinearOrderedCommMonoidWithZero took 0.00117ms
typeclass inference of LinearOrderedCommMonoidWithZero took 0.00105ms
typeclass inference of LinearOrderedCommMonoidWithZero took 0.00137ms
typeclass inference of LinearOrderedCommMonoidWithZero took 0.00194ms
typeclass inference of LinearOrderedCommMonoidWithZero took 0.00118ms
typeclass inference of LinearOrderedCommMonoidWithZero took 0.00107ms
typeclass inference of LinearOrderedCommMonoidWithZero took 0.00104ms
typeclass inference of LinearOrderedCommMonoidWithZero took 0.0011ms
typeclass inference of LinearOrderedCommMonoidWithZero took 0.00222ms
typeclass inference of LinearOrderedCommMonoidWithZero took 0.00112ms
typeclass inference of LinearOrderedCommMonoidWithZero took 0.00124ms
typeclass inference of LinearOrderedCommMonoidWithZero took 0.00102ms
typeclass inference of LinearOrderedCommMonoidWithZero took 0.00163ms
typeclass inference of LinearOrderedCommMonoidWithZero took 0.00126ms
typeclass inference of LinearOrderedCommMonoidWithZero took 0.00111ms
typeclass inference of NonUnitalNonAssocRing took 0.598ms
typeclass inference of NormedRing took 0.978ms
typeclass inference of NormedRing took 0.00639ms
typeclass inference of NormedRing took 0.00635ms
typeclass inference of NormedRing took 0.00136ms
typeclass inference of NormedRing took 0.00137ms
typeclass inference of NormedRing took 0.00118ms
typeclass inference of NormedRing took 0.00122ms
typeclass inference of NormedRing took 0.0013ms
typeclass inference of NormedRing took 0.00121ms
typeclass inference of NormedRing took 0.00171ms
typeclass inference of NormedRing took 0.002ms
typeclass inference of NormedRing took 0.00152ms
typeclass inference of NormedRing took 0.00136ms
typeclass inference of NormedRing took 0.00282ms
typeclass inference of NormedRing took 0.00118ms
typeclass inference of NormedRing took 0.0013ms
typeclass inference of NormedRing took 0.00113ms
typeclass inference of NormedRing took 0.00142ms
typeclass inference of NormedRing took 0.00105ms
typeclass inference of NormedRing took 0.00112ms
typeclass inference of NormedRing took 0.00119ms
typeclass inference of NormedRing took 0.00402ms
typeclass inference of NormedRing took 0.00115ms
typeclass inference of NormedRing took 0.00115ms
typeclass inference of NormedRing took 0.00114ms
typeclass inference of NormedRing took 0.00111ms
typeclass inference of NormedRing took 0.00126ms
typeclass inference of NormedRing took 0.00143ms
typeclass inference of NormedRing took 0.00234ms
typeclass inference of NormedRing took 0.00114ms
typeclass inference of NormedRing took 0.00138ms
typeclass inference of NormedRing took 0.00108ms
typeclass inference of NormedRing took 0.001ms
typeclass inference of NormedRing took 0.00192ms
typeclass inference of NormedRing took 0.00112ms
typeclass inference of NormedRing took 0.00101ms
typeclass inference of NormedRing took 0.00107ms
typeclass inference of NormedRing took 0.00147ms
typeclass inference of NormedRing took 0.00128ms
typeclass inference of NormedRing took 0.00104ms
typeclass inference of Semiring took 0.00711ms
typeclass inference of Semiring took 0.0245ms
typeclass inference of GroupWithZero took 1.04ms
typeclass inference of GroupWithZero took 0.0035ms
typeclass inference of GroupWithZero took 0.00227ms
typeclass inference of GroupWithZero took 0.00123ms
typeclass inference of GroupWithZero took 0.00138ms
typeclass inference of GroupWithZero took 0.00117ms
typeclass inference of GroupWithZero took 0.00104ms
typeclass inference of GroupWithZero took 0.00171ms
typeclass inference of GroupWithZero took 0.00104ms
typeclass inference of GroupWithZero took 0.00107ms
typeclass inference of GroupWithZero took 0.00108ms
typeclass inference of GroupWithZero took 0.00149ms
typeclass inference of GroupWithZero took 0.00116ms
typeclass inference of GroupWithZero took 0.00108ms
typeclass inference of MulZeroClass took 0.817ms
typeclass inference of Semiring took 0.007ms
typeclass inference of CommMonoidWithZero took 0.00643ms
typeclass inference of CommMonoidWithZero took 0.00393ms
typeclass inference of LinearOrderedCommMonoidWithZero took 0.003ms
typeclass inference of LinearOrderedCommMonoidWithZero took 0.0021ms
typeclass inference of LinearOrderedCommMonoidWithZero took 0.00128ms
typeclass inference of LinearOrderedCommMonoidWithZero took 0.00111ms
typeclass inference of LinearOrderedCommMonoidWithZero took 0.00112ms
typeclass inference of LinearOrderedCommMonoidWithZero took 0.00109ms
typeclass inference of LinearOrderedCommMonoidWithZero took 0.00228ms
typeclass inference of LinearOrderedCommMonoidWithZero took 0.00143ms
typeclass inference of LinearOrderedCommMonoidWithZero took 0.00133ms
typeclass inference of LinearOrderedCommMonoidWithZero took 0.00117ms
typeclass inference of LinearOrderedCommMonoidWithZero took 0.00167ms
typeclass inference of LinearOrderedCommMonoidWithZero took 0.00115ms
typeclass inference of LinearOrderedCommMonoidWithZero took 0.00106ms
typeclass inference of NonUnitalNonAssocRing took 0.0054ms
typeclass inference of GroupWithZero took 0.00297ms
typeclass inference of GroupWithZero took 0.0024ms
typeclass inference of GroupWithZero took 0.00173ms
typeclass inference of GroupWithZero took 0.00114ms
typeclass inference of GroupWithZero took 0.00106ms
typeclass inference of GroupWithZero took 0.00109ms
typeclass inference of GroupWithZero took 0.00715ms
typeclass inference of GroupWithZero took 0.0017ms
typeclass inference of GroupWithZero took 0.00113ms
typeclass inference of GroupWithZero took 0.00115ms
typeclass inference of GroupWithZero took 0.00105ms
typeclass inference of GroupWithZero took 0.00154ms
typeclass inference of GroupWithZero took 0.00108ms
typeclass inference of GroupWithZero took 0.00118ms
typeclass inference of MulZeroClass took 0.00345ms
typeclass inference of GroupWithZero took 0.00253ms
typeclass inference of GroupWithZero took 0.00129ms
typeclass inference of GroupWithZero took 0.0023ms
typeclass inference of GroupWithZero took 0.00134ms
typeclass inference of GroupWithZero took 0.00122ms
typeclass inference of GroupWithZero took 0.00127ms
typeclass inference of GroupWithZero took 0.00106ms
typeclass inference of GroupWithZero took 0.00122ms
typeclass inference of GroupWithZero took 0.00255ms
typeclass inference of GroupWithZero took 0.00177ms
typeclass inference of GroupWithZero took 0.00141ms
typeclass inference of GroupWithZero took 0.00305ms
typeclass inference of GroupWithZero took 0.00124ms
typeclass inference of GroupWithZero took 0.00253ms
typeclass inference of GroupWithZero took 0.00135ms
typeclass inference of GroupWithZero took 0.0017ms
typeclass inference of GroupWithZero took 0.00227ms
typeclass inference of GroupWithZero took 0.00236ms
typeclass inference of GroupWithZero took 0.0011ms
typeclass inference of GroupWithZero took 0.00203ms
typeclass inference of GroupWithZero took 0.00426ms
typeclass inference of GroupWithZero took 0.00143ms
typeclass inference of GroupWithZero took 0.00184ms
typeclass inference of GroupWithZero took 0.00122ms
typeclass inference of GroupWithZero took 0.00118ms
typeclass inference of GroupWithZero took 0.00224ms
typeclass inference of GroupWithZero took 0.00131ms
typeclass inference of GroupWithZero took 0.00309ms
typeclass inference of GroupWithZero took 0.0012ms
typeclass inference of GroupWithZero took 0.00164ms
typeclass inference of GroupWithZero took 0.00112ms
typeclass inference of GroupWithZero took 0.00117ms
typeclass inference of GroupWithZero took 0.00115ms
typeclass inference of GroupWithZero took 0.00164ms
typeclass inference of GroupWithZero took 0.00111ms
typeclass inference of GroupWithZero took 0.00113ms
typeclass inference of GroupWithZero took 0.00291ms
typeclass inference of GroupWithZero took 0.00115ms
typeclass inference of GroupWithZero took 0.00115ms
typeclass inference of GroupWithZero took 0.00109ms
typeclass inference of GroupWithZero took 0.00142ms
typeclass inference of GroupWithZero took 0.00111ms
typeclass inference of GroupWithZero took 0.00172ms
typeclass inference of GroupWithZero took 0.00117ms
typeclass inference of GroupWithZero took 0.0013ms
typeclass inference of GroupWithZero took 0.00113ms
typeclass inference of GroupWithZero took 0.00109ms
typeclass inference of GroupWithZero took 0.00163ms
typeclass inference of GroupWithZero took 0.00118ms
typeclass inference of GroupWithZero took 0.00109ms
typeclass inference of GroupWithZero took 0.00204ms
typeclass inference of GroupWithZero took 0.00124ms
typeclass inference of GroupWithZero took 0.00106ms
typeclass inference of GroupWithZero took 0.00211ms
typeclass inference of GroupWithZero took 0.00144ms
typeclass inference of GroupWithZero took 0.0028ms
typeclass inference of GroupWithZero took 0.00162ms
typeclass inference of GroupWithZero took 0.0011ms
typeclass inference of GroupWithZero took 0.00105ms
typeclass inference of GroupWithZero took 0.00173ms
typeclass inference of GroupWithZero took 0.00111ms
typeclass inference of GroupWithZero took 0.00112ms
typeclass inference of GroupWithZero took 0.00116ms
typeclass inference of GroupWithZero took 0.00105ms
typeclass inference of GroupWithZero took 0.00166ms
typeclass inference of GroupWithZero took 0.00106ms
typeclass inference of GroupWithZero took 0.0011ms
typeclass inference of GroupWithZero took 0.0011ms
typeclass inference of GroupWithZero took 0.00162ms
typeclass inference of GroupWithZero took 0.00109ms
typeclass inference of GroupWithZero took 0.00107ms
typeclass inference of CommMonoidWithZero took 0.00622ms
typeclass inference of LinearOrderedCommMonoidWithZero took 0.00337ms
typeclass inference of LinearOrderedCommMonoidWithZero took 0.00205ms
typeclass inference of LinearOrderedCommMonoidWithZero took 0.00119ms
typeclass inference of LinearOrderedCommMonoidWithZero took 0.0011ms
typeclass inference of LinearOrderedCommMonoidWithZero took 0.00111ms
typeclass inference of LinearOrderedCommMonoidWithZero took 0.00105ms
typeclass inference of LinearOrderedCommMonoidWithZero took 0.00164ms
typeclass inference of LinearOrderedCommMonoidWithZero took 0.00101ms
typeclass inference of LinearOrderedCommMonoidWithZero took 0.00112ms
typeclass inference of LinearOrderedCommMonoidWithZero took 0.00109ms
typeclass inference of LinearOrderedCommMonoidWithZero took 0.00233ms
typeclass inference of LinearOrderedCommMonoidWithZero took 0.00251ms
typeclass inference of LinearOrderedCommMonoidWithZero took 0.00251ms
typeclass inference of NonUnitalNonAssocRing took 0.00765ms
typeclass inference of GroupWithZero took 0.004ms
typeclass inference of GroupWithZero took 0.0015ms
typeclass inference of GroupWithZero took 0.00229ms
typeclass inference of GroupWithZero took 0.0012ms
typeclass inference of GroupWithZero took 0.00109ms
typeclass inference of GroupWithZero took 0.00114ms
typeclass inference of GroupWithZero took 0.00109ms
typeclass inference of GroupWithZero took 0.00187ms
typeclass inference of GroupWithZero took 0.00133ms
typeclass inference of GroupWithZero took 0.0012ms
typeclass inference of GroupWithZero took 0.00128ms
typeclass inference of GroupWithZero took 0.00179ms
typeclass inference of GroupWithZero took 0.00259ms
typeclass inference of GroupWithZero took 0.0015ms
sym typeclass inference of Lean.Grind.NoNatZeroDivisors took 69.2ms
sym typeclass inference of Lean.Grind.Field took 0.841ms
typeclass inference of Lean.Grind.CommSemiring took 0.593ms
typeclass inference of Field took 0.00351ms
typeclass inference of Field took 0.00248ms
typeclass inference of Field took 0.00133ms
typeclass inference of Field took 0.00135ms
typeclass inference of Field took 0.00122ms
typeclass inference of Field took 0.00112ms
typeclass inference of Field took 0.00127ms
typeclass inference of Field took 0.00105ms
typeclass inference of Field took 0.00119ms
typeclass inference of Field took 0.00111ms
typeclass inference of Field took 0.00158ms
typeclass inference of Field took 0.00112ms
typeclass inference of Field took 0.00211ms
typeclass inference of Field took 0.0011ms
typeclass inference of Field took 0.00115ms
typeclass inference of Field took 0.00107ms
typeclass inference of Field took 0.00117ms
typeclass inference of Field took 0.00121ms
typeclass inference of Field took 0.00105ms
typeclass inference of Field took 0.00104ms
typeclass inference of Field took 0.00103ms
typeclass inference of Field took 0.00204ms
typeclass inference of Field took 0.00126ms
typeclass inference of Field took 0.00116ms
typeclass inference of Field took 0.00108ms
typeclass inference of Field took 0.00107ms
typeclass inference of Field took 0.00111ms
typeclass inference of Field took 0.00119ms
typeclass inference of Field took 0.00139ms
typeclass inference of Field took 0.00323ms
typeclass inference of Field took 0.00117ms
typeclass inference of Field took 0.00107ms
typeclass inference of Field took 0.00103ms
typeclass inference of Field took 0.00108ms
typeclass inference of Field took 0.00109ms
typeclass inference of Field took 0.00108ms
typeclass inference of Field took 0.00198ms
typeclass inference of Field took 0.00114ms
typeclass inference of Field took 0.00129ms
typeclass inference of Field took 0.00122ms
typeclass inference of Field took 0.00111ms
typeclass inference of Field took 0.00116ms
typeclass inference of Field took 0.00127ms
typeclass inference of Field took 0.00115ms
typeclass inference of Field took 0.00112ms
typeclass inference of Field took 0.00207ms
typeclass inference of Field took 0.00113ms
typeclass inference of Field took 0.00118ms
typeclass inference of Field took 0.00113ms
typeclass inference of Field took 0.00115ms
typeclass inference of Field took 0.00111ms
typeclass inference of Field took 0.00111ms
typeclass inference of Field took 0.00104ms
typeclass inference of Field took 0.00217ms
typeclass inference of Field took 0.00112ms
typeclass inference of Field took 0.00114ms
typeclass inference of Field took 0.0012ms
typeclass inference of Field took 0.00113ms
typeclass inference of Field took 0.00112ms
typeclass inference of Field took 0.00105ms
typeclass inference of Field took 0.00173ms
typeclass inference of Field took 0.00109ms
typeclass inference of Field took 0.0011ms
typeclass inference of Field took 0.00111ms
typeclass inference of Field took 0.00108ms
typeclass inference of Field took 0.00107ms
typeclass inference of Field took 0.00283ms
typeclass inference of Field took 0.00163ms
typeclass inference of Field took 0.00118ms
typeclass inference of Field took 0.0011ms
typeclass inference of Field took 0.00108ms
typeclass inference of Field took 0.00166ms
typeclass inference of Field took 0.00105ms
typeclass inference of Field took 0.00113ms
typeclass inference of Field took 0.0011ms
typeclass inference of Field took 0.00142ms
typeclass inference of Field took 0.00105ms
typeclass inference of Field took 0.0011ms
typeclass inference of Field took 0.00227ms
typeclass inference of Field took 0.00237ms
typeclass inference of Field took 0.00123ms
typeclass inference of Field took 0.0013ms
typeclass inference of Field took 0.00113ms
typeclass inference of Field took 0.00108ms
typeclass inference of Field took 0.00115ms
typeclass inference of Field took 0.00108ms
typeclass inference of Field took 0.00104ms
typeclass inference of Field took 0.00103ms
typeclass inference of Field took 0.00144ms
typeclass inference of Field took 0.00109ms
typeclass inference of Field took 0.00204ms
typeclass inference of Field took 0.00117ms
typeclass inference of Field took 0.00132ms
typeclass inference of Field took 0.00122ms
typeclass inference of Field took 0.00121ms
typeclass inference of Field took 0.0011ms
typeclass inference of Field took 0.00148ms
typeclass inference of Field took 0.00107ms
typeclass inference of Field took 0.00102ms
typeclass inference of Field took 0.0022ms
typeclass inference of Field took 0.00126ms
typeclass inference of Field took 0.00121ms
typeclass inference of Field took 0.00116ms
typeclass inference of Field took 0.0011ms
typeclass inference of Field took 0.00115ms
typeclass inference of Field took 0.00112ms
typeclass inference of Field took 0.00109ms
typeclass inference of Field took 0.00147ms
typeclass inference of Field took 0.00117ms
typeclass inference of Field took 0.00136ms
typeclass inference of Field took 0.00108ms
typeclass inference of Field took 0.00111ms
typeclass inference of Field took 0.00109ms
typeclass inference of Field took 0.00106ms
typeclass inference of Field took 0.00222ms
typeclass inference of Field took 0.0011ms
typeclass inference of Field took 0.00125ms
typeclass inference of Field took 0.00119ms
typeclass inference of Field took 0.00113ms
typeclass inference of Field took 0.00111ms
typeclass inference of Field took 0.00108ms
typeclass inference of Field took 0.00112ms
typeclass inference of Field took 0.00105ms
typeclass inference of Field took 0.00211ms
typeclass inference of Field took 0.00118ms
typeclass inference of Field took 0.00117ms
typeclass inference of Field took 0.00119ms
typeclass inference of Field took 0.00114ms
typeclass inference of Field took 0.00111ms
typeclass inference of Field took 0.00126ms
typeclass inference of Field took 0.00113ms
typeclass inference of Field took 0.00209ms
typeclass inference of Field took 0.00115ms
typeclass inference of Field took 0.0012ms
typeclass inference of Field took 0.00229ms
typeclass inference of Field took 0.00111ms
typeclass inference of Field took 0.00111ms
typeclass inference of Field took 0.00105ms
typeclass inference of Field took 0.00175ms
typeclass inference of Field took 0.00104ms
typeclass inference of Field took 0.00111ms
typeclass inference of Field took 0.00114ms
typeclass inference of Field took 0.00106ms
typeclass inference of Field took 0.00105ms
typeclass inference of Field took 0.00176ms
typeclass inference of Field took 0.00111ms
typeclass inference of Field took 0.00119ms
typeclass inference of Field took 0.00111ms
typeclass inference of Field took 0.00105ms
typeclass inference of Field took 0.00165ms
typeclass inference of Field took 0.00109ms
typeclass inference of Field took 0.00117ms
typeclass inference of Field took 0.0011ms
typeclass inference of Field took 0.00253ms
typeclass inference of Field took 0.00206ms
typeclass inference of Field took 0.00149ms
sym typeclass inference of Lean.Grind.PowIdentity took 12.8ms
sym typeclass inference of HSub took 0.0196ms
sym canon took 0.0208ms
sym typeclass inference of HMul took 0.00636ms
sym canon took 0.0101ms
sym typeclass inference of Lean.Grind.ToInt took 0.0707ms
sym typeclass inference of LE took 3.32ms
sym typeclass inference of LT took 2.74ms
sym typeclass inference of LE took 0.013ms
congr simp thm took 0.00148ms
congr simp thm took 0.000721ms
congr simp thm took 0.000291ms
congr simp thm took 0.00036ms
congr simp thm took 0.00511ms
grind simp took 0.45ms
grind mark subsingleton took 0.145ms
typeclass inference of CategoryTheory.CartesianMonoidalCategory took 0.0644ms
typeclass inference of CategoryTheory.CartesianMonoidalCategory took 0.00456ms
sym typeclass inference of HPow took 2.38ms
sym typeclass inference of OfNat took 0.942ms
sym typeclass inference of OfNat took 0.0416ms
sym canon took 0.194ms
grind mark subsingleton took 0.00234ms
sym canon took 0.000491ms
grind mark subsingleton took 0.000812ms
sym canon took 0.000281ms
grind mark subsingleton took 0.000732ms
sym canon took 0.00021ms
grind mark subsingleton took 0.0217ms
sym typeclass inference of Pow took 0.17ms
sym canon took 0.197ms
grind mark subsingleton took 0.00154ms
sym canon took 0.000421ms
grind mark subsingleton took 0.000591ms
sym canon took 0.0002ms
grind mark subsingleton took 0.000401ms
sym canon took 0.000161ms
grind mark subsingleton took 0.0054ms
sym canon took 0.00034ms
sym typeclass inference of Lean.Grind.CommRing took 0.748ms
sym typeclass inference of Lean.Grind.CommSemiring took 0.0297ms
sym typeclass inference of Lean.Grind.Semiring took 0.0844ms
sym canon took 0.0222ms
typeclass inference of Lean.Grind.CommSemiring took 0.0182ms
sym typeclass inference of Lean.Grind.CommRing took 0.09ms
sym typeclass inference of Lean.Grind.IsCharP took 0.569ms
typeclass inference of Lean.Grind.CommSemiring took 0.00735ms
sym typeclass inference of Lean.Grind.NatModule took 5.89ms
sym typeclass inference of Lean.Grind.NoNatZeroDivisors took 0.345ms
sym typeclass inference of Lean.Grind.Field took 0.323ms
typeclass inference of Lean.Grind.CommSemiring took 0.0203ms
typeclass inference of Lean.Grind.CommSemiring took 0.117ms
typeclass inference of Field took 0.28ms
typeclass inference of Field took 0.00233ms
typeclass inference of Field took 0.00144ms
typeclass inference of Field took 0.0012ms
typeclass inference of Field took 0.00225ms
typeclass inference of Field took 0.00165ms
typeclass inference of Field took 0.00111ms
typeclass inference of Field took 0.00111ms
sym typeclass inference of Lean.Grind.PowIdentity took 1.22ms
sym typeclass inference of Lean.Grind.CommRing took 0.0393ms
sym typeclass inference of Lean.Grind.IsCharP took 0.136ms
sym typeclass inference of Lean.Grind.NatModule took 0.105ms
sym typeclass inference of Lean.Grind.NoNatZeroDivisors took 0.714ms
sym typeclass inference of Lean.Grind.Field took 0.359ms
typeclass inference of Lean.Grind.CommSemiring took 0.0751ms
typeclass inference of Field took 0.261ms
typeclass inference of Field took 0.0024ms
typeclass inference of Field took 0.00143ms
typeclass inference of Field took 0.00227ms
typeclass inference of Field took 0.00167ms
typeclass inference of Field took 0.00116ms
sym typeclass inference of Lean.Grind.PowIdentity took 0.826ms
sym typeclass inference of NatCast took 0.034ms
sym typeclass inference of NatCast took 0.00315ms
sym canon took 0.0216ms
sym typeclass inference of LE took 0.00042ms
typeclass inference of Preorder took 1.05ms
typeclass inference of Std.IsPreorder took 0.351ms
typeclass inference of PartialOrder took 0.867ms
typeclass inference of Std.IsPartialOrder took 0.147ms
typeclass inference of Std.LinearPreorderPackage took 0.0585ms
typeclass inference of Std.LinearPreorderPackage took 0.00227ms
typeclass inference of Std.LinearPreorderPackage took 0.00136ms
typeclass inference of Std.IsLinearPreorder took 0.33ms
sym typeclass inference of LT took 0.00033ms
sym typeclass inference of LE took 0.00021ms
sym canon took 0.0153ms
typeclass inference of Std.LawfulOrderLT took 0.0486ms
sym typeclass inference of LT took 0.00021ms
sym canon took 0.0316ms
sym typeclass inference of Lean.Grind.OrderedRing took 0.154ms
typeclass inference of OfNat took 0.0674ms
typeclass inference of OfNat took 0.0352ms
sym typeclass inference of HAdd took 0.00022ms
sym typeclass inference of HAdd took 0.00027ms
sym canon took 0.024ms
typeclass inference of OfNat took 0.00345ms
sym typeclass inference of IntCast took 0.0361ms
sym typeclass inference of IntCast took 0.00283ms
sym canon took 0.0149ms
typeclass inference of OfNat took 0.0358ms
typeclass inference of OfNat took 0.286ms
typeclass inference of OfNat took 0.0132ms
sym typeclass inference of HPow took 0.0205ms
sym canon took 0.0423ms
congr simp thm took 0.0197ms
congr simp thm took 0.0122ms
congr simp thm took 0.00686ms
congr simp thm took 0.00269ms
grind simp took 3.33ms
grind mark subsingleton took 0.0912ms
sym typeclass inference of LE took 0.00311ms
sym typeclass inference of OfNat took 0.139ms
sym canon took 0.36ms
typeclass inference of OfNat took 0.077ms
typeclass inference of OfNat took 0.0475ms
typeclass inference of OfNat took 0.00338ms
typeclass inference of OfNat took 0.00237ms
congr simp thm took 0.00771ms
congr simp thm took 0.000371ms
congr simp thm took 0.000921ms
congr simp thm took 0.000701ms
congr simp thm took 0.00442ms
typeclass inference of Decidable took 0.143ms
congr simp thm took 0.000631ms
grind simp took 0.864ms
grind mark subsingleton took 0.0176ms
sym typeclass inference of OfNat took 0.0556ms
sym canon took 0.103ms
typeclass inference of OfNat took 0.0557ms
typeclass inference of OfNat took 0.0394ms
typeclass inference of OfNat took 0.00236ms
typeclass inference of OfNat took 0.0017ms
congr simp thm took 0.000531ms
congr simp thm took 0.000261ms
congr simp thm took 0.000591ms
congr simp thm took 0.000281ms
typeclass inference of Decidable took 0.12ms
congr simp thm took 0.000681ms
grind simp took 0.316ms
grind mark subsingleton took 0.0156ms
sym canon took 0.0801ms
typeclass inference of OfNat took 0.0572ms
typeclass inference of OfNat took 0.0369ms
typeclass inference of OfNat took 0.00244ms
typeclass inference of OfNat took 0.00156ms
congr simp thm took 0.000551ms
congr simp thm took 0.00022ms
congr simp thm took 0.000612ms
congr simp thm took 0.000281ms
typeclass inference of Decidable took 0.141ms
congr simp thm took 0.000631ms
grind simp took 0.322ms
grind mark subsingleton took 0.0162ms
sym typeclass inference of OfNat took 0.0458ms
sym canon took 0.0828ms
typeclass inference of OfNat took 0.0494ms
typeclass inference of OfNat took 0.0342ms
typeclass inference of OfNat took 0.00234ms
typeclass inference of OfNat took 0.00142ms
congr simp thm took 0.00112ms
grind simp took 0.156ms
grind mark subsingleton took 0.0112ms
sym typeclass inference of OfNat took 0.0446ms
sym canon took 0.0225ms
typeclass inference of OfNat took 0.0468ms
typeclass inference of OfNat took 0.0317ms
typeclass inference of OfNat took 0.00225ms
congr simp thm took 0.00102ms
grind simp took 0.118ms
grind mark subsingleton took 0.0284ms
sym canon took 0.0687ms
congr simp thm took 0.000621ms
congr simp thm took 0.0004ms
grind simp took 0.165ms
grind mark subsingleton took 0.105ms
sym typeclass inference of HAdd took 1.2ms
sym canon took 0.0866ms
sym typeclass inference of HAdd took 0.00446ms
sym canon took 0.00774ms
congr simp thm took 0.000731ms
congr simp thm took 0.000631ms
congr simp thm took 0.00029ms
congr simp thm took 0.000641ms
grind simp took 0.292ms
grind mark subsingleton took 0.0134ms
sym typeclass inference of OfNat took 0.0468ms
sym canon took 0.0231ms
typeclass inference of OfNat took 0.0486ms
typeclass inference of OfNat took 0.0328ms
typeclass inference of OfNat took 0.00236ms
congr simp thm took 0.000791ms
congr simp thm took 0.00027ms
congr simp thm took 0.000601ms
grind simp took 0.27ms
grind mark subsingleton took 0.139ms
sym typeclass inference of OfNat took 0.0507ms
sym canon took 0.101ms
typeclass inference of OfNat took 0.0668ms
typeclass inference of OfNat took 0.037ms
typeclass inference of OfNat took 0.00255ms
congr simp thm took 0.000731ms
congr simp thm took 0.000551ms
congr simp thm took 0.000551ms
congr simp thm took 0.000641ms
congr simp thm took 0.000511ms
congr simp thm took 0.000321ms
grind simp took 0.39ms
grind mark subsingleton took 0.0389ms
sym typeclass inference of HAdd took 0.000321ms
sym typeclass inference of HMul took 0.00017ms
sym typeclass inference of OfNat took 0.0497ms
sym canon took 0.0745ms
sym typeclass inference of HMul took 0.000411ms
sym typeclass inference of HMul took 0.000241ms
sym canon took 0.0151ms
typeclass inference of OfNat took 0.0466ms
typeclass inference of OfNat took 0.00255ms
typeclass inference of OfNat took 0.0368ms
typeclass inference of OfNat took 0.00184ms
congr simp thm took 0.000771ms
congr simp thm took 0.00024ms
congr simp thm took 0.000331ms
congr simp thm took 0.000431ms
congr simp thm took 0.000682ms
congr simp thm took 0.000371ms
grind simp took 0.494ms
grind mark subsingleton took 0.118ms
sym canon took 0.108ms
sym typeclass inference of HMul took 0.000411ms
sym canon took 0.00973ms
congr simp thm took 0.0048ms
congr simp thm took 0.000481ms
congr simp thm took 0.000451ms
congr simp thm took 0.000431ms
congr simp thm took 0.000351ms
congr simp thm took 0.000431ms
congr simp thm took 0.00026ms
congr simp thm took 0.000631ms
congr simp thm took 0.000431ms
congr simp thm took 0.000231ms
congr simp thm took 0.000271ms
congr simp thm took 0.000771ms
congr simp thm took 0.000371ms
congr simp thm took 0.00029ms
grind simp took 0.701ms
grind mark subsingleton took 0.0373ms
sym canon took 0.0245ms
typeclass inference of OfNat took 0.0583ms
typeclass inference of OfNat took 0.0029ms
typeclass inference of OfNat took 0.00163ms
typeclass inference of OfNat took 0.00155ms
grind ring took 0.0592ms
grind cutsat took 0.164ms
grind took 16.4ms
instantiate metavars took 0.0226ms
tactic execution of Lean.Parser.Tactic.grind took 1.33ms
tactic execution of Lean.Parser.Tactic.tacticSeq1Indented took 0.00985ms
tactic execution of Lean.Parser.Tactic.tacticSeq took 0.00512ms
tactic execution of Lean.Parser.Tactic.paren took 0.00614ms
tactic execution of Lean.Parser.Tactic.withAnnotateState took 0.00823ms
tactic execution of Lean.Parser.Tactic.tacticSeq1Indented took 0.00642ms
tactic execution of Lean.Parser.Tactic.tacticSeq took 0.0058ms
tactic execution of Lean.Parser.Tactic.case took 0.0907ms
tactic execution of Lean.Parser.Tactic.tacticSeq1Indented took 0.0254ms
tactic execution of Lean.Parser.Tactic.tacticSeq took 0.00516ms
tactic execution of Lean.Parser.Tactic.focus took 0.0108ms
tactic execution of Lean.Parser.Tactic.tacticHave__ took 0.0596ms
typeclass inference of OfNat took 1.13ms
typeclass inference of OfNat took 0.115ms
typeclass inference of OfNat took 0.0503ms
typeclass inference of HAdd took 1.09ms
typeclass inference of HMul took 0.987ms
typeclass inference of HPow took 0.181ms
typeclass inference of HMul took 0.0738ms
typeclass inference of HAdd took 0.0604ms
typeclass inference of OfNat took 0.0722ms
typeclass inference of HPow took 0.137ms
typeclass inference of HMul took 0.0585ms
typeclass inference of HAdd took 0.0559ms
typeclass inference of OfNat took 0.0647ms
typeclass inference of OfNat took 0.0467ms
typeclass inference of OfNat took 0.0488ms
typeclass inference of HPow took 0.132ms
typeclass inference of HMul took 0.0584ms
typeclass inference of HAdd took 0.052ms
typeclass inference of OfNat took 0.0431ms
typeclass inference of OfNat took 0.0348ms
typeclass inference of HAdd took 0.127ms
typeclass inference of HMul took 0.133ms
typeclass inference of HPow took 0.143ms
typeclass inference of HMul took 0.0597ms
typeclass inference of HAdd took 0.0537ms
typeclass inference of OfNat took 0.048ms
typeclass inference of HPow took 0.136ms
typeclass inference of HMul took 0.0607ms
typeclass inference of HAdd took 0.0524ms
typeclass inference of OfNat took 0.0408ms
typeclass inference of OfNat took 0.0495ms
typeclass inference of HPow took 0.122ms
typeclass inference of HMul took 0.0645ms
typeclass inference of HAdd took 0.0553ms
typeclass inference of OfNat took 0.0426ms
typeclass inference of HPow took 0.12ms
typeclass inference of HMul took 0.0569ms
typeclass inference of HAdd took 0.0513ms
typeclass inference of OfNat took 0.0416ms
typeclass inference of HPow took 0.116ms
typeclass inference of HMul took 0.052ms
typeclass inference of HAdd took 0.0477ms
typeclass inference of OfNat took 0.0424ms
typeclass inference of HPow took 0.112ms
typeclass inference of HMul took 0.0567ms
typeclass inference of HAdd took 0.0492ms
typeclass inference of OfNat took 0.0478ms
typeclass inference of HPow took 0.13ms
typeclass inference of HMul took 0.0731ms
typeclass inference of HAdd took 0.0583ms
typeclass inference of OfNat took 0.0462ms
typeclass inference of HPow took 0.13ms
typeclass inference of HMul took 0.0599ms
typeclass inference of HAdd took 0.0497ms
typeclass inference of OfNat took 0.0415ms
typeclass inference of HPow took 0.111ms
typeclass inference of HMul took 0.0502ms
typeclass inference of HAdd took 0.0464ms
typeclass inference of Pow took 0.049ms
typeclass inference of CategoryTheory.CartesianMonoidalCategory took 0.0509ms
typeclass inference of CategoryTheory.CartesianMonoidalCategory took 0.00491ms
typeclass inference of NPow took 2.3ms
typeclass inference of OfNat took 0.0446ms
typeclass inference of HMul took 1.44ms
typeclass inference of HAdd took 0.0117ms
typeclass inference of OfNat took 0.261ms
typeclass inference of HPow took 0.302ms
typeclass inference of HMul took 0.104ms
typeclass inference of HAdd took 0.103ms
typeclass inference of OfNat took 0.0944ms
typeclass inference of HPow took 0.191ms
typeclass inference of HMul took 0.0649ms
typeclass inference of HAdd took 0.0514ms
typeclass inference of OfNat took 0.0452ms
typeclass inference of HPow took 0.12ms
typeclass inference of HMul took 0.0527ms
typeclass inference of HAdd took 0.051ms
typeclass inference of Pow took 0.0441ms
typeclass inference of NPow took 0.124ms
typeclass inference of OfNat took 0.00415ms
typeclass inference of HMul took 0.169ms
typeclass inference of HAdd took 0.00369ms
tactic execution of Lean.Parser.Tactic.refine took 2.52ms
tactic execution of Lean.Parser.Tactic.rewriteSeq took 0.165ms
tactic execution of Lean.Parser.Tactic.exact took 0.156ms
tactic execution of Lean.Parser.Tactic.exact took 0.0974ms
tactic execution of Lean.Parser.Tactic.eqRefl took 0.0104ms
tactic execution of Lean.Parser.Tactic.applyRfl took 0.0299ms
tactic execution of Lean.Parser.Tactic.tacticRfl took 0.0576ms
tactic execution of Lean.Parser.Tactic.tacticSeq1Indented took 0.00569ms
tactic execution of Lean.Parser.Tactic.tacticSeq took 0.00514ms
tactic execution of Lean.Parser.Tactic.withReducible took 0.00675ms
tactic execution of Lean.Parser.Tactic.tacticSeq1Indented took 0.00566ms
tactic execution of Lean.Parser.Tactic.tacticSeq took 0.00458ms
tactic execution of Lean.Parser.Tactic.paren took 0.00458ms
tactic execution of Lean.Parser.Tactic.tacticSeq1Indented took 0.00387ms
tactic execution of Lean.Parser.Tactic.tacticSeq took 0.00461ms
tactic execution of Lean.Parser.Tactic.skip took 0.00315ms
tactic execution of Lean.Parser.Tactic.tacticSeq1Indented took 0.00541ms
tactic execution of Lean.Parser.Tactic.tacticSeq took 0.00514ms
tactic execution of Lean.Parser.Tactic.first took 0.00902ms
tactic execution of Lean.Parser.Tactic.tacticTry_ took 0.00835ms
tactic execution of Lean.Parser.Tactic.tacticSeq1Indented took 0.00454ms
tactic execution of Lean.Parser.Tactic.tacticSeq took 0.00462ms
tactic execution of Lean.Parser.Tactic.paren took 0.00329ms
tactic execution of Lean.Parser.Tactic.withAnnotateState took 0.0112ms
tactic execution of Lean.Parser.Tactic.tacticSeq1Indented took 0.0135ms
tactic execution of Lean.Parser.Tactic.tacticSeq took 0.00457ms
tactic execution of Lean.Parser.Tactic.paren took 0.00471ms
tactic execution of Lean.Parser.Tactic.rwSeq took 0.0127ms
tactic execution of Lean.Parser.Tactic.exact took 0.0488ms
tactic execution of Lean.Parser.Tactic.tacticSeq1Indented took 0.0111ms
tactic execution of Lean.Parser.Tactic.tacticSeq took 0.0115ms
tactic execution of Lean.Parser.Tactic.rewriteSeq took 3.23ms
tactic execution of Lean.Parser.Tactic.exact took 0.0915ms
tactic execution of Lean.Parser.Tactic.exact took 0.0817ms
tactic execution of Lean.Parser.Tactic.eqRefl took 0.0116ms
tactic execution of Lean.Parser.Tactic.tacticRfl took 0.0318ms
tactic execution of Lean.Parser.Tactic.tacticSeq1Indented took 0.00351ms
tactic execution of Lean.Parser.Tactic.tacticSeq took 0.00294ms
tactic execution of Lean.Parser.Tactic.withReducible took 0.00306ms
tactic execution of Lean.Parser.Tactic.tacticSeq1Indented took 0.00283ms
tactic execution of Lean.Parser.Tactic.tacticSeq took 0.00246ms
tactic execution of Lean.Parser.Tactic.paren took 0.00245ms
tactic execution of Lean.Parser.Tactic.tacticSeq1Indented took 0.00307ms
tactic execution of Lean.Parser.Tactic.tacticSeq took 0.0027ms
tactic execution of Lean.Parser.Tactic.first took 0.00398ms
tactic execution of Lean.Parser.Tactic.tacticTry_ took 0.00506ms
tactic execution of Lean.Parser.Tactic.tacticSeq1Indented took 0.00299ms
tactic execution of Lean.Parser.Tactic.tacticSeq took 0.00277ms
tactic execution of Lean.Parser.Tactic.paren took 0.00297ms
tactic execution of Lean.Parser.Tactic.withAnnotateState took 0.0135ms
tactic execution of Lean.Parser.Tactic.tacticSeq1Indented took 0.0165ms
tactic execution of Lean.Parser.Tactic.tacticSeq took 0.0113ms
tactic execution of Lean.Parser.Tactic.paren took 0.00777ms
tactic execution of Lean.Parser.Tactic.rwSeq took 0.0308ms
tactic execution of Lean.Parser.Tactic.tacticSeq1Indented took 0.00457ms
tactic execution of Lean.Parser.Tactic.tacticSeq took 0.00356ms
tactic execution of Lean.Parser.Tactic.paren took 0.00492ms
tactic execution of Lean.Parser.Tactic.withAnnotateState took 0.00987ms
tactic execution of Lean.Parser.Tactic.tacticSeq1Indented took 0.00624ms
tactic execution of Lean.Parser.Tactic.tacticSeq took 0.00707ms
tactic execution of Lean.Parser.Tactic.case took 0.215ms
tactic execution of Lean.Parser.Tactic.tacticSeq1Indented took 0.024ms
tactic execution of Lean.Parser.Tactic.tacticSeq took 0.00574ms
tactic execution of Lean.Parser.Tactic.focus took 0.0109ms
tactic execution of Lean.Parser.Tactic.tacticHave__ took 0.0432ms
typeclass inference of OfNat took 0.0797ms
typeclass inference of OfNat took 0.0687ms
typeclass inference of OfNat took 0.0532ms
typeclass inference of OfNat took 0.0672ms
typeclass inference of OfNat took 0.0911ms
typeclass inference of OfNat took 0.0738ms
typeclass inference of OfNat took 0.0498ms
typeclass inference of OfNat took 0.0383ms
typeclass inference of HMul took 0.156ms
typeclass inference of HMul took 0.00314ms
typeclass inference of HMul took 0.149ms
typeclass inference of HPow took 0.158ms
typeclass inference of HPow took 0.154ms
typeclass inference of HMul took 0.0733ms
typeclass inference of LT took 0.031ms
typeclass inference of OfNat took 0.0408ms
typeclass inference of OfNat took 0.0513ms
typeclass inference of OfNat took 0.00336ms
typeclass inference of OfNat took 0.0533ms
typeclass inference of HPow took 0.122ms
typeclass inference of HPow took 0.128ms
typeclass inference of HMul took 0.0518ms
typeclass inference of OfNat took 0.0421ms
typeclass inference of OfNat took 0.0335ms
typeclass inference of HPow took 0.11ms
typeclass inference of HPow took 0.125ms
typeclass inference of HMul took 0.0539ms
typeclass inference of OfNat took 0.0466ms
typeclass inference of OfNat took 0.0334ms
typeclass inference of HPow took 0.121ms
typeclass inference of HPow took 0.108ms
typeclass inference of HMul took 0.0494ms
typeclass inference of OfNat took 0.0399ms
typeclass inference of OfNat took 0.033ms
typeclass inference of HPow took 0.108ms
typeclass inference of HPow took 0.107ms
typeclass inference of HMul took 0.0457ms
typeclass inference of Pow took 0.0393ms
typeclass inference of NPow took 0.104ms
typeclass inference of OfNat took 0.0382ms
typeclass inference of OfNat took 0.0427ms
typeclass inference of HPow took 0.119ms
typeclass inference of HMul took 0.0556ms
typeclass inference of OfNat took 0.0399ms
typeclass inference of HPow took 0.107ms
typeclass inference of HMul took 0.0511ms
typeclass inference of OfNat took 0.0386ms
typeclass inference of HPow took 0.12ms
typeclass inference of HMul took 0.0745ms
typeclass inference of Pow took 0.0428ms
typeclass inference of NPow took 0.00326ms
typeclass inference of OfNat took 0.0767ms
typeclass inference of HMul took 0.00305ms
typeclass inference of OfNat took 0.0745ms
typeclass inference of OfNat took 0.0444ms
typeclass inference of OfNat took 0.0477ms
typeclass inference of OfNat took 0.0351ms
typeclass inference of HMul took 0.00392ms
typeclass inference of HMul took 0.00224ms
typeclass inference of HMul took 0.0342ms
typeclass inference of HPow took 0.145ms
typeclass inference of HMul took 0.0585ms
typeclass inference of LE took 0.0316ms
typeclass inference of OfNat took 0.00351ms
typeclass inference of OfNat took 0.051ms
typeclass inference of HPow took 0.123ms
typeclass inference of HMul took 0.0541ms
typeclass inference of OfNat took 0.0455ms
typeclass inference of HPow took 0.113ms
typeclass inference of HMul took 0.0724ms
typeclass inference of OfNat took 0.0718ms
typeclass inference of OfNat took 0.0635ms
typeclass inference of OfNat took 0.0758ms
typeclass inference of OfNat took 0.0462ms
typeclass inference of OfNat took 0.038ms
typeclass inference of OfNat took 0.0436ms
typeclass inference of OfNat took 0.0338ms
typeclass inference of OfNat took 0.0429ms
typeclass inference of HMul took 0.00425ms
typeclass inference of HPow took 0.165ms
typeclass inference of HPow took 0.148ms
typeclass inference of HMul took 0.0677ms
typeclass inference of LT took 0.00408ms
typeclass inference of OfNat took 0.00327ms
typeclass inference of OfNat took 0.0557ms
typeclass inference of OfNat took 0.00354ms
typeclass inference of OfNat took 0.0489ms
typeclass inference of HPow took 0.129ms
typeclass inference of HPow took 0.144ms
typeclass inference of HMul took 0.0505ms
typeclass inference of OfNat took 0.0411ms
typeclass inference of OfNat took 0.0336ms
typeclass inference of HPow took 0.114ms
typeclass inference of HPow took 0.127ms
typeclass inference of HMul took 0.0492ms
typeclass inference of OfNat took 0.00726ms
typeclass inference of HPow took 0.285ms
typeclass inference of HMul took 0.00295ms
typeclass inference of OfNat took 0.00232ms
typeclass inference of OfNat took 0.00187ms
typeclass inference of HPow took 0.00185ms
typeclass inference of HPow took 0.00152ms
typeclass inference of HMul took 0.00189ms
typeclass inference of Trans took 0.249ms
typeclass inference of LE took 0.216ms
typeclass inference of LE took 0.0691ms
typeclass inference of Zero took 0.12ms
typeclass inference of PartialOrder took 0.0471ms
typeclass inference of Ring took 0.979ms
typeclass inference of AddMonoidWithOne took 0.0438ms
norm_num took 0.284ms
typeclass inference of Semiring took 0.039ms
typeclass inference of PartialOrder took 0.00341ms
typeclass inference of CommSemiring took 0.0303ms
typeclass inference of IsOrderedRing took 0.969ms
typeclass inference of Nontrivial took 0.0521ms
typeclass inference of Semiring took 0.00353ms
typeclass inference of IsStrictOrderedRing took 0.0418ms
tactic execution of Mathlib.Tactic.Positivity.positivity took 1.06ms
tactic execution of Lean.Parser.Tactic.tacticSeq1Indented took 0.00907ms
tactic execution of Lean.Parser.Tactic.tacticSeq took 0.0156ms
tactic execution of Lean.Parser.Tactic.refine took 6.26ms
tactic execution of Lean.Parser.Tactic.rotateRight took 0.00789ms
tactic execution of Lean.Parser.Tactic.tacticSeq1Indented took 0.012ms
tactic execution of Lean.Parser.Tactic.tacticSeq took 0.00377ms
tactic execution of Lean.Parser.Tactic.paren took 0.00445ms
tactic execution of Lean.Parser.Tactic.tacticSeq1Indented took 0.00452ms
tactic execution of Lean.Parser.Tactic.tacticSeq took 0.0046ms
tactic execution of Lean.Parser.Tactic.focus took 0.00682ms
tactic execution of Lean.Parser.Tactic.tacticRefine_lift_ took 0.00769ms
tactic execution of Lean.Parser.Tactic.tacticHave__ took 0.0282ms
typeclass inference of HMul took 0.155ms
typeclass inference of HMul took 0.152ms
typeclass inference of LT took 0.0349ms
tactic execution of Lean.Parser.Tactic.refine took 0.525ms
interpretation of Lean.Meta.Grind.reduceCtorEqCheap took 0.00187ms
interpretation of Lean.Meta.Grind.reduceSimpMatchDiscrsOnly took 0.000992ms
interpretation of Lean.Meta.Grind.reducePreMatchCond took 0.000771ms
interpretation of Lean.Meta.Grind.Arith.expandPow01 took 0.000922ms
interpretation of Lean.Meta.Grind.Arith.expandDiv took 0.000581ms
interpretation of Lean.Meta.Grind.Arith.normNatAddInst took 0.000581ms
interpretation of Lean.Meta.Grind.Arith.normNatMulInst took 0.000722ms
interpretation of Lean.Meta.Grind.Arith.normNatSubInst took 0.000601ms
interpretation of Lean.Meta.Grind.Arith.normNatDivInst took 0.000561ms
interpretation of Lean.Meta.Grind.Arith.normNatModInst took 0.000481ms
interpretation of Lean.Meta.Grind.Arith.normNatPowInst took 0.000831ms
interpretation of Lean.Meta.Grind.Arith.normNatOfNatInst took 0.000541ms
interpretation of Lean.Meta.Grind.Arith.normIntNegInst took 0.000531ms
interpretation of Lean.Meta.Grind.Arith.normIntAddInst took 0.000581ms
interpretation of Lean.Meta.Grind.Arith.normIntMulInst took 0.000701ms
interpretation of Lean.Meta.Grind.Arith.normIntSubInst took 0.000701ms
interpretation of Lean.Meta.Grind.Arith.normIntDivInst took 0.000892ms
interpretation of Lean.Meta.Grind.Arith.normIntModInst took 0.000571ms
interpretation of Lean.Meta.Grind.Arith.normIntPowInst took 0.000681ms
interpretation of Lean.Meta.Grind.Arith.normNatCastInst took 0.000761ms
interpretation of Lean.Meta.Grind.Arith.normIntOfNatInst took 0.000751ms
interpretation of Lean.Meta.Grind.Arith.normNatCastNum took 0.000611ms
interpretation of Lean.Meta.Grind.Arith.normIntCastNum took 0.000791ms
interpretation of Lean.Meta.Grind.Arith.normPowRatInt took 0.000741ms
interpretation of Lean.Meta.Grind.Arith.normFieldInv took 0.000581ms
interpretation of Lean.Meta.Grind.simpForall took 0.000701ms
interpretation of Lean.Meta.Grind.simpExists took 0.000592ms
interpretation of Lean.Meta.Grind.simpEq took 0.000561ms
interpretation of Lean.Meta.Grind.simpOr took 0.000691ms
interpretation of Lean.Meta.Grind.simpDIte took 0.00044ms
interpretation of Lean.Meta.Grind.pushNot took 0.000771ms
interpretation of Lean.Meta.Grind.unfoldReducibleSimproc took 0.000871ms
congr simp thm took 0.00696ms
congr simp thm took 0.00347ms
congr simp thm took 0.00266ms
grind simp took 0.407ms
grind mark subsingleton took 0.0626ms
sym typeclass inference of HSub took 0.928ms
sym typeclass inference of HMul took 0.957ms
sym typeclass inference of OfNat took 0.779ms
sym canon took 0.148ms
sym typeclass inference of Lean.Grind.CommRing took 0.463ms
typeclass inference of Lean.Grind.Ring took 0.534ms
typeclass inference of Semiring took 1.1ms
typeclass inference of AddLeftCancelSemigroup took 1.24ms
sym typeclass inference of Lean.Grind.IsCharP took 12.2ms
sym typeclass inference of Lean.Grind.NatModule took 1.3ms
typeclass inference of AddCommMonoid took 0.945ms
typeclass inference of AddCommMonoid took 0.00624ms
typeclass inference of AddCommMonoid took 0.007ms
typeclass inference of AddCancelMonoid took 0.945ms
typeclass inference of AddCommMonoid took 0.00841ms
typeclass inference of AddGroup took 0.611ms
typeclass inference of Field took 0.312ms
typeclass inference of Field took 0.00219ms
typeclass inference of Field took 0.00161ms
typeclass inference of Field took 0.00262ms
typeclass inference of Field took 0.00136ms
typeclass inference of Field took 0.00125ms
typeclass inference of Field took 0.00115ms
typeclass inference of Field took 0.00113ms
typeclass inference of Field took 0.00142ms
typeclass inference of Field took 0.00109ms
typeclass inference of Field took 0.00105ms
typeclass inference of Field took 0.00108ms
typeclass inference of Field took 0.00209ms
typeclass inference of Field took 0.00115ms
typeclass inference of Field took 0.00131ms
typeclass inference of Field took 0.00114ms
typeclass inference of Field took 0.00119ms
typeclass inference of Field took 0.00108ms
typeclass inference of Field took 0.00106ms
typeclass inference of Field took 0.00104ms
typeclass inference of Field took 0.00207ms
typeclass inference of Field took 0.00115ms
typeclass inference of Field took 0.00126ms
typeclass inference of Field took 0.00176ms
typeclass inference of Field took 0.00221ms
typeclass inference of Field took 0.00226ms
typeclass inference of Field took 0.00165ms
typeclass inference of Field took 0.00207ms
typeclass inference of Field took 0.00124ms
typeclass inference of Field took 0.00127ms
typeclass inference of Semiring took 0.00451ms
typeclass inference of RCLike took 0.0207ms
typeclass inference of RCLike took 0.0025ms
typeclass inference of RCLike took 0.00146ms
typeclass inference of RCLike took 0.00258ms
typeclass inference of RCLike took 0.00137ms
typeclass inference of RCLike took 0.00139ms
typeclass inference of RCLike took 0.00134ms
typeclass inference of RCLike took 0.00125ms
typeclass inference of RCLike took 0.00128ms
typeclass inference of RCLike took 0.00188ms
typeclass inference of RCLike took 0.00153ms
typeclass inference of RCLike took 0.00172ms
typeclass inference of RCLike took 0.00274ms
typeclass inference of RCLike took 0.00134ms
typeclass inference of RCLike took 0.00201ms
typeclass inference of RCLike took 0.00139ms
typeclass inference of RCLike took 0.0014ms
typeclass inference of RCLike took 0.00126ms
typeclass inference of RCLike took 0.00119ms
typeclass inference of RCLike took 0.00118ms
typeclass inference of RCLike took 0.00311ms
typeclass inference of RCLike took 0.00147ms
typeclass inference of RCLike took 0.00131ms
typeclass inference of RCLike took 0.00128ms
typeclass inference of RCLike took 0.00118ms
typeclass inference of RCLike took 0.00154ms
typeclass inference of RCLike took 0.00128ms
typeclass inference of RCLike took 0.00227ms
typeclass inference of RCLike took 0.00135ms
typeclass inference of RCLike took 0.00122ms
typeclass inference of Semiring took 0.0042ms
typeclass inference of NonAssocRing took 0.189ms
typeclass inference of Field took 0.00601ms
typeclass inference of Field took 0.00216ms
typeclass inference of Field took 0.00241ms
typeclass inference of Field took 0.00134ms
typeclass inference of Field took 0.00141ms
typeclass inference of Field took 0.0015ms
typeclass inference of Field took 0.00114ms
typeclass inference of Field took 0.00124ms
typeclass inference of Field took 0.00141ms
typeclass inference of Field took 0.00305ms
typeclass inference of Field took 0.00159ms
typeclass inference of Field took 0.00158ms
typeclass inference of Field took 0.00125ms
typeclass inference of Field took 0.00415ms
typeclass inference of Field took 0.00183ms
typeclass inference of Field took 0.00207ms
typeclass inference of Field took 0.00137ms
typeclass inference of Field took 0.00125ms
typeclass inference of Field took 0.00129ms
typeclass inference of Field took 0.00124ms
typeclass inference of Field took 0.00119ms
typeclass inference of Field took 0.00124ms
typeclass inference of Field took 0.00242ms
typeclass inference of Field took 0.0013ms
typeclass inference of Field took 0.00152ms
typeclass inference of Field took 0.00142ms
typeclass inference of Field took 0.00122ms
typeclass inference of Field took 0.0015ms
typeclass inference of Field took 0.00124ms
typeclass inference of Field took 0.00132ms
typeclass inference of Field took 0.00265ms
typeclass inference of Field took 0.00141ms
typeclass inference of Field took 0.00117ms
typeclass inference of Field took 0.00113ms
typeclass inference of Field took 0.00124ms
typeclass inference of Field took 0.00119ms
typeclass inference of Field took 0.0012ms
typeclass inference of Field took 0.00213ms
typeclass inference of Field took 0.00491ms
typeclass inference of Field took 0.00207ms
typeclass inference of Field took 0.00159ms
typeclass inference of Field took 0.00137ms
typeclass inference of Field took 0.00211ms
typeclass inference of Field took 0.00134ms
typeclass inference of Field took 0.00132ms
typeclass inference of Field took 0.00108ms
typeclass inference of Field took 0.00177ms
typeclass inference of Field took 0.00146ms
typeclass inference of Field took 0.00111ms
typeclass inference of Field took 0.00208ms
typeclass inference of Field took 0.00158ms
typeclass inference of Field took 0.00177ms
typeclass inference of Field took 0.00176ms
typeclass inference of Field took 0.00178ms
typeclass inference of Field took 0.00128ms
typeclass inference of Field took 0.00132ms
typeclass inference of Field took 0.00113ms
typeclass inference of Field took 0.00111ms
typeclass inference of Field took 0.00107ms
typeclass inference of Field took 0.0012ms
typeclass inference of Field took 0.00236ms
typeclass inference of Field took 0.00204ms
typeclass inference of Field took 0.00115ms
typeclass inference of Field took 0.00121ms
typeclass inference of Field took 0.00118ms
typeclass inference of Field took 0.00179ms
typeclass inference of Field took 0.00146ms
typeclass inference of Field took 0.00121ms
typeclass inference of Field took 0.00129ms
typeclass inference of Field took 0.00205ms
typeclass inference of Field took 0.00118ms
typeclass inference of Field took 0.00113ms
typeclass inference of Semiring took 0.00478ms
typeclass inference of DivisionRing took 0.385ms
typeclass inference of DivisionRing took 0.00227ms
typeclass inference of DivisionRing took 0.00136ms
typeclass inference of DivisionRing took 0.00112ms
typeclass inference of DivisionRing took 0.0075ms
typeclass inference of DivisionRing took 0.00118ms
typeclass inference of DivisionRing took 0.00132ms
typeclass inference of DivisionRing took 0.00124ms
typeclass inference of DivisionRing took 0.0012ms
typeclass inference of DivisionRing took 0.00112ms
typeclass inference of DivisionRing took 0.00109ms
typeclass inference of DivisionRing took 0.00105ms
typeclass inference of DivisionRing took 0.00188ms
typeclass inference of DivisionRing took 0.00114ms
typeclass inference of DivisionRing took 0.00121ms
typeclass inference of DivisionRing took 0.00118ms
typeclass inference of DivisionRing took 0.00105ms
typeclass inference of DivisionRing took 0.00111ms
typeclass inference of DivisionRing took 0.0011ms
typeclass inference of DivisionRing took 0.00213ms
typeclass inference of DivisionRing took 0.00125ms
typeclass inference of DivisionRing took 0.00118ms
typeclass inference of DivisionRing took 0.00106ms
typeclass inference of DivisionRing took 0.00106ms
typeclass inference of DivisionRing took 0.00103ms
typeclass inference of DivisionRing took 0.0017ms
typeclass inference of DivisionRing took 0.00116ms
typeclass inference of DivisionRing took 0.0012ms
typeclass inference of DivisionRing took 0.00107ms
typeclass inference of DivisionRing took 0.00106ms
typeclass inference of Semifield took 0.408ms
typeclass inference of Semifield took 0.00247ms
typeclass inference of Semifield took 0.00131ms
typeclass inference of Semifield took 0.00126ms
typeclass inference of Semifield took 0.00105ms
typeclass inference of Semifield took 0.00103ms
typeclass inference of Semifield took 0.00114ms
typeclass inference of Semifield took 0.00103ms
typeclass inference of Semifield took 0.000982ms
typeclass inference of Semifield took 0.00191ms
typeclass inference of Semifield took 0.00104ms
typeclass inference of Semifield took 0.00149ms
typeclass inference of Semifield took 0.00106ms
typeclass inference of Semifield took 0.00134ms
typeclass inference of Semifield took 0.00103ms
typeclass inference of Semifield took 0.00106ms
typeclass inference of Field took 0.00247ms
typeclass inference of Field took 0.0012ms
typeclass inference of Field took 0.0011ms
typeclass inference of Field took 0.00242ms
typeclass inference of Field took 0.00117ms
typeclass inference of Field took 0.00132ms
typeclass inference of Field took 0.00112ms
typeclass inference of Field took 0.00107ms
typeclass inference of Field took 0.00107ms
typeclass inference of Field took 0.00107ms
typeclass inference of Field took 0.00107ms
typeclass inference of Field took 0.00102ms
typeclass inference of Field took 0.00192ms
typeclass inference of Field took 0.00108ms
typeclass inference of Field took 0.00115ms
typeclass inference of Field took 0.0011ms
typeclass inference of Field took 0.00112ms
typeclass inference of Field took 0.00108ms
typeclass inference of Field took 0.00123ms
typeclass inference of Field took 0.00108ms
typeclass inference of Field took 0.00476ms
typeclass inference of Field took 0.00106ms
typeclass inference of Field took 0.00112ms
typeclass inference of Field took 0.00109ms
typeclass inference of Field took 0.0011ms
typeclass inference of Field took 0.00106ms
typeclass inference of Field took 0.00103ms
typeclass inference of DivisionRing took 0.00199ms
typeclass inference of DivisionRing took 0.0026ms
typeclass inference of DivisionRing took 0.00113ms
typeclass inference of DivisionRing took 0.00352ms
typeclass inference of DivisionRing took 0.00214ms
typeclass inference of DivisionRing took 0.00116ms
typeclass inference of DivisionRing took 0.00109ms
typeclass inference of DivisionRing took 0.00103ms
typeclass inference of DivisionRing took 0.00104ms
typeclass inference of DivisionRing took 0.00217ms
typeclass inference of DivisionRing took 0.00118ms
typeclass inference of DivisionRing took 0.00119ms
typeclass inference of DivisionRing took 0.00113ms
typeclass inference of DivisionRing took 0.00285ms
typeclass inference of DivisionRing took 0.00111ms
typeclass inference of DivisionRing took 0.00111ms
typeclass inference of EuclideanDomain took 0.449ms
typeclass inference of EuclideanDomain took 0.00251ms
typeclass inference of EuclideanDomain took 0.00135ms
typeclass inference of EuclideanDomain took 0.00124ms
typeclass inference of EuclideanDomain took 0.00118ms
typeclass inference of EuclideanDomain took 0.00121ms
typeclass inference of EuclideanDomain took 0.00114ms
typeclass inference of EuclideanDomain took 0.00112ms
typeclass inference of EuclideanDomain took 0.00111ms
typeclass inference of EuclideanDomain took 0.00101ms
typeclass inference of EuclideanDomain took 0.00143ms
typeclass inference of EuclideanDomain took 0.00116ms
typeclass inference of EuclideanDomain took 0.00103ms
typeclass inference of EuclideanDomain took 0.00194ms
typeclass inference of EuclideanDomain took 0.00112ms
typeclass inference of EuclideanDomain took 0.00113ms
typeclass inference of EuclideanDomain took 0.00112ms
typeclass inference of EuclideanDomain took 0.00107ms
typeclass inference of EuclideanDomain took 0.00108ms
typeclass inference of EuclideanDomain took 0.00118ms
typeclass inference of EuclideanDomain took 0.00103ms
typeclass inference of EuclideanDomain took 0.00111ms
typeclass inference of EuclideanDomain took 0.00192ms
typeclass inference of EuclideanDomain took 0.0011ms
typeclass inference of EuclideanDomain took 0.00125ms
typeclass inference of EuclideanDomain took 0.00112ms
typeclass inference of EuclideanDomain took 0.00109ms
typeclass inference of EuclideanDomain took 0.00115ms
typeclass inference of EuclideanDomain took 0.00106ms
typeclass inference of EuclideanDomain took 0.00109ms
typeclass inference of EuclideanDomain took 0.00181ms
typeclass inference of EuclideanDomain took 0.00111ms
typeclass inference of EuclideanDomain took 0.00121ms
typeclass inference of EuclideanDomain took 0.00111ms
typeclass inference of EuclideanDomain took 0.00111ms
typeclass inference of EuclideanDomain took 0.00108ms
typeclass inference of EuclideanDomain took 0.00111ms
typeclass inference of CommMonoidWithZero took 0.803ms
typeclass inference of Semiring took 0.00492ms
typeclass inference of CommMonoidWithZero took 0.00444ms
typeclass inference of CommMonoidWithZero took 0.00381ms
typeclass inference of CommGroupWithZero took 0.415ms
typeclass inference of CommGroupWithZero took 0.0026ms
typeclass inference of CommGroupWithZero took 0.00136ms
typeclass inference of CommGroupWithZero took 0.00138ms
typeclass inference of CommGroupWithZero took 0.00116ms
typeclass inference of CommGroupWithZero took 0.00109ms
typeclass inference of CommGroupWithZero took 0.00109ms
typeclass inference of CommGroupWithZero took 0.00103ms
typeclass inference of LinearOrderedCommMonoidWithZero took 0.0424ms
typeclass inference of LinearOrderedCommMonoidWithZero took 0.0019ms
typeclass inference of LinearOrderedCommMonoidWithZero took 0.00213ms
typeclass inference of LinearOrderedCommMonoidWithZero took 0.00123ms
typeclass inference of LinearOrderedCommMonoidWithZero took 0.00124ms
typeclass inference of LinearOrderedCommMonoidWithZero took 0.00124ms
typeclass inference of LinearOrderedCommMonoidWithZero took 0.00111ms
typeclass inference of LinearOrderedCommMonoidWithZero took 0.00106ms
typeclass inference of LinearOrderedCommMonoidWithZero took 0.000972ms
typeclass inference of LinearOrderedCommMonoidWithZero took 0.00154ms
typeclass inference of LinearOrderedCommMonoidWithZero took 0.00121ms
typeclass inference of LinearOrderedCommMonoidWithZero took 0.00114ms
typeclass inference of LinearOrderedCommMonoidWithZero took 0.00181ms
typeclass inference of LinearOrderedCommMonoidWithZero took 0.00113ms
typeclass inference of LinearOrderedCommMonoidWithZero took 0.00108ms
typeclass inference of LinearOrderedCommMonoidWithZero took 0.00113ms
typeclass inference of LinearOrderedCommMonoidWithZero took 0.00118ms
typeclass inference of LinearOrderedCommMonoidWithZero took 0.00105ms
typeclass inference of LinearOrderedCommMonoidWithZero took 0.001ms
typeclass inference of LinearOrderedCommMonoidWithZero took 0.00186ms
typeclass inference of LinearOrderedCommMonoidWithZero took 0.00115ms
typeclass inference of LinearOrderedCommMonoidWithZero took 0.00112ms
typeclass inference of LinearOrderedCommMonoidWithZero took 0.0011ms
typeclass inference of LinearOrderedCommMonoidWithZero took 0.00113ms
typeclass inference of LinearOrderedCommMonoidWithZero took 0.00107ms
typeclass inference of LinearOrderedCommMonoidWithZero took 0.00198ms
typeclass inference of LinearOrderedCommMonoidWithZero took 0.00112ms
typeclass inference of LinearOrderedCommMonoidWithZero took 0.00114ms
typeclass inference of LinearOrderedCommMonoidWithZero took 0.00109ms
typeclass inference of LinearOrderedCommMonoidWithZero took 0.00106ms
typeclass inference of LinearOrderedCommMonoidWithZero took 0.00179ms
typeclass inference of LinearOrderedCommMonoidWithZero took 0.00138ms
typeclass inference of LinearOrderedCommMonoidWithZero took 0.00126ms
typeclass inference of LinearOrderedCommMonoidWithZero took 0.00186ms
typeclass inference of LinearOrderedCommMonoidWithZero took 0.00108ms
typeclass inference of LinearOrderedCommMonoidWithZero took 0.00114ms
typeclass inference of LinearOrderedCommMonoidWithZero took 0.00107ms
typeclass inference of LinearOrderedCommMonoidWithZero took 0.00111ms
typeclass inference of LinearOrderedCommMonoidWithZero took 0.00111ms
typeclass inference of LinearOrderedCommMonoidWithZero took 0.000942ms
typeclass inference of LinearOrderedCommMonoidWithZero took 0.00123ms
typeclass inference of LinearOrderedCommMonoidWithZero took 0.00104ms
typeclass inference of LinearOrderedCommMonoidWithZero took 0.00105ms
typeclass inference of LinearOrderedCommMonoidWithZero took 0.00206ms
typeclass inference of LinearOrderedCommMonoidWithZero took 0.00109ms
typeclass inference of LinearOrderedCommMonoidWithZero took 0.00118ms
typeclass inference of LinearOrderedCommMonoidWithZero took 0.00112ms
typeclass inference of LinearOrderedCommMonoidWithZero took 0.00104ms
typeclass inference of LinearOrderedCommMonoidWithZero took 0.00107ms
typeclass inference of LinearOrderedCommMonoidWithZero took 0.000992ms
typeclass inference of LinearOrderedCommMonoidWithZero took 0.00179ms
typeclass inference of LinearOrderedCommMonoidWithZero took 0.00112ms
typeclass inference of LinearOrderedCommMonoidWithZero took 0.0011ms
typeclass inference of LinearOrderedCommMonoidWithZero took 0.00109ms
typeclass inference of LinearOrderedCommMonoidWithZero took 0.00111ms
typeclass inference of LinearOrderedCommMonoidWithZero took 0.00108ms
typeclass inference of LinearOrderedCommMonoidWithZero took 0.00164ms
typeclass inference of LinearOrderedCommMonoidWithZero took 0.00109ms
typeclass inference of LinearOrderedCommMonoidWithZero took 0.00113ms
typeclass inference of LinearOrderedCommMonoidWithZero took 0.00113ms
typeclass inference of LinearOrderedCommMonoidWithZero took 0.00123ms
typeclass inference of LinearOrderedCommMonoidWithZero took 0.00195ms
typeclass inference of LinearOrderedCommMonoidWithZero took 0.00116ms
typeclass inference of LinearOrderedCommMonoidWithZero took 0.00109ms
typeclass inference of LinearOrderedCommMonoidWithZero took 0.00203ms
typeclass inference of LinearOrderedCommMonoidWithZero took 0.00112ms
typeclass inference of LinearOrderedCommMonoidWithZero took 0.0023ms
typeclass inference of LinearOrderedCommMonoidWithZero took 0.00116ms
typeclass inference of LinearOrderedCommMonoidWithZero took 0.00115ms
typeclass inference of LinearOrderedCommMonoidWithZero took 0.00109ms
typeclass inference of LinearOrderedCommMonoidWithZero took 0.00115ms
typeclass inference of LinearOrderedCommMonoidWithZero took 0.00105ms
typeclass inference of LinearOrderedCommMonoidWithZero took 0.00102ms
typeclass inference of LinearOrderedCommMonoidWithZero took 0.00139ms
typeclass inference of LinearOrderedCommMonoidWithZero took 0.00117ms
typeclass inference of LinearOrderedCommMonoidWithZero took 0.00103ms
typeclass inference of LinearOrderedCommMonoidWithZero took 0.00183ms
typeclass inference of LinearOrderedCommMonoidWithZero took 0.00104ms
typeclass inference of LinearOrderedCommMonoidWithZero took 0.00112ms
typeclass inference of LinearOrderedCommMonoidWithZero took 0.00112ms
typeclass inference of LinearOrderedCommMonoidWithZero took 0.00109ms
typeclass inference of LinearOrderedCommMonoidWithZero took 0.00107ms
typeclass inference of LinearOrderedCommMonoidWithZero took 0.000982ms
typeclass inference of LinearOrderedCommMonoidWithZero took 0.0018ms
typeclass inference of LinearOrderedCommMonoidWithZero took 0.00107ms
typeclass inference of LinearOrderedCommMonoidWithZero took 0.00122ms
typeclass inference of LinearOrderedCommMonoidWithZero took 0.00102ms
typeclass inference of LinearOrderedCommMonoidWithZero took 0.00112ms
typeclass inference of LinearOrderedCommMonoidWithZero took 0.00113ms
typeclass inference of LinearOrderedCommMonoidWithZero took 0.00185ms
typeclass inference of LinearOrderedCommMonoidWithZero took 0.00108ms
typeclass inference of LinearOrderedCommMonoidWithZero took 0.00111ms
typeclass inference of LinearOrderedCommMonoidWithZero took 0.0011ms
typeclass inference of LinearOrderedCommMonoidWithZero took 0.00101ms
typeclass inference of LinearOrderedCommMonoidWithZero took 0.00153ms
typeclass inference of LinearOrderedCommMonoidWithZero took 0.00124ms
typeclass inference of LinearOrderedCommMonoidWithZero took 0.00126ms
typeclass inference of LinearOrderedCommMonoidWithZero took 0.00184ms
typeclass inference of LinearOrderedCommMonoidWithZero took 0.00103ms
typeclass inference of LinearOrderedCommMonoidWithZero took 0.00119ms
typeclass inference of LinearOrderedCommMonoidWithZero took 0.00123ms
typeclass inference of LinearOrderedCommMonoidWithZero took 0.00116ms
typeclass inference of LinearOrderedCommMonoidWithZero took 0.0011ms
typeclass inference of LinearOrderedCommMonoidWithZero took 0.000972ms
typeclass inference of LinearOrderedCommMonoidWithZero took 0.00136ms
typeclass inference of LinearOrderedCommMonoidWithZero took 0.00111ms
typeclass inference of LinearOrderedCommMonoidWithZero took 0.00106ms
typeclass inference of LinearOrderedCommMonoidWithZero took 0.00174ms
typeclass inference of LinearOrderedCommMonoidWithZero took 0.00106ms
typeclass inference of LinearOrderedCommMonoidWithZero took 0.00114ms
typeclass inference of LinearOrderedCommMonoidWithZero took 0.0011ms
typeclass inference of LinearOrderedCommMonoidWithZero took 0.00119ms
typeclass inference of LinearOrderedCommMonoidWithZero took 0.00109ms
typeclass inference of LinearOrderedCommMonoidWithZero took 0.000962ms
typeclass inference of LinearOrderedCommMonoidWithZero took 0.00214ms
typeclass inference of LinearOrderedCommMonoidWithZero took 0.0011ms
typeclass inference of LinearOrderedCommMonoidWithZero took 0.0012ms
typeclass inference of LinearOrderedCommMonoidWithZero took 0.00111ms
typeclass inference of LinearOrderedCommMonoidWithZero took 0.00113ms
typeclass inference of LinearOrderedCommMonoidWithZero took 0.00103ms
typeclass inference of LinearOrderedCommMonoidWithZero took 0.0018ms
typeclass inference of LinearOrderedCommMonoidWithZero took 0.0013ms
typeclass inference of LinearOrderedCommMonoidWithZero took 0.0013ms
typeclass inference of LinearOrderedCommMonoidWithZero took 0.00115ms
typeclass inference of LinearOrderedCommMonoidWithZero took 0.00112ms
typeclass inference of LinearOrderedCommMonoidWithZero took 0.00166ms
typeclass inference of LinearOrderedCommMonoidWithZero took 0.00111ms
typeclass inference of LinearOrderedCommMonoidWithZero took 0.00105ms
typeclass inference of LinearOrderedCommMonoidWithZero took 0.00166ms
typeclass inference of LinearOrderedCommMonoidWithZero took 0.0015ms
typeclass inference of LinearOrderedCommMonoidWithZero took 0.00104ms
typeclass inference of LinearOrderedCommMonoidWithZero took 0.00214ms
typeclass inference of LinearOrderedCommMonoidWithZero took 0.00103ms
typeclass inference of LinearOrderedCommMonoidWithZero took 0.00125ms
typeclass inference of LinearOrderedCommMonoidWithZero took 0.00123ms
typeclass inference of LinearOrderedCommMonoidWithZero took 0.00113ms
typeclass inference of LinearOrderedCommMonoidWithZero took 0.00107ms
typeclass inference of LinearOrderedCommMonoidWithZero took 0.000952ms
typeclass inference of LinearOrderedCommMonoidWithZero took 0.00129ms
typeclass inference of LinearOrderedCommMonoidWithZero took 0.00111ms
typeclass inference of LinearOrderedCommMonoidWithZero took 0.00108ms
typeclass inference of LinearOrderedCommMonoidWithZero took 0.00185ms
typeclass inference of LinearOrderedCommMonoidWithZero took 0.00107ms
typeclass inference of LinearOrderedCommMonoidWithZero took 0.00109ms
typeclass inference of LinearOrderedCommMonoidWithZero took 0.00108ms
typeclass inference of LinearOrderedCommMonoidWithZero took 0.00103ms
typeclass inference of LinearOrderedCommMonoidWithZero took 0.00105ms
typeclass inference of LinearOrderedCommMonoidWithZero took 0.000982ms
typeclass inference of LinearOrderedCommMonoidWithZero took 0.00173ms
typeclass inference of LinearOrderedCommMonoidWithZero took 0.00112ms
typeclass inference of LinearOrderedCommMonoidWithZero took 0.00148ms
typeclass inference of LinearOrderedCommMonoidWithZero took 0.00117ms
typeclass inference of LinearOrderedCommMonoidWithZero took 0.00112ms
typeclass inference of LinearOrderedCommMonoidWithZero took 0.00108ms
typeclass inference of LinearOrderedCommMonoidWithZero took 0.00171ms
typeclass inference of LinearOrderedCommMonoidWithZero took 0.00125ms
typeclass inference of LinearOrderedCommMonoidWithZero took 0.00248ms
typeclass inference of LinearOrderedCommMonoidWithZero took 0.00111ms
typeclass inference of LinearOrderedCommMonoidWithZero took 0.00105ms
typeclass inference of LinearOrderedCommMonoidWithZero took 0.00167ms
typeclass inference of LinearOrderedCommMonoidWithZero took 0.00117ms
typeclass inference of LinearOrderedCommMonoidWithZero took 0.00115ms
typeclass inference of LinearOrderedCommMonoidWithZero took 0.00109ms
typeclass inference of LinearOrderedCommMonoidWithZero took 0.00144ms
typeclass inference of LinearOrderedCommMonoidWithZero took 0.00106ms
typeclass inference of LinearOrderedCommMonoidWithZero took 0.00117ms
typeclass inference of NonUnitalNonAssocRing took 0.858ms
typeclass inference of NormedRing took 0.512ms
typeclass inference of NormedRing took 0.00244ms
typeclass inference of NormedRing took 0.00214ms
typeclass inference of NormedRing took 0.00179ms
typeclass inference of NormedRing took 0.00126ms
typeclass inference of NormedRing took 0.00114ms
typeclass inference of NormedRing took 0.0011ms
typeclass inference of NormedRing took 0.0011ms
typeclass inference of NormedRing took 0.00117ms
typeclass inference of NormedRing took 0.00179ms
typeclass inference of NormedRing took 0.00113ms
typeclass inference of NormedRing took 0.00104ms
typeclass inference of NormedRing took 0.00103ms
typeclass inference of NormedRing took 0.00284ms
typeclass inference of NormedRing took 0.00184ms
typeclass inference of NormedRing took 0.00127ms
typeclass inference of NormedRing took 0.00121ms
typeclass inference of NormedRing took 0.00175ms
typeclass inference of NormedRing took 0.00244ms
typeclass inference of NormedRing took 0.00126ms
typeclass inference of NormedRing took 0.00113ms
typeclass inference of NormedRing took 0.00607ms
typeclass inference of NormedRing took 0.00192ms
typeclass inference of NormedRing took 0.00172ms
typeclass inference of NormedRing took 0.00136ms
typeclass inference of NormedRing took 0.00189ms
typeclass inference of NormedRing took 0.00221ms
typeclass inference of NormedRing took 0.00115ms
typeclass inference of NormedRing took 0.00328ms
typeclass inference of NormedRing took 0.00155ms
typeclass inference of NormedRing took 0.00163ms
typeclass inference of NormedRing took 0.00204ms
typeclass inference of NormedRing took 0.00167ms
typeclass inference of NormedRing took 0.00255ms
typeclass inference of NormedRing took 0.00107ms
typeclass inference of NormedRing took 0.0013ms
typeclass inference of NormedRing took 0.0012ms
typeclass inference of NormedRing took 0.00166ms
typeclass inference of NormedRing took 0.00127ms
typeclass inference of NormedRing took 0.000991ms
typeclass inference of Semiring took 0.0087ms
typeclass inference of Semiring took 0.027ms
typeclass inference of GroupWithZero took 0.717ms
typeclass inference of GroupWithZero took 0.00252ms
typeclass inference of GroupWithZero took 0.00226ms
typeclass inference of GroupWithZero took 0.00136ms
typeclass inference of GroupWithZero took 0.0014ms
typeclass inference of GroupWithZero took 0.00108ms
typeclass inference of GroupWithZero took 0.00111ms
typeclass inference of GroupWithZero took 0.00201ms
typeclass inference of GroupWithZero took 0.00105ms
typeclass inference of GroupWithZero took 0.00112ms
typeclass inference of GroupWithZero took 0.00104ms
typeclass inference of GroupWithZero took 0.00178ms
typeclass inference of GroupWithZero took 0.00103ms
typeclass inference of GroupWithZero took 0.00109ms
typeclass inference of MulZeroClass took 0.858ms
typeclass inference of Semiring took 0.00569ms
typeclass inference of CommMonoidWithZero took 0.00642ms
typeclass inference of CommMonoidWithZero took 0.0042ms
typeclass inference of LinearOrderedCommMonoidWithZero took 0.0039ms
typeclass inference of LinearOrderedCommMonoidWithZero took 0.00267ms
typeclass inference of LinearOrderedCommMonoidWithZero took 0.00153ms
typeclass inference of LinearOrderedCommMonoidWithZero took 0.00118ms
typeclass inference of LinearOrderedCommMonoidWithZero took 0.00161ms
typeclass inference of LinearOrderedCommMonoidWithZero took 0.00125ms
typeclass inference of LinearOrderedCommMonoidWithZero took 0.00244ms
typeclass inference of LinearOrderedCommMonoidWithZero took 0.00114ms
typeclass inference of LinearOrderedCommMonoidWithZero took 0.00121ms
typeclass inference of LinearOrderedCommMonoidWithZero took 0.00116ms
typeclass inference of LinearOrderedCommMonoidWithZero took 0.00205ms
typeclass inference of LinearOrderedCommMonoidWithZero took 0.00167ms
typeclass inference of LinearOrderedCommMonoidWithZero took 0.00111ms
typeclass inference of NonUnitalNonAssocRing took 0.0112ms
typeclass inference of GroupWithZero took 0.00295ms
typeclass inference of GroupWithZero took 0.00165ms
typeclass inference of GroupWithZero took 0.00244ms
typeclass inference of GroupWithZero took 0.00123ms
typeclass inference of GroupWithZero took 0.00112ms
typeclass inference of GroupWithZero took 0.00118ms
typeclass inference of GroupWithZero took 0.00106ms
typeclass inference of GroupWithZero took 0.0015ms
typeclass inference of GroupWithZero took 0.00213ms
typeclass inference of GroupWithZero took 0.0011ms
typeclass inference of GroupWithZero took 0.00106ms
typeclass inference of GroupWithZero took 0.00143ms
typeclass inference of GroupWithZero took 0.00104ms
typeclass inference of GroupWithZero took 0.0011ms
typeclass inference of MulZeroClass took 0.00388ms
typeclass inference of GroupWithZero took 0.00237ms
typeclass inference of GroupWithZero took 0.00128ms
typeclass inference of GroupWithZero took 0.00211ms
typeclass inference of GroupWithZero took 0.00111ms
typeclass inference of GroupWithZero took 0.0012ms
typeclass inference of GroupWithZero took 0.00115ms
typeclass inference of GroupWithZero took 0.0012ms
typeclass inference of GroupWithZero took 0.00109ms
typeclass inference of GroupWithZero took 0.00144ms
typeclass inference of GroupWithZero took 0.00106ms
typeclass inference of GroupWithZero took 0.0011ms
typeclass inference of GroupWithZero took 0.00232ms
typeclass inference of GroupWithZero took 0.0011ms
typeclass inference of GroupWithZero took 0.00119ms
typeclass inference of GroupWithZero took 0.00272ms
typeclass inference of GroupWithZero took 0.00125ms
typeclass inference of GroupWithZero took 0.00107ms
typeclass inference of GroupWithZero took 0.0018ms
typeclass inference of GroupWithZero took 0.00109ms
typeclass inference of GroupWithZero took 0.00119ms
typeclass inference of GroupWithZero took 0.00113ms
typeclass inference of GroupWithZero took 0.00109ms
typeclass inference of GroupWithZero took 0.00164ms
typeclass inference of GroupWithZero took 0.00105ms
typeclass inference of GroupWithZero took 0.001ms
typeclass inference of GroupWithZero took 0.00192ms
typeclass inference of GroupWithZero took 0.00108ms
typeclass inference of GroupWithZero took 0.00193ms
typeclass inference of GroupWithZero took 0.00134ms
typeclass inference of GroupWithZero took 0.0012ms
typeclass inference of GroupWithZero took 0.0072ms
typeclass inference of GroupWithZero took 0.00116ms
typeclass inference of GroupWithZero took 0.0012ms
typeclass inference of GroupWithZero took 0.00158ms
typeclass inference of GroupWithZero took 0.00109ms
typeclass inference of GroupWithZero took 0.00117ms
typeclass inference of GroupWithZero took 0.00237ms
typeclass inference of GroupWithZero took 0.00107ms
typeclass inference of GroupWithZero took 0.00108ms
typeclass inference of GroupWithZero took 0.00118ms
typeclass inference of GroupWithZero took 0.00141ms
typeclass inference of GroupWithZero took 0.00111ms
typeclass inference of GroupWithZero took 0.00365ms
typeclass inference of GroupWithZero took 0.00155ms
typeclass inference of GroupWithZero took 0.00112ms
typeclass inference of GroupWithZero took 0.00109ms
typeclass inference of GroupWithZero took 0.00127ms
typeclass inference of GroupWithZero took 0.00151ms
typeclass inference of GroupWithZero took 0.00116ms
typeclass inference of GroupWithZero took 0.00113ms
typeclass inference of GroupWithZero took 0.00154ms
typeclass inference of GroupWithZero took 0.00113ms
typeclass inference of GroupWithZero took 0.000982ms
typeclass inference of GroupWithZero took 0.00233ms
typeclass inference of GroupWithZero took 0.00117ms
typeclass inference of GroupWithZero took 0.00117ms
typeclass inference of GroupWithZero took 0.00116ms
typeclass inference of GroupWithZero took 0.0011ms
typeclass inference of GroupWithZero took 0.001ms
typeclass inference of GroupWithZero took 0.00183ms
typeclass inference of GroupWithZero took 0.00107ms
typeclass inference of GroupWithZero took 0.00132ms
typeclass inference of GroupWithZero took 0.00112ms
typeclass inference of GroupWithZero took 0.00102ms
typeclass inference of GroupWithZero took 0.00169ms
typeclass inference of GroupWithZero took 0.00112ms
typeclass inference of GroupWithZero took 0.00108ms
typeclass inference of GroupWithZero took 0.00106ms
typeclass inference of GroupWithZero took 0.00153ms
typeclass inference of GroupWithZero took 0.000992ms
typeclass inference of GroupWithZero took 0.00107ms
typeclass inference of CommMonoidWithZero took 0.00527ms
typeclass inference of LinearOrderedCommMonoidWithZero took 0.00293ms
typeclass inference of LinearOrderedCommMonoidWithZero took 0.00204ms
typeclass inference of LinearOrderedCommMonoidWithZero took 0.00121ms
typeclass inference of LinearOrderedCommMonoidWithZero took 0.00117ms
typeclass inference of LinearOrderedCommMonoidWithZero took 0.00108ms
typeclass inference of LinearOrderedCommMonoidWithZero took 0.00112ms
typeclass inference of LinearOrderedCommMonoidWithZero took 0.00158ms
typeclass inference of LinearOrderedCommMonoidWithZero took 0.00116ms
typeclass inference of LinearOrderedCommMonoidWithZero took 0.00121ms
typeclass inference of LinearOrderedCommMonoidWithZero took 0.00109ms
typeclass inference of LinearOrderedCommMonoidWithZero took 0.00147ms
typeclass inference of LinearOrderedCommMonoidWithZero took 0.00196ms
typeclass inference of LinearOrderedCommMonoidWithZero took 0.00159ms
typeclass inference of NonUnitalNonAssocRing took 0.0064ms
typeclass inference of GroupWithZero took 0.00304ms
typeclass inference of GroupWithZero took 0.00154ms
typeclass inference of GroupWithZero took 0.00224ms
typeclass inference of GroupWithZero took 0.00241ms
typeclass inference of GroupWithZero took 0.00147ms
typeclass inference of GroupWithZero took 0.00142ms
typeclass inference of GroupWithZero took 0.00113ms
typeclass inference of GroupWithZero took 0.00225ms
typeclass inference of GroupWithZero took 0.00111ms
typeclass inference of GroupWithZero took 0.00116ms
typeclass inference of GroupWithZero took 0.00122ms
typeclass inference of GroupWithZero took 0.00231ms
typeclass inference of GroupWithZero took 0.00132ms
typeclass inference of GroupWithZero took 0.00124ms
sym typeclass inference of Lean.Grind.NoNatZeroDivisors took 63.4ms
sym typeclass inference of Lean.Grind.Field took 0.491ms
typeclass inference of Lean.Grind.CommSemiring took 0.552ms
typeclass inference of Field took 0.00293ms
typeclass inference of Field took 0.00287ms
typeclass inference of Field took 0.00136ms
typeclass inference of Field took 0.00154ms
typeclass inference of Field took 0.00136ms
typeclass inference of Field took 0.00139ms
typeclass inference of Field took 0.00111ms
typeclass inference of Field took 0.00111ms
typeclass inference of Field took 0.00105ms
typeclass inference of Field took 0.000962ms
typeclass inference of Field took 0.00164ms
typeclass inference of Field took 0.00112ms
typeclass inference of Field took 0.00221ms
typeclass inference of Field took 0.0011ms
typeclass inference of Field took 0.00116ms
typeclass inference of Field took 0.00114ms
typeclass inference of Field took 0.00104ms
typeclass inference of Field took 0.0011ms
typeclass inference of Field took 0.0011ms
typeclass inference of Field took 0.00105ms
typeclass inference of Field took 0.00114ms
typeclass inference of Field took 0.00229ms
typeclass inference of Field took 0.00124ms
typeclass inference of Field took 0.00123ms
typeclass inference of Field took 0.00114ms
typeclass inference of Field took 0.00114ms
typeclass inference of Field took 0.0011ms
typeclass inference of Field took 0.00108ms
typeclass inference of Field took 0.00108ms
typeclass inference of Field took 0.0016ms
typeclass inference of Field took 0.00115ms
typeclass inference of Field took 0.00103ms
typeclass inference of Field took 0.00104ms
typeclass inference of Field took 0.00109ms
typeclass inference of Field took 0.000992ms
typeclass inference of Field took 0.00106ms
typeclass inference of Field took 0.0023ms
typeclass inference of Field took 0.00117ms
typeclass inference of Field took 0.00133ms
typeclass inference of Field took 0.00141ms
typeclass inference of Field took 0.00154ms
typeclass inference of Field took 0.00142ms
typeclass inference of Field took 0.00109ms
typeclass inference of Field took 0.00141ms
typeclass inference of Field took 0.00141ms
typeclass inference of Field took 0.00245ms
typeclass inference of Field took 0.00125ms
typeclass inference of Field took 0.00144ms
typeclass inference of Field took 0.00139ms
typeclass inference of Field took 0.00115ms
typeclass inference of Field took 0.00142ms
typeclass inference of Field took 0.00141ms
typeclass inference of Field took 0.00108ms
typeclass inference of Field took 0.00195ms
typeclass inference of Field took 0.0011ms
typeclass inference of Field took 0.00116ms
typeclass inference of Field took 0.0011ms
typeclass inference of Field took 0.00109ms
typeclass inference of Field took 0.00112ms
typeclass inference of Field took 0.00101ms
typeclass inference of Field took 0.00183ms
typeclass inference of Field took 0.00118ms
typeclass inference of Field took 0.00112ms
typeclass inference of Field took 0.00112ms
typeclass inference of Field took 0.00108ms
typeclass inference of Field took 0.00106ms
typeclass inference of Field took 0.00167ms
typeclass inference of Field took 0.00117ms
typeclass inference of Field took 0.0011ms
typeclass inference of Field took 0.00116ms
typeclass inference of Field took 0.00102ms
typeclass inference of Field took 0.00174ms
typeclass inference of Field took 0.00112ms
typeclass inference of Field took 0.0011ms
typeclass inference of Field took 0.00101ms
typeclass inference of Field took 0.00143ms
typeclass inference of Field took 0.00105ms
typeclass inference of Field took 0.000992ms
typeclass inference of Field took 0.00241ms
typeclass inference of Field took 0.00208ms
typeclass inference of Field took 0.00112ms
typeclass inference of Field took 0.0012ms
typeclass inference of Field took 0.001ms
typeclass inference of Field took 0.00107ms
typeclass inference of Field took 0.00127ms
typeclass inference of Field took 0.00111ms
typeclass inference of Field took 0.00103ms
typeclass inference of Field took 0.00106ms
typeclass inference of Field took 0.00146ms
typeclass inference of Field took 0.00109ms
typeclass inference of Field took 0.00192ms
typeclass inference of Field took 0.00104ms
typeclass inference of Field took 0.00118ms
typeclass inference of Field took 0.00119ms
typeclass inference of Field took 0.00121ms
typeclass inference of Field took 0.00112ms
typeclass inference of Field took 0.0011ms
typeclass inference of Field took 0.0012ms
typeclass inference of Field took 0.00103ms
typeclass inference of Field took 0.00212ms
typeclass inference of Field took 0.0011ms
typeclass inference of Field took 0.00295ms
typeclass inference of Field took 0.00115ms
typeclass inference of Field took 0.00115ms
typeclass inference of Field took 0.00107ms
typeclass inference of Field took 0.00102ms
typeclass inference of Field took 0.00104ms
typeclass inference of Field took 0.00144ms
typeclass inference of Field took 0.00112ms
typeclass inference of Field took 0.00105ms
typeclass inference of Field took 0.00127ms
typeclass inference of Field took 0.00107ms
typeclass inference of Field took 0.00103ms
typeclass inference of Field took 0.001ms
typeclass inference of Field took 0.00203ms
typeclass inference of Field took 0.00106ms
typeclass inference of Field took 0.00124ms
typeclass inference of Field took 0.00143ms
typeclass inference of Field took 0.0011ms
typeclass inference of Field took 0.00105ms
typeclass inference of Field took 0.00111ms
typeclass inference of Field took 0.00107ms
typeclass inference of Field took 0.00102ms
typeclass inference of Field took 0.00236ms
typeclass inference of Field took 0.00121ms
typeclass inference of Field took 0.0015ms
typeclass inference of Field took 0.00191ms
typeclass inference of Field took 0.00116ms
typeclass inference of Field took 0.0014ms
typeclass inference of Field took 0.00131ms
typeclass inference of Field took 0.00116ms
typeclass inference of Field took 0.00197ms
typeclass inference of Field took 0.00108ms
typeclass inference of Field took 0.00146ms
typeclass inference of Field took 0.0018ms
typeclass inference of Field took 0.0011ms
typeclass inference of Field took 0.00139ms
typeclass inference of Field took 0.00101ms
typeclass inference of Field took 0.0023ms
typeclass inference of Field took 0.00111ms
typeclass inference of Field took 0.00124ms
typeclass inference of Field took 0.0011ms
typeclass inference of Field took 0.00116ms
typeclass inference of Field took 0.00101ms
typeclass inference of Field took 0.00205ms
typeclass inference of Field took 0.00107ms
typeclass inference of Field took 0.00112ms
typeclass inference of Field took 0.00108ms
typeclass inference of Field took 0.00105ms
typeclass inference of Field took 0.00159ms
typeclass inference of Field took 0.00111ms
typeclass inference of Field took 0.00107ms
typeclass inference of Field took 0.00105ms
typeclass inference of Field took 0.00184ms
typeclass inference of Field took 0.00128ms
typeclass inference of Field took 0.001ms
sym typeclass inference of Lean.Grind.PowIdentity took 13.3ms
sym typeclass inference of HSub took 0.0197ms
sym canon took 0.0142ms
sym typeclass inference of HMul took 0.00509ms
sym canon took 0.00699ms
sym typeclass inference of Lean.Grind.ToInt took 0.0418ms
sym typeclass inference of LE took 3.51ms
sym typeclass inference of LT took 3.35ms
sym typeclass inference of LE took 0.00247ms
congr simp thm took 0.00244ms
congr simp thm took 0.000321ms
congr simp thm took 0.000371ms
congr simp thm took 0.000551ms
congr simp thm took 0.0077ms
grind simp took 0.614ms
grind mark subsingleton took 0.16ms
typeclass inference of CategoryTheory.CartesianMonoidalCategory took 0.0668ms
typeclass inference of CategoryTheory.CartesianMonoidalCategory took 0.00484ms
sym typeclass inference of HPow took 2.56ms
sym typeclass inference of OfNat took 1.01ms
sym typeclass inference of OfNat took 0.0439ms
sym canon took 0.24ms
grind mark subsingleton took 0.00187ms
sym canon took 0.000501ms
grind mark subsingleton took 0.000651ms
sym canon took 0.00023ms
grind mark subsingleton took 0.00043ms
sym canon took 0.000171ms
grind mark subsingleton took 0.0196ms
sym typeclass inference of Pow took 0.175ms
sym canon took 0.268ms
grind mark subsingleton took 0.00145ms
sym canon took 0.00043ms
grind mark subsingleton took 0.000601ms
sym canon took 0.000231ms
grind mark subsingleton took 0.000471ms
sym canon took 0.00017ms
grind mark subsingleton took 0.00519ms
sym canon took 0.000331ms
sym typeclass inference of Lean.Grind.CommRing took 0.777ms
sym typeclass inference of Lean.Grind.CommSemiring took 0.0305ms
sym typeclass inference of Lean.Grind.Semiring took 0.0946ms
sym canon took 0.0247ms
typeclass inference of Lean.Grind.CommSemiring took 0.0253ms
sym typeclass inference of Lean.Grind.CommRing took 0.105ms
sym typeclass inference of Lean.Grind.IsCharP took 0.842ms
typeclass inference of Lean.Grind.CommSemiring took 0.0056ms
sym typeclass inference of Lean.Grind.NatModule took 5.45ms
sym typeclass inference of Lean.Grind.NoNatZeroDivisors took 0.316ms
sym typeclass inference of Lean.Grind.Field took 0.333ms
typeclass inference of Lean.Grind.CommSemiring took 0.0235ms
typeclass inference of Lean.Grind.CommSemiring took 0.152ms
typeclass inference of Field took 0.292ms
typeclass inference of Field took 0.00269ms
typeclass inference of Field took 0.00138ms
typeclass inference of Field took 0.00136ms
typeclass inference of Field took 0.00269ms
typeclass inference of Field took 0.00198ms
typeclass inference of Field took 0.00104ms
typeclass inference of Field took 0.00101ms
sym typeclass inference of Lean.Grind.PowIdentity took 1.49ms
sym typeclass inference of Lean.Grind.CommRing took 0.0577ms
sym typeclass inference of Lean.Grind.IsCharP took 0.244ms
sym typeclass inference of Lean.Grind.NatModule took 0.15ms
sym typeclass inference of Lean.Grind.NoNatZeroDivisors took 0.813ms
sym typeclass inference of Lean.Grind.Field took 0.503ms
typeclass inference of Lean.Grind.CommSemiring took 0.0762ms
typeclass inference of Field took 0.278ms
typeclass inference of Field took 0.00236ms
typeclass inference of Field took 0.00147ms
typeclass inference of Field took 0.00222ms
typeclass inference of Field took 0.00167ms
typeclass inference of Field took 0.00117ms
sym typeclass inference of Lean.Grind.PowIdentity took 0.841ms
sym typeclass inference of NatCast took 0.0434ms
sym typeclass inference of NatCast took 0.00334ms
sym canon took 0.0255ms
sym typeclass inference of LE took 0.00039ms
typeclass inference of Preorder took 2.2ms
typeclass inference of Std.IsPreorder took 0.442ms
typeclass inference of PartialOrder took 0.966ms
typeclass inference of Std.IsPartialOrder took 0.168ms
typeclass inference of Std.LinearPreorderPackage took 0.0535ms
typeclass inference of Std.LinearPreorderPackage took 0.00266ms
typeclass inference of Std.LinearPreorderPackage took 0.00135ms
typeclass inference of Std.IsLinearPreorder took 0.322ms
sym typeclass inference of LT took 0.000311ms
sym typeclass inference of LE took 0.000221ms
sym canon took 0.0177ms
typeclass inference of Std.LawfulOrderLT took 0.0424ms
sym typeclass inference of LT took 0.0002ms
sym canon took 0.015ms
sym typeclass inference of Lean.Grind.OrderedRing took 0.0995ms
typeclass inference of OfNat took 0.0503ms
typeclass inference of OfNat took 0.0333ms
sym typeclass inference of HAdd took 0.00021ms
sym typeclass inference of HAdd took 0.00034ms
sym canon took 0.0187ms
typeclass inference of OfNat took 0.00315ms
sym typeclass inference of IntCast took 0.0309ms
sym typeclass inference of IntCast took 0.00255ms
sym canon took 0.0124ms
typeclass inference of OfNat took 0.00488ms
typeclass inference of OfNat took 0.0503ms
typeclass inference of OfNat took 0.0129ms
sym typeclass inference of HPow took 0.00536ms
sym canon took 0.00913ms
congr simp thm took 0.00437ms
congr simp thm took 0.00342ms
congr simp thm took 0.000672ms
congr simp thm took 0.000731ms
grind simp took 0.499ms
grind mark subsingleton took 0.0208ms
sym typeclass inference of LE took 0.000562ms
sym typeclass inference of OfNat took 0.0639ms
sym canon took 0.109ms
typeclass inference of OfNat took 0.0661ms
typeclass inference of OfNat took 0.0422ms
typeclass inference of OfNat took 0.00287ms
typeclass inference of OfNat took 0.00171ms
congr simp thm took 0.00469ms
congr simp thm took 0.000381ms
congr simp thm took 0.000672ms
congr simp thm took 0.000671ms
congr simp thm took 0.00387ms
typeclass inference of Decidable took 0.127ms
congr simp thm took 0.000601ms
grind simp took 0.652ms
grind mark subsingleton took 0.0144ms
sym typeclass inference of OfNat took 0.0514ms
sym canon took 0.0939ms
typeclass inference of OfNat took 0.0506ms
typeclass inference of OfNat took 0.037ms
typeclass inference of OfNat took 0.0023ms
typeclass inference of OfNat took 0.00186ms
congr simp thm took 0.000601ms
congr simp thm took 0.000241ms
congr simp thm took 0.000581ms
congr simp thm took 0.000391ms
typeclass inference of Decidable took 0.154ms
congr simp thm took 0.000682ms
grind simp took 0.336ms
grind mark subsingleton took 0.0191ms
sym canon took 0.0814ms
typeclass inference of OfNat took 0.0575ms
typeclass inference of OfNat took 0.041ms
typeclass inference of OfNat took 0.00312ms
typeclass inference of OfNat took 0.00233ms
congr simp thm took 0.000651ms
congr simp thm took 0.00024ms
congr simp thm took 0.000652ms
congr simp thm took 0.000361ms
typeclass inference of Decidable took 0.116ms
congr simp thm took 0.000591ms
grind simp took 0.327ms
grind mark subsingleton took 0.0141ms
sym typeclass inference of OfNat took 0.0451ms
sym canon took 0.0961ms
typeclass inference of OfNat took 0.0488ms
typeclass inference of OfNat took 0.0333ms
typeclass inference of OfNat took 0.00239ms
typeclass inference of OfNat took 0.00148ms
congr simp thm took 0.00125ms
grind simp took 0.138ms
grind mark subsingleton took 0.0113ms
sym typeclass inference of OfNat took 0.0455ms
sym canon took 0.0211ms
typeclass inference of OfNat took 0.0528ms
typeclass inference of OfNat took 0.0322ms
typeclass inference of OfNat took 0.00228ms
congr simp thm took 0.000741ms
grind simp took 0.113ms
grind mark subsingleton took 0.029ms
sym canon took 0.0601ms
congr simp thm took 0.000621ms
congr simp thm took 0.000411ms
grind simp took 0.162ms
grind mark subsingleton took 0.101ms
sym typeclass inference of HAdd took 1.25ms
sym canon took 0.0989ms
sym typeclass inference of HAdd took 0.0043ms
sym canon took 0.00726ms
congr simp thm took 0.000722ms
congr simp thm took 0.000671ms
congr simp thm took 0.00031ms
congr simp thm took 0.000581ms
grind simp took 0.306ms
grind mark subsingleton took 0.0139ms
sym typeclass inference of OfNat took 0.0544ms
sym canon took 0.0258ms
typeclass inference of OfNat took 0.0519ms
typeclass inference of OfNat took 0.0425ms
typeclass inference of OfNat took 0.00223ms
congr simp thm took 0.000952ms
congr simp thm took 0.000521ms
congr simp thm took 0.000541ms
grind simp took 0.27ms
grind mark subsingleton took 0.0909ms
sym typeclass inference of OfNat took 0.064ms
sym canon took 0.0966ms
typeclass inference of OfNat took 0.0657ms
typeclass inference of OfNat took 0.0527ms
typeclass inference of OfNat took 0.0046ms
congr simp thm took 0.0012ms
congr simp thm took 0.000762ms
congr simp thm took 0.00103ms
congr simp thm took 0.000712ms
congr simp thm took 0.00036ms
congr simp thm took 0.000622ms
grind simp took 0.53ms
grind mark subsingleton took 0.0653ms
sym typeclass inference of HAdd took 0.000461ms
sym typeclass inference of HMul took 0.00017ms
sym typeclass inference of OfNat took 0.0636ms
sym canon took 0.0804ms
sym typeclass inference of HMul took 0.000451ms
sym typeclass inference of HMul took 0.00028ms
sym canon took 0.0171ms
typeclass inference of OfNat took 0.0634ms
typeclass inference of OfNat took 0.00284ms
typeclass inference of OfNat took 0.0462ms
typeclass inference of OfNat took 0.00196ms
congr simp thm took 0.00222ms
congr simp thm took 0.000371ms
congr simp thm took 0.000431ms
congr simp thm took 0.000451ms
congr simp thm took 0.000662ms
congr simp thm took 0.000501ms
grind simp took 0.553ms
grind mark subsingleton took 0.194ms
sym canon took 0.136ms
sym typeclass inference of HMul took 0.000381ms
sym canon took 0.00943ms
congr simp thm took 0.000942ms
congr simp thm took 0.000521ms
congr simp thm took 0.000411ms
congr simp thm took 0.00041ms
congr simp thm took 0.000341ms
congr simp thm took 0.000341ms
congr simp thm took 0.000742ms
congr simp thm took 0.00024ms
congr simp thm took 0.00022ms
congr simp thm took 0.000301ms
grind simp took 0.558ms
grind mark subsingleton took 0.0457ms
sym canon took 0.036ms
typeclass inference of OfNat took 0.0865ms
typeclass inference of OfNat took 0.00418ms
typeclass inference of OfNat took 0.0528ms
typeclass inference of OfNat took 0.00237ms
congr simp thm took 0.000761ms
congr simp thm took 0.00032ms
congr simp thm took 0.000641ms
congr simp thm took 0.000411ms
congr simp thm took 0.000481ms
congr simp thm took 0.000311ms
congr simp thm took 0.00028ms
congr simp thm took 0.00113ms
congr simp thm took 0.0003ms
congr simp thm took 0.000301ms
grind simp took 0.887ms
grind mark subsingleton took 0.217ms
sym canon took 0.124ms
sym typeclass inference of HAdd took 0.00042ms
sym canon took 0.008ms
congr simp thm took 0.000691ms
congr simp thm took 0.000431ms
congr simp thm took 0.00046ms
congr simp thm took 0.000612ms
congr simp thm took 0.00034ms
congr simp thm took 0.00036ms
typeclass inference of Decidable took 0.148ms
congr simp thm took 0.000661ms
congr simp thm took 0.000341ms
grind simp took 0.501ms
grind mark subsingleton took 0.0293ms
sym typeclass inference of OfNat took 0.0553ms
sym canon took 0.0368ms
typeclass inference of OfNat took 0.0541ms
typeclass inference of OfNat took 0.0395ms
typeclass inference of OfNat took 0.00234ms
typeclass inference of OfNat took 0.00141ms
sym typeclass inference of Neg took 0.0592ms
sym typeclass inference of OfNat took 0.00439ms
sym canon took 0.139ms
sym typeclass inference of Neg took 0.00346ms
sym canon took 0.00366ms
typeclass inference of OfNat took 0.00411ms
grind mark subsingleton took 0.0454ms
sym canon took 0.00143ms
sym canon took 0.0011ms
typeclass inference of OfNat took 0.00444ms
grind mark subsingleton took 0.0242ms
sym canon took 0.00162ms
congr simp thm took 0.00608ms
congr simp thm took 0.000391ms
congr simp thm took 0.000421ms
congr simp thm took 0.000691ms
congr simp thm took 0.00034ms
congr simp thm took 0.000431ms
congr simp thm took 0.000742ms
congr simp thm took 0.000341ms
grind simp took 0.47ms
grind mark subsingleton took 0.0214ms
sym canon took 0.0106ms
sym typeclass inference of OfNat took 0.0539ms
sym canon took 0.0556ms
typeclass inference of OfNat took 0.00342ms
grind mark subsingleton took 0.0395ms
sym canon took 0.0018ms
sym canon took 0.00103ms
typeclass inference of OfNat took 0.00432ms
grind mark subsingleton took 0.0258ms
sym canon took 0.00155ms
grind took 14.3ms
instantiate metavars took 0.0249ms
tactic execution of Lean.Parser.Tactic.grind took 1.21ms
tactic execution of Lean.Parser.Tactic.tacticSeq1Indented took 0.00959ms
tactic execution of Lean.Parser.Tactic.tacticSeq took 0.00547ms
tactic execution of Lean.Parser.Tactic.paren took 0.00505ms
tactic execution of Lean.Parser.Tactic.withAnnotateState took 0.00807ms
tactic execution of Lean.Parser.Tactic.tacticSeq1Indented took 0.00473ms
tactic execution of Lean.Parser.Tactic.tacticSeq took 0.00428ms
tactic execution of Lean.Parser.Tactic.case took 0.0365ms
tactic execution of Lean.Parser.Tactic.tacticSeq1Indented took 0.0134ms
tactic execution of Lean.Parser.Tactic.tacticSeq took 0.0051ms
tactic execution of Lean.Parser.Tactic.focus took 0.00858ms
tactic execution of Lean.Parser.Tactic.tacticHave__ took 0.0269ms
typeclass inference of HMul took 1.27ms
typeclass inference of HMul took 0.966ms
typeclass inference of HMul took 0.184ms
typeclass inference of HMul took 0.18ms
tactic execution of Lean.Parser.Tactic.refine took 1.2ms
tactic execution of Lean.Parser.Tactic.rotateRight took 0.00671ms
tactic execution of Lean.Parser.Tactic.tacticSeq1Indented took 0.0176ms
tactic execution of Lean.Parser.Tactic.tacticSeq took 0.00467ms
tactic execution of Lean.Parser.Tactic.paren took 0.00585ms
tactic execution of Lean.Parser.Tactic.tacticSeq1Indented took 0.00624ms
tactic execution of Lean.Parser.Tactic.tacticSeq took 0.00719ms
tactic execution of Lean.Parser.Tactic.focus took 0.0111ms
tactic execution of Lean.Parser.Tactic.tacticRefine_lift_ took 0.00898ms
tactic execution of Lean.Parser.Tactic.tacticHave__ took 0.0319ms
tactic execution of Lean.Parser.Tactic.rewriteSeq took 0.849ms
tactic execution of Lean.Parser.Tactic.exact took 0.155ms
tactic execution of Lean.Parser.Tactic.exact took 0.0986ms
tactic execution of Lean.Parser.Tactic.eqRefl took 0.0149ms
tactic execution of Lean.Parser.Tactic.tacticRfl took 0.0406ms
tactic execution of Lean.Parser.Tactic.tacticSeq1Indented took 0.00575ms
tactic execution of Lean.Parser.Tactic.tacticSeq took 0.00505ms
tactic execution of Lean.Parser.Tactic.withReducible took 0.00721ms
tactic execution of Lean.Parser.Tactic.tacticSeq1Indented took 0.00568ms
tactic execution of Lean.Parser.Tactic.tacticSeq took 0.00515ms
tactic execution of Lean.Parser.Tactic.paren took 0.0045ms
tactic execution of Lean.Parser.Tactic.tacticSeq1Indented took 0.00615ms
tactic execution of Lean.Parser.Tactic.tacticSeq took 0.00581ms
tactic execution of Lean.Parser.Tactic.first took 0.0134ms
tactic execution of Lean.Parser.Tactic.tacticTry_ took 0.00819ms
tactic execution of Lean.Parser.Tactic.tacticSeq1Indented took 0.00328ms
tactic execution of Lean.Parser.Tactic.tacticSeq took 0.0031ms
tactic execution of Lean.Parser.Tactic.paren took 0.00361ms
tactic execution of Lean.Parser.Tactic.withAnnotateState took 0.0218ms
tactic execution of Lean.Parser.Tactic.tacticSeq1Indented took 0.0116ms
tactic execution of Lean.Parser.Tactic.tacticSeq took 0.00376ms
tactic execution of Lean.Parser.Tactic.paren took 0.00419ms
tactic execution of Lean.Parser.Tactic.rwSeq took 0.0464ms
tactic execution of Lean.Parser.Tactic.tacticSeq1Indented took 0.122ms
tactic execution of Lean.Parser.Tactic.tacticSeq took 0.0305ms
instantiate metavars took 0.264ms
instantiate metavars took 0.000351ms
instantiate metavars took 0.00013ms
instantiate metavars took 0.000221ms
instantiate metavars took 0.00011ms
share common exprs took 2.56ms
fix level params took 0.0778ms
let-to-have transformation took 0.0115ms
attribute application took 0.00483ms
attribute application took 0.000731ms
process pre-definitions took 2.26ms
elaboration took 1.8ms
type checking took 0.239ms
type checking took 6.53ms
type checking took 7.12ms
type checking took 8.59ms
type checking took 7.03ms
type checking took 7.39ms
overlappingInstancesLinter took 0.231ms
tacticAnalysis took 3.62ms
linting took 12.4ms
attribute application took 0.00197ms
typeclass inference of OfNat took 0.0639ms
typeclass inference of OfNat took 0.0391ms
typeclass inference of HSub took 0.975ms
typeclass inference of HMul took 0.902ms
typeclass inference of HMul took 0.877ms
typeclass inference of HSub took 0.758ms
typeclass inference of OfNat took 0.795ms
typeclass inference of OfNat took 0.094ms
typeclass inference of OfNat took 0.0448ms
typeclass inference of OfNat took 0.0502ms
typeclass inference of OfNat took 0.0322ms
typeclass inference of OfNat took 0.042ms
typeclass inference of OfNat took 0.0356ms
typeclass inference of OfNat took 0.031ms
typeclass inference of OfNat took 0.0387ms
typeclass inference of HSub took 0.00529ms
typeclass inference of HSub took 0.0031ms
typeclass inference of HMul took 0.00411ms
typeclass inference of HSub took 0.0393ms
typeclass inference of HPow took 0.369ms
typeclass inference of HMul took 0.126ms
typeclass inference of HSub took 0.0617ms
typeclass inference of OfNat took 1.22ms
typeclass inference of OfNat took 0.184ms
typeclass inference of OfNat took 0.012ms
typeclass inference of HPow took 0.232ms
typeclass inference of HMul took 0.0981ms
typeclass inference of HSub took 0.0713ms
typeclass inference of OfNat took 0.0641ms
typeclass inference of HPow took 0.115ms
typeclass inference of HMul took 0.055ms
typeclass inference of HSub took 0.05ms
typeclass inference of OfNat took 0.0749ms
typeclass inference of OfNat took 0.0563ms
typeclass inference of OfNat took 0.0443ms
typeclass inference of OfNat took 0.0331ms
typeclass inference of HPow took 0.143ms
typeclass inference of LE took 0.0357ms
typeclass inference of OfNat took 0.049ms
typeclass inference of OfNat took 0.0482ms
typeclass inference of HPow took 0.116ms
typeclass inference of OfNat took 0.0396ms
typeclass inference of HPow took 0.117ms
typeclass inference of OfNat took 0.0608ms
typeclass inference of OfNat took 0.0435ms
typeclass inference of OfNat took 0.0368ms
typeclass inference of OfNat took 0.0318ms
typeclass inference of HPow took 0.132ms
typeclass inference of LT took 0.0324ms
typeclass inference of OfNat took 0.0034ms
typeclass inference of OfNat took 0.0479ms
typeclass inference of HPow took 0.123ms
typeclass inference of OfNat took 0.0659ms
typeclass inference of HPow took 0.157ms
typeclass inference of OfNat took 0.0574ms
typeclass inference of OfNat took 0.0427ms
typeclass inference of OfNat took 0.0346ms
typeclass inference of OfNat took 0.0317ms
typeclass inference of HPow took 0.154ms
typeclass inference of LT took 0.00372ms
typeclass inference of OfNat took 0.00258ms
typeclass inference of OfNat took 0.0506ms
typeclass inference of HPow took 0.118ms
typeclass inference of OfNat took 0.0375ms
typeclass inference of HPow took 0.112ms
typeclass inference of OfNat took 0.0556ms
typeclass inference of OfNat took 0.0434ms
typeclass inference of OfNat took 0.0346ms
typeclass inference of OfNat took 0.0312ms
typeclass inference of HPow took 0.131ms
typeclass inference of LT took 0.00366ms
typeclass inference of OfNat took 0.00279ms
typeclass inference of OfNat took 0.0482ms
typeclass inference of HPow took 0.114ms
typeclass inference of OfNat took 0.0381ms
typeclass inference of HPow took 0.108ms
typeclass inference of OfNat took 0.068ms
typeclass inference of OfNat took 0.0658ms
typeclass inference of OfNat took 0.048ms
typeclass inference of OfNat took 0.0476ms
typeclass inference of HMul took 0.487ms
typeclass inference of HAdd took 0.135ms
typeclass inference of HMul took 0.00317ms
typeclass inference of HMul took 0.144ms
typeclass inference of HPow took 0.217ms
typeclass inference of HMul took 0.0598ms
typeclass inference of HAdd took 0.0517ms
typeclass inference of OfNat took 0.0036ms
typeclass inference of OfNat took 0.0742ms
typeclass inference of HPow took 0.154ms
typeclass inference of HMul took 0.0819ms
typeclass inference of HAdd took 0.0653ms
typeclass inference of OfNat took 0.0561ms
typeclass inference of HPow took 0.111ms
typeclass inference of HMul took 0.0512ms
typeclass inference of HAdd took 0.0475ms
typeclass inference of OfNat took 0.0423ms
typeclass inference of HPow took 0.117ms
typeclass inference of HMul took 0.0531ms
typeclass inference of HSub took 0.0545ms
typeclass inference of OfNat took 0.048ms
typeclass inference of HPow took 0.124ms
typeclass inference of OfNat took 0.0404ms
typeclass inference of HPow took 0.11ms
typeclass inference of OfNat took 0.0373ms
typeclass inference of HPow took 0.112ms
typeclass inference of OfNat took 0.0382ms
typeclass inference of HPow took 0.108ms
typeclass inference of OfNat took 0.0373ms
typeclass inference of HPow took 0.107ms
typeclass inference of HMul took 0.0509ms
typeclass inference of HAdd took 0.045ms
typeclass inference of OfNat took 0.0382ms
typeclass inference of HPow took 0.118ms
typeclass inference of HMul took 0.0523ms
typeclass inference of HSub took 0.046ms
typeclass inference of OfNat took 0.039ms
typeclass inference of HPow took 0.107ms
typeclass inference of OfNat took 0.0375ms
typeclass inference of HPow took 0.108ms
typeclass inference of OfNat took 0.0518ms
typeclass inference of HPow took 0.122ms
typeclass inference of OfNat took 0.04ms
typeclass inference of HPow took 0.108ms
typeclass inference of OfNat took 0.0399ms
typeclass inference of HPow took 0.134ms
typeclass inference of HMul took 0.0541ms
typeclass inference of HAdd took 0.0461ms
typeclass inference of Pow took 0.0407ms
typeclass inference of CategoryTheory.CartesianMonoidalCategory took 0.0634ms
typeclass inference of CategoryTheory.CartesianMonoidalCategory took 0.00491ms
typeclass inference of NPow took 1.92ms
typeclass inference of OfNat took 0.0421ms
typeclass inference of HMul took 0.0429ms
typeclass inference of HSub took 0.00508ms
typeclass inference of OfNat took 0.056ms
typeclass inference of HPow took 0.126ms
typeclass inference of OfNat took 0.0417ms
typeclass inference of HPow took 0.113ms
typeclass inference of OfNat took 0.04ms
typeclass inference of HPow took 0.122ms
typeclass inference of OfNat took 0.0623ms
typeclass inference of HPow took 0.112ms
typeclass inference of OfNat took 0.043ms
typeclass inference of HPow took 0.111ms
typeclass inference of HMul took 0.0654ms
typeclass inference of HAdd took 0.0489ms
typeclass inference of OfNat took 0.0429ms
typeclass inference of HPow took 0.125ms
typeclass inference of OfNat took 0.056ms
typeclass inference of HPow took 0.109ms
typeclass inference of OfNat took 0.0383ms
typeclass inference of HPow took 0.138ms
typeclass inference of OfNat took 0.0739ms
typeclass inference of HPow took 0.142ms
typeclass inference of OfNat took 0.0531ms
typeclass inference of HPow took 0.173ms
typeclass inference of HMul took 0.0575ms
typeclass inference of HAdd took 0.0506ms
typeclass inference of OfNat took 0.0588ms
typeclass inference of HPow took 0.112ms
typeclass inference of OfNat took 0.0388ms
typeclass inference of HPow took 0.11ms
typeclass inference of OfNat took 0.0561ms
typeclass inference of HPow took 0.112ms
typeclass inference of OfNat took 0.039ms
typeclass inference of HPow took 0.11ms
typeclass inference of OfNat took 0.0375ms
typeclass inference of HPow took 0.108ms
typeclass inference of HMul took 0.0604ms
typeclass inference of HAdd took 0.0539ms
typeclass inference of Pow took 0.0403ms
typeclass inference of NPow took 0.11ms
typeclass inference of OfNat took 0.0401ms
typeclass inference of OfNat took 0.0452ms
typeclass inference of HPow took 0.125ms
typeclass inference of OfNat took 0.0461ms
typeclass inference of HPow took 0.139ms
typeclass inference of OfNat took 0.0397ms
typeclass inference of HPow took 0.117ms
typeclass inference of OfNat took 0.0431ms
typeclass inference of HPow took 0.118ms
typeclass inference of HMul took 0.0593ms
typeclass inference of HAdd took 0.0545ms
typeclass inference of OfNat took 0.044ms
typeclass inference of HPow took 0.107ms
typeclass inference of OfNat took 0.0447ms
typeclass inference of HPow took 0.115ms
typeclass inference of OfNat took 0.0371ms
typeclass inference of HPow took 0.104ms
typeclass inference of OfNat took 0.036ms
typeclass inference of HPow took 0.106ms
typeclass inference of HMul took 0.0508ms
typeclass inference of HAdd took 0.0494ms
typeclass inference of OfNat took 0.039ms
typeclass inference of HPow took 0.106ms
typeclass inference of OfNat took 0.0376ms
typeclass inference of HPow took 0.105ms
typeclass inference of OfNat took 0.0366ms
typeclass inference of HPow took 0.121ms
typeclass inference of OfNat took 0.0682ms
typeclass inference of HPow took 0.132ms
typeclass inference of HMul took 0.0517ms
typeclass inference of HAdd took 0.046ms
typeclass inference of Pow took 0.0394ms
typeclass inference of NPow took 0.00378ms
typeclass inference of OfNat took 0.00353ms
typeclass inference of OfNat took 0.0431ms
typeclass inference of HPow took 0.115ms
typeclass inference of OfNat took 0.0395ms
typeclass inference of HPow took 0.108ms
typeclass inference of OfNat took 0.038ms
typeclass inference of HPow took 0.109ms
typeclass inference of HMul took 0.0585ms
typeclass inference of HAdd took 0.0579ms
typeclass inference of OfNat took 0.0763ms
typeclass inference of HPow took 0.121ms
typeclass inference of OfNat took 0.041ms
typeclass inference of HPow took 0.111ms
typeclass inference of OfNat took 0.0597ms
typeclass inference of HPow took 0.108ms
typeclass inference of HMul took 0.0509ms
typeclass inference of HAdd took 0.0459ms
typeclass inference of OfNat took 0.0395ms
typeclass inference of HPow took 0.108ms
typeclass inference of OfNat took 0.0377ms
typeclass inference of HPow took 0.14ms
typeclass inference of OfNat took 0.0378ms
typeclass inference of HPow took 0.105ms
typeclass inference of HMul took 0.0504ms
typeclass inference of HAdd took 0.0464ms
typeclass inference of Pow took 0.0508ms
typeclass inference of NPow took 0.00448ms
typeclass inference of OfNat took 0.00461ms
typeclass inference of OfNat took 0.0624ms
typeclass inference of HPow took 0.112ms
typeclass inference of OfNat took 0.0371ms
typeclass inference of HPow took 0.105ms
typeclass inference of HMul took 0.0515ms
typeclass inference of HAdd took 0.0566ms
typeclass inference of OfNat took 0.0396ms
typeclass inference of HPow took 0.108ms
typeclass inference of OfNat took 0.0372ms
typeclass inference of HPow took 0.105ms
typeclass inference of HMul took 0.0503ms
typeclass inference of HAdd took 0.047ms
typeclass inference of OfNat took 0.0441ms
typeclass inference of HPow took 0.11ms
typeclass inference of OfNat took 0.0371ms
typeclass inference of HPow took 0.104ms
typeclass inference of HMul took 0.0488ms
typeclass inference of HAdd took 0.0449ms
typeclass inference of Pow took 0.0379ms
typeclass inference of NPow took 0.00888ms
typeclass inference of OfNat took 0.0031ms
typeclass inference of OfNat took 0.0423ms
typeclass inference of HPow took 0.109ms
typeclass inference of HMul took 0.0496ms
typeclass inference of HAdd took 0.0468ms
typeclass inference of OfNat took 0.0417ms
typeclass inference of HPow took 0.118ms
typeclass inference of HMul took 0.0754ms
typeclass inference of HAdd took 0.0597ms
typeclass inference of OfNat took 0.0392ms
typeclass inference of HPow took 0.108ms
typeclass inference of HMul took 0.0528ms
typeclass inference of HAdd took 0.0468ms
typeclass inference of Pow took 0.0473ms
typeclass inference of NPow took 0.00335ms
typeclass inference of OfNat took 0.00322ms
typeclass inference of HMul took 0.0333ms
typeclass inference of HAdd took 0.00526ms
instantiate metavars took 0.0502ms
instantiate metavars took 0.000231ms
typeclass inference of AddMonoidWithOne took 0.0454ms
norm_num took 0.24ms
typeclass inference of AddMonoidWithOne took 0.00425ms
norm_num took 0.0476ms
norm_num took 0.291ms
typeclass inference of Semiring took 0.039ms
typeclass inference of AddMonoidWithOne took 0.0032ms
norm_num took 0.0517ms
norm_num took 0.563ms
norm_num took 0.0276ms
norm_num took 0.194ms
congr simp thm took 0.0281ms
norm_num took 0.00571ms
norm_num took 0.00269ms
typeclass inference of AddMonoidWithOne took 0.00536ms
norm_num took 0.101ms
typeclass inference of AddMonoidWithOne took 0.003ms
norm_num took 0.0388ms
norm_num took 0.119ms
typeclass inference of Semiring took 0.00317ms
typeclass inference of AddMonoidWithOne took 0.00234ms
norm_num took 0.0444ms
norm_num took 0.159ms
norm_num took 0.00867ms
typeclass inference of Preorder took 0.151ms
typeclass inference of Preorder took 0.0524ms
typeclass inference of AddMonoidWithOne took 0.00496ms
norm_num took 0.135ms
typeclass inference of AddMonoidWithOne took 0.00353ms
norm_num took 0.0587ms
typeclass inference of LT took 0.0398ms
typeclass inference of Semiring took 0.00309ms
typeclass inference of PartialOrder took 0.0396ms
typeclass inference of CommSemiring took 0.0332ms
typeclass inference of IsOrderedRing took 1.2ms
typeclass inference of CharZero took 0.0403ms
norm_num took 0.284ms
tactic execution of Mathlib.Tactic.normNum took 2.4ms
tactic execution of Lean.Parser.Tactic.tacticSeq1Indented took 0.0187ms
tactic execution of Lean.Parser.Tactic.tacticSeq took 0.0233ms
typeclass inference of AddMonoidWithOne took 0.0508ms
norm_num took 0.166ms
typeclass inference of AddMonoidWithOne took 0.00517ms
norm_num took 0.0527ms
norm_num took 0.296ms
typeclass inference of Semiring took 0.0839ms
typeclass inference of AddMonoidWithOne took 0.00343ms
norm_num took 0.0661ms
norm_num took 0.839ms
norm_num took 0.0423ms
norm_num took 0.227ms
congr simp thm took 0.0076ms
norm_num took 0.00799ms
norm_num took 0.00432ms
typeclass inference of AddMonoidWithOne took 0.0115ms
norm_num took 0.123ms
typeclass inference of AddMonoidWithOne took 0.00415ms
norm_num took 0.0476ms
norm_num took 0.164ms
typeclass inference of Semiring took 0.0035ms
typeclass inference of AddMonoidWithOne took 0.00342ms
norm_num took 0.0471ms
norm_num took 0.221ms
norm_num took 0.00413ms
typeclass inference of Preorder took 0.176ms
typeclass inference of Preorder took 0.101ms
typeclass inference of AddMonoidWithOne took 0.00519ms
norm_num took 0.131ms
typeclass inference of AddMonoidWithOne took 0.00348ms
norm_num took 0.0539ms
typeclass inference of LT took 0.0421ms
typeclass inference of Semiring took 0.00319ms
typeclass inference of PartialOrder took 0.043ms
typeclass inference of CommSemiring took 0.0292ms
typeclass inference of IsOrderedRing took 1.03ms
typeclass inference of CharZero took 0.0488ms
norm_num took 0.18ms
tactic execution of Mathlib.Tactic.normNum took 1.34ms
tactic execution of Lean.Parser.Tactic.tacticSeq1Indented took 0.0137ms
tactic execution of Lean.Parser.Tactic.tacticSeq took 0.0318ms
instantiate metavars took 0.00793ms
instantiate metavars took 0.000241ms
instantiate metavars took 0.00013ms
instantiate metavars took 0.00017ms
instantiate metavars took 0.00012ms
share common exprs took 0.251ms
fix level params took 0.0327ms
attribute application took 0.00423ms
attribute application took 0.000832ms
process pre-definitions took 0.539ms
elaboration took 8.1ms
type checking took 3.21ms
overlappingInstancesLinter took 0.206ms
tacticAnalysis took 1.1ms
linting took 3.94ms
elaboration took 0.159ms
overlappingInstancesLinter took 0.0492ms
tacticAnalysis took 0.267ms
linting took 1.96ms
'RmsNorm.carry_stage_lift' depends on axioms: [propext, Classical.choice, Quot.sound]
elaboration took 755ms
overlappingInstancesLinter took 0.0459ms
tacticAnalysis took 0.203ms
linting took 1.43ms
'RmsNorm.carry_stage_lift_production' depends on axioms: [propext, Classical.choice, Quot.sound]
elaboration took 1.23ms
overlappingInstancesLinter took 0.0159ms
tacticAnalysis took 0.109ms
linting took 1.32ms
elaboration took 0.0173ms
overlappingInstancesLinter took 0.0182ms
tacticAnalysis took 0.1ms
linting took 1.4ms
module linting took 0.00155ms
cumulative profiling times:
	attribute application 0.0473ms
	congr simp thm 0.616ms
	elaboration 789ms
	fix level params 0.253ms
	grind 53.2ms
	grind cutsat 0.358ms
	grind mark subsingleton 3.37ms
	grind ring 0.169ms
	grind simp 23.6ms
	instantiate metavars 0.905ms
	interpretation 0.198ms
	let-to-have transformation 0.0936ms
	linting 68.5ms
	module linting 0.00123ms
	norm_num 12.8ms
	overlappingInstancesLinter 2.06ms
	parsing 6.58ms
	process pre-definitions 5.34ms
	ring 14.4ms
	share common exprs 6.19ms
	simp 2.56ms
	sym canon 7.91ms
	sym typeclass inference 479ms
	tactic execution 129ms
	tacticAnalysis 14.8ms
	type checking 104ms
	typeclass inference 394ms
PEAK_RSS_BYTES=695885824
EXIT=0 WALL=5.2s CAP=8G
