parsing took 0.0143ms
parsing took 0.615ms
parsing took 0.543ms
parsing took 0.541ms
overlappingInstancesLinter took 0.0707ms
tacticAnalysis took 0.273ms
linting took 3.5ms
elaboration took 0.285ms
overlappingInstancesLinter took 0.057ms
tacticAnalysis took 0.571ms
linting took 2.99ms
attribute application took 0.00401ms
typeclass inference of HAdd took 0.264ms
typeclass inference of HAdd took 0.137ms
typeclass inference of LT took 0.0289ms
typeclass inference of HAdd took 1.21ms
typeclass inference of HAdd took 0.946ms
typeclass inference of HAdd took 0.00417ms
typeclass inference of HAdd took 0.0348ms
instantiate metavars took 0.00414ms
instantiate metavars took 0.000261ms
let-to-have transformation took 0.0103ms
attribute application took 0.00134ms
attribute application took 0.000491ms
elaboration took 2.07ms
typeclass inference of NeZero took 0.22ms
typeclass inference of NeZero took 0.041ms
typeclass inference of NeZero took 0.0349ms
tactic execution of Lean.Parser.Tactic.rewriteSeq took 0.922ms
tactic execution of Lean.Parser.Tactic.exact took 0.106ms
tactic execution of Lean.Parser.Tactic.exact took 0.0875ms
tactic execution of Lean.Parser.Tactic.eqRefl took 0.0115ms
tactic execution of Lean.Parser.Tactic.tacticRfl took 0.0399ms
tactic execution of Lean.Parser.Tactic.tacticSeq1Indented took 0.00494ms
tactic execution of Lean.Parser.Tactic.tacticSeq took 0.00543ms
tactic execution of Lean.Parser.Tactic.withReducible took 0.00882ms
tactic execution of Lean.Parser.Tactic.tacticSeq1Indented took 0.0058ms
tactic execution of Lean.Parser.Tactic.tacticSeq took 0.00388ms
tactic execution of Lean.Parser.Tactic.paren took 0.00515ms
tactic execution of Lean.Parser.Tactic.tacticSeq1Indented took 0.00419ms
tactic execution of Lean.Parser.Tactic.tacticSeq took 0.00837ms
tactic execution of Lean.Parser.Tactic.first took 0.00662ms
tactic execution of Lean.Parser.Tactic.tacticTry_ took 0.00815ms
tactic execution of Lean.Parser.Tactic.tacticSeq1Indented took 0.00375ms
tactic execution of Lean.Parser.Tactic.tacticSeq took 0.00352ms
tactic execution of Lean.Parser.Tactic.paren took 0.00473ms
tactic execution of Lean.Parser.Tactic.withAnnotateState took 0.0163ms
tactic execution of Lean.Parser.Tactic.tacticSeq1Indented took 0.0221ms
tactic execution of Lean.Parser.Tactic.tacticSeq took 0.0153ms
tactic execution of Lean.Parser.Tactic.paren took 0.0139ms
tactic execution of Lean.Parser.Tactic.rwSeq took 0.0452ms
tactic execution of Lean.Parser.Tactic.tacticSeq1Indented took 0.014ms
tactic execution of Lean.Parser.Tactic.tacticSeq took 0.0217ms
instantiate metavars took 0.00459ms
instantiate metavars took 0.00022ms
instantiate metavars took 0.000151ms
instantiate metavars took 0.00011ms
instantiate metavars took 0.00011ms
share common exprs took 0.0549ms
fix level params took 0.0111ms
let-to-have transformation took 0.00278ms
attribute application took 0.00136ms
attribute application took 0.000781ms
process pre-definitions took 0.141ms
elaboration took 0.536ms
type checking took 0.231ms
overlappingInstancesLinter took 0.289ms
tacticAnalysis took 0.642ms
linting took 3.21ms
attribute application took 0.0018ms
typeclass inference of HMul took 0.207ms
typeclass inference of HMul took 0.138ms
typeclass inference of LT took 0.0289ms
typeclass inference of HMul took 1.01ms
typeclass inference of HMul took 0.855ms
typeclass inference of HMul took 0.00411ms
typeclass inference of HMul took 0.034ms
instantiate metavars took 0.00321ms
instantiate metavars took 0.000251ms
let-to-have transformation took 0.00315ms
attribute application took 0.00108ms
attribute application took 0.000662ms
elaboration took 1.24ms
tactic execution of Lean.Parser.Tactic.rewriteSeq took 0.503ms
tactic execution of Lean.Parser.Tactic.exact took 0.204ms
tactic execution of Lean.Parser.Tactic.exact took 0.205ms
tactic execution of Lean.Parser.Tactic.eqRefl took 0.0173ms
tactic execution of Lean.Parser.Tactic.tacticRfl took 0.0898ms
tactic execution of Lean.Parser.Tactic.tacticSeq1Indented took 0.00848ms
tactic execution of Lean.Parser.Tactic.tacticSeq took 0.011ms
tactic execution of Lean.Parser.Tactic.withReducible took 0.0084ms
tactic execution of Lean.Paparsing took 2.07ms
rser.Tactic.tacticSeq1Indented took 0.00748ms
tactic execution of Lean.Parser.Tactic.tacticSeq took 0.00576ms
tactic execution of Lean.Parser.Tactic.paren took 0.00584ms
tactic execution of Lean.Parser.Tactic.tacticSeq1Indented took 0.0134ms
tactic execution of Lean.Parser.Tactic.tacticSeq took 0.00617ms
tactic execution of Lean.Parser.Tactic.first took 0.00857ms
tactic execution of Lean.Parser.Tactic.tacticTry_ took 0.0117ms
tactic execution of Lean.Parser.Tactic.tacticSeq1Indented took 0.00654ms
tactic execution of Lean.Parser.Tactic.tacticSeq took 0.00619ms
tactic execution of Lean.Parser.Tactic.paren took 0.00654ms
tactic execution of Lean.Parser.Tactic.withAnnotateState took 0.0243ms
tactic execution of Lean.Parser.Tactic.tacticSeq1Indented took 0.0227ms
tactic execution of Lean.Parser.Tactic.tacticSeq took 0.00436ms
tactic execution of Lean.Parser.Tactic.paren took 0.00574ms
tactic execution of Lean.Parser.Tactic.rwSeq took 0.0104ms
tactic execution of Lean.Parser.Tactic.tacticSeq1Indented took 0.00632ms
tactic execution of Lean.Parser.Tactic.tacticSeq took 0.00854ms
instantiate metavars took 0.01ms
instantiate metavars took 0.000591ms
instantiate metavars took 0.000301ms
instantiate metavars took 0.000291ms
instantiate metavars took 0.00029ms
share common exprs took 0.124ms
fix level params took 0.0207ms
let-to-have transformation took 0.00652ms
attribute application took 0.00343ms
attribute application took 0.00166ms
process pre-definitions took 0.176ms
elaboration took 0.276ms
type checking took 0.543ms
overlappingInstancesLinter took 0.0981ms
tacticAnalysis took 0.549ms
linting took 2.7ms
attribute application took 0.00134ms
typeclass inference of OfNat took 0.12ms
typeclass inference of OfNat took 0.0453ms
typeclass inference of OfNat took 0.0382ms
typeclass inference of HPow took 0.335ms
typeclass inference of LT took 0.0266ms
typeclass inference of OfNat took 0.0488ms
typeclass inference of OfNat took 1.04ms
typeclass inference of CategoryTheory.CartesianMonoidalCategory took 0.0874ms
typeclass inference of CategoryTheory.CartesianMonoidalCategory took 0.00463ms
typeclass inference of HPow took 2.19ms
typeclass inference of OfNat took 0.0901ms
typeclass inference of OfNat took 0.039ms
typeclass inference of HPow took 0.0363ms
typeclass inference of OfNat took 0.00354ms
instantiate metavars took 0.00395ms
instantiate metavars took 0.000221ms
let-to-have transformation took 0.00589ms
attribute application took 0.00128ms
attribute application took 0.000541ms
elaboration took 1.21ms
typeclass inference of OfNat took 0.956ms
typeclass inference of OfNat took 0.0837ms
typeclass inference of OfNat took 0.0431ms
typeclass inference of HPow took 0.308ms
typeclass inference of CoeT took 0.926ms
typeclass inference of OfNat took 0.0445ms
typeclass inference of CategoryTheory.CartesianMonoidalCategory took 0.0455ms
typeclass inference of CategoryTheory.CartesianMonoidalCategory took 0.00437ms
typeclass inference of HPow took 2.59ms
tactic execution of Lean.Parser.Tactic.refine took 1.08ms
congr simp thm took 0.0299ms
congr simp thm took 0.0417ms
congr simp thm took 0.0182ms
congr simp thm took 0.000611ms
typeclass inference of NatCast took 0.187ms
typeclass inference of NatCast took 0.0612ms
typeclass inference of FunLike took 1.49ms
typeclass inference of One took 0.637ms
typeclass inference of SMul took 0.458ms
typeclass inference of SMul took 0.738ms
typeclass inference of IsSMulApply took 0.0485ms
congr simp thm took 0.0459ms
congr simp thm took 0.00041ms
typeclass inference of Semiring took 0.673ms
congr simp thm took 0.000832ms
congr simp thm took 0.000361ms
typeclass inference of Nat.AtLeastTwo took 0.168ms
congr simp thm took 0.000641ms
congr simp thm took 0.000411ms
simp took 2.01ms
simp took 0.00416ms
tactic execution of Lean.Parser.Tactic.pushCast took 0.113ms
tactic execution of Lean.Parser.Tactic.exact took 0.124ms
tactic execution of Lean.Parser.Tactic.exact took 0.0991ms
tactic execution of Lean.Parser.Tactic.eqRefl took 0.539ms
tactic execution of Lean.Parser.Tactic.tacticRfl took 0.0704ms
tactic executiparsing took 1.44ms
on of Lean.Parser.Tactic.tacticSeq1Indented took 0.0179ms
tactic execution of Lean.Parser.Tactic.tacticSeq took 0.0051ms
tactic execution of Lean.Parser.Tactic.paren took 0.00854ms
tactic execution of Lean.Parser.Tactic.withAnnotateState took 0.0099ms
tactic execution of Lean.Parser.Tactic.tacticSeq1Indented took 0.00829ms
tactic execution of Lean.Parser.Tactic.tacticSeq took 0.0205ms
tactic execution of Lean.Parser.Tactic.case took 0.0882ms
tactic execution of Lean.Parser.Tactic.tacticSeq1Indented took 0.0264ms
tactic execution of Lean.Parser.Tactic.tacticSeq took 0.00695ms
tactic execution of Lean.Parser.Tactic.focus took 0.0123ms
tactic execution of Lean.Parser.Tactic.tacticHave__ took 0.0193ms
tactic execution of Lean.Parser.Tactic.rewriteSeq took 0.181ms
tactic execution of Lean.Parser.Tactic.exact took 0.0996ms
tactic execution of Lean.Parser.Tactic.exact took 0.0769ms
tactic execution of Lean.Parser.Tactic.eqRefl took 0.025ms
tactic execution of Lean.Parser.Tactic.applyRfl took 0.0195ms
tactic execution of Lean.Parser.Tactic.tacticRfl took 0.0326ms
tactic execution of Lean.Parser.Tactic.tacticSeq1Indented took 0.0103ms
tactic execution of Lean.Parser.Tactic.tacticSeq took 0.0035ms
tactic execution of Lean.Parser.Tactic.withReducible took 0.00548ms
tactic execution of Lean.Parser.Tactic.tacticSeq1Indented took 0.00348ms
tactic execution of Lean.Parser.Tactic.tacticSeq took 0.00278ms
tactic execution of Lean.Parser.Tactic.paren took 0.0031ms
tactic execution of Lean.Parser.Tactic.tacticSeq1Indented took 0.00325ms
tactic execution of Lean.Parser.Tactic.tacticSeq took 0.00284ms
tactic execution of Lean.Parser.Tactic.skip took 0.00364ms
tactic execution of Lean.Parser.Tactic.tacticSeq1Indented took 0.0032ms
tactic execution of Lean.Parser.Tactic.tacticSeq took 0.00324ms
tactic execution of Lean.Parser.Tactic.first took 0.00717ms
tactic execution of Lean.Parser.Tactic.tacticTry_ took 0.00721ms
tactic execution of Lean.Parser.Tactic.tacticSeq1Indented took 0.00303ms
tactic execution of Lean.Parser.Tactic.tacticSeq took 0.00257ms
tactic execution of Lean.Parser.Tactic.paren took 0.00282ms
tactic execution of Lean.Parser.Tactic.withAnnotateState took 0.0124ms
tactic execution of Lean.Parser.Tactic.tacticSeq1Indented took 0.0107ms
tactic execution of Lean.Parser.Tactic.tacticSeq took 0.896ms
tactic execution of Lean.Parser.Tactic.paren took 0.00582ms
tactic execution of Lean.Parser.Tactic.rwSeq took 0.0403ms
tactic execution of Lean.Parser.Tactic.exact took 0.205ms
tactic execution of Lean.Parser.Tactic.tacticSeq1Indented took 0.0206ms
tactic execution of Lean.Parser.Tactic.tacticSeq took 0.0213ms
instantiate metavars took 0.0167ms
instantiate metavars took 0.00027ms
instantiate metavars took 0.00014ms
instantiate metavars took 0.00014ms
instantiate metavars took 0.00011ms
share common exprs took 0.0728ms
fix level params took 0.0153ms
let-to-have transformation took 0.00588ms
attribute application took 0.00249ms
attribute application took 0.000662ms
process pre-definitions took 0.154ms
elaboration took 0.424ms
type checking took 1.58ms
overlappingInstancesLinter took 0.158ms
tacticAnalysis took 1.72ms
linting took 5.25ms
attribute application took 0.00147ms
typeclass inference of OfNat took 0.059ms
typeclass inference of OfNat took 0.0365ms
typeclass inference of HSub took 0.872ms
typeclass inference of HMul took 0.869ms
typeclass inference of HMul took 0.764ms
typeclass inference of HSub took 0.804ms
typeclass inference of OfNat took 0.819ms
typeclass inference of OfNat took 0.103ms
typeclass inference of OfNat took 0.0444ms
typeclass inference of OfNat took 0.0565ms
typeclass inference of OfNat took 0.0327ms
typeclass inference of OfNat took 0.0298ms
typeclass inference of HSub took 0.00444ms
typeclass inference of HSub took 0.00231ms
typeclass inference of HMul took 0.00242ms
typeclass inference of HSub took 0.0347ms
typeclass inference of CategoryTheory.CartesianMonoidalCategory took 0.0507ms
typeclass inference of CategoryTheory.CartesianMonoidalCategory took 0.00454ms
typeclass inference of HPow took 1.97ms
typeclassparsing took 0.629ms
parsing took 0.0381ms
parsing took 0.0469ms
 inference of HMul took 0.0345ms
typeclass inference of HSub took 0.0272ms
typeclass inference of OfNat took 0.887ms
typeclass inference of OfNat took 0.00371ms
typeclass inference of OfNat took 0.0646ms
typeclass inference of OfNat took 0.0397ms
typeclass inference of HPow took 0.246ms
typeclass inference of LE took 0.0387ms
typeclass inference of OfNat took 0.0401ms
typeclass inference of OfNat took 0.0548ms
typeclass inference of OfNat took 0.0401ms
typeclass inference of HPow took 0.0411ms
typeclass inference of LT took 0.0349ms
typeclass inference of OfNat took 0.00324ms
typeclass inference of OfNat took 0.0832ms
typeclass inference of OfNat took 0.1ms
typeclass inference of HPow took 0.0558ms
typeclass inference of LT took 0.00394ms
typeclass inference of OfNat took 0.00236ms
typeclass inference of OfNat took 0.0541ms
typeclass inference of OfNat took 0.0397ms
typeclass inference of HPow took 0.0417ms
typeclass inference of LT took 0.00271ms
typeclass inference of OfNat took 0.00246ms
typeclass inference of OfNat took 0.0655ms
typeclass inference of OfNat took 0.0525ms
typeclass inference of HAdd took 0.153ms
typeclass inference of HAdd took 0.143ms
typeclass inference of OfNat took 0.0464ms
typeclass inference of OfNat took 0.0391ms
typeclass inference of HPow took 0.0387ms
typeclass inference of LT took 0.00302ms
typeclass inference of OfNat took 0.00281ms
typeclass inference of OfNat took 0.0645ms
typeclass inference of OfNat took 0.0559ms
typeclass inference of HAdd took 0.00374ms
typeclass inference of HAdd took 0.0321ms
typeclass inference of OfNat took 0.0403ms
typeclass inference of OfNat took 0.0375ms
typeclass inference of HPow took 0.0325ms
typeclass inference of LT took 0.00262ms
typeclass inference of OfNat took 0.00264ms
typeclass inference of OfNat took 0.148ms
typeclass inference of OfNat took 0.046ms
typeclass inference of HMul took 0.137ms
typeclass inference of HAdd took 0.00373ms
typeclass inference of HMul took 0.00203ms
typeclass inference of HMul took 0.14ms
typeclass inference of HPow took 0.031ms
typeclass inference of HMul took 0.0288ms
typeclass inference of HAdd took 0.0296ms
typeclass inference of OfNat took 0.00274ms
instantiate metavars took 0.0521ms
instantiate metavars took 0.00028ms
let-to-have transformation took 0.0117ms
attribute application took 0.00133ms
attribute application took 0.000591ms
elaboration took 4.93ms
typeclass inference of HMul took 1.08ms
typeclass inference of HMul took 0.853ms
tactic execution of Lean.Parser.Tactic.refine took 0.401ms
typeclass inference of Add took 0.806ms
typeclass inference of AddRightCancelSemigroup took 1.71ms
typeclass inference of IsRightCancelAdd took 4.66ms
typeclass inference of AddGroup took 0.536ms
typeclass inference of CommSemiring took 0.45ms
typeclass inference of CommRing took 0.199ms
typeclass inference of Semifield took 0.811ms
typeclass inference of Field took 0.359ms
typeclass inference of Field took 0.00265ms
typeclass inference of Field took 0.00325ms
typeclass inference of Field took 0.00286ms
typeclass inference of Field took 0.00141ms
typeclass inference of Field took 0.00149ms
typeclass inference of Field took 0.00115ms
typeclass inference of Field took 0.00123ms
typeclass inference of Field took 0.00104ms
typeclass inference of Field took 0.00117ms
typeclass inference of Field took 0.000982ms
typeclass inference of Field took 0.000972ms
typeclass inference of Field took 0.002ms
typeclass inference of Field took 0.00224ms
typeclass inference of Field took 0.00106ms
typeclass inference of Field took 0.00131ms
typeclass inference of Field took 0.00107ms
typeclass inference of Field took 0.00104ms
typeclass inference of Field took 0.00103ms
typeclass inference of Field took 0.00101ms
typeclass inference of Field took 0.00202ms
typeclass inference of Field took 0.00116ms
typeclass inference of Field took 0.00134ms
typeclass inference of Field took 0.00111ms
typeclass inference of Field took 0.00121ms
typeclass inference of Field took 0.00118ms
typeclass inference of Field took 0.00103ms
typeclass inference of Field took 0.00384ms
typeclass inference of Field took 0.00119ms
typeclass inference of Field took 0.00107ms
typeclass inference of Semiring took 1.1ms
typeclass inference of RCLike took 0.0123ms
typeclass inference of RCLike took 0.00203ms
typeclass inference of RCLike took 0.00185ms
typeclass inference of RCLike took 0.00339ms
typeclass inference of RCLike took 0.00162ms
typeclass inference of RCLike took 0.00164ms
typeclass inference of RCLike took 0.00115ms
typeclass inference of RCLike took 0.00114ms
typeclass inference of RCLike took 0.00157ms
typeclass inference of RCLike took 0.00121ms
typeclass inference of RCLike took 0.00141ms
typeclass inference of RCLike took 0.00125ms
typeclass inference of RCLike took 0.00224ms
typeclass inference of RCLike took 0.00177ms
typeclass inference of RCLike took 0.00117ms
typeclass inference of RCLike took 0.00113ms
typeclass inference of RCLike took 0.00128ms
typeclass inference of RCLike took 0.00125ms
typeclass inference of RCLike took 0.00142ms
typeclass inference of RCLike took 0.00109ms
typeclass inference of RCLike took 0.00244ms
typeclass inference of RCLike took 0.00133ms
typeclass inference of RCLike took 0.0016ms
typeclass inference of RCLike took 0.0013ms
typeclass inference of RCLike took 0.00128ms
typeclass inference of RCLike took 0.00167ms
typeclass inference of RCLike took 0.00325ms
typeclass inference of RCLike took 0.00224ms
typeclass inference of RCLike took 0.00128ms
typeclass inference of RCLike took 0.00123ms
typeclass inference of Semiring took 0.00467ms
typeclass inference of NonAssocRing took 0.211ms
typeclass inference of Field took 0.0033ms
typeclass inference of Field took 0.00288ms
typeclass inference of Field took 0.00205ms
typeclass inference of Field took 0.00151ms
typeclass inference of Field took 0.00155ms
typeclass inference of Field took 0.00126ms
typeclass inference of Field took 0.00103ms
typeclass inference of Field took 0.00138ms
typeclass inference of Field took 0.00221ms
typeclass inference of Field took 0.00227ms
typeclass inference of Field took 0.00188ms
typeclass inference of Field took 0.00169ms
typeclass inference of Field took 0.00114ms
typeclass inference of Field took 0.00293ms
typeclass inference of Field took 0.00122ms
typeclass inference of Field took 0.00128ms
typeclass inference of Field took 0.00122ms
typeclass inference of Field took 0.00105ms
typeclass inference of Field took 0.00105ms
typeclass inference of Field took 0.00101ms
typeclass inference of Field took 0.00102ms
typeclass inference of Field took 0.00104ms
typeclass inference of Field took 0.00249ms
typeclass inference of Field took 0.00215ms
typeclass inference of Field took 0.00121ms
typeclass inference of Field took 0.00123ms
typeclass inference of Field took 0.00115ms
typeclass inference of Field took 0.00103ms
typeclass inference of Field took 0.00104ms
typeclass inference of Field took 0.00107ms
typeclass inference of Field took 0.00188ms
typeclass inference of Field took 0.00106ms
typeclass inference of Field took 0.00113ms
typeclass inference of Field took 0.00105ms
typeclass inference of Field took 0.00104ms
typeclass inference of Field took 0.00114ms
typeclass inference of Field took 0.00101ms
typeclass inference of Field took 0.00227ms
typeclass inference of Field took 0.00134ms
typeclass inference of Field took 0.00116ms
typeclass inference of Field took 0.00112ms
typeclass inference of Field took 0.0011ms
typeclass inference of Field took 0.00167ms
typeclass inference of Field took 0.00106ms
typeclass inference of Field took 0.00112ms
typeclass inference of Field took 0.00127ms
typeclass inference of Field took 0.00166ms
typeclass inference of Field took 0.00147ms
typeclass inference of Field took 0.00113ms
typeclass inference of Field took 0.00244ms
typeclass inference of Field took 0.00165ms
typeclass inference of Field took 0.00197ms
typeclass inference of Field took 0.00164ms
typeclass inference of Field took 0.00194ms
typeclass inference of Field took 0.00126ms
typeclass inference of Field took 0.00118ms
typeclass inference of Field took 0.00116ms
typeclass inference of Field took 0.00118ms
typeclass inference of Field took 0.00108ms
typeclass inference of Field took 0.00129ms
typeclass inference of Field took 0.0023ms
typeclass inference of Field took 0.00144ms
typeclass inference of Field took 0.00136ms
typeclass inference of Field took 0.00113ms
typeclass inference of Field took 0.00114ms
typeclass inference of Field took 0.00195ms
typeclass inference of Field took 0.00147ms
typeclass inference of Field took 0.00134ms
typeclass inference of Field took 0.00113ms
typeclass inference of Field took 0.00162ms
typeclass inference of Field took 0.00114ms
typeclass inference of Field took 0.00122ms
typeclass inference of Semiring took 0.00587ms
typeclass inference of CharZero took 22.1ms
norm_num took 0.15ms
norm_num took 0.00504ms
typeclass inference of AddMonoidWithOne took 0.702ms
norm_num took 0.71ms
norm_num took 0.00946ms
norm_num took 0.00448ms
norm_num took 0.00284ms
norm_num took 0.00327ms
typeclass inference of AddMonoidWithOne took 0.0054ms
norm_num took 0.31ms
ring took 2.44ms
tactic execution of Mathlib.Tactic.LinearCombination.linearCombination took 11.6ms
tactic execution of Lean.Parser.Tactic.tacticSeq1Indented took 0.00964ms
tactic execution of Lean.Parser.Tactic.tacticSeq took 0.0055ms
tactic execution of Lean.Parser.Tactic.paren took 0.00524ms
tactic execution of Lean.Parser.Tactic.withAnnotateState took 0.00742ms
tactic execution of Lean.Parser.Tactic.tacticSeq1Indented took 0.00525ms
tactic execution of Lean.Parser.Tactic.tacticSeq took 0.00515ms
tactic execution of Lean.Parser.Tactic.case took 0.0671ms
tactic execution of Lean.Parser.Tactic.tacticSeq1Indented took 0.0157ms
tactic execution of Lean.Parser.Tactic.tacticSeq took 0.00529ms
tactic execution of Lean.Parser.Tactic.focus took 0.00963ms
tactic execution of Lean.Parser.Tactic.tacticHave__ took 0.0151ms
typeclass inference of OfNat took 0.0924ms
typeclass inference of OfNat took 0.0492ms
typeclass inference of HAdd took 0.975ms
typeclass inference of HMul took 0.84ms
typeclass inference of CategoryTheory.CartesianMonoidalCategory took 0.0474ms
typeclass inference of CategoryTheory.CartesianMonoidalCategory took 0.00576ms
typeclass inference of HPow took 2.24ms
typeclass inference of HMul took 0.993ms
typeclass inference of HAdd took 0.83ms
typeclass inference of OfNat took 0.866ms
tactic execution of Lean.Parser.Tactic.refine took 0.771ms
typeclass inference of Add took 0.892ms
typeclass inference of AddRightCancelSemigroup took 0.884ms
typeclass inference of IsRightCancelAdd took 3.96ms
typeclass inference of AddGroup took 0.622ms
typeclass inference of CommSemiring took 0.598ms
typeclass inference of CommRing took 0.0429ms
typeclass inference of Semifield took 0.326ms
typeclass inference of Field took 0.318ms
typeclass inference of Field took 0.00234ms
typeclass inference of Field took 0.00178ms
typeclass inference of Field took 0.00264ms
typeclass inference of Field took 0.00158ms
typeclass inference of Field took 0.00137ms
typeclass inference of Field took 0.00133ms
typeclass inference of Field took 0.00113ms
typeclass inference of Field took 0.00111ms
typeclass inference of Field took 0.0012ms
typeclass inference of Field took 0.00103ms
typeclass inference of Field took 0.00127ms
typeclass inference of Field took 0.00247ms
typeclass inference of Field took 0.00116ms
typeclass inference of Field took 0.00112ms
typeclass inference of Field took 0.0018ms
typeclass inference of Field took 0.00145ms
typeclass inference of Field took 0.00128ms
typeclass inference of Field took 0.00106ms
typeclass inference of Field took 0.00108ms
typeclass inference of Field took 0.00545ms
typeclass inference of Field took 0.00107ms
typeclass inference of Field took 0.00119ms
typeclass inference of Field took 0.00104ms
typeclass inference of Field took 0.00127ms
typeclass inference of Field took 0.00178ms
typeclass inference of Field took 0.00106ms
typeclass inference of Field took 0.002ms
typeclass inference of Field took 0.0019ms
typeclass inference of Field took 0.00291ms
typeclass inference of Semiring took 0.965ms
typeclass inference of RCLike took 0.0157ms
typeclass inference of RCLike took 0.00205ms
typeclass inference of RCLike took 0.0016ms
typeclass inference of RCLike took 0.00245ms
typeclass inference of RCLike took 0.00145ms
typeclass inference of RCLike took 0.00127ms
typeclass inference of RCLike took 0.00131ms
typeclass inference of RCLike took 0.00131ms
typeclass inference of RCLike took 0.00121ms
typeclass inference of RCLike took 0.00113ms
typeclass inference of RCLike took 0.00112ms
typeclass inference of RCLike took 0.00107ms
typeclass inference of RCLike took 0.00224ms
typeclass inference of RCLike took 0.00142ms
typeclass inference of RCLike took 0.0013ms
typeclass inference of RCLike took 0.00121ms
typeclass inference of RCLike took 0.00125ms
typeclass inference of RCLike took 0.00176ms
typeclass inference of RCLike took 0.00252ms
typeclass inference of RCLike took 0.00128ms
typeclass inference of RCLike took 0.00237ms
typeclass inference of RCLike took 0.00191ms
typeclass inference of RCLike took 0.00174ms
typeclass inference of RCLike took 0.00151ms
typeclass inference of RCLike took 0.00124ms
typeclass inference of RCLike took 0.00134ms
typeclass inference of RCLike took 0.00166ms
typeclass inference of RCLike took 0.00219ms
typeclass inference of RCLike took 0.00128ms
typeclass inference of RCLike took 0.00123ms
typeclass inference of Semiring took 0.00534ms
typeclass inference of NonAssocRing took 0.191ms
typeclass inference of Field took 0.00494ms
typeclass inference of Field took 0.00288ms
typeclass inference of Field took 0.00931ms
typeclass inference of Field took 0.00158ms
typeclass inference of Field took 0.00567ms
typeclass inference of Field took 0.00197ms
typeclass inference of Field took 0.00137ms
typeclass inference of Field took 0.00132ms
typeclass inference of Field took 0.00154ms
typeclass inference of Field took 0.00265ms
typeclass inference of Field took 0.00184ms
typeclass inference of Field took 0.00178ms
typeclass inference of Field took 0.00102ms
typeclass inference of Field took 0.00344ms
typeclass inference of Field took 0.00132ms
typeclass inference of Field took 0.00173ms
typeclass inference of Field took 0.00152ms
typeclass inference of Field took 0.00116ms
typeclass inference of Field took 0.00143ms
typeclass inference of Field took 0.00112ms
typeclass inference of Field took 0.00118ms
typeclass inference of Field took 0.00101ms
typeclass inference of Field took 0.00324ms
typeclass inference of Field took 0.00158ms
typeclass inference of Field took 0.00163ms
typeclass inference of Field took 0.00146ms
typeclass inference of Field took 0.00137ms
typeclass inference of Field took 0.00142ms
typeclass inference of Field took 0.00118ms
typeclass inference of Field took 0.00129ms
typeclass inference of Field took 0.00234ms
typeclass inference of Field took 0.00117ms
typeclass inference of Field took 0.00174ms
typeclass inference of Field took 0.00137ms
typeclass inference of Field took 0.00149ms
typeclass inference of Field took 0.00101ms
typeclass inference of Field took 0.00126ms
typeclass inference of Field took 0.0041ms
typeclass inference of Field took 0.00252ms
typeclass inference of Field took 0.00166ms
typeclass inference of Field took 0.00131ms
typeclass inference of Field took 0.00158ms
typeclass inference of Field took 0.00202ms
typeclass inference of Field took 0.00192ms
typeclass inference of Field took 0.0018ms
typeclass inference of Field took 0.00118ms
typeclass inference of Field took 0.00213ms
typeclass inference of Field took 0.00132ms
typeclass inference of Field took 0.00147ms
typeclass inference of Field took 0.00211ms
typeclass inference of Field took 0.00201ms
typeclass inference of Field took 0.00151ms
typeclass inference of Field took 0.00201ms
typeclass inference of Field took 0.00272ms
typeclass inference of Field took 0.0018ms
typeclass inference of Field took 0.00149ms
typeclass inference of Field took 0.00278ms
typeclass inference of Field took 0.00124ms
typeclass inference of Field took 0.00164ms
typeclass inference of Field took 0.00183ms
typeclass inference of Field took 0.00482ms
typeclass inference of Field took 0.00231ms
typeclass inference of Field took 0.00372ms
typeclass inference of Field took 0.00218ms
typeclass inference of Field took 0.00128ms
typeclass inference of Field took 0.00688ms
typeclass inference of Field took 0.00185ms
typeclass inference of Field took 0.00213ms
typeclass inference of Field took 0.00341ms
typeclass inference of Field took 0.00319ms
typeclass inference of Field took 0.00191ms
typeclass inference of Field took 0.00152ms
typeclass inference of Semiring took 0.0079ms
typeclass inference of CharZero took 22.5ms
norm_num took 0.0828ms
typeclass inference of AddMonoidWithOne took 0.81ms
norm_num took 0.637ms
norm_num took 0.0107ms
typeclass inference of AddMonoidWithOne took 0.00618ms
norm_num took 0.173ms
norm_num took 0.00601ms
norm_num took 0.00537ms
norm_num took 0.00551ms
norm_num took 0.00288ms
typeclass inference of AddMonoidWithOne took 0.00439ms
norm_num took 0.112ms
norm_num took 0.00415ms
norm_num took 0.00298ms
typeclass inference of AddMonoidWithOne took 0.00481ms
norm_num took 0.258ms
ring took 2.39ms
tactic execution of Mathlib.Tactic.LinearCombination.linearCombination took 1.76ms
tactic execution of Lean.Parser.Tactic.tacticSeq1Indented took 0.00842ms
tactic execution of Lean.Parser.Tactic.tacticSeq took 0.0052ms
tactic execution of Lean.Parser.Tactic.paren took 0.00517ms
tactic execution of Lean.Parser.Tactic.withAnnotateState took 0.00812ms
tactic execution of Lean.Parser.Tactic.tacticSeq1Indented took 0.00646ms
tactic execution of Lean.Parser.Tactic.tacticSeq took 0.0052ms
tactic execution of Lean.Parser.Tactic.case took 0.0792ms
tactic execution of Lean.Parser.Tactic.tacticSeq1Indented took 0.0179ms
tactic execution of Lean.Parser.Tactic.tacticSeq took 0.00592ms
tactic execution of Lean.Parser.Tactic.focus took 0.01ms
tactic execution of Lean.Parser.Tactic.tacticHave__ took 0.0313ms
typeclass inference of OfNat took 0.139ms
typeclass inference of OfNat took 0.0593ms
typeclass inference of OfNat took 0.0455ms
typeclass inference of HPow took 0.366ms
typeclass inference of LT took 0.0365ms
typeclass inference of OfNat took 0.0434ms
typeclass inference of Preorder took 0.171ms
typeclass inference of Preorder took 0.0298ms
typeclass inference of Preorder took 0.0369ms
typeclass inference of AddMonoidWithOne took 0.0448ms
norm_num took 0.189ms
typeclass inference of AddMonoidWithOne took 0.00414ms
norm_num took 0.0457ms
typeclass inference of LT took 0.029ms
typeclass inference of Semiring took 0.0292ms
typeclass inference of PartialOrder took 0.0314ms
typeclass inference of CommSemiring took 0.029ms
typeclass inference of IsOrderedRing took 0.956ms
typeclass inference of CharZero took 0.0405ms
norm_num took 0.224ms
tactic execution of Mathlib.Tactic.normNum took 0.451ms
tactic execution of Lean.Parser.Tactic.tacticSeq1Indented took 0.00866ms
tactic execution of Lean.Parser.Tactic.tacticSeq took 0.0136ms
tactic execution of Lean.Parser.Tactic.refine took 2.88ms
tactic execution of Lean.Parser.Tactic.rotateRight took 0.00812ms
tactic execution of Lean.Parser.Tactic.tacticSeq1Indented took 0.0111ms
tactic execution of Lean.Parser.Tactic.tacticSeq took 0.00374ms
tactic execution of Lean.Parser.Tactic.paren took 0.00466ms
tactic execution of Lean.Parser.Tactic.tacticSeq1Indented took 0.00743ms
tactic execution of Lean.Parser.Tactic.tacticSeq took 0.0054ms
tactic execution of Lean.Parser.Tactic.focus took 0.00871ms
tactic execution of Lean.Parser.Tactic.tacticRefine_lift_ took 0.0101ms
tactic execution of Lean.Parser.Tactic.tacticHave__ took 0.829ms
typeclass inference of OfNat took 1.49ms
typeclass inference of CategoryTheory.CartesianMonoidalCategory took 0.0749ms
typeclass inference of CategoryTheory.CartesianMonoidalCategory took 0.00707ms
typeclass inference of HPow took 2.61ms
typeclass inference of OfNat took 0.15ms
typeclass inference of OfNat took 0.0497ms
typeclass inference of HPow took 0.305ms
typeclass inference of OfNat took 0.0509ms
tactic execution of Lean.Parser.Tactic.refine took 1.22ms
tactic execution of Lean.Parser.Tactic.rotateRight took 0.011ms
tactic execution of Lean.Parser.Tactic.tacticSeq1Indented took 0.0208ms
tactic execution of Lean.Parser.Tactic.tacticSeq took 0.00657ms
tactic execution of Lean.Parser.Tactic.paren took 0.00577ms
tactic execution of Lean.Parser.Tactic.tacticSeq1Indented took 0.00583ms
tactic execution of Lean.Parser.Tactic.tacticSeq took 0.00551ms
tactic execution of Lean.Parser.Tactic.focus took 0.0104ms
tactic execution of Lean.Parser.Tactic.tacticRefine_lift_ took 0.0153ms
tactic execution of Lean.Parser.Tactic.tacticHave__ took 0.0241ms
typeclass inference of OfNat took 0.0934ms
typeclass inference of OfNat took 0.0692ms
typeclass inference of OfNat took 0.0556ms
typeclass inference of HMul took 0.173ms
typeclass inference of HPow took 0.0416ms
typeclass inference of HMul took 0.158ms
typeclass inference of LT took 0.0315ms
typeclass inference of OfNat took 0.0033ms
tactic execution of Lean.Parser.Tactic.refine took 0.579ms
typeclass inference of OfNat took 0.0856ms
typeclass inference of OfNat took 0.0581ms
typeclass inference of OfNat took 0.06ms
typeclass inference of OfNat took 0.0522ms
typeclass inference of OfNat took 0.0416ms
typeclass inference of OfNat took 0.0341ms
typeclass inference of OfNat took 0.0322ms
typeclass inference of HMul took 0.00407ms
typeclass inference of HMul took 0.00253ms
typeclass inference of HPow took 0.0358ms
typeclass inference of HMul took 0.0482ms
typeclass inference of HPow took 0.0476ms
typeclass inference of HPow took 0.0356ms
typeclass inference of HMul took 0.03ms
typeclass inference of LT took 0.0031ms
typeclass inference of OfNat took 0.00272ms
typeclass inference of OfNat took 0.0019ms
typeclass inference of OfNat took 0.00157ms
typeclass inference of OfNat took 0.0697ms
typeclass inference of OfNat took 0.0491ms
typeclass inference of HAdd took 0.159ms
typeclass inference of HAdd took 0.147ms
typeclass inference of OfNat took 0.0466ms
typeclass inference of HPow took 0.0418ms
typeclass inference of OfNat took 0.00336ms
typeclass inference of Trans took 0.356ms
typeclass inference of LT took 0.00378ms
typeclass inference of Trans took 0.168ms
typeclass inference of LE took 1.11ms
typeclass inference of LE took 0.0735ms
typeclass inference of Zero took 0.136ms
typeclass inference of PartialOrder took 0.0463ms
typeclass inference of Ring took 1.1ms
typeclass inference of AddMonoidWithOne took 0.046ms
norm_num took 0.291ms
typeclass inference of Semiring took 0.037ms
typeclass inference of PartialOrder took 0.00288ms
typeclass inference of CommSemiring took 0.0266ms
typeclass inference of IsOrderedRing took 1.16ms
typeclass inference of Nontrivial took 0.0677ms
typeclass inference of Semiring took 0.00908ms
typeclass inference of IsStrictOrderedRing took 0.0642ms
tactic execution of Mathlib.Tactic.Positivity.positivity took 2.03ms
tactic execution of Lean.Parser.Tactic.tacticSeq1Indented took 0.0111ms
tactic execution of Lean.Parser.Tactic.tacticSeq took 0.0146ms
typeclass inference of Monoid took 0.329ms
typeclass inference of Monoid took 0.161ms
typeclass inference of Monoid took 0.042ms
typeclass inference of Monoid took 0.0274ms
tactic execution of Lean.Parser.Tactic.rewriteSeq took 0.699ms
tactic execution of Lean.Parser.Tactic.exact took 0.126ms
tactic execution of Lean.Parser.Tactic.exact took 0.0836ms
tactic execution of Lean.Parser.Tactic.eqRefl took 0.2ms
tactic execution of Lean.Parser.Tactic.tacticRfl took 0.0489ms
tactic execution of Lean.Parser.Tactic.tacticSeq1Indented took 0.00701ms
tactic execution of Lean.Parser.Tactic.tacticSeq took 0.00717ms
tactic execution of Lean.Parser.Tactic.withReducible took 0.00609ms
tactic execution of Lean.Parser.Tactic.tacticSeq1Indented took 0.00663ms
tactic execution of Lean.Parser.Tactic.tacticSeq took 0.00434ms
tactic execution of Lean.Parser.Tactic.paren took 0.00456ms
tactic execution of Lean.Parser.Tactic.tacticSeq1Indented took 0.0046ms
tactic execution of Lean.Parser.Tactic.tacticSeq took 0.00785ms
tactic execution of Lean.Parser.Tactic.first took 0.0073ms
tactic execution of Lean.Parser.Tactic.tacticTry_ took 0.0102ms
tactic execution of Lean.Parser.Tactic.tacticSeq1Indented took 0.00347ms
tactic execution of Lean.Parser.Tactic.tacticSeq took 0.00334ms
tactic execution of Lean.Parser.Tactic.paren took 0.00402ms
tactic execution of Lean.Parser.Tactic.withAnnotateState took 0.0205ms
tactic execution of Lean.Parser.Tactic.tacticSeq1Indented took 0.0114ms
tactic execution of Lean.Parser.Tactic.tacticSeq took 0.00435ms
tactic execution of Lean.Parser.Tactic.paren took 0.00525ms
tactic execution of Lean.Parser.Tactic.rwSeq took 0.0166ms
tactic execution of Lean.Parser.Tactic.tacticSeq1Indented took 0.00781ms
tactic execution of Lean.Parser.Tactic.tacticSeq took 0.0171ms
tactic execution of Lean.calcTactic took 5.01ms
tactic execution of Lean.Parser.Tactic.tacticSeq1Indented took 0.00645ms
tactic execution of Lean.Parser.Tactic.tacticSeq took 0.00444ms
tactic execution of Lean.Parser.Tactic.paren took 0.00498ms
tactic execution of Lean.Parser.Tactic.withAnnotateState took 0.00779ms
tactic execution of Lean.Parser.Tactic.tacticSeq1Indented took 0.00558ms
tactic execution of Lean.Parser.Tactic.tacticSeq took 0.0042ms
tactic execution of Lean.Parser.Tactic.case took 0.0566ms
tactic execution of Lean.Parser.Tactic.tacticSeq1Indented took 0.0144ms
tactic execution of Lean.Parser.Tactic.tacticSeq took 0.00528ms
tactic execution of Lean.Parser.Tactic.focus took 0.00902ms
tactic execution of Lean.Parser.Tactic.tacticHave__ took 0.199ms
typeclass inference of OfNat took 1.03ms
typeclass inference of HMul took 0.934ms
typeclass inference of CategoryTheory.CartesianMonoidalCategory took 0.0808ms
typeclass inference of CategoryTheory.CartesianMonoidalCategory took 0.00512ms
typeclass inference of HPow took 1.95ms
typeclass inference of HMul took 0.816ms
typeclass inference of OfNat took 0.0644ms
typeclass inference of OfNat took 0.0483ms
typeclass inference of HMul took 0.139ms
typeclass inference of HPow took 0.305ms
typeclass inference of HMul took 0.139ms
typeclass inference of OfNat took 0.039ms
tactic execution of Lean.Parser.Tactic.refine took 0.953ms
tactic execution of Lean.Parser.Tactic.rewriteSeq took 0.124ms
tactic execution of Lean.Parser.Tactic.exact took 0.116ms
tactic execution of Lean.Parser.Tactic.exact took 0.116ms
tactic execution of Lean.Parser.Tactic.eqRefl took 0.00924ms
tactic execution of Lean.Parser.Tactic.applyRfl took 0.0226ms
tactic execution of Lean.Parser.Tactic.tacticRfl took 0.0472ms
tactic execution of Lean.Parser.Tactic.tacticSeq1Indented took 0.00596ms
tactic execution of Lean.Parser.Tactic.tacticSeq took 0.00387ms
tactic execution of Lean.Parser.Tactic.withReducible took 0.00543ms
tactic execution of Lean.Parser.Tactic.tacticSeq1Indented took 0.00418ms
tactic execution of Lean.Parser.Tactic.tacticSeq took 0.0033ms
tactic execution of Lean.Parser.Tactic.paren took 0.0048ms
tactic execution of Lean.Parser.Tactic.tacticSeq1Indented took 0.00414ms
tactic execution of Lean.Parser.Tactic.tacticSeq took 0.00523ms
tactic execution of Lean.Parser.Tactic.skip took 0.00336ms
tactic execution of Lean.Parser.Tactic.tacticSeq1Indented took 0.0034ms
tactic execution of Lean.Parser.Tactic.tacticSeq took 0.00334ms
tactic execution of Lean.Parser.Tactic.first took 0.00894ms
tactic execution of Lean.Parser.Tactic.tacticTry_ took 0.00581ms
tactic execution of Lean.Parser.Tactic.tacticSeq1Indented took 0.00371ms
tactic execution of Lean.Parser.Tactic.tacticSeq took 0.00272ms
tactic execution of Lean.Parser.Tactic.paren took 0.00321ms
tactic execution of Lean.Parser.Tactic.withAnnotateState took 0.0252ms
tactic execution of Lean.Parser.Tactic.tacticSeq1Indented took 0.0109ms
tactic execution of Lean.Parser.Tactic.tacticSeq took 0.0033ms
tactic execution of Lean.Parser.Tactic.paren took 0.00367ms
tactic execution of Lean.Parser.Tactic.rwSeq took 0.00792ms
tactic execution of Lean.Parser.Tactic.exact took 0.0429ms
tactic execution of Lean.Parser.Tactic.tacticSeq1Indented took 0.0082ms
tactic execution of Lean.Parser.Tactic.tacticSeq took 0.007ms
tactic execution of Lean.Parser.Tactic.rewriteSeq took 1.58ms
tactic execution of Lean.Parser.Tactic.exact took 0.0982ms
tactic execution of Lean.Parser.Tactic.exact took 0.0813ms
tactic execution of Lean.Parser.Tactic.eqRefl took 0.00922ms
tactic execution of Lean.Parser.Tactic.tacticRfl took 0.0317ms
tactic execution of Lean.Parser.Tactic.tacticSeq1Indented took 0.0044ms
tactic execution of Lean.Parser.Tactic.tacticSeq took 0.00254ms
tactic execution of Lean.Parser.Tactic.withReducible took 0.00271ms
tactic execution of Lean.Parser.Tactic.tacticSeq1Indented took 0.00273ms
tactic execution of Lean.Parser.Tactic.tacticSeq took 0.00223ms
tactic execution of Lean.Parser.Tactic.paren took 0.00235ms
tactic execution of Lean.Parser.Tactic.tacticSeq1Indented took 0.00257ms
tactic execution of Lean.Parser.Tactic.tacticSeq took 0.00242ms
tactic execution of Lean.Parser.Tactic.first took 0.00293ms
tactic execution of Lean.Parser.Tactic.tacticTry_ took 0.00442ms
tactic execution of Lean.Parser.Tactic.tacticSeq1Indented took 0.00309ms
tactic execution of Lean.Parser.Tactic.tacticSeq took 0.00263ms
tactic execution of Lean.Parser.Tactic.paren took 0.0033ms
tactic execution of Lean.Parser.Tactic.withAnnotateState took 0.0118ms
tactic execution of Lean.Parser.Tactic.tacticSeq1Indented took 0.0101ms
tactic execution of Lean.Parser.Tactic.tacticSeq took 0.00261ms
tactic execution of Lean.Parser.Tactic.paren took 0.00265ms
tactic execution of Lean.Parser.Tactic.rwSeq took 0.00924ms
tactic execution of Lean.Parser.Tactic.tacticSeq1Indented took 0.00299ms
tactic execution of Lean.Parser.Tactic.tacticSeq took 0.00223ms
tactic execution of Lean.Parser.Tactic.paren took 0.00265ms
tactic execution of Lean.Parser.Tactic.withAnnotateState took 0.00478ms
tactic execution of Lean.Parser.Tactic.tacticSeq1Indented took 0.0036ms
tactic execution of Lean.Parser.Tactic.tacticSeq took 0.00349ms
tactic execution of Lean.Parser.Tactic.case took 0.0956ms
tactic execution of Lean.Parser.Tactic.tacticSeq1Indented took 0.012ms
tactic execution of Lean.Parser.Tactic.tacticSeq took 0.00389ms
tactic execution of Lean.Parser.Tactic.focus took 0.00732ms
tactic execution of Lean.Parser.Tactic.tacticHave__ took 0.022ms
typeclass inference of OfNat took 0.0648ms
typeclass inference of OfNat took 0.0508ms
typeclass inference of OfNat took 0.0461ms
typeclass inference of HAdd took 0.163ms
typeclass inference of HMul took 0.147ms
typeclass inference of HPow took 0.308ms
typeclass inference of HMul took 0.164ms
typeclass inference of HAdd took 0.167ms
typeclass inference of LT took 0.0291ms
typeclass inference of OfNat took 0.0419ms
tactic execution of Lean.Parser.Tactic.refine took 0.778ms
typeclass inference of OfNat took 0.0668ms
typeclass inference of OfNat took 0.0821ms
typeclass inference of OfNat took 0.0469ms
typeclass inference of OfNat took 0.0521ms
typeclass inference of OfNat took 0.054ms
typeclass inference of OfNat took 0.0531ms
typeclass inference of OfNat took 0.0517ms
typeclass inference of OfNat took 0.0369ms
typeclass inference of OfNat took 0.034ms
typeclass inference of OfNat took 0.0331ms
typeclass inference of HAdd took 0.00393ms
typeclass inference of HMul took 0.00265ms
typeclass inference of HMul took 0.00223ms
typeclass inference of HPow took 0.039ms
typeclass inference of HMul took 0.0298ms
typeclass inference of HPow took 0.0297ms
typeclass inference of HAdd took 0.0442ms
typeclass inference of HPow took 0.0367ms
typeclass inference of HPow took 0.0539ms
typeclass inference of HMul took 0.0352ms
typeclass inference of LE took 0.0426ms
typeclass inference of OfNat took 0.00369ms
typeclass inference of OfNat took 0.00198ms
typeclass inference of OfNat took 0.00209ms
typeclass inference of OfNat took 0.00191ms
tactic execution of Lean.Parser.Tactic.refine took 1.1ms
typeclass inference of OfNat took 0.1ms
typeclass inference of OfNat took 0.0661ms
typeclass inference of OfNat took 0.0778ms
typeclass inference of OfNat took 0.0856ms
typeclass inference of OfNat took 0.0409ms
typeclass inference of HAdd took 0.00384ms
typeclass inference of HAdd took 0.0368ms
typeclass inference of HPow took 0.0305ms
typeclass inference of LE took 0.00449ms
typeclass inference of OfNat took 0.0579ms
typeclass inference of OfNat took 0.00395ms
tactic execution of Lean.Parser.Tactic.refine took 0.817ms
tactic execution of Lean.Parser.Tactic.rotateRight took 0.0054ms
tactic execution of Lean.Parser.Tactic.tacticSeq1Indented took 0.0124ms
tactic execution of Lean.Parser.Tactic.tacticSeq took 0.00327ms
tactic execution of Lean.Parser.Tactic.paren took 0.00292ms
tactic execution of Lean.Parser.Tactic.tacticSeq1Indented took 0.00405ms
tactic execution of Lean.Parser.Tactic.tacticSeq took 0.00477ms
tactic execution of Lean.Parser.Tactic.focus took 0.00504ms
tactic execution of Lean.Parser.Tactic.tacticRefine_lift_ took 0.00685ms
tactic execution of Lean.Parser.Tactic.tacticHave__ took 0.00857ms
typeclass inference of OfNat took 0.082ms
typeclass inference of OfNat took 0.0805ms
typeclass inference of OfNat took 0.0603ms
typeclass inference of OfNat took 0.0352ms
typeclass inference of OfNat took 0.0514ms
typeclass inference of OfNat took 0.0584ms
typeclass inference of OfNat took 0.0379ms
typeclass inference of OfNat took 0.0328ms
typeclass inference of OfNat took 0.0308ms
typeclass inference of OfNat took 0.0316ms
typeclass inference of HAdd took 0.00389ms
typeclass inference of HMul took 0.00261ms
typeclass inference of HMul took 0.00304ms
typeclass inference of HAdd took 0.00227ms
typeclass inference of HPow took 0.0348ms
typeclass inference of HMul took 0.0406ms
typeclass inference of HPow took 0.0341ms
typeclass inference of HAdd took 0.051ms
typeclass inference of HPow took 0.0312ms
typeclass inference of HAdd took 0.0316ms
typeclass inference of HMul took 0.031ms
typeclass inference of OfNat took 0.0051ms
typeclass inference of OfNat took 0.00365ms
typeclass inference of OfNat took 0.00279ms
typeclass inference of OfNat took 0.00357ms
typeclass inference of OfNat took 0.0693ms
typeclass inference of OfNat took 0.0862ms
typeclass inference of OfNat took 0.075ms
typeclass inference of OfNat took 0.0476ms
typeclass inference of HMul took 0.00381ms
typeclass inference of HPow took 0.0331ms
typeclass inference of HPow took 0.0306ms
typeclass inference of HMul took 0.0279ms
typeclass inference of LE took 0.00307ms
typeclass inference of OfNat took 0.00282ms
typeclass inference of OfNat took 0.00191ms
typeclass inference of Trans took 0.296ms
typeclass inference of CommSemiring took 0.0501ms
typeclass inference of CommRing took 0.697ms
typeclass inference of Semifield took 0.276ms
typeclass inference of CharZero took 1.13ms
typeclass inference of AddMonoidWithOne took 0.0484ms
norm_num took 0.334ms
norm_num took 0.0261ms
norm_num took 0.0081ms
typeclass inference of AddMonoidWithOne took 0.00638ms
norm_num took 0.129ms
norm_num took 0.00406ms
typeclass inference of AddMonoidWithOne took 0.00447ms
norm_num took 0.0847ms
norm_num took 0.00407ms
norm_num took 0.00588ms
typeclass inference of AddMonoidWithOne took 0.00384ms
norm_num took 0.0857ms
ring took 2.3ms
tactic execution of Mathlib.Tactic.Ring.ring1 took 0.668ms
tactic execution of Lean.Parser.Tactic.tacticSeq1Indented took 0.011ms
tactic execution of Lean.Parser.Tactic.tacticSeq took 0.00598ms
tactic execution of Lean.Parser.Tactic.first took 0.0119ms
tactic execution of Mathlib.Tactic.RingNF.ring took 0.226ms
tactic execution of Lean.Parser.Tactic.tacticSeq1Indented took 0.00816ms
tactic execution of Lean.Parser.Tactic.tacticSeq took 0.0124ms
tactic execution of Lean.calcTactic took 3.62ms
tactic execution of Lean.Parser.Tactic.tacticSeq1Indented took 0.0129ms
tactic execution of Lean.Parser.Tactic.tacticSeq took 0.0055ms
tactic execution of Lean.Parser.Tactic.paren took 0.00494ms
tactic execution of Lean.Parser.Tactic.withAnnotateState took 0.0069ms
tactic execution of Lean.Parser.Tactic.tacticSeq1Indented took 0.00514ms
tactic execution of Lean.Parser.Tactic.tacticSeq took 0.00517ms
tactic execution of Lean.Parser.Tactic.case took 0.0616ms
tactic execution of Lean.Parser.Tactic.tacticSeq1Indented took 0.0148ms
tactic execution of Lean.Parser.Tactic.tacticSeq took 0.00598ms
tactic execution of Lean.Parser.Tactic.focus took 0.00733ms
tactic execution of Lean.Parser.Tactic.tacticHave__ took 0.0183ms
typeclass inference of OfNat took 0.178ms
typeclass inference of OfNat took 0.0649ms
typeclass inference of OfNat took 0.0511ms
typeclass inference of OfNat took 0.0448ms
typeclass inference of OfNat took 0.0513ms
typeclass inference of OfNat took 0.0669ms
typeclass inference of OfNat took 0.038ms
typeclass inference of OfNat took 0.0333ms
typeclass inference of HAdd took 0.181ms
typeclass inference of HAdd took 0.146ms
typeclass inference of OfNat took 0.0528ms
typeclass inference of OfNat took 0.0381ms
typeclass inference of OfNat took 0.0332ms
typeclass inference of HPow took 0.0748ms
typeclass inference of HPow took 0.063ms
typeclass inference of HMul took 0.0984ms
typeclass inference of HPow took 0.0596ms
typeclass inference of OfNat took 0.0754ms
typeclass inference of OfNat took 0.0428ms
typeclass inference of OfNat took 0.0382ms
typeclass inference of HPow took 0.0549ms
typeclass inference of HPow took 0.0784ms
typeclass inference of HMul took 0.0984ms
typeclass inference of HPow took 0.0538ms
typeclass inference of OfNat took 0.05ms
typeclass inference of OfNat took 0.0377ms
typeclass inference of OfNat took 0.0318ms
typeclass inference of HPow took 0.0466ms
typeclass inference of HPow took 0.0444ms
typeclass inference of HMul took 0.0937ms
typeclass inference of HPow took 0.0968ms
typeclass inference of OfNat took 0.0703ms
typeclass inference of OfNat took 0.0527ms
typeclass inference of OfNat took 0.0364ms
typeclass inference of HPow took 0.05ms
typeclass inference of HPow took 0.0495ms
typeclass inference of HMul took 0.0448ms
typeclass inference of HPow took 0.047ms
typeclass inference of Pow took 0.42ms
typeclass inference of NPow took 0.512ms
typeclass inference of HomogeneousPow took 0.0525ms
typeclass inference of NatPow took 0.0395ms
typeclass inference of Pow took 0.205ms
typeclass inference of NPow took 0.251ms
typeclass inference of HomogeneousPow took 0.00219ms
typeclass inference of NatPow took 0.0274ms
typeclass inference of Mul took 0.348ms
typeclass inference of Pow took 0.101ms
typeclass inference of NPow took 0.135ms
typeclass inference of HomogeneousPow took 0.00175ms
typeclass inference of NatPow took 0.0257ms
typeclass inference of OfNat took 0.0711ms
typeclass inference of OfNat took 0.0358ms
typeclass inference of HPow took 0.3ms
typeclass inference of HPow took 0.0698ms
typeclass inference of HMul took 0.0573ms
typeclass inference of HPow took 0.0487ms
typeclass inference of OfNat took 0.0463ms
typeclass inference of OfNat took 0.0336ms
typeclass inference of HPow took 0.0456ms
typeclass inference of HMul took 0.0516ms
typeclass inference of HPow took 0.05ms
typeclass inference of OfNat took 0.0373ms
typeclass inference of OfNat took 0.0316ms
typeclass inference of HPow took 0.044ms
typeclass inference of HMul took 0.0523ms
typeclass inference of HPow took 0.0488ms
typeclass inference of Pow took 0.104ms
typeclass inference of NPow took 0.15ms
typeclass inference of HomogeneousPow took 0.00225ms
typeclass inference of NatPow took 0.0274ms
typeclass inference of Mul took 0.0309ms
typeclass inference of OfNat took 0.0471ms
typeclass inference of OfNat took 0.0356ms
typeclass inference of HPow took 0.0508ms
typeclass inference of HPow took 0.0462ms
typeclass inference of OfNat took 0.0379ms
typeclass inference of OfNat took 0.0317ms
typeclass inference of HPow took 0.0437ms
typeclass inference of HPow took 0.0435ms
typeclass inference of Pow took 0.122ms
typeclass inference of OfNat took 0.0402ms
typeclass inference of OfNat took 0.043ms
typeclass inference of HPow took 0.062ms
typeclass inference of OfNat took 0.0422ms
typeclass inference of HPow took 0.0492ms
typeclass inference of OfNat took 0.049ms
typeclass inference of HPow took 0.0496ms
typeclass inference of Pow took 0.00403ms
typeclass inference of OfNat took 0.00257ms
tactic execution of Lean.Parser.Tactic.refine took 2.57ms
typeclass inference of Monoid took 0.118ms
typeclass inference of Monoid took 0.0985ms
typeclass inference of Monoid took 0.0299ms
typeclass inference of Monoid took 0.026ms
tactic execution of Lean.Parser.Tactic.rewriteSeq took 0.583ms
tactic execution of Lean.Parser.Tactic.exact took 0.126ms
tactic execution of Lean.Parser.Tactic.exact took 0.101ms
tactic execution of Lean.Parser.Tactic.eqRefl took 0.148ms
tactic execution of Lean.Parser.Tactic.tacticRfl took 0.0497ms
tactic execution of Lean.Parser.Tactic.tacticSeq1Indented took 0.0112ms
tactic execution of Lean.Parser.Tactic.tacticSeq took 0.00388ms
tactic execution of Lean.Parser.Tactic.withReducible took 0.00671ms
tactic execution of Lean.Parser.Tactic.tacticSeq1Indented took 0.00872ms
tactic execution of Lean.Parser.Tactic.tacticSeq took 0.00465ms
tactic execution of Lean.Parser.Tactic.paren took 0.00355ms
tactic execution of Lean.Parser.Tactic.tacticSeq1Indented took 0.00451ms
tactic execution of Lean.Parser.Tactic.tacticSeq took 0.00434ms
tactic execution of Lean.Parser.Tactic.first took 0.00668ms
tactic execution of Lean.Parser.Tactic.tacticTry_ took 0.00866ms
tactic execution of Lean.Parser.Tactic.tacticSeq1Indented took 0.00307ms
tactic execution of Lean.Parser.Tactic.tacticSeq took 0.00334ms
tactic execution of Lean.Parser.Tactic.paren took 0.00312ms
tactic execution of Lean.Parser.Tactic.withAnnotateState took 0.0188ms
tactic execution of Lean.Parser.Tactic.tacticSeq1Indented took 0.00881ms
tactic execution of Lean.Parser.Tactic.tacticSeq took 0.00282ms
tactic execution of Lean.Parser.Tactic.paren took 0.00338ms
tactic execution of Lean.Parser.Tactic.rwSeq took 0.0154ms
tactic execution of Lean.Parser.Tactic.tacticSeq1Indented took 0.00339ms
tactic execution of Lean.Parser.Tactic.tacticSeq took 0.00254ms
tactic execution of Lean.Parser.Tactic.paren took 0.00336ms
tactic execution of Lean.Parser.Tactic.withAnnotateState took 0.00598ms
tactic execution of Lean.Parser.Tactic.tacticSeq1Indented took 0.00415ms
tactic execution of Lean.Parser.Tactic.tacticSeq took 0.00436ms
tactic execution of Lean.Parser.Tactic.case took 0.0709ms
tactic execution of Lean.Parser.Tactic.tacticSeq1Indented took 0.0181ms
tactic execution of Lean.Parser.Tactic.tacticSeq took 0.00605ms
tactic execution of Lean.Parser.Tactic.focus took 0.0102ms
tactic execution of Lean.Parser.Tactic.tacticHave__ took 0.0379ms
typeclass inference of Decidable took 0.221ms
typeclass inference of LE took 0.0356ms
typeclass inference of LE took 0.00598ms
typeclass inference of LE took 0.0042ms
typeclass inference of LE took 0.00598ms
typeclass inference of Decidable took 0.143ms
typeclass inference of Decidable took 0.00374ms
instantiate metavars took 0.00114ms
tactic execution of Lean.Parser.Tactic.omega took 6.55ms
tactic execution of Lean.Parser.Tactic.tacticSeq1Indented took 0.0234ms
tactic execution of Lean.Parser.Tactic.tacticSeq took 0.00487ms
tactic execution of Lean.Parser.Tactic.paren took 0.00464ms
tactic execution of Lean.Parser.Tactic.withAnnotateState took 0.00692ms
tactic execution of Lean.Parser.Tactic.tacticSeq1Indented took 0.00477ms
tactic execution of Lean.Parser.Tactic.tacticSeq took 0.00426ms
tactic execution of Lean.Parser.Tactic.case took 0.0614ms
tactic execution of Lean.Parser.Tactic.tacticSeq1Indented took 0.0129ms
tactic execution of Lean.Parser.Tactic.tacticSeq took 0.0042ms
tactic execution of Lean.Parser.Tactic.focus took 0.00577ms
tactic execution of Lean.Parser.Tactic.tacticHave__ took 0.0284ms
typeclass inference of OfNat took 1.2ms
typeclass inference of HAdd took 1.19ms
typeclass inference of HMul took 1.08ms
typeclass inference of CategoryTheory.CartesianMonoidalCategory took 0.0573ms
typeclass inference of CategoryTheory.CartesianMonoidalCategory took 0.00572ms
typeclass inference of HPow took 2.35ms
typeclass inference of HMul took 0.915ms
typeclass inference of HAdd took 0.932ms
typeclass inference of OfNat took 0.145ms
typeclass inference of OfNat took 0.0537ms
typeclass inference of HAdd took 0.157ms
typeclass inference of HMul took 0.148ms
typeclass inference of HPow took 0.32ms
typeclass inference of HMul took 0.172ms
typeclass inference of HAdd took 0.165ms
typeclass inference of OfNat took 0.0602ms
tactic execution of Lean.Parser.Tactic.refine took 1.69ms
tactic execution of Lean.Parser.Tactic.rewriteSeq took 0.157ms
tactic execution of Lean.Parser.Tactic.exact took 0.116ms
tactic execution of Lean.Parser.Tactic.exact took 0.1ms
tactic execution of Lean.Parser.Tactic.eqRefl took 0.0106ms
tactic execution of Lean.Parser.Tactic.applyRfl took 0.035ms
tactic execution of Lean.Parser.Tactic.tacticRfl took 0.0468ms
tactic execution of Lean.Parser.Tactic.tacticSeq1Indented took 0.00856ms
tactic execution of Lean.Parser.Tactic.tacticSeq took 0.00463ms
tactic execution of Lean.Parser.Tactic.withReducible took 0.00818ms
tactic execution of Lean.Parser.Tactic.tacticSeq1Indented took 0.0046ms
tactic execution of Lean.Parser.Tactic.tacticSeq took 0.00463ms
tactic execution of Lean.Parser.Tactic.paren took 0.00378ms
tactic execution of Lean.Parser.Tactic.tacticSeq1Indented took 0.00506ms
tactic execution of Lean.Parser.Tactic.tacticSeq took 0.00472ms
tactic execution of Lean.Parser.Tactic.skip took 0.00399ms
tactic execution of Lean.Parser.Tactic.tacticSeq1Indented took 0.00477ms
tactic execution of Lean.Parser.Tactic.tacticSeq took 0.00421ms
tactic execution of Lean.Parser.Tactic.first took 0.00899ms
tactic execution of Lean.Parser.Tactic.tacticTry_ took 0.00903ms
tactic execution of Lean.Parser.Tactic.tacticSeq1Indented took 0.00473ms
tactic execution of Lean.Parser.Tactic.tacticSeq took 0.00709ms
tactic execution of Lean.Parser.Tactic.paren took 0.00321ms
tactic execution of Lean.Parser.Tactic.withAnnotateState took 0.014ms
tactic execution of Lean.Parser.Tactic.tacticSeq1Indented took 0.0319ms
tactic execution of Lean.Parser.Tactic.tacticSeq took 0.00342ms
tactic execution of Lean.Parser.Tactic.paren took 0.00414ms
tactic execution of Lean.Parser.Tactic.rwSeq took 0.00949ms
tactic execution of Lean.Parser.Tactic.exact took 0.0496ms
tactic execution of Lean.Parser.Tactic.tacticSeq1Indented took 0.00924ms
tactic execution of Lean.Parser.Tactic.tacticSeq took 0.00946ms
tactic execution of Lean.Parser.Tactic.rewriteSeq took 3.46ms
tactic execution of Lean.Parser.Tactic.exact took 0.0971ms
tactic execution of Lean.Parser.Tactic.exact took 0.0821ms
tactic execution of Lean.Parser.Tactic.eqRefl took 0.00999ms
tactic execution of Lean.Parser.Tactic.tacticRfl took 0.0285ms
tactic execution of Lean.Parser.Tactic.tacticSeq1Indented took 0.00352ms
tactic execution of Lean.Parser.Tactic.tacticSeq took 0.00607ms
tactic execution of Lean.Parser.Tactic.withReducible took 0.00291ms
tactic execution of Lean.Parser.Tactic.tacticSeq1Indented took 0.00657ms
tactic execution of Lean.Parser.Tactic.tacticSeq took 0.00241ms
tactic execution of Lean.Parser.Tactic.paren took 0.00242ms
tactic execution of Lean.Parser.Tactic.tacticSeq1Indented took 0.00267ms
tactic execution of Lean.Parser.Tactic.tacticSeq took 0.0025ms
tactic execution of Lean.Parser.Tactic.first took 0.00293ms
tactic execution of Lean.Parser.Tactic.tacticTry_ took 0.00481ms
tactic execution of Lean.Parser.Tactic.tacticSeq1Indented took 0.00273ms
tactic execution of Lean.Parser.Tactic.tacticSeq took 0.00253ms
tactic execution of Lean.Parser.Tactic.paren took 0.00287ms
tactic execution of Lean.Parser.Tactic.withAnnotateState took 0.0174ms
tactic execution of Lean.Parser.Tactic.tacticSeq1Indented took 0.0111ms
tactic execution of Lean.Parser.Tactic.tacticSeq took 0.00347ms
tactic execution of Lean.Parser.Tactic.paren took 0.0037ms
tactic execution of Lean.Parser.Tactic.rwSeq took 0.0222ms
tactic execution of Lean.Parser.Tactic.tacticSeq1Indented took 0.00436ms
tactic execution of Lean.Parser.Tactic.tacticSeq took 0.00324ms
tactic execution of Lean.Parser.Tactic.paren took 0.00507ms
tactic execution of Lean.Parser.Tactic.withAnnotateState took 0.00872ms
tactic execution of Lean.Parser.Tactic.tacticSeq1Indented took 0.00511ms
tactic execution of Lean.Parser.Tactic.tacticSeq took 0.00611ms
tactic execution of Lean.Parser.Tactic.case took 0.175ms
tactic execution of Lean.Parser.Tactic.tacticSeq1Indented took 0.0237ms
tactic execution of Lean.Parser.Tactic.tacticSeq took 0.00464ms
tactic execution of Lean.Parser.Tactic.focus took 0.00855ms
tactic execution of Lean.Parser.Tactic.tacticHave__ took 0.0305ms
typeclass inference of HMul took 0.169ms
typeclass inference of HMul took 0.17ms
typeclass inference of LT took 0.0305ms
tactic execution of Lean.Parser.Tactic.refine took 0.492ms
typeclass inference of OfNat took 0.108ms
typeclass inference of OfNat took 0.0591ms
typeclass inference of HMul took 0.00437ms
typeclass inference of HMul took 0.00232ms
typeclass inference of HMul took 0.0372ms
typeclass inference of HPow took 0.355ms
typeclass inference of HMul took 0.0341ms
typeclass inference of LE took 0.0344ms
typeclass inference of OfNat took 0.0436ms
typeclass inference of OfNat took 0.0727ms
typeclass inference of OfNat took 0.0601ms
typeclass inference of OfNat took 0.0509ms
typeclass inference of OfNat took 0.04ms
typeclass inference of HMul took 0.00399ms
typeclass inference of HPow took 0.0451ms
typeclass inference of HPow took 0.0329ms
typeclass inference of HMul took 0.032ms
typeclass inference of LT took 0.00359ms
typeclass inference of OfNat took 0.00361ms
typeclass inference of OfNat took 0.00235ms
typeclass inference of Trans took 0.228ms
typeclass inference of OfNat took 0.0768ms
typeclass inference of OfNat took 0.087ms
typeclass inference of HAdd took 0.372ms
typeclass inference of HAdd took 0.191ms
typeclass inference of OfNat took 0.0558ms
typeclass inference of HPow took 0.0365ms
typeclass inference of OfNat took 0.00355ms
typeclass inference of Trans took 0.228ms
typeclass inference of LT took 0.00414ms
typeclass inference of Trans took 0.188ms
typeclass inference of LE took 0.231ms
typeclass inference of LE took 0.0754ms
typeclass inference of Zero took 0.136ms
typeclass inference of PartialOrder took 0.0475ms
typeclass inference of Ring took 1.08ms
typeclass inference of AddMonoidWithOne took 0.0378ms
norm_num took 0.263ms
typeclass inference of Semiring took 0.0358ms
typeclass inference of PartialOrder took 0.00311ms
typeclass inference of CommSemiring took 0.027ms
typeclass inference of IsOrderedRing took 0.993ms
typeclass inference of Nontrivial took 0.0539ms
typeclass inference of Semiring took 0.00343ms
typeclass inference of IsStrictOrderedRing took 0.0344ms
tactic execution of Mathlib.Tactic.Positivity.positivity took 1.05ms
tactic execution of Lean.Parser.Tactic.tacticSeq1Indented took 0.0102ms
tactic execution of Lean.Parser.Tactic.tacticSeq took 0.0206ms
typeclass inference of Monoid took 0.276ms
typeclass inference of Monoid took 0.111ms
typeclass inference of Monoid took 0.0368ms
typeclass inference of Monoid took 0.0299ms
tactic execution of Lean.Parser.Tactic.rewriteSeq took 0.601ms
tactic execution of Lean.Parser.Tactic.exact took 0.151ms
tactic execution of Lean.Parser.Tactic.exact took 0.123ms
tactic execution of Lean.Parser.Tactic.eqRefl took 0.198ms
tactic execution of Lean.Parser.Tactic.tacticRfl took 0.0727ms
tactic execution of Lean.Parser.Tactic.tacticSeq1Indented took 0.0055ms
tactic execution of Lean.Parser.Tactic.tacticSeq took 0.00367ms
tactic execution of Lean.Parser.Tactic.withReducible took 0.00686ms
tactic execution of Lean.Parser.Tactic.tacticSeq1Indented took 0.0043ms
tactic execution of Lean.Parser.Tactic.tacticSeq took 0.00368ms
tactic execution of Lean.Parser.Tactic.paren took 0.00386ms
tactic execution of Lean.Parser.Tactic.tacticSeq1Indented took 0.0042ms
tactic execution of Lean.Parser.Tactic.tacticSeq took 0.00399ms
tactic execution of Lean.Parser.Tactic.first took 0.0079ms
tactic execution of Lean.Parser.Tactic.tacticTry_ took 0.0087ms
tactic execution of Lean.Parser.Tactic.tacticSeq1Indented took 0.00388ms
tactic execution of Lean.Parser.Tactic.tacticSeq took 0.00289ms
tactic execution of Lean.Parser.Tactic.paren took 0.00407ms
tactic execution of Lean.Parser.Tactic.withAnnotateState took 0.0202ms
tactic execution of Lean.Parser.Tactic.tacticSeq1Indented took 0.0142ms
tactic execution of Lean.Parser.Tactic.tacticSeq took 0.00643ms
tactic execution of Lean.Parser.Tactic.paren took 0.00676ms
tactic execution of Lean.Parser.Tactic.rwSeq took 0.0171ms
tactic execution of Lean.Parser.Tactic.tacticSeq1Indented took 0.00633ms
tactic execution of Lean.Parser.Tactic.tacticSeq took 0.0152ms
tactic execution of Lean.calcTactic took 8.49ms
tactic execution of Lean.Parser.Tactic.tacticSeq1Indented took 0.00582ms
tactic execution of Lean.Parser.Tactic.tacticSeq took 0.00384ms
tactic execution of Lean.Parser.Tactic.paren took 0.00393ms
tactic execution of Lean.Parser.Tactic.withAnnotateState took 0.00475ms
tactic execution of Lean.Parser.Tactic.tacticSeq1Indented took 0.00519ms
tactic execution of Lean.Parser.Tactic.tacticSeq took 0.013ms
tactic execution of Lean.Parser.Tactic.case took 0.0422ms
tactic execution of Lean.Parser.Tactic.tacticSeq1Indented took 0.0135ms
tactic execution of Lean.Parser.Tactic.tacticSeq took 0.004ms
tactic execution of Lean.Parser.Tactic.focus took 0.00699ms
tactic execution of Lean.Parser.Tactic.tacticHave__ took 0.0369ms
typeclass inference of HMul took 1.61ms
typeclass inference of HMul took 1.19ms
typeclass inference of HMul took 0.171ms
typeclass inference of HMul took 0.161ms
tactic execution of Lean.Parser.Tactic.refine took 1.51ms
tactic execution of Lean.Parser.Tactic.rotateRight took 0.0183ms
tactic execution of Lean.Parser.Tactic.tacticSeq1Indented took 0.0205ms
tactic execution of Lean.Parser.Tactic.tacticSeq took 0.0065ms
tactic execution of Lean.Parser.Tactic.paren took 0.00628ms
tactic execution of Lean.Parser.Tactic.tacticSeq1Indented took 0.00723ms
tactic execution of Lean.Parser.Tactic.tacticSeq took 0.00647ms
tactic execution of Lean.Parser.Tactic.focus took 0.0115ms
tactic execution of Lean.Parser.Tactic.tacticRefine_lift_ took 0.0104ms
tactic execution of Lean.Parser.Tactic.tacticHave__ took 0.0242ms
tactic execution of Lean.Parser.Tactic.rewriteSeq took 0.869ms
tactic execution of Lean.Parser.Tactic.exact took 0.126ms
tactic execution of Lean.Parser.Tactic.exact took 0.103ms
tactic execution of Lean.Parser.Tactic.eqRefl took 0.0155ms
tactic execution of Lean.Parser.Tactic.tacticRfl took 0.0487ms
tactic execution of Lean.Parser.Tactic.tacticSeq1Indented took 0.00536ms
tactic execution of Lean.Parser.Tactic.tacticSeq took 0.00436ms
tactic execution of Lean.Parser.Tactic.withReducible took 0.00632ms
tactic execution of Lean.Parser.Tactic.tacticSeq1Indented took 0.00464ms
tactic execution of Lean.Parser.Tactic.tacticSeq took 0.0103ms
tactic execution of Lean.Parser.Tactic.paren took 0.00348ms
tactic execution of Lean.Parser.Tactic.tacticSeq1Indented took 0.00403ms
tactic execution of Lean.Parser.Tactic.tacticSeq took 0.00328ms
tactic execution of Lean.Parser.Tactic.first took 0.00577ms
tactic execution of Lean.Parser.Tactic.tacticTry_ took 0.00892ms
tactic execution of Lean.Parser.Tactic.tacticSeq1Indented took 0.00336ms
tactic execution of Lean.Parser.Tactic.tacticSeq took 0.00284ms
tactic execution of Lean.Parser.Tactic.paren took 0.00324ms
tactic execution of Lean.Parser.Tactic.withAnnotateState took 0.0232ms
tactic execution of Lean.Parser.Tactic.tacticSeq1Indented took 0.0135ms
tactic execution of Lean.Parser.Tactic.tacticSeq took 0.00455ms
tactic execution of Lean.Parser.Tactic.paren took 0.00785ms
tactic execution of Lean.Parser.Tactic.rwSeq took 0.0483ms
tactic execution of Lean.Parser.Tactic.tacticSeq1Indented took 0.0739ms
tactic execution of Lean.Parser.Tactic.tacticSeq took 0.00978ms
instantiate metavars took 0.396ms
instantiate metavars took 0.000531ms
instantiate metavars took 0.00013ms
instantiate metavars took 0.000521ms
instantiate metavars took 0.00012ms
share common exprs took 2.33ms
fix level params took 0.101ms
let-to-have transformation took 0.0105ms
attribute application took 0.00419ms
attribute application took 0.000761ms
process pre-definitions took 1.79ms
elaboration took 1.95ms
type checking took 31.3ms
type checking took 7.97ms
overlappingInstancesLinter took 0.524ms
tacticAnalysis took 5.74ms
linting took 18.5ms
attribute application took 0.00173ms
typeclass inference of OfNat took 0.0773ms
typeclass inference of OfNat took 0.0374ms
typeclass inference of HSub took 0.812ms
typeclass inference of HMul took 0.823ms
typeclass inference of HMul took 0.79ms
typeclass inference of HSub took 0.752ms
typeclass inference of OfNat took 1.28ms
typeclass inference of OfNat took 0.186ms
typeclass inference of OfNat took 0.0564ms
typeclass inference of OfNat took 0.04ms
typeclass inference of OfNat took 0.0346ms
typeclass inference of OfNat took 0.0565ms
typeclass inference of OfNat took 0.0333ms
typeclass inference of OfNat took 0.0317ms
typeclass inference of OfNat took 0.0288ms
typeclass inference of HSub took 0.00463ms
typeclass inference of HSub took 0.00227ms
typeclass inference of HMul took 0.00222ms
typeclass inference of HSub took 0.035ms
typeclass inference of HPow took 0.189ms
typeclass inference of HMul took 0.0627ms
typeclass inference of HSub took 0.0472ms
typeclass inference of OfNat took 0.939ms
typeclass inference of OfNat took 0.0594ms
typeclass inference of OfNat took 0.00431ms
typeclass inference of HPow took 0.121ms
typeclass inference of HMul took 0.0541ms
typeclass inference of HSub took 0.0451ms
typeclass inference of OfNat took 0.0407ms
typeclass inference of HPow took 0.106ms
typeclass inference of HMul took 0.0489ms
typeclass inference of HSub took 0.0416ms
typeclass inference of OfNat took 0.0554ms
typeclass inference of OfNat took 0.0436ms
typeclass inference of OfNat took 0.0334ms
typeclass inference of OfNat took 0.0292ms
typeclass inference of HPow took 0.127ms
typeclass inference of LE took 0.029ms
typeclass inference of OfNat took 0.0348ms
typeclass inference of OfNat took 0.0447ms
typeclass inference of HPow took 0.122ms
typeclass inference of OfNat took 0.0638ms
typeclass inference of HPow took 0.142ms
typeclass inference of OfNat took 0.0603ms
typeclass inference of OfNat took 0.0408ms
typeclass inference of OfNat took 0.033ms
typeclass inference of OfNat took 0.0297ms
typeclass inference of HPow took 0.127ms
typeclass inference of LT took 0.0289ms
typeclass inference of OfNat took 0.00325ms
typeclass inference of OfNat took 0.0449ms
typeclass inference of HPow took 0.11ms
typeclass inference of OfNat took 0.0361ms
typeclass inference of HPow took 0.103ms
typeclass inference of OfNat took 0.0528ms
typeclass inference of OfNat took 0.0405ms
typeclass inference of OfNat took 0.0405ms
typeclass inference of OfNat took 0.0302ms
typeclass inference of HPow took 0.124ms
typeclass inference of LT took 0.00339ms
typeclass inference of OfNat took 0.00252ms
typeclass inference of OfNat took 0.0475ms
typeclass inference of HPow took 0.109ms
typeclass inference of OfNat took 0.0353ms
typeclass inference of HPow took 0.102ms
typeclass inference of OfNat took 0.0518ms
typeclass inference of OfNat took 0.04ms
typeclass inference of OfNat took 0.0326ms
typeclass inference of OfNat took 0.0296ms
typeclass inference of HPow took 0.166ms
typeclass inference of LT took 0.00369ms
typeclass inference of OfNat took 0.00357ms
typeclass inference of OfNat took 0.0621ms
typeclass inference of HPow took 0.113ms
typeclass inference of OfNat took 0.0351ms
typeclass inference of HPow took 0.108ms
typeclass inference of OfNat took 0.0544ms
typeclass inference of OfNat took 0.0436ms
typeclass inference of OfNat took 0.0462ms
typeclass inference of OfNat took 0.0339ms
typeclass inference of HMul took 0.136ms
typeclass inference of HAdd took 0.134ms
typeclass inference of HMul took 0.0031ms
typeclass inference of HMul took 0.203ms
typeclass inference of HPow took 0.194ms
typeclass inference of HMul took 0.064ms
typeclass inference of HAdd took 0.0502ms
typeclass inference of OfNat took 0.00869ms
typeclass inference of OfNat took 0.0677ms
typeclass inference of HPow took 0.254ms
typeclass inference of HMul took 0.0784ms
typeclass inference of HAdd took 0.0507ms
typeclass inference of OfNat took 0.0399ms
typeclass inference of HPow took 0.105ms
typeclass inference of HMul took 0.047ms
typeclass inference of HAdd took 0.0423ms
typeclass inference of OfNat took 0.0393ms
typeclass inference of HPow took 0.128ms
typeclass inference of HMul took 0.0513ms
typeclass inference of HSub took 0.0461ms
typeclass inference of OfNat took 0.0555ms
typeclass inference of HPow took 0.103ms
typeclass inference of OfNat took 0.0359ms
typeclass inference of HPow took 0.1ms
typeclass inference of OfNat took 0.0352ms
typeclass inference of HPow took 0.1ms
typeclass inference of OfNat took 0.0353ms
typeclass inference of HPow took 0.0992ms
typeclass inference of OfNat took 0.0345ms
typeclass inference of HPow took 0.101ms
typeclass inference of HMul took 0.047ms
typeclass inference of HAdd took 0.0449ms
typeclass inference of OfNat took 0.0379ms
typeclass inference of HPow took 0.107ms
typeclass inference of HMul took 0.0493ms
typeclass inference of HSub took 0.0434ms
typeclass inference of OfNat took 0.0366ms
typeclass inference of HPow took 0.0975ms
typeclass inference of OfNat took 0.035ms
typeclass inference of HPow took 0.0977ms
typeclass inference of OfNat took 0.0345ms
typeclass inference of HPow took 0.0976ms
typeclass inference of OfNat took 0.0348ms
typeclass inference of HPow took 0.0989ms
typeclass inference of OfNat took 0.0348ms
typeclass inference of HPow took 0.105ms
typeclass inference of HMul took 0.0483ms
typeclass inference of HAdd took 0.0438ms
typeclass inference of Pow took 0.0391ms
typeclass inference of CategoryTheory.CartesianMonoidalCategory took 0.0687ms
typeclass inference of CategoryTheory.CartesianMonoidalCategory took 0.00964ms
typeclass inference of NPow took 2.01ms
typeclass inference of OfNat took 0.0407ms
typeclass inference of HMul took 0.0412ms
typeclass inference of HSub took 0.00631ms
typeclass inference of OfNat took 0.0507ms
typeclass inference of HPow took 0.169ms
typeclass inference of OfNat took 0.0962ms
typeclass inference of HPow took 0.143ms
typeclass inference of OfNat took 0.0414ms
typeclass inference of HPow took 0.112ms
typeclass inference of OfNat took 0.0373ms
typeclass inference of HPow took 0.126ms
typeclass inference of OfNat took 0.039ms
typeclass inference of HPow took 0.119ms
typeclass inference of HMul took 0.0537ms
typeclass inference of HAdd took 0.0478ms
typeclass inference of OfNat took 0.0389ms
typeclass inference of HPow took 0.108ms
typeclass inference of OfNat took 0.0383ms
typeclass inference of HPow took 0.104ms
typeclass inference of OfNat took 0.0373ms
typeclass inference of HPow took 0.118ms
typeclass inference of OfNat took 0.0353ms
typeclass inference of HPow took 0.102ms
typeclass inference of OfNat took 0.0368ms
typeclass inference of HPow took 0.1ms
typeclass inference of HMul took 0.0525ms
typeclass inference of HAdd took 0.0599ms
typeclass inference of OfNat took 0.0421ms
typeclass inference of HPow took 0.12ms
typeclass inference of OfNat took 0.0793ms
typeclass inference of HPow took 0.149ms
typeclass inference of OfNat took 0.0499ms
typeclass inference of HPow took 0.129ms
typeclass inference of OfNat took 0.0509ms
typeclass inference of HPow took 0.103ms
typeclass inference of OfNat took 0.0378ms
typeclass inference of HPow took 0.111ms
typeclass inference of HMul took 0.0547ms
typeclass inference of HAdd took 0.0458ms
typeclass inference of Pow took 0.0526ms
typeclass inference of NPow took 0.194ms
typeclass inference of OfNat took 0.0552ms
typeclass inference of OfNat took 0.0452ms
typeclass inference of HPow took 0.114ms
typeclass inference of OfNat took 0.0369ms
typeclass inference of HPow took 0.108ms
typeclass inference of OfNat took 0.0507ms
typeclass inference of HPow took 0.1ms
typeclass inference of OfNat took 0.0366ms
typeclass inference of HPow took 0.102ms
typeclass inference of HMul took 0.0588ms
typeclass inference of HAdd took 0.0468ms
typeclass inference of OfNat took 0.0415ms
typeclass inference of HPow took 0.103ms
typeclass inference of OfNat took 0.0569ms
typeclass inference of HPow took 0.11ms
typeclass inference of OfNat took 0.0363ms
typeclass inference of HPow took 0.0987ms
typeclass inference of OfNat took 0.0359ms
typeclass inference of HPow took 0.1ms
typeclass inference of HMul took 0.0489ms
typeclass inference of HAdd took 0.0489ms
typeclass inference of OfNat took 0.0521ms
typeclass inference of HPow took 0.104ms
typeclass inference of OfNat took 0.0604ms
typeclass inference of HPow took 0.105ms
typeclass inference of OfNat took 0.0363ms
typeclass inference of HPow took 0.11ms
typeclass inference of OfNat took 0.0383ms
typeclass inference of HPow took 0.106ms
typeclass inference of HMul took 0.0508ms
typeclass inference of HAdd took 0.0535ms
typeclass inference of Pow took 0.037ms
typeclass inference of NPow took 0.00347ms
typeclass inference of OfNat took 0.00604ms
typeclass inference of OfNat took 0.0428ms
typeclass inference of HPow took 0.12ms
typeclass inference of OfNat took 0.0457ms
typeclass inference of HPow took 0.12ms
typeclass inference of OfNat took 0.0353ms
typeclass inference of HPow took 0.102ms
typeclass inference of HMul took 0.0617ms
typeclass inference of HAdd took 0.0602ms
typeclass inference of OfNat took 0.0409ms
typeclass inference of HPow took 0.128ms
typeclass inference of OfNat took 0.191ms
typeclass inference of HPow took 0.171ms
typeclass inference of OfNat took 0.0572ms
typeclass inference of HPow took 0.106ms
typeclass inference of HMul took 0.0536ms
typeclass inference of HAdd took 0.0445ms
typeclass inference of OfNat took 0.0387ms
typeclass inference of HPow took 0.118ms
typeclass inference of OfNat took 0.0382ms
typeclass inference of HPow took 0.103ms
typeclass inference of OfNat took 0.0361ms
typeclass inference of HPow took 0.0999ms
typeclass inference of HMul took 0.0492ms
typeclass inference of HAdd took 0.0454ms
typeclass inference of Pow took 0.0377ms
typeclass inference of NPow took 0.00342ms
typeclass inference of OfNat took 0.00289ms
typeclass inference of OfNat took 0.0417ms
typeclass inference of HPow took 0.106ms
typeclass inference of OfNat took 0.0365ms
typeclass inference of HPow took 0.104ms
typeclass inference of HMul took 0.0894ms
typeclass inference of HAdd took 0.0582ms
typeclass inference of OfNat took 0.0432ms
typeclass inference of HPow took 0.112ms
typeclass inference of OfNat took 0.0376ms
typeclass inference of HPow took 0.106ms
typeclass inference of HMul took 0.0498ms
typeclass inference of HAdd took 0.0442ms
typeclass inference of OfNat took 0.0373ms
typeclass inference of HPow took 0.101ms
typeclass inference of OfNat took 0.0449ms
typeclass inference of HPow took 0.0999ms
typeclass inference of HMul took 0.0483ms
typeclass inference of HAdd took 0.0436ms
typeclass inference of Pow took 0.0534ms
typeclass inference of NPow took 0.00409ms
typeclass inference of OfNat took 0.00272ms
typeclass inference of OfNat took 0.052ms
typeclass inference of HPow took 0.128ms
typeclass inference of HMul took 0.0499ms
typeclass inference of HAdd took 0.054ms
typeclass inference of OfNat took 0.0379ms
typeclass inference of HPow took 0.101ms
typeclass inference of HMul took 0.0485ms
typeclass inference of HAdd took 0.0448ms
typeclass inference of OfNat took 0.037ms
typeclass inference of HPow took 0.102ms
typeclass inference of HMul took 0.659ms
typeclass inference of HAdd took 0.0513ms
typeclass inference of Pow took 0.0377ms
typeclass inference of NPow took 0.00343ms
typeclass inference of OfNat took 0.00287ms
typeclass inference of HMul took 0.0341ms
typeclass inference of HAdd took 0.00581ms
instantiate metavars took 0.0479ms
instantiate metavars took 0.00025ms
let-to-have transformation took 0.0174ms
attribute application took 0.00221ms
attribute application took 0.000712ms
elaboration took 6.81ms
proof_broker report: tactic=proof_broker_term closer=term_mode_nat backend=cvc4 tier=1 format=farkas cert_bytes=1360 fragment=LIA hyps=9 dispatch_ms=22 verify_ms=0 wall_ms=40
proof_broker report: tactic=proof_broker_term closer=term_mode_nat backend=cvc4 tier=1 format=farkas cert_bytes=1594 fragment=LIA hyps=12 dispatch_ms=218 verify_ms=0 wall_ms=239
proof_broker report: tactic=proof_broker_term closer=term_mode_nat backend=cvc4 tier=1 format=farkas cert_bytes=1869 fragment=LIA hyps=15 dispatch_ms=460 verify_ms=0 wall_ms=491
proof_broker report: tactic=proof_broker_term closer=term_mode_nat backend=cvc4 tier=1 format=farkas cert_bytes=1702 fragment=LIA hyps=20 dispatch_ms=22 verify_ms=1 waparsing took 0.113ms
parsing took 0.000782ms
ll_ms=39
typeclass inference of OfNat took 0.199ms
typeclass inference of OfNat took 0.104ms
typeclass inference of OfNat took 0.117ms
tactic execution of Lean.Parser.Tactic.refine took 0.711ms
tactic execution of Lean.Parser.Tactic.rotateRight took 0.0062ms
tactic execution of Lean.Parser.Tactic.tacticSeq1Indented took 0.0153ms
tactic execution of Lean.Parser.Tactic.tacticSeq took 0.00506ms
tactic execution of Lean.Parser.Tactic.paren took 0.00572ms
tactic execution of Lean.Parser.Tactic.tacticSeq1Indented took 0.00646ms
tactic execution of Lean.Parser.Tactic.tacticSeq took 0.0328ms
tactic execution of Lean.Parser.Tactic.focus took 0.0121ms
tactic execution of Lean.Parser.Tactic.tacticRefine_lift_ took 0.0115ms
tactic execution of Lean.Parser.Tactic.tacticHave__ took 0.0262ms
typeclass inference of HMul took 1.12ms
typeclass inference of HMul took 1.55ms
tactic execution of Lean.Parser.Tactic.refine took 0.471ms
typeclass inference of Add took 0.843ms
typeclass inference of AddRightCancelSemigroup took 0.781ms
typeclass inference of IsRightCancelAdd took 4.1ms
typeclass inference of AddGroup took 0.545ms
typeclass inference of CommSemiring took 0.475ms
typeclass inference of CommRing took 0.0577ms
typeclass inference of Semifield took 0.347ms
typeclass inference of Field took 0.321ms
typeclass inference of Field took 0.00241ms
typeclass inference of Field took 0.0019ms
typeclass inference of Field took 0.00267ms
typeclass inference of Field took 0.00143ms
typeclass inference of Field took 0.00153ms
typeclass inference of Field took 0.00135ms
typeclass inference of Field took 0.00108ms
typeclass inference of Field took 0.00111ms
typeclass inference of Field took 0.00106ms
typeclass inference of Field took 0.00113ms
typeclass inference of Field took 0.00108ms
typeclass inference of Field took 0.00218ms
typeclass inference of Field took 0.00115ms
typeclass inference of Field took 0.00194ms
typeclass inference of Field took 0.00117ms
typeclass inference of Field took 0.00114ms
typeclass inference of Field took 0.00124ms
typeclass inference of Field took 0.00109ms
typeclass inference of Field took 0.00106ms
typeclass inference of Field took 0.00207ms
typeclass inference of Field took 0.00115ms
typeclass inference of Field took 0.00127ms
typeclass inference of Field took 0.00165ms
typeclass inference of Field took 0.00119ms
typeclass inference of Field took 0.00117ms
typeclass inference of Field took 0.00105ms
typeclass inference of Field took 0.00197ms
typeclass inference of Field took 0.00119ms
typeclass inference of Field took 0.00112ms
typeclass inference of Semiring took 0.721ms
typeclass inference of RCLike took 0.0157ms
typeclass inference of RCLike took 0.00204ms
typeclass inference of RCLike took 0.00153ms
typeclass inference of RCLike took 0.00295ms
typeclass inference of RCLike took 0.00134ms
typeclass inference of RCLike took 0.00129ms
typeclass inference of RCLike took 0.00137ms
typeclass inference of RCLike took 0.0015ms
typeclass inference of RCLike took 0.00158ms
typeclass inference of RCLike took 0.00112ms
typeclass inference of RCLike took 0.00271ms
typeclass inference of RCLike took 0.00106ms
typeclass inference of RCLike took 0.00215ms
typeclass inference of RCLike took 0.0011ms
typeclass inference of RCLike took 0.00114ms
typeclass inference of RCLike took 0.00119ms
typeclass inference of RCLike took 0.00107ms
typeclass inference of RCLike took 0.00163ms
typeclass inference of RCLike took 0.00135ms
typeclass inference of RCLike took 0.00142ms
typeclass inference of RCLike took 0.00211ms
typeclass inference of RCLike took 0.00119ms
typeclass inference of RCLike took 0.0011ms
typeclass inference of RCLike took 0.00113ms
typeclass inference of RCLike took 0.00107ms
typeclass inference of RCLike took 0.00106ms
typeclass inference of RCLike took 0.00104ms
typeclass inference of RCLike took 0.00151ms
typeclass inference of RCLike took 0.00106ms
typeclass inference of RCLike took 0.00107ms
typeclass inference of Semiring took 0.00505ms
typeclass inference of NonAssocRing took 0.192ms
typeclass inference of Field took 0.00288ms
typeclass inference of Field took 0.00221ms
typeclass inference of Field took 0.00195ms
typeclass inference of Field took 0.00156ms
typeclass inference of Field took 0.00138ms
typeclass inference of Field took 0.00143ms
typeclass inference of Field took 0.0012ms
typeclass inference of Field took 0.00124ms
typeclass inference of Field took 0.00143ms
typeclass inference of Field took 0.00201ms
typeclass inference of Field took 0.00214ms
typeclass inference of Field took 0.00245ms
typeclass inference of Field took 0.00147ms
typeclass inference of Field took 0.00289ms
typeclass inference of Field took 0.00133ms
typeclass inference of Field took 0.00151ms
typeclass inference of Field took 0.00137ms
typeclass inference of Field took 0.00108ms
typeclass inference of Field took 0.00143ms
typeclass inference of Field took 0.00142ms
typeclass inference of Field took 0.00119ms
typeclass inference of Field took 0.00111ms
typeclass inference of Field took 0.00261ms
typeclass inference of Field took 0.00118ms
typeclass inference of Field took 0.00126ms
typeclass inference of Field took 0.00153ms
typeclass inference of Field took 0.00117ms
typeclass inference of Field took 0.00117ms
typeclass inference of Field took 0.00112ms
typeclass inference of Field took 0.001ms
typeclass inference of Field took 0.00218ms
typeclass inference of Field took 0.00126ms
typeclass inference of Field took 0.00153ms
typeclass inference of Field took 0.0013ms
typeclass inference of Field took 0.00109ms
typeclass inference of Field took 0.00111ms
typeclass inference of Field took 0.00102ms
typeclass inference of Field took 0.00236ms
typeclass inference of Field took 0.00137ms
typeclass inference of Field took 0.0012ms
typeclass inference of Field took 0.00135ms
typeclass inference of Field took 0.00112ms
typeclass inference of Field took 0.00617ms
typeclass inference of Field took 0.00144ms
typeclass inference of Field took 0.00123ms
typeclass inference of Field took 0.00112ms
typeclass inference of Field took 0.00201ms
typeclass inference of Field took 0.00124ms
typeclass inference of Field took 0.00117ms
typeclass inference of Field took 0.00197ms
typeclass inference of Field took 0.00121ms
typeclass inference of Field took 0.00141ms
typeclass inference of Field took 0.00201ms
typeclass inference of Field took 0.00255ms
typeclass inference of Field took 0.0016ms
typeclass inference of Field took 0.00264ms
typeclass inference of Field took 0.00134ms
typeclass inference of Field took 0.00135ms
typeclass inference of Field took 0.00114ms
typeclass inference of Field took 0.00147ms
typeclass inference of Field took 0.00249ms
typeclass inference of Field took 0.00161ms
typeclass inference of Field took 0.00155ms
typeclass inference of Field took 0.00123ms
typeclass inference of Field took 0.00116ms
typeclass inference of Field took 0.00276ms
typeclass inference of Field took 0.00174ms
typeclass inference of Field took 0.00127ms
typeclass inference of Field took 0.00136ms
typeclass inference of Field took 0.00164ms
typeclass inference of Field took 0.00149ms
typeclass inference of Field took 0.00122ms
typeclass inference of Semiring took 0.00529ms
typeclass inference of CharZero took 20.8ms
norm_num took 0.0265ms
norm_num took 0.00468ms
typeclass inference of AddMonoidWithOne took 0.659ms
norm_num took 0.52ms
norm_num took 0.00922ms
norm_num took 0.00471ms
norm_num took 0.00267ms
norm_num took 0.00387ms
typeclass inference of AddMonoidWithOne took 0.00559ms
norm_num took 0.362ms
ring took 2.07ms
tactic execution of Mathlib.Tactic.LinearCombination.linearCombination took 1.87ms
tactic execution of Lean.Parser.Tactic.tacticSeq1Indented took 0.0299ms
tactic execution of Lean.Parser.Tactic.tacticSeq took 0.0214ms
tactic execution of Lean.Parser.Tactic.paren took 0.0142ms
tactic execution of Lean.Parser.Tactic.withAnnotateState took 0.023ms
tactic execution of Lean.Parser.Tactic.tacticSeq1Indented took 0.00982ms
tactic execution of Lean.Parser.Tactic.tacticSeq took 0.00925ms
tactic execution of Lean.Parser.Tactic.case took 0.0973ms
tactic execution of Lean.Parser.Tactic.tacticSeq1Indented took 0.0291ms
tactic execution of Lean.Parser.Tactic.tacticSeq took 0.0113ms
tactic execution of Lean.Parser.Tactic.focus took 0.0116ms
tactic execution of Lean.Parser.Tactic.tacticHave__ took 0.0191ms
typeclass inference of OfNat took 0.142ms
typeclass inference of OfNat took 0.0583ms
typeclass inference of OfNat took 0.0641ms
typeclass inference of OfNat took 0.0408ms
typeclass inference of HAdd took 1.06ms
typeclass inference of HMul took 0.00476ms
typeclass inference of HPow took 0.177ms
typeclass inference of HMul took 0.078ms
typeclass inference of HAdd took 0.0621ms
typeclass inference of OfNat took 0.894ms
typeclass inference of OfNat took 0.0733ms
typeclass inference of HPow took 0.134ms
typeclass inference of HMul took 0.0671ms
typeclass inference of HAdd took 0.051ms
typeclass inference of OfNat took 0.0444ms
typeclass inference of HPow took 0.119ms
typeclass inference of HMul took 0.0578ms
typeclass inference of HAdd took 0.0483ms
typeclass inference of OfNat took 0.044ms
typeclass inference of HPow took 0.12ms
typeclass inference of HMul took 0.0574ms
typeclass inference of HAdd took 0.0604ms
typeclass inference of OfNat took 0.0428ms
typeclass inference of HPow took 0.13ms
typeclass inference of HMul took 0.0651ms
typeclass inference of HAdd took 0.0732ms
typeclass inference of Pow took 0.0499ms
typeclass inference of CategoryTheory.CartesianMonoidalCategory took 0.076ms
typeclass inference of CategoryTheory.CartesianMonoidalCategory took 0.00577ms
typeclass inference of NPow took 2.08ms
typeclass inference of OfNat took 0.0581ms
typeclass inference of HMul took 0.044ms
typeclass inference of HAdd took 0.00307ms
tactic execution of Lean.Parser.Tactic.refine took 0.999ms
typeclass inference of Add took 0.00467ms
typeclass inference of IsRightCancelAdd took 0.0468ms
typeclass inference of AddGroup took 0.00778ms
typeclass inference of CommSemiring took 0.00509ms
typeclass inference of CommRing took 0.0034ms
typeclass inference of Semifield took 0.00116ms
typeclass inference of CharZero took 0.00343ms
norm_num took 0.0717ms
typeclass inference of AddMonoidWithOne took 0.00703ms
norm_num took 0.323ms
norm_num took 0.00786ms
typeclass inference of AddMonoidWithOne took 0.00488ms
norm_num took 0.22ms
typeclass inference of AddMonoidWithOne took 0.0546ms
norm_num took 0.11ms
norm_num took 0.00743ms
norm_num took 0.00497ms
norm_num took 0.00322ms
typeclass inference of AddMonoidWithOne took 0.00454ms
norm_num took 0.135ms
typeclass inference of AddMonoidWithOne took 0.00491ms
norm_num took 0.089ms
norm_num took 0.00566ms
typeclass inference of AddMonoidWithOne took 0.00471ms
norm_num took 0.182ms
ring took 2.42ms
tactic execution of Mathlib.Tactic.LinearCombination.linearCombination took 1.25ms
tactic execution of Lean.Parser.Tactic.tacticSeq1Indented took 0.00852ms
tactic execution of Lean.Parser.Tactic.tacticSeq took 0.00483ms
tactic execution of Lean.Parser.Tactic.paren took 0.00497ms
tactic execution of Lean.Parser.Tactic.withAnnotateState took 0.00837ms
tactic execution of Lean.Parser.Tactic.tacticSeq1Indented took 0.00604ms
tactic execution of Lean.Parser.Tactic.tacticSeq took 0.00454ms
tactic execution of Lean.Parser.Tactic.case took 0.0419ms
tactic execution of Lean.Parser.Tactic.tacticSeq1Indented took 0.0187ms
tactic execution of Lean.Parser.Tactic.tacticSeq took 0.00496ms
tactic execution of Lean.Parser.Tactic.focus took 0.00953ms
tactic execution of Lean.Parser.Tactic.tacticHave__ took 0.122ms
typeclass inference of OfNat took 0.0974ms
typeclass inference of OfNat took 0.134ms
typeclass inference of OfNat took 0.048ms
typeclass inference of OfNat took 0.0498ms
typeclass inference of HPow took 0.195ms
typeclass inference of LT took 0.0362ms
typeclass inference of OfNat took 0.0673ms
typeclass inference of HPow took 0.145ms
typeclass inference of OfNat took 0.0496ms
typeclass inference of HPow took 0.126ms
typeclass inference of OfNat took 0.0551ms
typeclass inference of HPow took 0.125ms
typeclass inference of Pow took 0.0433ms
typeclass inference of NPow took 0.115ms
typeclass inference of OfNat took 0.00818ms
tactic execution of Lean.Parser.Tactic.refine took 0.862ms
interpretation of term_=_ took 0.00255ms
interpretation of term_-_ took 0.00125ms
interpretation of term_*_ took 0.000922ms
interpretation of term_=_ took 0.000451ms
interpretation of term_-_ took 0.00046ms
interpretation of term_*_ took 0.000441ms
interpretation of term_=_ took 0.00154ms
interpretation of term_-_ took 0.000672ms
interpretation of term_*_ took 0.000451ms
interpretation of term_^_ took 0.00105ms
interpretation of term_-_ took 0.000451ms
interpretation of term_=_ took 0.000421ms
interpretation of term_-_ took 0.000431ms
interpretation of term_*_ took 0.000401ms
interpretation of term_^_ took 0.000391ms
interpretation of term_-_ took 0.000381ms
interpretation of term_=_ took 0.00141ms
interpretation of term_*_ took 0.000611ms
interpretation of term_=_ took 0.000451ms
interpretation of term_*_ took 0.000421ms
interpretation of term_=_ took 0.00194ms
interpretation of term_+_ took 0.00158ms
interpretation of term_*_ took 0.000741ms
interpretation of term_^_ took 0.000691ms
interpretation of term_=_ took 0.000481ms
interpretation of term_+_ took 0.00047ms
interpretation of term_*_ took 0.00039ms
interpretation of term_^_ took 0.000411ms
typeclass inference of UsesSetNotationForOrder took 0.0256ms
typeclass inference of UsesSetNotationForOrder took 0.0122ms
interpretation of term_↔_ took 0.00149ms
interpretation of term_≤_ took 0.000651ms
interpretation of term_≤_ took 0.000431ms
interpretation of coeNotation took 0.00126ms
interpretation of coeNotation took 0.000351ms
interpretation of termℕ took 0.00706ms
interpretation of term_↔_ took 0.000541ms
interpretation of term_≤_ took 0.000401ms
interpretation of term_≤_ took 0.00043ms
interpretation of coeNotation took 0.000411ms
interpretation of coeNotation took 0.000361ms
interpretation of termℕ took 0.00339ms
typeclass inference of UsesSetNotationForOrder took 0.0193ms
typeclass inference of UsesSetNotationForOrder took 0.0125ms
interpretation of term_↔_ took 0.00153ms
interpretation of term_<_ took 0.0011ms
interpretation of term_<_ took 0.000441ms
interpretation of coeNotation took 0.001ms
interpretation of coeNotation took 0.00033ms
interpretation of termℕ took 0.00622ms
interpretation of term_↔_ took 0.000541ms
interpretation of term_<_ took 0.000431ms
interpretation of term_<_ took 0.000541ms
interpretation of coeNotation took 0.000321ms
interpretation of coeNotation took 0.00035ms
interpretation of termℕ took 0.00331ms
interpretation of term_↔_ took 0.00107ms
interpretation of term_=_ took 0.000871ms
interpretation of term_=_ took 0.000391ms
interpretation of coeNotation took 0.000371ms
interpretation of coeNotation took 0.000331ms
interpretation of termℕ took 0.00419ms
interpretation of term_↔_ took 0.000511ms
interpretation of term_=_ took 0.000421ms
interpretation of term_=_ took 0.000421ms
interpretation of coeNotation took 0.000351ms
interpretation of coeNotation took 0.000461ms
interpretation of termℕ took 0.00339ms
typeclass inference of UsesSetNotationForOrder took 0.017ms
interpretation of term_≤_ took 0.00117ms
interpretation of coeNotation took 0.000461ms
interpretation of termℕ took 0.00397ms
interpretation of term_≤_ took 0.000551ms
interpretation of coeNotation took 0.00036ms
interpretation of termℕ took 0.00318ms
typeclass inference of LE took 0.048ms
typeclass inference of HSub took 0.21ms
typeclass inference of LE took 0.0302ms
typeclass inference of Decidable took 0.145ms
typeclass inference of Decidable took 0.0121ms
typeclass inference of HSub took 0.0402ms
typeclass inference of LE took 0.00379ms
typeclass inference of Decidable took 0.0937ms
typeclass inference of Decidable took 0.011ms
typeclass inference of HMul took 0.187ms
typeclass inference of HMul took 0.0375ms
typeclass inference of HAdd took 0.166ms
typeclass inference of LT took 0.029ms
typeclass inference of Decidable took 0.25ms
typeclass inference of LE took 0.0359ms
typeclass inference of Decidable took 0.126ms
typeclass inference of Decidable took 0.00405ms
instantiate metavars took 0.00102ms
tactic execution of Lean.Parser.Tactic.omega took 1.18ms
tactic execution of ProofBroker.Tactic.proofBrokerTerm took 37.6ms
tactic execution of Lean.Parser.Tactic.tacticSeq1Indented took 0.00901ms
tactic execution of Lean.Parser.Tactic.tacticSeq took 0.00529ms
tactic execution of Lean.Parser.Tactic.paren took 0.00519ms
tactic execution of Lean.Parser.Tactic.withAnnotateState took 0.00909ms
tactic execution of Lean.Parser.Tactic.tacticSeq1Indented took 0.00529ms
tactic execution of Lean.Parser.Tactic.tacticSeq took 0.00604ms
tactic execution of Lean.Parser.Tactic.case took 0.0575ms
tactic execution of Lean.Parser.Tactic.tacticSeq1Indented took 0.017ms
tactic execution of Lean.Parser.Tactic.tacticSeq took 0.00515ms
tactic execution of Lean.Parser.Tactic.focus took 0.01ms
tactic execution of Lean.Parser.Tactic.tacticHave__ took 0.76ms
typeclass inference of OfNat took 0.848ms
typeclass inference of OfNat took 0.107ms
typeclass inference of OfNat took 0.0599ms
typeclass inference of HPow took 0.154ms
typeclass inference of OfNat took 0.0529ms
typeclass inference of HPow took 0.124ms
typeclass inference of OfNat took 0.0535ms
typeclass inference of OfNat took 0.0447ms
typeclass inference of OfNat took 0.0483ms
typeclass inference of HPow took 0.127ms
typeclass inference of OfNat took 0.0397ms
typeclass inference of OfNat took 0.0349ms
typeclass inference of HPow took 0.132ms
typeclass inference of OfNat took 0.045ms
typeclass inference of HPow took 0.11ms
typeclass inference of OfNat took 0.0371ms
typeclass inference of OfNat took 0.0528ms
typeclass inference of HPow took 0.115ms
typeclass inference of OfNat took 0.0481ms
typeclass inference of HPow took 0.108ms
typeclass inference of OfNat took 0.041ms
typeclass inference of HPow took 0.105ms
typeclass inference of OfNat took 0.0392ms
typeclass inference of HPow took 0.108ms
typeclass inference of OfNat took 0.0382ms
typeclass inference of HPow took 0.105ms
typeclass inference of OfNat took 0.0369ms
typeclass inference of HPow took 0.103ms
typeclass inference of OfNat took 0.0356ms
typeclass inference of HPow took 0.11ms
typeclass inference of Pow took 0.0395ms
typeclass inference of CategoryTheory.CartesianMonoidalCategory took 0.0427ms
typeclass inference of CategoryTheory.CartesianMonoidalCategory took 0.00478ms
typeclass inference of NPow took 1.69ms
typeclass inference of OfNat took 0.0627ms
typeclass inference of OfNat took 0.067ms
typeclass inference of HPow took 0.147ms
typeclass inference of OfNat took 0.0481ms
typeclass inference of HPow took 0.132ms
typeclass inference of OfNat took 0.0538ms
typeclass inference of HPow took 0.121ms
typeclass inference of Pow took 0.0414ms
typeclass inference of NPow took 0.0852ms
typeclass inference of OfNat took 0.00534ms
tactic execution of Lean.Parser.Tactic.refine took 1.3ms
tactic execution of Lean.Parser.Tactic.rotateRight took 0.00595ms
tactic execution of Lean.Parser.Tactic.tacticSeq1Indented took 0.0135ms
tactic execution of Lean.Parser.Tactic.tacticSeq took 0.00343ms
tactic execution of Lean.Parser.Tactic.paren took 0.00432ms
tactic execution of Lean.Parser.Tactic.tacticSeq1Indented took 0.00413ms
tactic execution of Lean.Parser.Tactic.tacticSeq took 0.00436ms
tactic execution of Lean.Parser.Tactic.focus took 0.00739ms
tactic execution of Lean.Parser.Tactic.tacticRefine_lift_ took 0.00869ms
tactic execution of Lean.Parser.Tactic.tacticHave__ took 0.0181ms
typeclass inference of OfNat took 0.0719ms
typeclass inference of OfNat took 0.0756ms
typeclass inference of OfNat took 0.0555ms
typeclass inference of OfNat took 0.0354ms
typeclass inference of OfNat took 0.0444ms
typeclass inference of OfNat took 0.0349ms
typeclass inference of HMul took 0.162ms
typeclass inference of HPow took 0.155ms
typeclass inference of HMul took 0.0725ms
typeclass inference of LT took 0.0291ms
typeclass inference of OfNat took 0.00396ms
typeclass inference of OfNat took 0.057ms
typeclass inference of HPow took 0.129ms
typeclass inference of HMul took 0.0855ms
typeclass inference of OfNat took 0.105ms
typeclass inference of HPow took 0.155ms
typeclass inference of HMul took 0.0724ms
typeclass inference of OfNat took 0.0468ms
typeclass inference of HPow took 0.148ms
typeclass inference of HMul took 0.0678ms
typeclass inference of OfNat took 0.054ms
typeclass inference of HPow took 0.147ms
typeclass inference of HMul took 0.0713ms
typeclass inference of Pow took 0.0539ms
typeclass inference of NPow took 0.00417ms
typeclass inference of OfNat took 0.00463ms
typeclass inference of HMul took 0.00338ms
tactic execution of Lean.Parser.Tactic.refine took 0.911ms
interpretation of term_=_ took 0.00335ms
interpretation of term_-_ took 0.00173ms
interpretation of term_*_ took 0.00109ms
interpretation of term_=_ took 0.000511ms
interpretation of term_-_ took 0.000471ms
interpretation of term_*_ took 0.000441ms
interpretation of term_=_ took 0.0015ms
interpretation of term_-_ took 0.000631ms
interpretation of term_*_ took 0.000461ms
interpretation of term_^_ took 0.00134ms
interpretation of term_-_ took 0.000451ms
interpretation of term_=_ took 0.000481ms
interpretation of term_-_ took 0.000411ms
interpretation of term_*_ took 0.00042ms
interpretation of term_^_ took 0.00043ms
interpretation of term_-_ took 0.000381ms
interpretation of term_=_ took 0.00135ms
interpretation of term_*_ took 0.000621ms
interpretation of term_=_ took 0.000451ms
interpretation of term_*_ took 0.00042ms
interpretation of term_=_ took 0.0014ms
interpretation of term_+_ took 0.00185ms
interpretation of term_*_ took 0.00047ms
interpretation of term_^_ took 0.000511ms
interpretation of term_=_ took 0.0004ms
interpretation of term_+_ took 0.000441ms
interpretation of term_*_ took 0.000391ms
interpretation of term_^_ took 0.00039ms
typeclass inference of UsesSetNotationForOrder took 0.0194ms
typeclass inference of UsesSetNotationForOrder took 0.0104ms
interpretation of term_↔_ took 0.00186ms
interpretation of term_≤_ took 0.000912ms
interpretation of term_≤_ took 0.000481ms
interpretation of coeNotation took 0.00115ms
interpretation of coeNotation took 0.000341ms
interpretation of termℕ took 0.00723ms
interpretation of term_↔_ took 0.000571ms
interpretation of term_≤_ took 0.000451ms
interpretation of term_≤_ took 0.000401ms
interpretation of coeNotation took 0.000381ms
interpretation of coeNotation took 0.000371ms
interpretation of termℕ took 0.00316ms
typeclass inference of UsesSetNotationForOrder took 0.0194ms
typeclass inference of UsesSetNotationForOrder took 0.0104ms
interpretation of term_↔_ took 0.00112ms
interpretation of term_<_ took 0.001ms
interpretation of term_<_ took 0.000431ms
interpretation of coeNotation took 0.000741ms
interpretation of coeNotation took 0.000341ms
interpretation of termℕ took 0.00494ms
interpretation of term_↔_ took 0.000511ms
interpretation of term_<_ took 0.000501ms
interpretation of term_<_ took 0.000441ms
interpretation of coeNotation took 0.00037ms
interpretation of coeNotation took 0.00035ms
interpretation of termℕ took 0.00315ms
interpretation of term_↔_ took 0.00108ms
interpretation of term_=_ took 0.000591ms
interpretation of term_=_ took 0.000451ms
interpretation of coeNotation took 0.000381ms
interpretation of coeNotation took 0.000421ms
interpretation of termℕ took 0.0038ms
interpretation of term_↔_ took 0.000541ms
interpretation of term_=_ took 0.000531ms
interpretation of term_=_ took 0.000411ms
interpretation of coeNotation took 0.000331ms
interpretation of coeNotation took 0.00035ms
interpretation of termℕ took 0.00303ms
typeclass inference of UsesSetNotationForOrder took 0.0172ms
interpretation of term_≤_ took 0.00153ms
interpretation of coeNotation took 0.000471ms
interpretation of termℕ took 0.00432ms
interpretation of term_≤_ took 0.000551ms
interpretation of coeNotation took 0.00034ms
interpretation of termℕ took 0.0032ms
interpretation of term_^_ took 0.00204ms
interpretation of term_^_ took 0.000671ms
typeclass inference of LE took 0.0761ms
typeclass inference of HAdd took 0.239ms
typeclass inference of HSub took 0.207ms
typeclass inference of LE took 0.0331ms
typeclass inference of Decidable took 0.137ms
typeclass inference of Decidable took 0.0118ms
typeclass inference of HSub took 0.0458ms
typeclass inference of LE took 0.00354ms
typeclass inference of Decidable took 0.0927ms
typeclass inference of Decidable took 0.011ms
typeclass inference of HMul took 0.185ms
typeclass inference of HMul took 0.0364ms
typeclass inference of HAdd took 0.0348ms
typeclass inference of LT took 0.0289ms
typeclass inference of Decidable took 0.348ms
typeclass inference of Decidable took 6.89ms
typeclass inference of Decidable took 0.00497ms
typeclass inference of LE took 0.0582ms
typeclass inference of LE took 0.00446ms
typeclass inference of LE took 0.00372ms
typeclass inference of Decidable took 0.147ms
typeclass inference of Decidable took 0.00359ms
instantiate metavars took 0.00113ms
tactic execution of Lean.Parser.Tactic.omega took 2.63ms
tactic execution of ProofBroker.Tactic.proofBrokerTerm took 228ms
tactic execution of Lean.Parser.Tactic.tacticSeq1Indented took 0.0096ms
tactic execution of Lean.Parser.Tactic.tacticSeq took 0.00613ms
tactic execution of Lean.Parser.Tactic.paren took 0.00484ms
tactic execution of Lean.Parser.Tactic.withAnnotateState took 0.00819ms
tactic execution of Lean.Parser.Tactic.tacticSeq1Indented took 0.00577ms
tactic execution of Lean.Parser.Tactic.tacticSeq took 0.00484ms
tactic execution of Lean.Parser.Tactic.case took 0.0527ms
tactic execution of Lean.Parser.Tactic.tacticSeq1Indented took 0.0159ms
tactic execution of Lean.Parser.Tactic.tacticSeq took 0.00485ms
tactic execution of Lean.Parser.Tactic.focus took 0.00721ms
tactic execution of Lean.Parser.Tactic.tacticHave__ took 0.132ms
typeclass inference of OfNat took 1.05ms
typeclass inference of OfNat took 0.132ms
typeclass inference of OfNat took 0.0452ms
typeclass inference of HMul took 0.956ms
typeclass inference of HPow took 0.173ms
typeclass inference of HMul took 0.064ms
typeclass inference of OfNat took 0.0713ms
typeclass inference of HPow took 0.145ms
typeclass inference of HMul took 0.0576ms
typeclass inference of OfNat took 0.0543ms
typeclass inference of OfNat took 0.0456ms
typeclass inference of OfNat took 0.0481ms
typeclass inference of HPow took 0.13ms
typeclass inference of HMul took 0.0595ms
typeclass inference of OfNat took 0.0424ms
typeclass inference of OfNat took 0.0354ms
typeclass inference of HMul took 0.123ms
typeclass inference of HPow took 0.141ms
typeclass inference of HMul took 0.055ms
typeclass inference of OfNat took 0.0451ms
typeclass inference of HPow took 0.113ms
typeclass inference of HMul took 0.0553ms
typeclass inference of OfNat took 0.0382ms
typeclass inference of OfNat took 0.0448ms
typeclass inference of HPow took 0.117ms
typeclass inference of HMul took 0.0513ms
typeclass inference of OfNat took 0.0434ms
typeclass inference of HPow took 0.109ms
typeclass inference of HMul took 0.0522ms
typeclass inference of OfNat took 0.0455ms
typeclass inference of HPow took 0.112ms
typeclass inference of HMul took 0.0492ms
typeclass inference of OfNat took 0.041ms
typeclass inference of HPow took 0.111ms
typeclass inference of HMul took 0.0537ms
typeclass inference of OfNat took 0.0379ms
typeclass inference of HPow took 0.106ms
typeclass inference of HMul took 0.0495ms
typeclass inference of OfNat took 0.0393ms
typeclass inference of HPow took 0.11ms
typeclass inference of HMul took 0.0524ms
typeclass inference of OfNat took 0.0387ms
typeclass inference of HPow took 0.132ms
typeclass inference of HMul took 0.0542ms
typeclass inference of Pow took 0.0391ms
typeclass inference of CategoryTheory.CartesianMonoidalCategory took 0.0521ms
typeclass inference of CategoryTheory.CartesianMonoidalCategory took 0.00459ms
typeclass inference of NPow took 1.75ms
typeclass inference of OfNat took 0.0539ms
typeclass inference of HMul took 0.00456ms
typeclass inference of OfNat took 0.0614ms
typeclass inference of HPow took 0.175ms
typeclass inference of HMul took 0.0873ms
typeclass inference of OfNat took 0.0549ms
typeclass inference of HPow took 0.148ms
typeclass inference of HMul took 0.22ms
typeclass inference of OfNat took 0.173ms
typeclass inference of HPow took 0.33ms
typeclass inference of HMul took 0.131ms
typeclass inference of Pow took 0.115ms
typeclass inference of NPow took 0.158ms
typeclass inference of OfNat took 0.00386ms
typeclass inference of HMul took 0.00314ms
tactic execution of Lean.Parser.Tactic.refine took 1.94ms
tactic execution of Lean.Parser.Tactic.rewriteSeq took 0.154ms
tactic execution of Lean.Parser.Tactic.exact took 0.13ms
tactic execution of Lean.Parser.Tactic.exact took 0.0941ms
tactic execution of Lean.Parser.Tactic.eqRefl took 0.0104ms
tactic execution of Lean.Parser.Tactic.applyRfl took 0.0247ms
tactic execution of Lean.Parser.Tactic.tacticRfl took 0.0505ms
tactic execution of Lean.Parser.Tactic.tacticSeq1Indented took 0.00708ms
tactic execution of Lean.Parser.Tactic.tacticSeq took 0.00467ms
tactic execution of Lean.Parser.Tactic.withReducible took 0.00844ms
tactic execution of Lean.Parser.Tactic.tacticSeq1Indented took 0.0048ms
tactic execution of Lean.Parser.Tactic.tacticSeq took 0.00411ms
tactic execution of Lean.Parser.Tactic.paren took 0.00713ms
tactic execution of Lean.Parser.Tactic.tacticSeq1Indented took 0.00774ms
tactic execution of Lean.Parser.Tactic.tacticSeq took 0.00407ms
tactic execution of Lean.Parser.Tactic.skip took 0.00305ms
tactic execution of Lean.Parser.Tactic.tacticSeq1Indented took 0.0033ms
tactic execution of Lean.Parser.Tactic.tacticSeq took 0.00329ms
tactic execution of Lean.Parser.Tactic.first took 0.0105ms
tactic execution of Lean.Parser.Tactic.tacticTry_ took 0.00893ms
tactic execution of Lean.Parser.Tactic.tacticSeq1Indented took 0.00674ms
tactic execution of Lean.Parser.Tactic.tacticSeq took 0.00307ms
tactic execution of Lean.Parser.Tactic.paren took 0.00309ms
tactic execution of Lean.Parser.Tactic.withAnnotateState took 0.0104ms
tactic execution of Lean.Parser.Tactic.tacticSeq1Indented took 0.0176ms
tactic execution of Lean.Parser.Tactic.tacticSeq took 0.00372ms
tactic execution of Lean.Parser.Tactic.paren took 0.00337ms
tactic execution of Lean.Parser.Tactic.rwSeq took 0.00856ms
tactic execution of Lean.Parser.Tactic.exact took 0.0929ms
tactic execution of Lean.Parser.Tactic.tacticSeq1Indented took 0.012ms
tactic execution of Lean.Parser.Tactic.tacticSeq took 0.00993ms
tactic execution of Lean.Parser.Tactic.rewriteSeq took 3.04ms
tactic execution of Lean.Parser.Tactic.exact took 0.0885ms
tactic execution of Lean.Parser.Tactic.exact took 0.0812ms
tactic execution of Lean.Parser.Tactic.eqRefl took 0.00951ms
tactic execution of Lean.Parser.Tactic.tacticRfl took 0.034ms
tactic execution of Lean.Parser.Tactic.tacticSeq1Indented took 0.00327ms
tactic execution of Lean.Parser.Tactic.tacticSeq took 0.00266ms
tactic execution of Lean.Parser.Tactic.withReducible took 0.00284ms
tactic execution of Lean.Parser.Tactic.tacticSeq1Indented took 0.00287ms
tactic execution of Lean.Parser.Tactic.tacticSeq took 0.00224ms
tactic execution of Lean.Parser.Tactic.paren took 0.00257ms
tactic execution of Lean.Parser.Tactic.tacticSeq1Indented took 0.00299ms
tactic execution of Lean.Parser.Tactic.tacticSeq took 0.00244ms
tactic execution of Lean.Parser.Tactic.first took 0.00313ms
tactic execution of Lean.Parser.Tactic.tacticTry_ took 0.00528ms
tactic execution of Lean.Parser.Tactic.tacticSeq1Indented took 0.00282ms
tactic execution of Lean.Parser.Tactic.tacticSeq took 0.00259ms
tactic execution of Lean.Parser.Tactic.paren took 0.00309ms
tactic execution of Lean.Parser.Tactic.withAnnotateState took 0.0125ms
tactic execution of Lean.Parser.Tactic.tacticSeq1Indented took 0.0132ms
tactic execution of Lean.Parser.Tactic.tacticSeq took 0.00609ms
tactic execution of Lean.Parser.Tactic.paren took 0.00326ms
tactic execution of Lean.Parser.Tactic.rwSeq took 0.0208ms
tactic execution of Lean.Parser.Tactic.tacticSeq1Indented took 0.0045ms
tactic execution of Lean.Parser.Tactic.tacticSeq took 0.00275ms
tactic execution of Lean.Parser.Tactic.paren took 0.00507ms
tactic execution of Lean.Parser.Tactic.withAnnotateState took 0.00882ms
tactic execution of Lean.Parser.Tactic.tacticSeq1Indented took 0.00488ms
tactic execution of Lean.Parser.Tactic.tacticSeq took 0.00501ms
tactic execution of Lean.Parser.Tactic.case took 0.157ms
tactic execution of Lean.Parser.Tactic.tacticSeq1Indented took 0.0199ms
tactic execution of Lean.Parser.Tactic.tacticSeq took 0.00481ms
tactic execution of Lean.Parser.Tactic.focus took 0.0102ms
tactic execution of Lean.Parser.Tactic.tacticHave__ took 0.0327ms
typeclass inference of OfNat took 0.0936ms
typeclass inference of OfNat took 0.0497ms
typeclass inference of OfNat took 0.0495ms
typeclass inference of OfNat took 0.0363ms
typeclass inference of OfNat took 0.043ms
typeclass inference of OfNat took 0.033ms
typeclass inference of HAdd took 0.168ms
typeclass inference of HMul took 0.135ms
typeclass inference of HPow took 0.152ms
typeclass inference of HMul took 0.0614ms
typeclass inference of HAdd took 0.0484ms
typeclass inference of LT took 0.0263ms
typeclass inference of OfNat took 0.0386ms
typeclass inference of OfNat took 0.0507ms
typeclass inference of HPow took 0.128ms
typeclass inference of HMul took 0.0525ms
typeclass inference of HAdd took 0.0466ms
typeclass inference of OfNat took 0.0403ms
typeclass inference of HPow took 0.112ms
typeclass inference of HMul took 0.0503ms
typeclass inference of HAdd took 0.0441ms
typeclass inference of OfNat took 0.0413ms
typeclass inference of HPow took 0.12ms
typeclass inference of HMul took 0.0508ms
typeclass inference of HAdd took 0.0445ms
typeclass inference of OfNat took 0.0386ms
typeclass inference of HPow took 0.107ms
typeclass inference of HMul took 0.05ms
typeclass inference of HAdd took 0.0451ms
typeclass inference of Pow took 0.0392ms
typeclass inference of NPow took 0.0936ms
typeclass inference of OfNat took 0.0364ms
typeclass inference of HMul took 0.138ms
typeclass inference of HAdd took 0.00322ms
tactic execution of Lean.Parser.Tactic.refine took 0.997ms
interpretation of term_=_ took 0.00245ms
interpretation of term_-_ took 0.00154ms
interpretation of term_*_ took 0.00109ms
interpretation of term_=_ took 0.000461ms
interpretation of term_-_ took 0.000471ms
interpretation of term_*_ took 0.000401ms
interpretation of term_=_ took 0.00142ms
interpretation of term_-_ took 0.000641ms
interpretation of term_*_ took 0.000421ms
interpretation of term_^_ took 0.00154ms
interpretation of term_-_ took 0.0004ms
interpretation of term_=_ took 0.000421ms
interpretation of term_-_ took 0.00041ms
interpretation of term_*_ took 0.000411ms
interpretation of term_^_ took 0.000391ms
interpretation of term_-_ took 0.000361ms
interpretation of term_=_ took 0.00146ms
interpretation of term_*_ took 0.000541ms
interpretation of term_=_ took 0.000421ms
interpretation of term_*_ took 0.0004ms
interpretation of term_=_ took 0.00137ms
interpretation of term_+_ took 0.00195ms
interpretation of term_*_ took 0.000461ms
interpretation of term_^_ took 0.000511ms
interpretation of term_=_ took 0.00043ms
interpretation of term_+_ took 0.00041ms
interpretation of term_*_ took 0.000371ms
interpretation of term_^_ took 0.000351ms
typeclass inference of UsesSetNotationForOrder took 0.0186ms
typeclass inference of UsesSetNotationForOrder took 0.0106ms
interpretation of term_↔_ took 0.0015ms
interpretation of term_≤_ took 0.000942ms
interpretation of term_≤_ took 0.000481ms
interpretation of coeNotation took 0.0011ms
interpretation of coeNotation took 0.00033ms
interpretation of termℕ took 0.00689ms
interpretation of term_↔_ took 0.000501ms
interpretation of term_≤_ took 0.000411ms
interpretation of term_≤_ took 0.000431ms
interpretation of coeNotation took 0.000401ms
interpretation of coeNotation took 0.000351ms
interpretation of termℕ took 0.00322ms
typeclass inference of UsesSetNotationForOrder took 0.0147ms
typeclass inference of UsesSetNotationForOrder took 0.00989ms
interpretation of term_↔_ took 0.000952ms
interpretation of term_<_ took 0.000841ms
interpretation of term_<_ took 0.000411ms
interpretation of coeNotation took 0.000411ms
interpretation of coeNotation took 0.000311ms
interpretation of termℕ took 0.0047ms
interpretation of term_↔_ took 0.000541ms
interpretation of term_<_ took 0.000441ms
interpretation of term_<_ took 0.000451ms
interpretation of coeNotation took 0.000371ms
interpretation of coeNotation took 0.00038ms
interpretation of termℕ took 0.0029ms
interpretation of term_↔_ took 0.000922ms
interpretation of term_=_ took 0.000541ms
interpretation of term_=_ took 0.00574ms
interpretation of coeNotation took 0.000421ms
interpretation of coeNotation took 0.00033ms
interpretation of termℕ took 0.00346ms
interpretation of term_↔_ took 0.000471ms
interpretation of term_=_ took 0.00038ms
interpretation of term_=_ took 0.000401ms
interpretation of coeNotation took 0.000341ms
interpretation of coeNotation took 0.000351ms
interpretation of termℕ took 0.00265ms
typeclass inference of UsesSetNotationForOrder took 0.014ms
interpretation of term_≤_ took 0.000992ms
interpretation of coeNotation took 0.000441ms
interpretation of termℕ took 0.00339ms
interpretation of term_≤_ took 0.000451ms
interpretation of coeNotation took 0.00034ms
interpretation of termℕ took 0.00269ms
interpretation of term_^_ took 0.00192ms
interpretation of term_^_ took 0.000621ms
interpretation of term_*_ took 0.00172ms
interpretation of term_^_ took 0.000642ms
interpretation of term_*_ took 0.000481ms
interpretation of term_^_ took 0.000411ms
typeclass inference of LE took 0.0923ms
typeclass inference of HAdd took 0.232ms
typeclass inference of HSub took 0.221ms
typeclass inference of LE took 0.0303ms
typeclass inference of Decidable took 0.124ms
typeclass inference of Decidable took 0.019ms
typeclass inference of HAdd took 0.0494ms
typeclass inference of HSub took 0.0361ms
typeclass inference of LE took 0.00386ms
typeclass inference of Decidable took 0.0932ms
typeclass inference of Decidable took 0.0104ms
typeclass inference of HSub took 0.0384ms
typeclass inference of LE took 0.00337ms
typeclass inference of Decidable took 0.0176ms
typeclass inference of Decidable took 0.00976ms
typeclass inference of HMul took 0.191ms
typeclass inference of HMul took 0.0358ms
typeclass inference of HMul took 0.0326ms
typeclass inference of HAdd took 0.0321ms
typeclass inference of HAdd took 0.0479ms
typeclass inference of LT took 0.0357ms
typeclass inference of Decidable took 0.42ms
typeclass inference of Decidable took 5.35ms
typeclass inference of Decidable took 0.00585ms
typeclass inference of Decidable took 4.73ms
typeclass inference of Decidable took 0.00414ms
typeclass inference of Decidable took 3.89ms
typeclass inference of Decidable took 0.00433ms
typeclass inference of Decidable took 0.00355ms
typeclass inference of Decidable took 0.00264ms
typeclass inference of LE took 0.00513ms
typeclass inference of Decidable took 0.131ms
typeclass inference of Decidable took 0.00405ms
instantiate metavars took 0.00151ms
tactic execution of Lean.Parser.Tactic.omega took 4.43ms
tactic execution of ProofBroker.Tactic.proofBrokerTerm took 471ms
tactic execution of Lean.Parser.Tactic.tacticSeq1Indented took 0.0139ms
tactic execution of Lean.Parser.Tactic.tacticSeq took 0.00894ms
tactic execution of Lean.Parser.Tactic.paren took 0.00615ms
tactic execution of Lean.Parser.Tactic.withAnnotateState took 0.0156ms
tactic execution of Lean.Parser.Tactic.tacticSeq1Indented took 0.0127ms
tactic execution of Lean.Parser.Tactic.tacticSeq took 0.0069ms
tactic execution of Lean.Parser.Tactic.case took 0.12ms
tactic execution of Lean.Parser.Tactic.tacticSeq1Indented took 0.0259ms
tactic execution of Lean.Parser.Tactic.tacticSeq took 0.00721ms
tactic execution of Lean.Parser.Tactic.focus took 0.0115ms
tactic execution of Lean.Parser.Tactic.tacticHave__ took 0.0352ms
typeclass inference of OfNat took 1.36ms
typeclass inference of OfNat took 0.172ms
typeclass inference of OfNat took 0.0468ms
typeclass inference of HAdd took 1.09ms
typeclass inference of HMul took 0.902ms
typeclass inference of HPow took 0.18ms
typeclass inference of HMul took 0.0708ms
typeclass inference of HAdd took 0.0608ms
typeclass inference of OfNat took 0.0796ms
typeclass inference of HPow took 0.14ms
typeclass inference of HMul took 0.0658ms
typeclass inference of HAdd took 0.0571ms
typeclass inference of OfNat took 0.0625ms
typeclass inference of OfNat took 0.0512ms
typeclass inference of OfNat took 0.0609ms
typeclass inference of HPow took 0.149ms
typeclass inference of HMul took 0.0653ms
typeclass inference of HAdd took 0.0629ms
typeclass inference of OfNat took 0.0415ms
typeclass inference of OfNat took 0.0523ms
typeclass inference of HAdd took 0.124ms
typeclass inference of HMul took 0.116ms
typeclass inference of HPow took 0.154ms
typeclass inference of HMul took 0.0553ms
typeclass inference of HAdd took 0.0522ms
typeclass inference of OfNat took 0.0538ms
typeclass inference of HPow took 0.134ms
typeclass inference of HMul took 0.055ms
typeclass inference of HAdd took 0.0496ms
typeclass inference of OfNat took 0.0388ms
typeclass inference of OfNat took 0.0471ms
typeclass inference of HPow took 0.121ms
typeclass inference of HMul took 0.054ms
typeclass inference of HAdd took 0.0471ms
typeclass inference of OfNat took 0.0504ms
typeclass inference of HPow took 0.13ms
typeclass inference of HMul took 0.0614ms
typeclass inference of HAdd took 0.0483ms
typeclass inference of OfNat took 0.0411ms
typeclass inference of HPow took 0.138ms
typeclass inference of HMul took 0.0506ms
typeclass inference of HAdd took 0.0442ms
typeclass inference of OfNat took 0.0406ms
typeclass inference of HPow took 0.111ms
typeclass inference of HMul took 0.0538ms
typeclass inference of HAdd took 0.0475ms
typeclass inference of OfNat took 0.0403ms
typeclass inference of HPow took 0.109ms
typeclass inference of HMul took 0.0487ms
typeclass inference of HAdd took 0.0442ms
typeclass inference of OfNat took 0.039ms
typeclass inference of HPow took 0.118ms
typeclass inference of HMul took 0.0653ms
typeclass inference of HAdd took 0.0555ms
typeclass inference of OfNat took 0.0415ms
typeclass inference of HPow took 0.127ms
typeclass inference of HMul took 0.0519ms
typeclass inference of HAdd took 0.0552ms
typeclass inference of Pow took 0.0509ms
typeclass inference of CategoryTheory.CartesianMonoidalCategory took 0.0642ms
typeclass inference of CategoryTheory.CartesianMonoidalCategory took 0.00611ms
typeclass inference of NPow took 2.04ms
typeclass inference of OfNat took 0.0478ms
typeclass inference of HMul took 0.982ms
typeclass inference of HAdd took 0.00356ms
typeclass inference of OfNat took 0.0584ms
typeclass inference of HPow took 0.133ms
typeclass inference of HMul took 0.0754ms
typeclass inference of HAdd took 0.0642ms
typeclass inference of OfNat took 0.0587ms
typeclass inference of HPow took 0.116ms
typeclass inference of HMul took 0.0522ms
typeclass inference of HAdd took 0.0479ms
typeclass inference of OfNat took 0.0402ms
typeclass inference of HPow took 0.111ms
typeclass inference of HMul took 0.0507ms
typeclass inference of HAdd took 0.0454ms
typeclass inference of Pow took 0.0399ms
typeclass inference of NPow took 0.0861ms
typeclass inference of OfNat took 0.00352ms
typeclass inference of HMul took 0.151ms
typeclass inference of HAdd took 0.00309ms
tactic execution of Lean.Parser.Tactic.refine took 2.28ms
tactic execution of Lean.Parser.Tactic.rewriteSeq took 0.206ms
tactic execution of Lean.Parser.Tactic.exact took 0.165ms
tactic execution of Lean.Parser.Tactic.exact took 0.103ms
tactic execution of Lean.Parser.Tactic.eqRefl took 0.0147ms
tactic execution of Lean.Parser.Tactic.applyRfl took 0.0378ms
tactic execution of Lean.Parser.Tactic.tacticRfl took 0.101ms
tactic execution of Lean.Parser.Tactic.tacticSeq1Indented took 0.0125ms
tactic execution of Lean.Parser.Tactic.tacticSeq took 0.00836ms
tactic execution of Lean.Parser.Tactic.withReducible took 0.0129ms
tactic execution of Lean.Parser.Tactic.tacticSeq1Indented took 0.00807ms
tactic execution of Lean.Parser.Tactic.tacticSeq took 0.00668ms
tactic execution of Lean.Parser.Tactic.paren took 0.00651ms
tactic execution of Lean.Parser.Tactic.tacticSeq1Indented took 0.00538ms
tactic execution of Lean.Parser.Tactic.tacticSeq took 0.00595ms
tactic execution of Lean.Parser.Tactic.skip took 0.00544ms
tactic execution of Lean.Parser.Tactic.tacticSeq1Indented took 0.00761ms
tactic execution of Lean.Parser.Tactic.tacticSeq took 0.00334ms
tactic execution of Lean.Parser.Tactic.first took 0.0141ms
tactic execution of Lean.Parser.Tactic.tacticTry_ took 0.0111ms
tactic execution of Lean.Parser.Tactic.tacticSeq1Indented took 0.00393ms
tactic execution of Lean.Parser.Tactic.tacticSeq took 0.00318ms
tactic execution of Lean.Parser.Tactic.paren took 0.00281ms
tactic execution of Lean.Parser.Tactic.withAnnotateState took 0.013ms
tactic execution of Lean.Parser.Tactic.tacticSeq1Indented took 0.0162ms
tactic execution of Lean.Parser.Tactic.tacticSeq took 0.00593ms
tactic execution of Lean.Parser.Tactic.paren took 0.00849ms
tactic execution of Lean.Parser.Tactic.rwSeq took 0.0166ms
tactic execution of Lean.Parser.Tactic.exact took 0.084ms
tactic execution of Lean.Parser.Tactic.tacticSeq1Indented took 0.0162ms
tactic execution of Lean.Parser.Tactic.tacticSeq took 0.0137ms
tactic execution of Lean.Parser.Tactic.rewriteSeq took 3.19ms
tactic execution of Lean.Parser.Tactic.exact took 0.108ms
tactic execution of Lean.Parser.Tactic.exact took 0.126ms
tactic execution of Lean.Parser.Tactic.eqRefl took 0.0137ms
tactic execution of Lean.Parser.Tactic.tacticRfl took 0.0401ms
tactic execution of Lean.Parser.Tactic.tacticSeq1Indented took 0.00459ms
tactic execution of Lean.Parser.Tactic.tacticSeq took 0.00363ms
tactic execution of Lean.Parser.Tactic.withReducible took 0.00451ms
tactic execution of Lean.Parser.Tactic.tacticSeq1Indented took 0.00288ms
tactic execution of Lean.Parser.Tactic.tacticSeq took 0.0203ms
tactic execution of Lean.Parser.Tactic.paren took 0.00248ms
tactic execution of Lean.Parser.Tactic.tacticSeq1Indented took 0.00379ms
tactic execution of Lean.Parser.Tactic.tacticSeq took 0.00829ms
tactic execution of Lean.Parser.Tactic.first took 0.00517ms
tactic execution of Lean.Parser.Tactic.tacticTry_ took 0.00615ms
tactic execution of Lean.Parser.Tactic.tacticSeq1Indented took 0.00414ms
tactic execution of Lean.Parser.Tactic.tacticSeq took 0.00394ms
tactic execution of Lean.Parser.Tactic.paren took 0.00407ms
tactic execution of Lean.Parser.Tactic.withAnnotateState took 0.0157ms
tactic execution of Lean.Parser.Tactic.tacticSeq1Indented took 0.0148ms
tactic execution of Lean.Parser.Tactic.tacticSeq took 0.00799ms
tactic execution of Lean.Parser.Tactic.paren took 0.00777ms
tactic execution of Lean.Parser.Tactic.rwSeq took 0.0166ms
tactic execution of Lean.Parser.Tactic.tacticSeq1Indented took 0.0072ms
tactic execution of Lean.Parser.Tactic.tacticSeq took 0.00581ms
tactic execution of Lean.Parser.Tactic.paren took 0.00641ms
tactic execution of Lean.Parser.Tactic.withAnnotateState took 0.0084ms
tactic execution of Lean.Parser.Tactic.tacticSeq1Indented took 0.00763ms
tactic execution of Lean.Parser.Tactic.tacticSeq took 0.0078ms
tactic execution of Lean.Parser.Tactic.case took 0.402ms
tactic execution of Lean.Parser.Tactic.tacticSeq1Indented took 0.0331ms
tactic execution of Lean.Parser.Tactic.tacticSeq took 0.0103ms
tactic execution of Lean.Parser.Tactic.focus took 0.0217ms
tactic execution of Lean.Parser.Tactic.tacticHave__ took 0.0622ms
typeclass inference of OfNat took 0.195ms
typeclass inference of OfNat took 0.0651ms
typeclass inference of OfNat took 0.0621ms
typeclass inference of OfNat took 0.0482ms
typeclass inference of OfNat took 0.0407ms
typeclass inference of OfNat took 0.0376ms
typeclass inference of OfNat took 0.0347ms
typeclass inference of OfNat took 0.0333ms
typeclass inference of HMul took 0.196ms
typeclass inference of HMul took 0.00398ms
typeclass inference of HMul took 0.155ms
typeclass inference of HPow took 0.212ms
typeclass inference of HPow took 0.131ms
typeclass inference of HMul took 0.0879ms
typeclass inference of LT took 0.0363ms
typeclass inference of OfNat took 0.0454ms
typeclass inference of OfNat took 0.079ms
typeclass inference of OfNat took 0.006ms
typeclass inference of OfNat took 0.0739ms
typeclass inference of HPow took 0.176ms
typeclass inference of HPow took 0.146ms
typeclass inference of HMul took 0.053ms
typeclass inference of OfNat took 0.0429ms
typeclass inference of OfNat took 0.0349ms
typeclass inference of HPow took 0.117ms
typeclass inference of HPow took 0.113ms
typeclass inference of HMul took 0.0497ms
typeclass inference of OfNat took 0.0414ms
typeclass inference of OfNat took 0.0345ms
typeclass inference of HPow took 0.108ms
typeclass inference of HPow took 0.11ms
typeclass inference of HMul took 0.0565ms
typeclass inference of OfNat took 0.0427ms
typeclass inference of OfNat took 0.0328ms
typeclass inference of HPow took 0.107ms
typeclass inference of HPow took 0.112ms
typeclass inference of HMul took 0.0498ms
typeclass inference of Pow took 0.0419ms
typeclass inference of NPow took 0.145ms
typeclass inference of OfNat took 0.0468ms
typeclass inference of OfNat took 0.0669ms
typeclass inference of HPow took 0.157ms
typeclass inference of HMul took 0.0702ms
typeclass inference of OfNat took 0.0531ms
typeclass inference of HPow took 0.124ms
typeclass inference of HMul took 0.0533ms
typeclass inference of OfNat took 0.0394ms
typeclass inference of HPow took 0.108ms
typeclass inference of HMul took 0.0527ms
typeclass inference of Pow took 0.0392ms
typeclass inference of NPow took 0.0031ms
typeclass inference of OfNat took 0.0366ms
typeclass inference of HMul took 0.00269ms
typeclass inference of OfNat took 0.0693ms
typeclass inference of OfNat took 0.0539ms
typeclass inference of OfNat took 0.0537ms
typeclass inference of OfNat took 0.043ms
typeclass inference of HMul took 0.00394ms
typeclass inference of HMul took 0.00235ms
typeclass inference of HMul took 0.0386ms
typeclass inference of HPow took 0.151ms
typeclass inference of HMul took 0.064ms
typeclass inference of LE took 0.0408ms
typeclass inference of OfNat took 0.0041ms
typeclass inference of OfNat took 0.0553ms
typeclass inference of HPow took 0.17ms
typeclass inference of HMul took 0.0755ms
typeclass inference of OfNat took 0.0557ms
typeclass inference of HPow took 0.157ms
typeclass inference of HMul took 0.0575ms
typeclass inference of OfNat took 0.059ms
typeclass inference of OfNat took 0.0449ms
typeclass inference of OfNat took 0.0482ms
typeclass inference of OfNat took 0.0465ms
typeclass inference of OfNat took 0.0398ms
typeclass inference of OfNat took 0.0319ms
typeclass inference of OfNat took 0.0318ms
typeclass inference of OfNat took 0.0295ms
typeclass inference of HMul took 0.00373ms
typeclass inference of HPow took 0.139ms
typeclass inference of HPow took 0.154ms
typeclass inference of HMul took 0.0548ms
typeclass inference of LT took 0.00318ms
typeclass inference of OfNat took 0.00301ms
typeclass inference of OfNat took 0.0502ms
typeclass inference of OfNat took 0.00296ms
typeclass inference of OfNat took 0.0414ms
typeclass inference of HPow took 0.115ms
typeclass inference of HPow took 0.11ms
typeclass inference of HMul took 0.0475ms
typeclass inference of OfNat took 0.0402ms
typeclass inference of OfNat took 0.0321ms
typeclass inference of HPow took 0.109ms
typeclass inference of HPow took 0.109ms
typeclass inference of HMul took 0.0467ms
typeclass inference of OfNat took 0.00464ms
typeclass inference of HPow took 0.259ms
typeclass inference of HMul took 0.00294ms
typeclass inference of OfNat took 0.00227ms
typeclass inference of OfNat took 0.00185ms
typeclass inference of HPow took 0.00171ms
typeclass inference of HPow took 0.00139ms
typeclass inference of HMul took 0.00166ms
typeclass inference of Trans took 0.291ms
typeclass inference of LE took 0.255ms
typeclass inference of LE took 0.0758ms
typeclass inference of Zero took 0.155ms
typeclass inference of PartialOrder took 0.0846ms
typeclass inference of Ring took 1.2ms
typeclass inference of AddMonoidWithOne took 0.0477ms
norm_num took 0.314ms
typeclass inference of Semiring took 0.0344ms
typeclass inference of PartialOrder took 0.00334ms
typeclass inference of CommSemiring took 0.0385ms
typeclass inference of IsOrderedRing took 1.01ms
typeclass inference of Nontrivial took 0.0629ms
typeclass inference of Semiring took 0.00359ms
typeclass inference of IsStrictOrderedRing took 0.0332ms
tactic execution of Mathlib.Tactic.Positivity.positivity took 1.54ms
tactic execution of Lean.Parser.Tactic.tacticSeq1Indented took 0.0145ms
tactic execution of Lean.Parser.Tactic.tacticSeq took 0.0265ms
tactic execution of Lean.Parser.Tactic.refine took 8.14ms
tactic execution of Lean.Parser.Tactic.rotateRight took 0.0135ms
tactic execution of Lean.Parser.Tactic.tacticSeq1Indented took 0.0139ms
tactic execution of Lean.Parser.Tactic.tacticSeq took 0.00416ms
tactic execution of Lean.Parser.Tactic.paren took 0.00446ms
tactic execution of Lean.Parser.Tactic.tacticSeq1Indented took 0.00784ms
tactic execution of Lean.Parser.Tactic.tacticSeq took 0.00611ms
tactic execution of Lean.Parser.Tactic.focus took 0.00977ms
tactic execution of Lean.Parser.Tactic.tacticRefine_lift_ took 0.0125ms
tactic execution of Lean.Parser.Tactic.tacticHave__ took 0.0546ms
typeclass inference of HMul took 0.237ms
typeclass inference of HMul took 0.17ms
typeclass inference of LT took 0.0326ms
tactic execution of Lean.Parser.Tactic.refine took 0.631ms
interpretation of term_=_ took 0.00269ms
interpretation of term_-_ took 0.0016ms
interpretation of term_*_ took 0.00102ms
interpretation of term_=_ took 0.000471ms
interpretation of term_-_ took 0.000471ms
interpretation of term_*_ took 0.000411ms
interpretation of term_=_ took 0.00181ms
interpretation of term_-_ took 0.000671ms
interpretation of term_*_ took 0.000501ms
interpretation of term_^_ took 0.000982ms
interpretation of term_-_ took 0.000381ms
interpretation of term_=_ took 0.000431ms
interpretation of term_-_ took 0.000401ms
interpretation of term_*_ took 0.000411ms
interpretation of term_^_ took 0.000391ms
interpretation of term_-_ took 0.000401ms
interpretation of term_=_ took 0.00132ms
interpretation of term_*_ took 0.000561ms
interpretation of term_=_ took 0.000431ms
interpretation of term_*_ took 0.000411ms
interpretation of term_=_ took 0.00155ms
interpretation of term_+_ took 0.00162ms
interpretation of term_*_ took 0.000471ms
interpretation of term_^_ took 0.000581ms
interpretation of term_=_ took 0.0004ms
interpretation of term_+_ took 0.000431ms
interpretation of term_*_ took 0.000381ms
interpretation of term_^_ took 0.000391ms
typeclass inference of UsesSetNotationForOrder took 0.0304ms
typeclass inference of UsesSetNotationForOrder took 0.0119ms
interpretation of term_↔_ took 0.00176ms
interpretation of term_≤_ took 0.000942ms
interpretation of term_≤_ took 0.000581ms
interpretation of coeNotation took 0.00187ms
interpretation of coeNotation took 0.000651ms
interpretation of termℕ took 0.00873ms
interpretation of term_↔_ took 0.000681ms
interpretation of term_≤_ took 0.000621ms
interpretation of term_≤_ took 0.000922ms
interpretation of coeNotation took 0.000441ms
interpretation of coeNotation took 0.000391ms
interpretation of termℕ took 0.0118ms
typeclass inference of UsesSetNotationForOrder took 0.0237ms
typeclass inference of UsesSetNotationForOrder took 0.0116ms
interpretation of term_↔_ took 0.00103ms
interpretation of term_<_ took 0.00107ms
interpretation of term_<_ took 0.000421ms
interpretation of coeNotation took 0.000441ms
interpretation of coeNotation took 0.000461ms
interpretation of termℕ took 0.00373ms
interpretation of term_↔_ took 0.000471ms
interpretation of term_<_ took 0.000431ms
interpretation of term_<_ took 0.000431ms
interpretation of coeNotation took 0.000471ms
interpretation of coeNotation took 0.00036ms
interpretation of termℕ took 0.00287ms
interpretation of term_↔_ took 0.000932ms
interpretation of term_=_ took 0.000511ms
interpretation of term_=_ took 0.00038ms
interpretation of coeNotation took 0.00036ms
interpretation of coeNotation took 0.00031ms
interpretation of termℕ took 0.00352ms
interpretation of term_↔_ took 0.000431ms
interpretation of term_=_ took 0.000391ms
interpretation of term_=_ took 0.00041ms
interpretation of coeNotation took 0.000331ms
interpretation of coeNotation took 0.000331ms
interpretation of termℕ took 0.00258ms
typeclass inference of UsesSetNotationForOrder took 0.0168ms
interpretation of term_≤_ took 0.000991ms
interpretation of coeNotation took 0.000461ms
interpretation of termℕ took 0.00669ms
interpretation of term_≤_ took 0.000481ms
interpretation of coeNotation took 0.00034ms
interpretation of termℕ took 0.00385ms
interpretation of term_*_ took 0.00191ms
interpretation of term_*_ took 0.000521ms
interpretation of term_^_ took 0.00189ms
interpretation of term_^_ took 0.000571ms
interpretation of term_*_ took 0.00176ms
interpretation of term_^_ took 0.000561ms
interpretation of term_*_ took 0.000592ms
interpretation of term_^_ took 0.000461ms
interpretation of term_+_ took 0.00579ms
interpretation of term_*_ took 0.000511ms
interpretation of term_^_ took 0.000451ms
interpretation of term_+_ took 0.00052ms
interpretation of term_*_ took 0.000401ms
interpretation of term_^_ took 0.000401ms
typeclass inference of LE took 0.0898ms
typeclass inference of HAdd took 0.251ms
typeclass inference of HSub took 0.206ms
typeclass inference of LE took 0.0303ms
typeclass inference of Decidable took 0.131ms
typeclass inference of Decidable took 0.0115ms
typeclass inference of HSub took 0.0416ms
typeclass inference of LE took 0.00331ms
typeclass inference of Decidable took 0.0159ms
typeclass inference of Decidable took 0.00972ms
typeclass inference of HMul took 0.186ms
typeclass inference of HMul took 0.0347ms
typeclass inference of HAdd took 0.0359ms
typeclass inference of LT took 0.0297ms
typeclass inference of Decidable took 0.333ms
typeclass inference of LE took 0.0045ms
typeclass inference of LE took 0.00363ms
typeclass inference of LE took 0.00362ms
typeclass inference of Decidable took 0.161ms
typeclass inference of Decidable took 0.00415ms
instantiate metavars took 0.00143ms
tactic execution of Lean.Parser.Tactic.omega took 3.45ms
tactic execution of ProofBroker.Tactic.proofBrokerTerm took 34.2ms
tactic execution of Lean.Parser.Tactic.tacticSeq1Indented took 0.01ms
tactic execution of Lean.Parser.Tactic.tacticSeq took 0.00617ms
tactic execution of Lean.Parser.Tactic.paren took 0.00742ms
tactic execution of Lean.Parser.Tactic.withAnnotateState took 0.0102ms
tactic execution of Lean.Parser.Tactic.tacticSeq1Indented took 0.00771ms
tactic execution of Lean.Parser.Tactic.tacticSeq took 0.00564ms
tactic execution of Lean.Parser.Tactic.case took 0.0334ms
tactic execution of Lean.Parser.Tactic.tacticSeq1Indented took 0.0145ms
tactic execution of Lean.Parser.Tactic.tacticSeq took 0.00581ms
tactic execution of Lean.Parser.Tactic.focus took 0.00964ms
tactic execution of Lean.Parser.Tactic.tacticHave__ took 0.0259ms
typeclass inference of HMul took 1.35ms
typeclass inference of HMul took 0.984ms
typeclass inference of HMul took 0.144ms
typeclass inference of HMul took 0.142ms
tactic execution of Lean.Parser.Tactic.refine took 1.23ms
tactic execution of Lean.Parser.Tactic.rotateRight took 0.0081ms
tactic execution of Lean.Parser.Tactic.tacticSeq1Indented took 0.0226ms
tactic execution of Lean.Parser.Tactic.tacticSeq took 0.00693ms
tactic execution of Lean.Parser.Tactic.paren took 0.0104ms
tactic execution of Lean.Parser.Tactic.tacticSeq1Indented took 0.00633ms
tactic execution of Lean.Parser.Tactic.tacticSeq took 0.00736ms
tactic execution of Lean.Parser.Tactic.focus took 0.0126ms
tactic execution of Lean.Parser.Tactic.tacticRefine_lift_ took 0.0131ms
tactic execution of Lean.Parser.Tactic.tacticHave__ took 0.0226ms
tactic execution of Lean.Parser.Tactic.rewriteSeq took 0.758ms
tactic execution of Lean.Parser.Tactic.exact took 0.192ms
tactic execution of Lean.Parser.Tactic.exact took 0.105ms
tactic execution of Lean.Parser.Tactic.eqRefl took 0.0159ms
tactic execution of Lean.Parser.Tactic.tacticRfl took 0.0435ms
tactic execution of Lean.Parser.Tactic.tacticSeq1Indented took 0.00417ms
tactic execution of Lean.Parser.Tactic.tacticSeq took 0.00331ms
tactic execution of Lean.Parser.Tactic.withReducible took 0.0058ms
tactic execution of Lean.Parser.Tactic.tacticSeq1Indented took 0.00444ms
tactic execution of Lean.Parser.Tactic.tacticSeq took 0.00252ms
tactic execution of Lean.Parser.Tactic.paren took 0.00254ms
tactic execution of Lean.Parser.Tactic.tacticSeq1Indented took 0.00292ms
tactic execution of Lean.Parser.Tactic.tacticSeq took 0.00252ms
tactic execution of Lean.Parser.Tactic.first took 0.00566ms
tactic execution of Lean.Parser.Tactic.tacticTry_ took 0.00786ms
tactic execution of Lean.Parser.Tactic.tacticSeq1Indented took 0.00316ms
tactic execution of Lean.Parser.Tactic.tacticSeq took 0.00248ms
tactic execution of Lean.Parser.Tactic.paren took 0.00312ms
tactic execution of Lean.Parser.Tactic.withAnnotateState took 0.0212ms
tactic execution of Lean.Parser.Tactic.tacticSeq1Indented took 0.0135ms
tactic execution of Lean.Parser.Tactic.tacticSeq took 0.00444ms
tactic execution of Lean.Parser.Tactic.paren took 0.00581ms
tactic execution of Lean.Parser.Tactic.rwSeq took 0.0641ms
tactic execution of Lean.Parser.Tactic.tacticSeq1Indented took 0.0972ms
tactic execution of Lean.Parser.Tactic.tacticSeq took 0.0216ms
instantiate metavars took 0.403ms
instantiate metavars took 0.000451ms
instantiate metavars took 0.000141ms
instantiate metavars took 0.000271ms
instantiate metavars took 0.00011ms
share common exprs took 2.13ms
fix level params took 0.0975ms
let-to-have transformation took 0.00967ms
attribute application took 0.00321ms
attribute application took 0.000722ms
process pre-definitions took 1.07ms
elaboration took 1.97ms
type checking took 1.95ms
type checking took 6.5ms
type checking took 10.4ms
type checking took 6.17ms
type checking took 6.32ms
overlappingInstancesLinter took 0.16ms
tacticAnalysis took 3.83ms
linting took 12.7ms
attribute application took 0.00225ms
typeclass inference of OfNat took 0.0623ms
typeclass inference of OfNat took 0.0387ms
typeclass inference of HSub took 0.895ms
typeclass inference of HMul took 0.897ms
typeclass inference of HMul took 0.806ms
typeclass inference of HSub took 0.7ms
typeclass inference of OfNat took 0.868ms
typeclass inference of OfNat took 0.0823ms
typeclass inference of OfNat took 0.0441ms
typeclass inference of OfNat took 0.0398ms
typeclass inference of OfNat took 0.032ms
typeclass inference of OfNat took 0.0394ms
typeclass inference of OfNat took 0.033ms
typeclass inference of OfNat took 0.0292ms
typeclass inference of OfNat took 0.0298ms
typeclass inference of HSub took 0.00429ms
typeclass inference of HSub took 0.00251ms
typeclass inference of HMul took 0.00243ms
typeclass inference of HSub took 0.0353ms
typeclass inference of HPow took 0.215ms
typeclass inference of HMul took 0.0614ms
typeclass inference of HSub took 0.0491ms
typeclass inference of OfNat took 0.984ms
typeclass inference of OfNat took 0.0598ms
typeclass inference of OfNat took 0.00418ms
typeclass inference of HPow took 0.128ms
typeclass inference of HMul took 0.0687ms
typeclass inference of HSub took 0.0498ms
typeclass inference of OfNat took 0.0423ms
typeclass inference of HPow took 0.109ms
typeclass inference of HMul took 0.0523ms
typeclass inference of HSub took 0.053ms
typeclass inference of OfNat took 0.0579ms
typeclass inference of OfNat took 0.0541ms
typeclass inference of OfNat took 0.0638ms
typeclass inference of OfNat took 0.0488ms
typeclass inference of HPow took 0.134ms
typeclass inference of LE took 0.0318ms
typeclass inference of OfNat took 0.0357ms
typeclass inference of OfNat took 0.0467ms
typeclass inference of HPow took 0.129ms
typeclass inference of OfNat took 0.0484ms
typeclass inference of HPow took 0.111ms
typeclass inference of OfNat took 0.0564ms
typeclass inference of OfNat took 0.0428ms
typeclass inference of OfNat took 0.0346ms
typeclass inference of OfNat took 0.031ms
typeclass inference of HPow took 0.171ms
typeclass inference of LT took 0.0326ms
typeclass inference of OfNat took 0.00406ms
typeclass inference of OfNat took 0.0486ms
typeclass inference of HPow took 0.116ms
typeclass inference of OfNat took 0.0399ms
typeclass inference of HPow took 0.108ms
typeclass inference of OfNat took 0.0551ms
typeclass inference of OfNat took 0.0453ms
typeclass inference of OfNat took 0.0341ms
typeclass inference of OfNat took 0.0305ms
typeclass inference of HPow took 0.129ms
typeclass inference of LT took 0.0033ms
typeclass inference of OfNat took 0.00286ms
typeclass inference of OfNat took 0.0494ms
typeclass inference of HPow took 0.121ms
typeclass inference of OfNat took 0.0491ms
typeclass inference of HPow took 0.133ms
typeclass inference of OfNat took 0.0556ms
typeclass inference of OfNat took 0.0424ms
typeclass inference of OfNat took 0.0349ms
typeclass inference of OfNat took 0.0304ms
typeclass inference of HPow took 0.177ms
typeclass inference of LT took 0.00366ms
typeclass inference of OfNat took 0.00325ms
typeclass inference of OfNat took 0.0578ms
typeclass inference of HPow took 0.117ms
typeclass inference of OfNat took 0.0387ms
typeclass inference of HPow took 0.131ms
typeclass inference of OfNat took 0.0582ms
typeclass inference of OfNat took 0.0441ms
typeclass inference of OfNat took 0.0458ms
typeclass inference of OfNat took 0.035ms
typeclass inference of HMul took 0.134ms
typeclass inference of HAdd took 0.143ms
typeclass inference of HMul took 0.00334ms
typeclass inference of HMul took 0.157ms
typeclass inference of HPow took 0.182ms
typeclass inference of HMul took 0.0837ms
typeclass inference of HAdd took 0.0669ms
typeclass inference of OfNat took 0.00386ms
typeclass inference of OfNat took 0.0549ms
typeclass inference of HPow took 0.12ms
typeclass inference of HMul took 0.0617ms
typeclass inference of HAdd took 0.0513ms
typeclass inference of OfNat took 0.0439ms
typeclass inference of HPow took 0.148ms
typeclass inference of HMul took 0.0517ms
typeclass inference of HAdd took 0.0465ms
typeclass inference of OfNat took 0.0448ms
typeclass inference of HPow took 0.119ms
typeclass inference of HMul took 0.0549ms
typeclass inference of HSub took 0.0501ms
typeclass inference of OfNat took 0.043ms
typeclass inference of HPow took 0.113ms
typeclass inference of OfNat took 0.0394ms
typeclass inference of HPow took 0.121ms
typeclass inference of OfNat took 0.0402ms
typeclass inference of HPow took 0.109ms
typeclass inference of OfNat took 0.0383ms
typeclass inference of HPow took 0.116ms
typeclass inference of OfNat took 0.039ms
typeclass inference of HPow took 0.109ms
typeclass inference of HMul took 0.0509ms
typeclass inference of HAdd took 0.046ms
typeclass inference of OfNat took 0.0389ms
typeclass inference of HPow took 0.116ms
typeclass inference of HMul took 0.0521ms
typeclass inference of HSub took 0.046ms
typeclass inference of OfNat took 0.0396ms
typeclass inference of HPow took 0.114ms
typeclass inference of OfNat took 0.0377ms
typeclass inference of HPow took 0.111ms
typeclass inference of OfNat took 0.037ms
typeclass inference of HPow took 0.107ms
typeclass inference of OfNat took 0.0379ms
typeclass inference of HPow took 0.106ms
typeclass inference of OfNat took 0.0377ms
typeclass inference of HPow took 0.103ms
typeclass inference of HMul took 0.0507ms
typeclass inference of HAdd took 0.0465ms
typeclass inference of Pow took 0.0536ms
typeclass inference of CategoryTheory.CartesianMonoidalCategory took 0.0535ms
typeclass inference of CategoryTheory.CartesianMonoidalCategory took 0.00468ms
typeclass inference of NPow took 2.07ms
typeclass inference of OfNat took 0.042ms
typeclass inference of HMul took 0.0402ms
typeclass inference of HSub took 0.00494ms
typeclass inference of OfNat took 0.0513ms
typeclass inference of HPow took 0.126ms
typeclass inference of OfNat took 0.0414ms
typeclass inference of HPow took 0.114ms
typeclass inference of OfNat took 0.0394ms
typeclass inference of HPow took 0.116ms
typeclass inference of OfNat took 0.0409ms
typeclass inference of HPow took 0.115ms
typeclass inference of OfNat took 0.0472ms
typeclass inference of HPow took 0.113ms
typeclass inference of HMul took 0.0552ms
typeclass inference of HAdd took 0.048ms
typeclass inference of OfNat took 0.0416ms
typeclass inference of HPow took 0.124ms
typeclass inference of OfNat took 0.0468ms
typeclass inference of HPow took 0.111ms
typeclass inference of OfNat took 0.0404ms
typeclass inference of HPow took 0.113ms
typeclass inference of OfNat took 0.0407ms
typeclass inference of HPow took 0.115ms
typeclass inference of OfNat took 0.0441ms
typeclass inference of HPow took 0.119ms
typeclass inference of HMul took 0.0529ms
typeclass inference of HAdd took 0.0475ms
typeclass inference of OfNat took 0.0414ms
typeclass inference of HPow took 0.113ms
typeclass inference of OfNat took 0.0441ms
typeclass inference of HPow took 0.115ms
typeclass inference of OfNat took 0.039ms
typeclass inference of HPow took 0.106ms
typeclass inference of OfNat took 0.0394ms
typeclass inference of HPow took 0.106ms
typeclass inference of OfNat took 0.0393ms
typeclass inference of HPow took 0.114ms
typeclass inference of HMul took 0.0551ms
typeclass inference of HAdd took 0.0528ms
typeclass inference of Pow took 0.0477ms
typeclass inference of NPow took 0.124ms
typeclass inference of OfNat took 0.0748ms
typeclass inference of OfNat took 0.104ms
typeclass inference of HPow took 0.143ms
typeclass inference of OfNat took 0.0443ms
typeclass inference of HPow took 0.129ms
typeclass inference of OfNat took 0.0423ms
typeclass inference of HPow took 0.115ms
typeclass inference of OfNat took 0.0402ms
typeclass inference of HPow took 0.107ms
typeclass inference of HMul took 0.0517ms
typeclass inference of HAdd took 0.0462ms
typeclass inference of OfNat took 0.0392ms
typeclass inference of HPow took 0.103ms
typeclass inference of OfNat took 0.0372ms
typeclass inference of HPow took 0.104ms
typeclass inference of OfNat took 0.0371ms
typeclass inference of HPow took 0.105ms
typeclass inference of OfNat took 0.0374ms
typeclass inference of HPow took 0.115ms
typeclass inference of HMul took 0.0519ms
typeclass inference of HAdd took 0.0463ms
typeclass inference of OfNat took 0.0394ms
typeclass inference of HPow took 0.105ms
typeclass inference of OfNat took 0.0375ms
typeclass inference of HPow took 0.103ms
typeclass inference of OfNat took 0.0359ms
typeclass inference of HPow took 0.103ms
typeclass inference of OfNat took 0.0375ms
typeclass inference of HPow took 0.103ms
typeclass inference of HMul took 0.05ms
typeclass inference of HAdd took 0.0445ms
typeclass inference of Pow took 0.0379ms
typeclass inference of NPow took 0.00354ms
typeclass inference of OfNat took 0.0028ms
typeclass inference of OfNat took 0.0424ms
typeclass inference of HPow took 0.126ms
typeclass inference of OfNat took 0.0594ms
typeclass inference of HPow took 0.11ms
typeclass inference of OfNat took 0.0373ms
typeclass inference of HPow took 0.104ms
typeclass inference of HMul took 0.0497ms
typeclass inference of HAdd took 0.0459ms
typeclass inference of OfNat took 0.0394ms
typeclass inference of HPow took 0.104ms
typeclass inference of OfNat took 0.0369ms
typeclass inference of HPow took 0.103ms
typeclass inference of OfNat took 0.044ms
typeclass inference of HPow took 0.111ms
typeclass inference of HMul took 0.0482ms
typeclass inference of HAdd took 0.046ms
typeclass inference of OfNat took 0.038ms
typeclass inference of HPow took 0.118ms
typeclass inference of OfNat took 0.0604ms
typeclass inference of HPow took 0.12ms
typeclass inference of OfNat took 0.0637ms
typeclass inference of HPow took 0.163ms
typeclass inference of HMul took 0.0779ms
typeclass inference of HAdd took 0.0685ms
typeclass inference of Pow took 0.0582ms
typeclass inference of NPow took 0.00381ms
typeclass inference of OfNat took 0.00434ms
typeclass inference of OfNat took 0.0727ms
typeclass inference of HPow took 0.122ms
typeclass inference of OfNat took 0.042ms
typeclass inference of HPow took 0.129ms
typeclass inference of HMul took 0.0819ms
typeclass inference of HAdd took 0.0624ms
typeclass inference of OfNat took 0.0464ms
typeclass inference of HPow took 0.116ms
typeclass inference of OfNat took 0.0408ms
typeclass inference of HPow took 0.126ms
typeclass inference of HMul took 0.0544ms
typeclass inference of HAdd took 0.0488ms
typeclass inference of OfNat took 0.0419ms
typeclass inference of HPow took 0.112ms
typeclass inference of OfNat took 0.0451ms
typeclass inference of HPow took 0.115ms
typeclass inference of HMul took 0.0527ms
typeclass inference of HAdd took 0.048ms
typeclass inference of Pow took 0.041ms
typeclass inference of NPow took 0.0036ms
typeclass inference of OfNat took 0.00344ms
typeclass inference of OfNat took 0.0471ms
typeclass inference of HPow took 0.138ms
typeclass inference of HMul took 0.0784ms
typeclass inference of HAdd took 0.0664ms
typeclass inference of OfNat took 0.0438ms
typeclass inference of HPow took 0.111ms
typeclass inference of HMul took 0.0503ms
typeclass inference of HAdd took 0.046ms
typeclass inference of OfNat took 0.0409ms
typeclass inference of HPow took 0.108ms
typeclass inference of HMul took 0.0503ms
typeclass inference of HAdd took 0.0478ms
typeclass inference of Pow took 0.0397ms
typeclass inference of NPow took 0.00335ms
typeclass inference of OfNat took 0.00262ms
typeclass inference of HMul took 0.0367ms
typeclass inference of HAdd took 0.0043ms
instantiate metavars took 0.0397ms
instantiate metavars took 0.00025ms
typeclass inference of AddMonoidWithOne took 0.0439ms
norm_num took 0.209ms
typeclass inference of AddMonoidWithOne took 0.00418ms
norm_num took 0.0489ms
norm_num took 0.561ms
typeclass inference of Semiring took 0.0403ms
typeclass inference of AddMonoidWithOne took 0.00316ms
norm_num took 0.0543ms
norm_num took 0.52ms
norm_num took 0.0236ms
norm_num took 0.189ms
congr simp thm took 0.0325ms
norm_num took 0.00568ms
norm_num took 0.00393ms
typeclass inference of AddMonoidWithOne took 0.00595ms
norm_num took 0.111ms
typeclass inference of AddMonoidWithOne took 0.0035ms
norm_num took 0.0596ms
norm_num took 0.117ms
typeclass inference of Semiring took 0.00355ms
typeclass inference of AddMonoidWithOne took 0.00261ms
norm_num took 0.0515ms
norm_num took 0.157ms
norm_num took 0.00508ms
typeclass inference of Preorder took 0.146ms
typeclass inference of Preorder took 0.0526ms
typeclass inference of AddMonoidWithOne took 0.00496ms
norm_num took 0.11ms
typeclass inference of AddMonoidWithOne took 0.00316ms
norm_num took 0.0433ms
typeclass inference of LT took 0.0347ms
typeclass inference of Semiring took 0.00336ms
typeclass inference of PartialOrder took 0.0393ms
typeclass inference of CommSemiring took 0.0295ms
typeclass inference of IsOrderedRing took 1.28ms
typeclass inference of CharZero took 0.0514ms
norm_num took 0.291ms
tactic execution of Mathlib.Tactic.normNum took 2.5ms
tactic execution of Lean.Parser.Tactic.tacticSeq1Indented took 0.0155ms
tactic execution of Lean.Parser.Tactic.tacticSeq took 0.0183ms
typeclass inference of AddMonoidWithOne took 0.0512ms
norm_num took 0.154ms
typeclass inference of AddMonoidWithOne took 0.00392ms
norm_num took 0.0526ms
norm_num took 0.2ms
typeclass inference of Semiring took 0.0377ms
typeclass inference of AddMonoidWithOne took 0.00289ms
norm_num took 0.0529ms
norm_num took 0.41ms
norm_num took 0.0195ms
norm_num took 0.218ms
congr simp thm took 0.00683ms
norm_num took 0.00556ms
norm_num took 0.00236ms
typeclass inference of AddMonoidWithOne took 0.00573ms
norm_num took 0.108ms
typeclass inference of AddMonoidWithOne took 0.00372ms
norm_num took 0.0402ms
norm_num took 0.122ms
typeclass inference of Semiring took 0.006ms
typeclass inference of AddMonoidWithOne took 0.00233ms
norm_num took 0.0402ms
norm_num took 0.151ms
norm_num took 0.00412ms
typeclass inference of Preorder took 0.146ms
typeclass inference of Preorder took 0.0528ms
typeclass inference of AddMonoidWithOne took 0.00458ms
norm_num took 0.107ms
typeclass inference of AddMonoidWithOne took 0.00307ms
norm_num took 0.0445ms
typeclass inference of LT took 0.03ms
typeclass inference of Semiring took 0.0023ms
typeclass inference of PartialOrder took 0.0331ms
typeclass inference of CommSemiring took 0.0221ms
typeclass inference of IsOrderedRing took 0.997ms
typeclass inference of CharZero took 0.0398ms
norm_num took 0.142ms
tactic execution of Mathlib.Tactic.normNum took 1.1ms
tactic execution of Lean.Parser.Tactic.tacticSeq1Indented took 0.0109ms
tactic execution of Lean.Parser.Tactic.tacticSeq took 0.0235ms
instantiate metavars took 0.00678ms
instantiate metavars took 0.00024ms
instantiate metavars took 0.000131ms
instantiate metavars took 0.00017ms
instantiate metavars took 0.00011ms
share common exprs took 0.202ms
fix level params took 0.0316ms
attribute application took 0.00265ms
attribute application took 0.000661ms
process pre-definitions took 0.433ms
elaboration took 7.42ms
type checking took 3.73ms
overlappingInstancesLinter took 0.143ms
tacticAnalysis took 0.909ms
linting took 4.4ms
elaboration took 0.2ms
overlappingInstancesLinter took 0.0416ms
tacticAnalysis took 0.215ms
linting took 1.69ms
'RmsNorm.carry_stage_lift' depends on axioms: [propext, Classical.choice, Quot.sound]
elaboration took 895ms
overlappingInstancesLinter took 0.0727ms
tacticAnalysis took 0.207ms
linting took 2.13ms
'RmsNorm.carry_stage_lift_production' depends on axioms: [propext, Classical.choice, Quot.sound]
elaboration took 2.1ms
overlappingInstancesLinter took 0.0304ms
tacticAnalysis took 0.0992ms
linting took 1.04ms
elaboration took 0.02ms
overlappingInstancesLinter took 0.03ms
tacticAnalysis took 0.0857ms
linting took 1.02ms
module linting took 0.00171ms
cumulative profiling times:
	attribute application 0.0418ms
	congr simp thm 0.175ms
	elaboration 927ms
	fix level params 0.275ms
	instantiate metavars 0.996ms
	interpretation 0.308ms
	let-to-have transformation 0.081ms
	linting 62.7ms
	module linting 0.00135ms
	norm_num 11ms
	overlappingInstancesLinter 1.79ms
	parsing 6.07ms
	process pre-definitions 3.76ms
	ring 11.6ms
	share common exprs 4.91ms
	simp 2.01ms
	tactic execution 904ms
	tacticAnalysis 15.4ms
	type checking 76.7ms
	typeclass inference 319ms
PEAK_RSS_BYTES=734121984
EXIT=0 WALL=5.3s CAP=8G
