parsing took 0.0142ms
parsing took 0.499ms
parsing took 0.458ms
parsing took 0.74ms
overlappingInstancesLinter took 0.0212ms
tacticAnalysis took 0.105ms
linting took 2.27ms
elaboration took 0.253ms
overlappingInstancesLinter took 0.0262ms
tacticAnalysis took 0.109ms
linting took 2.71ms
attribute application took 0.00568ms
typeclass inference of HAdd took 0.355ms
typeclass inference of HAdd took 0.181ms
typeclass inference of LT took 0.0347ms
typeclass inference of HAdd took 1.24ms
typeclass inference of HAdd took 1.04ms
typeclass inference of HAdd took 0.00492ms
typeclass inference of HAdd took 0.0369ms
instantiate metavars took 0.00454ms
instantiate metavars took 0.00023ms
let-to-have transformation took 0.00749ms
attribute application took 0.00208ms
attribute application took 0.000672ms
elaboration took 2.87ms
typeclass inference of NeZero took 0.156ms
typeclass inference of NeZero took 0.0412ms
typeclass inference of NeZero took 0.0391ms
tactic execution of Lean.Parser.Tactic.rewriteSeq took 0.924ms
tactic execution of Lean.Parser.Tactic.exact took 0.106ms
tactic execution of Lean.Parser.Tactic.exact took 0.0862ms
tactic execution of Lean.Parser.Tactic.eqRefl took 0.0115ms
tactic execution of Lean.Parser.Tactic.tacticRfl took 0.0388ms
tactic execution of Lean.Parser.Tactic.tacticSeq1Indented took 0.00521ms
tactic execution of Lean.Parser.Tactic.tacticSeq took 0.00563ms
tactic execution of Lean.Parser.Tactic.withReducible took 0.00933ms
tactic execution of Lean.Parser.Tactic.tacticSeq1Indented took 0.00604ms
tactic execution of Lean.Parser.Tactic.tacticSeq took 0.00377ms
tactic execution of Lean.Parser.Tactic.paren took 0.0055ms
tactic execution of Lean.Parser.Tactic.tacticSeq1Indented took 0.00452ms
tactic execution of Lean.Parser.Tactic.tacticSeq took 0.00875ms
tactic execution of Lean.Parser.Tactic.first took 0.00618ms
tactic execution of Lean.Parser.Tactic.tacticTry_ took 0.00787ms
tactic execution of Lean.Parser.Tactic.tacticSeq1Indented took 0.00281ms
tactic execution of Lean.Parser.Tactic.tacticSeq took 0.0029ms
tactic execution of Lean.Parser.Tactic.paren took 0.00513ms
tactic execution of Lean.Parser.Tactic.withAnnotateState took 0.015ms
tactic execution of Lean.Parser.Tactic.tacticSeq1Indented took 0.0294ms
tactic execution of Lean.Parser.Tactic.tacticSeq took 0.00695ms
tactic execution of Lean.Parser.Tactic.paren took 0.0123ms
tactic execution of Lean.Parser.Tactic.rwSeq took 0.0432ms
tactic execution of Lean.Parser.Tactic.tacticSeq1Indented took 0.0127ms
tactic execution of Lean.Parser.Tactic.tacticSeq took 0.0218ms
instantiate metavars took 0.00982ms
instantiate metavars took 0.00024ms
instantiate metavars took 0.00014ms
instantiate metavars took 0.00011ms
instantiate metavars took 0.00011ms
share common exprs took 0.056ms
fix level params took 0.0103ms
let-to-have transformation took 0.00298ms
attribute application took 0.00144ms
attribute application took 0.000691ms
process pre-definitions took 0.134ms
elaboration took 0.429ms
type checking took 0.23ms
overlappingInstancesLinter took 0.321ms
tacticAnalysis took 0.761ms
linting took 4.13ms
attribute application took 0.00166ms
typeclass inference of HMul took 0.199ms
typeclass inference of HMul took 0.138ms
typeclass inference of LT took 0.0284ms
typeclass inference of HMul took 1.08ms
typeclass inference of HMul took 0.754ms
typeclass inference of HMul took 0.00404ms
typeclass inference of HMul took 0.0348ms
instantiate metavars took 0.00343ms
instantiate metavars took 0.0002ms
let-to-have transformation took 0.0032ms
attribute application took 0.00102ms
attribute application took 0.000521ms
elaboration took 1.29ms
tactic execution of Lean.Parser.Tactic.rewriteSeq took 1.04ms
tactic execution of Lean.Parser.Tactic.exact took 0.121ms
tactic execution of Lean.Parser.Tactic.exact took 0.0994ms
tactic execution of Lean.Parser.Tactic.eqRefl took 0.00923ms
tactic execution of Lean.Parser.Tactic.tacticRfl took 0.0493ms
tactic execution of Lean.Parser.Tactic.tacticSeq1Indented took 0.00492ms
tactic execution of Lean.Parser.Tactic.tacticSeq took 0.00535ms
tactic execution of Lean.Parser.Tactic.withReducible took 0.00905ms
tactic execution of Leanparsing took 2.02ms
.Parser.Tactic.tacticSeq1Indented took 0.00568ms
tactic execution of Lean.Parser.Tactic.tacticSeq took 0.00445ms
tactic execution of Lean.Parser.Tactic.paren took 0.0043ms
tactic execution of Lean.Parser.Tactic.tacticSeq1Indented took 0.0048ms
tactic execution of Lean.Parser.Tactic.tacticSeq took 0.00811ms
tactic execution of Lean.Parser.Tactic.first took 0.00859ms
tactic execution of Lean.Parser.Tactic.tacticTry_ took 0.00809ms
tactic execution of Lean.Parser.Tactic.tacticSeq1Indented took 0.00431ms
tactic execution of Lean.Parser.Tactic.tacticSeq took 0.00424ms
tactic execution of Lean.Parser.Tactic.paren took 0.00756ms
tactic execution of Lean.Parser.Tactic.withAnnotateState took 0.0139ms
tactic execution of Lean.Parser.Tactic.tacticSeq1Indented took 0.0193ms
tactic execution of Lean.Parser.Tactic.tacticSeq took 0.008ms
tactic execution of Lean.Parser.Tactic.paren took 0.00925ms
tactic execution of Lean.Parser.Tactic.rwSeq took 0.0177ms
tactic execution of Lean.Parser.Tactic.tacticSeq1Indented took 0.0117ms
tactic execution of Lean.Parser.Tactic.tacticSeq took 0.0314ms
instantiate metavars took 0.00584ms
instantiate metavars took 0.00019ms
instantiate metavars took 0.00018ms
instantiate metavars took 0.00017ms
instantiate metavars took 0.00011ms
share common exprs took 0.0531ms
fix level params took 0.00972ms
let-to-have transformation took 0.00295ms
attribute application took 0.00205ms
attribute application took 0.000651ms
process pre-definitions took 0.0993ms
elaboration took 0.471ms
type checking took 0.304ms
overlappingInstancesLinter took 0.246ms
tacticAnalysis took 0.616ms
linting took 4.24ms
attribute application took 0.00244ms
typeclass inference of OfNat took 0.142ms
typeclass inference of OfNat took 0.0426ms
typeclass inference of OfNat took 0.0372ms
typeclass inference of HPow took 0.541ms
typeclass inference of LT took 0.0414ms
typeclass inference of OfNat took 0.0696ms
typeclass inference of OfNat took 1.19ms
typeclass inference of CategoryTheory.CartesianMonoidalCategory took 0.105ms
typeclass inference of CategoryTheory.CartesianMonoidalCategory took 0.00604ms
typeclass inference of HPow took 2.71ms
typeclass inference of OfNat took 0.116ms
typeclass inference of OfNat took 0.0406ms
typeclass inference of HPow took 0.0432ms
typeclass inference of OfNat took 0.00409ms
instantiate metavars took 0.00488ms
instantiate metavars took 0.00032ms
let-to-have transformation took 0.00951ms
attribute application took 0.00194ms
attribute application took 0.000591ms
elaboration took 2.06ms
typeclass inference of OfNat took 1.55ms
typeclass inference of OfNat took 0.118ms
typeclass inference of OfNat took 0.0533ms
typeclass inference of HPow took 0.328ms
typeclass inference of CoeT took 0.943ms
typeclass inference of OfNat took 0.0469ms
typeclass inference of CategoryTheory.CartesianMonoidalCategory took 0.0505ms
typeclass inference of CategoryTheory.CartesianMonoidalCategory took 0.00509ms
typeclass inference of HPow took 2.05ms
tactic execution of Lean.Parser.Tactic.refine took 1.23ms
congr simp thm took 0.0332ms
congr simp thm took 0.0358ms
congr simp thm took 0.0179ms
congr simp thm took 0.000632ms
typeclass inference of NatCast took 0.122ms
typeclass inference of NatCast took 0.0463ms
typeclass inference of FunLike took 2.02ms
typeclass inference of One took 0.768ms
typeclass inference of SMul took 1.04ms
typeclass inference of SMul took 0.96ms
typeclass inference of IsSMulApply took 0.0464ms
congr simp thm took 0.0538ms
congr simp thm took 0.000521ms
typeclass inference of Semiring took 0.847ms
congr simp thm took 0.0011ms
congr simp thm took 0.00041ms
typeclass inference of Nat.AtLeastTwo took 0.201ms
congr simp thm took 0.000682ms
congr simp thm took 0.000431ms
simp took 2.04ms
simp took 0.00504ms
tactic execution of Lean.Parser.Tactic.pushCast took 0.0775ms
tactic execution of Lean.Parser.Tactic.exact took 0.114ms
tactic execution of Lean.Parser.Tactic.exact took 0.0866ms
tactic execution of Lean.Parser.Tactic.eqRefl took 0.532ms
tactic execution of Lean.Parser.Tactic.tacticRfl took 0.0521ms
tactic execution parsing took 1.51ms
of Lean.Parser.Tactic.tacticSeq1Indented took 0.0174ms
tactic execution of Lean.Parser.Tactic.tacticSeq took 0.0048ms
tactic execution of Lean.Parser.Tactic.paren took 0.00508ms
tactic execution of Lean.Parser.Tactic.withAnnotateState took 0.00792ms
tactic execution of Lean.Parser.Tactic.tacticSeq1Indented took 0.00594ms
tactic execution of Lean.Parser.Tactic.tacticSeq took 0.00481ms
tactic execution of Lean.Parser.Tactic.case took 0.124ms
tactic execution of Lean.Parser.Tactic.tacticSeq1Indented took 0.021ms
tactic execution of Lean.Parser.Tactic.tacticSeq took 0.0062ms
tactic execution of Lean.Parser.Tactic.focus took 0.0134ms
tactic execution of Lean.Parser.Tactic.tacticHave__ took 0.0247ms
tactic execution of Lean.Parser.Tactic.rewriteSeq took 0.201ms
tactic execution of Lean.Parser.Tactic.exact took 0.12ms
tactic execution of Lean.Parser.Tactic.exact took 0.0842ms
tactic execution of Lean.Parser.Tactic.eqRefl took 0.0278ms
tactic execution of Lean.Parser.Tactic.applyRfl took 0.0192ms
tactic execution of Lean.Parser.Tactic.tacticRfl took 0.0413ms
tactic execution of Lean.Parser.Tactic.tacticSeq1Indented took 0.00598ms
tactic execution of Lean.Parser.Tactic.tacticSeq took 0.00389ms
tactic execution of Lean.Parser.Tactic.withReducible took 0.00656ms
tactic execution of Lean.Parser.Tactic.tacticSeq1Indented took 0.0035ms
tactic execution of Lean.Parser.Tactic.tacticSeq took 0.00277ms
tactic execution of Lean.Parser.Tactic.paren took 0.00332ms
tactic execution of Lean.Parser.Tactic.tacticSeq1Indented took 0.00359ms
tactic execution of Lean.Parser.Tactic.tacticSeq took 0.00389ms
tactic execution of Lean.Parser.Tactic.skip took 0.00242ms
tactic execution of Lean.Parser.Tactic.tacticSeq1Indented took 0.00354ms
tactic execution of Lean.Parser.Tactic.tacticSeq took 0.00365ms
tactic execution of Lean.Parser.Tactic.first took 0.0189ms
tactic execution of Lean.Parser.Tactic.tacticTry_ took 0.00888ms
tactic execution of Lean.Parser.Tactic.tacticSeq1Indented took 0.00391ms
tactic execution of Lean.Parser.Tactic.tacticSeq took 0.00385ms
tactic execution of Lean.Parser.Tactic.paren took 0.0033ms
tactic execution of Lean.Parser.Tactic.withAnnotateState took 0.0142ms
tactic execution of Lean.Parser.Tactic.tacticSeq1Indented took 0.0117ms
tactic execution of Lean.Parser.Tactic.tacticSeq took 0.00475ms
tactic execution of Lean.Parser.Tactic.paren took 0.00493ms
tactic execution of Lean.Parser.Tactic.rwSeq took 0.045ms
tactic execution of Lean.Parser.Tactic.exact took 0.212ms
tactic execution of Lean.Parser.Tactic.tacticSeq1Indented took 0.0231ms
tactic execution of Lean.Parser.Tactic.tacticSeq took 0.02ms
instantiate metavars took 0.0222ms
instantiate metavars took 0.000251ms
instantiate metavars took 0.00014ms
instantiate metavars took 0.00027ms
instantiate metavars took 0.00012ms
share common exprs took 0.0789ms
fix level params took 0.0152ms
let-to-have transformation took 0.00405ms
attribute application took 0.00223ms
attribute application took 0.000762ms
process pre-definitions took 0.162ms
elaboration took 0.415ms
type checking took 1.56ms
overlappingInstancesLinter took 0.176ms
tacticAnalysis took 0.894ms
linting took 4.6ms
attribute application took 0.00217ms
typeclass inference of OfNat took 0.0653ms
typeclass inference of OfNat took 0.0446ms
typeclass inference of HSub took 0.961ms
typeclass inference of HMul took 0.897ms
typeclass inference of HMul took 0.744ms
typeclass inference of HSub took 0.695ms
typeclass inference of OfNat took 0.768ms
typeclass inference of OfNat took 0.0762ms
typeclass inference of OfNat took 0.0405ms
typeclass inference of OfNat took 0.04ms
typeclass inference of OfNat took 0.032ms
typeclass inference of OfNat took 0.0294ms
typeclass inference of HSub took 0.00411ms
typeclass inference of HSub took 0.00229ms
typeclass inference of HMul took 0.00216ms
typeclass inference of HSub took 0.0375ms
typeclass inference of CategoryTheory.CartesianMonoidalCategory took 0.0489ms
typeclass inference of CategoryTheory.CartesianMonoidalCategory took 0.00511ms
typeclass inference of HPow took 2.17ms
typeclass infeparsing took 0.64ms
parsing took 0.0387ms
parsing took 0.0539ms
rence of HMul took 0.0359ms
typeclass inference of HSub took 0.0278ms
typeclass inference of OfNat took 0.892ms
typeclass inference of OfNat took 0.00605ms
typeclass inference of OfNat took 0.124ms
typeclass inference of OfNat took 0.0622ms
typeclass inference of HPow took 0.303ms
typeclass inference of LE took 0.034ms
typeclass inference of OfNat took 0.0405ms
typeclass inference of OfNat took 0.0814ms
typeclass inference of OfNat took 0.0447ms
typeclass inference of HPow took 0.0363ms
typeclass inference of LT took 0.036ms
typeclass inference of OfNat took 0.00345ms
typeclass inference of OfNat took 0.0728ms
typeclass inference of OfNat took 0.0875ms
typeclass inference of HPow took 0.0549ms
typeclass inference of LT took 0.00604ms
typeclass inference of OfNat took 0.00347ms
typeclass inference of OfNat took 0.0576ms
typeclass inference of OfNat took 0.0407ms
typeclass inference of HPow took 0.0352ms
typeclass inference of LT took 0.0027ms
typeclass inference of OfNat took 0.0023ms
typeclass inference of OfNat took 0.0609ms
typeclass inference of OfNat took 0.0467ms
typeclass inference of HAdd took 0.142ms
typeclass inference of HAdd took 0.138ms
typeclass inference of OfNat took 0.049ms
typeclass inference of OfNat took 0.0406ms
typeclass inference of HPow took 0.035ms
typeclass inference of LT took 0.00284ms
typeclass inference of OfNat took 0.00272ms
typeclass inference of OfNat took 0.0584ms
typeclass inference of OfNat took 0.0465ms
typeclass inference of HAdd took 0.004ms
typeclass inference of HAdd took 0.0337ms
typeclass inference of OfNat took 0.0566ms
typeclass inference of OfNat took 0.0618ms
typeclass inference of HPow took 0.0361ms
typeclass inference of LT took 0.00275ms
typeclass inference of OfNat took 0.00243ms
typeclass inference of OfNat took 0.0551ms
typeclass inference of OfNat took 0.0434ms
typeclass inference of HMul took 0.147ms
typeclass inference of HAdd took 0.00374ms
typeclass inference of HMul took 0.00221ms
typeclass inference of HMul took 0.202ms
typeclass inference of HPow took 0.0429ms
typeclass inference of HMul took 0.0446ms
typeclass inference of HAdd took 0.0328ms
typeclass inference of OfNat took 0.00293ms
instantiate metavars took 0.0179ms
instantiate metavars took 0.0002ms
let-to-have transformation took 0.0148ms
attribute application took 0.00162ms
attribute application took 0.000541ms
elaboration took 5.5ms
typeclass inference of HMul took 1.23ms
typeclass inference of HMul took 0.935ms
tactic execution of Lean.Parser.Tactic.refine took 0.712ms
typeclass inference of Add took 0.911ms
typeclass inference of AddRightCancelSemigroup took 0.822ms
typeclass inference of IsRightCancelAdd took 4.09ms
typeclass inference of AddGroup took 0.634ms
typeclass inference of CommSemiring took 0.547ms
typeclass inference of CommRing took 0.0742ms
typeclass inference of Semifield took 0.366ms
typeclass inference of Field took 0.335ms
typeclass inference of Field took 0.00279ms
typeclass inference of Field took 0.00226ms
typeclass inference of Field took 0.00271ms
typeclass inference of Field took 0.00209ms
typeclass inference of Field took 0.00147ms
typeclass inference of Field took 0.00155ms
typeclass inference of Field took 0.00102ms
typeclass inference of Field took 0.000971ms
typeclass inference of Field took 0.00102ms
typeclass inference of Field took 0.00132ms
typeclass inference of Field took 0.00121ms
typeclass inference of Field took 0.00217ms
typeclass inference of Field took 0.00126ms
typeclass inference of Field took 0.00116ms
typeclass inference of Field took 0.00109ms
typeclass inference of Field took 0.00118ms
typeclass inference of Field took 0.00104ms
typeclass inference of Field took 0.00104ms
typeclass inference of Field took 0.000981ms
typeclass inference of Field took 0.00783ms
typeclass inference of Field took 0.004ms
typeclass inference of Field took 0.00446ms
typeclass inference of Field took 0.00511ms
typeclass inference of Field took 0.00328ms
typeclass inference of Field took 0.0012ms
typeclass inference of Field took 0.001ms
typeclass inference of Field took 0.00207ms
typeclass inference of Field took 0.00122ms
typeclass inference of Field took 0.0011ms
typeclass inference of Semiring took 0.933ms
typeclass inference of RCLike took 0.0133ms
typeclass inference of RCLike took 0.00191ms
typeclass inference of RCLike took 0.00146ms
typeclass inference of RCLike took 0.00477ms
typeclass inference of RCLike took 0.00209ms
typeclass inference of RCLike took 0.00179ms
typeclass inference of RCLike took 0.00129ms
typeclass inference of RCLike took 0.00136ms
typeclass inference of RCLike took 0.00106ms
typeclass inference of RCLike took 0.00107ms
typeclass inference of RCLike took 0.00118ms
typeclass inference of RCLike took 0.00162ms
typeclass inference of RCLike took 0.00404ms
typeclass inference of RCLike took 0.00162ms
typeclass inference of RCLike took 0.00144ms
typeclass inference of RCLike took 0.00154ms
typeclass inference of RCLike took 0.00172ms
typeclass inference of RCLike took 0.00188ms
typeclass inference of RCLike took 0.00117ms
typeclass inference of RCLike took 0.0011ms
typeclass inference of RCLike took 0.00242ms
typeclass inference of RCLike took 0.00133ms
typeclass inference of RCLike took 0.00168ms
typeclass inference of RCLike took 0.00121ms
typeclass inference of RCLike took 0.00117ms
typeclass inference of RCLike took 0.00118ms
typeclass inference of RCLike took 0.001ms
typeclass inference of RCLike took 0.00145ms
typeclass inference of RCLike took 0.00151ms
typeclass inference of RCLike took 0.00134ms
typeclass inference of Semiring took 0.00645ms
typeclass inference of NonAssocRing took 0.266ms
typeclass inference of Field took 0.00534ms
typeclass inference of Field took 0.00275ms
typeclass inference of Field took 0.00227ms
typeclass inference of Field took 0.00169ms
typeclass inference of Field took 0.00158ms
typeclass inference of Field took 0.00114ms
typeclass inference of Field took 0.00207ms
typeclass inference of Field took 0.00119ms
typeclass inference of Field took 0.00122ms
typeclass inference of Field took 0.00251ms
typeclass inference of Field took 0.00227ms
typeclass inference of Field took 0.00221ms
typeclass inference of Field took 0.00116ms
typeclass inference of Field took 0.003ms
typeclass inference of Field took 0.00127ms
typeclass inference of Field took 0.00119ms
typeclass inference of Field took 0.00106ms
typeclass inference of Field took 0.00103ms
typeclass inference of Field took 0.00101ms
typeclass inference of Field took 0.00103ms
typeclass inference of Field took 0.00105ms
typeclass inference of Field took 0.00105ms
typeclass inference of Field took 0.00201ms
typeclass inference of Field took 0.00107ms
typeclass inference of Field took 0.00122ms
typeclass inference of Field took 0.00111ms
typeclass inference of Field took 0.00114ms
typeclass inference of Field took 0.00101ms
typeclass inference of Field took 0.000992ms
typeclass inference of Field took 0.000991ms
typeclass inference of Field took 0.00714ms
typeclass inference of Field took 0.005ms
typeclass inference of Field took 0.00416ms
typeclass inference of Field took 0.00408ms
typeclass inference of Field took 0.00326ms
typeclass inference of Field took 0.00161ms
typeclass inference of Field took 0.00152ms
typeclass inference of Field took 0.00466ms
typeclass inference of Field took 0.00334ms
typeclass inference of Field took 0.00284ms
typeclass inference of Field took 0.00236ms
typeclass inference of Field took 0.00203ms
typeclass inference of Field took 0.00304ms
typeclass inference of Field took 0.00367ms
typeclass inference of Field took 0.00304ms
typeclass inference of Field took 0.00826ms
typeclass inference of Field took 0.0047ms
typeclass inference of Field took 0.00179ms
typeclass inference of Field took 0.00172ms
typeclass inference of Field took 0.00294ms
typeclass inference of Field took 0.00188ms
typeclass inference of Field took 0.00236ms
typeclass inference of Field took 0.00186ms
typeclass inference of Field took 0.00187ms
typeclass inference of Field took 0.00129ms
typeclass inference of Field took 0.00163ms
typeclass inference of Field took 0.00125ms
typeclass inference of Field took 0.0012ms
typeclass inference of Field took 0.0011ms
typeclass inference of Field took 0.00121ms
typeclass inference of Field took 0.00675ms
typeclass inference of Field took 0.0104ms
typeclass inference of Field took 0.00537ms
typeclass inference of Field took 0.00391ms
typeclass inference of Field took 0.00288ms
typeclass inference of Field took 0.00318ms
typeclass inference of Field took 0.00185ms
typeclass inference of Field took 0.00148ms
typeclass inference of Field took 0.00141ms
typeclass inference of Field took 0.00219ms
typeclass inference of Field took 0.0013ms
typeclass inference of Field took 0.00252ms
typeclass inference of Semiring took 0.00889ms
typeclass inference of CharZero took 27.7ms
norm_num took 0.206ms
norm_num took 0.00423ms
typeclass inference of AddMonoidWithOne took 1ms
norm_num took 0.826ms
norm_num took 0.00834ms
norm_num took 0.00439ms
norm_num took 0.00261ms
norm_num took 0.00335ms
typeclass inference of AddMonoidWithOne took 0.00603ms
norm_num took 0.283ms
ring took 3.8ms
tactic execution of Mathlib.Tactic.LinearCombination.linearCombination took 4.24ms
tactic execution of Lean.Parser.Tactic.tacticSeq1Indented took 0.0101ms
tactic execution of Lean.Parser.Tactic.tacticSeq took 0.00609ms
tactic execution of Lean.Parser.Tactic.paren took 0.00555ms
tactic execution of Lean.Parser.Tactic.withAnnotateState took 0.00824ms
tactic execution of Lean.Parser.Tactic.tacticSeq1Indented took 0.00935ms
tactic execution of Lean.Parser.Tactic.tacticSeq took 0.00525ms
tactic execution of Lean.Parser.Tactic.case took 0.0649ms
tactic execution of Lean.Parser.Tactic.tacticSeq1Indented took 0.0249ms
tactic execution of Lean.Parser.Tactic.tacticSeq took 0.00939ms
tactic execution of Lean.Parser.Tactic.focus took 0.0137ms
tactic execution of Lean.Parser.Tactic.tacticHave__ took 0.0279ms
typeclass inference of OfNat took 0.0785ms
typeclass inference of OfNat took 0.0525ms
typeclass inference of HAdd took 0.999ms
typeclass inference of HMul took 0.806ms
typeclass inference of CategoryTheory.CartesianMonoidalCategory took 0.0508ms
typeclass inference of CategoryTheory.CartesianMonoidalCategory took 0.00539ms
typeclass inference of HPow took 1.97ms
typeclass inference of HMul took 0.862ms
typeclass inference of HAdd took 0.834ms
typeclass inference of OfNat took 0.905ms
tactic execution of Lean.Parser.Tactic.refine took 0.731ms
typeclass inference of Add took 0.953ms
typeclass inference of AddRightCancelSemigroup took 0.724ms
typeclass inference of IsRightCancelAdd took 3.63ms
typeclass inference of AddGroup took 0.566ms
typeclass inference of CommSemiring took 0.457ms
typeclass inference of CommRing took 0.0416ms
typeclass inference of Semifield took 0.317ms
typeclass inference of Field took 0.281ms
typeclass inference of Field took 0.00225ms
typeclass inference of Field took 0.00264ms
typeclass inference of Field took 0.0024ms
typeclass inference of Field took 0.00152ms
typeclass inference of Field took 0.00151ms
typeclass inference of Field took 0.00118ms
typeclass inference of Field took 0.00112ms
typeclass inference of Field took 0.00126ms
typeclass inference of Field took 0.00117ms
typeclass inference of Field took 0.00102ms
typeclass inference of Field took 0.00101ms
typeclass inference of Field took 0.00224ms
typeclass inference of Field took 0.00143ms
typeclass inference of Field took 0.00119ms
typeclass inference of Field took 0.00128ms
typeclass inference of Field took 0.00111ms
typeclass inference of Field took 0.00102ms
typeclass inference of Field took 0.0011ms
typeclass inference of Field took 0.00112ms
typeclass inference of Field took 0.00198ms
typeclass inference of Field took 0.00125ms
typeclass inference of Field took 0.00119ms
typeclass inference of Field took 0.00661ms
typeclass inference of Field took 0.00118ms
typeclass inference of Field took 0.00109ms
typeclass inference of Field took 0.0013ms
typeclass inference of Field took 0.00195ms
typeclass inference of Field took 0.00119ms
typeclass inference of Field took 0.00105ms
typeclass inference of Semiring took 0.71ms
typeclass inference of RCLike took 0.0108ms
typeclass inference of RCLike took 0.00195ms
typeclass inference of RCLike took 0.00156ms
typeclass inference of RCLike took 0.00225ms
typeclass inference of RCLike took 0.00137ms
typeclass inference of RCLike took 0.00128ms
typeclass inference of RCLike took 0.00125ms
typeclass inference of RCLike took 0.00123ms
typeclass inference of RCLike took 0.00122ms
typeclass inference of RCLike took 0.00105ms
typeclass inference of RCLike took 0.00117ms
typeclass inference of RCLike took 0.00108ms
typeclass inference of RCLike took 0.00207ms
typeclass inference of RCLike took 0.00132ms
typeclass inference of RCLike took 0.00122ms
typeclass inference of RCLike took 0.00138ms
typeclass inference of RCLike took 0.00138ms
typeclass inference of RCLike took 0.00106ms
typeclass inference of RCLike took 0.00109ms
typeclass inference of RCLike took 0.00102ms
typeclass inference of RCLike took 0.00304ms
typeclass inference of RCLike took 0.00166ms
typeclass inference of RCLike took 0.00116ms
typeclass inference of RCLike took 0.00147ms
typeclass inference of RCLike took 0.00116ms
typeclass inference of RCLike took 0.00128ms
typeclass inference of RCLike took 0.00106ms
typeclass inference of RCLike took 0.00149ms
typeclass inference of RCLike took 0.00105ms
typeclass inference of RCLike took 0.00174ms
typeclass inference of Semiring took 0.00541ms
typeclass inference of NonAssocRing took 0.203ms
typeclass inference of Field took 0.00339ms
typeclass inference of Field took 0.00211ms
typeclass inference of Field took 0.00229ms
typeclass inference of Field took 0.00141ms
typeclass inference of Field took 0.00145ms
typeclass inference of Field took 0.00125ms
typeclass inference of Field took 0.00125ms
typeclass inference of Field took 0.00115ms
typeclass inference of Field took 0.00129ms
typeclass inference of Field took 0.00276ms
typeclass inference of Field took 0.00231ms
typeclass inference of Field took 0.0034ms
typeclass inference of Field took 0.00184ms
typeclass inference of Field took 0.0028ms
typeclass inference of Field took 0.00126ms
typeclass inference of Field took 0.00115ms
typeclass inference of Field took 0.00129ms
typeclass inference of Field took 0.00109ms
typeclass inference of Field took 0.00104ms
typeclass inference of Field took 0.00104ms
typeclass inference of Field took 0.000962ms
typeclass inference of Field took 0.000982ms
typeclass inference of Field took 0.00201ms
typeclass inference of Field took 0.0012ms
typeclass inference of Field took 0.00115ms
typeclass inference of Field took 0.00134ms
typeclass inference of Field took 0.00113ms
typeclass inference of Field took 0.00137ms
typeclass inference of Field took 0.00103ms
typeclass inference of Field took 0.00103ms
typeclass inference of Field took 0.0028ms
typeclass inference of Field took 0.00124ms
typeclass inference of Field took 0.00108ms
typeclass inference of Field took 0.0011ms
typeclass inference of Field took 0.00125ms
typeclass inference of Field took 0.00103ms
typeclass inference of Field took 0.00105ms
typeclass inference of Field took 0.00219ms
typeclass inference of Field took 0.00175ms
typeclass inference of Field took 0.00126ms
typeclass inference of Field took 0.0016ms
typeclass inference of Field took 0.00105ms
typeclass inference of Field took 0.00182ms
typeclass inference of Field took 0.00121ms
typeclass inference of Field took 0.00114ms
typeclass inference of Field took 0.00105ms
typeclass inference of Field took 0.00166ms
typeclass inference of Field took 0.00109ms
typeclass inference of Field took 0.00113ms
typeclass inference of Field took 0.00199ms
typeclass inference of Field took 0.00132ms
typeclass inference of Field took 0.00134ms
typeclass inference of Field took 0.00152ms
typeclass inference of Field took 0.0016ms
typeclass inference of Field took 0.00121ms
typeclass inference of Field took 0.00117ms
typeclass inference of Field took 0.00134ms
typeclass inference of Field took 0.00114ms
typeclass inference of Field took 0.00113ms
typeclass inference of Field took 0.00135ms
typeclass inference of Field took 0.00237ms
typeclass inference of Field took 0.00167ms
typeclass inference of Field took 0.00127ms
typeclass inference of Field took 0.00107ms
typeclass inference of Field took 0.00102ms
typeclass inference of Field took 0.00172ms
typeclass inference of Field took 0.00137ms
typeclass inference of Field took 0.0011ms
typeclass inference of Field took 0.00112ms
typeclass inference of Field took 0.00172ms
typeclass inference of Field took 0.00117ms
typeclass inference of Field took 0.00108ms
typeclass inference of Semiring took 0.00572ms
typeclass inference of CharZero took 20.2ms
norm_num took 0.0333ms
typeclass inference of AddMonoidWithOne took 0.658ms
norm_num took 0.414ms
norm_num took 0.00612ms
typeclass inference of AddMonoidWithOne took 0.00668ms
norm_num took 0.126ms
norm_num took 0.0053ms
norm_num took 0.0125ms
norm_num took 0.00465ms
norm_num took 0.00232ms
typeclass inference of AddMonoidWithOne took 0.00389ms
norm_num took 0.108ms
norm_num took 0.00467ms
norm_num took 0.00326ms
typeclass inference of AddMonoidWithOne took 0.00447ms
norm_num took 0.285ms
ring took 1.91ms
tactic execution of Mathlib.Tactic.LinearCombination.linearCombination took 1.51ms
tactic execution of Lean.Parser.Tactic.tacticSeq1Indented took 0.00777ms
tactic execution of Lean.Parser.Tactic.tacticSeq took 0.00486ms
tactic execution of Lean.Parser.Tactic.paren took 0.00577ms
tactic execution of Lean.Parser.Tactic.withAnnotateState took 0.00929ms
tactic execution of Lean.Parser.Tactic.tacticSeq1Indented took 0.00764ms
tactic execution of Lean.Parser.Tactic.tacticSeq took 0.00586ms
tactic execution of Lean.Parser.Tactic.case took 0.0866ms
tactic execution of Lean.Parser.Tactic.tacticSeq1Indented took 0.0194ms
tactic execution of Lean.Parser.Tactic.tacticSeq took 0.00561ms
tactic execution of Lean.Parser.Tactic.focus took 0.0105ms
tactic execution of Lean.Parser.Tactic.tacticHave__ took 0.0279ms
typeclass inference of OfNat took 0.116ms
typeclass inference of OfNat took 0.0507ms
typeclass inference of OfNat took 0.0484ms
typeclass inference of HPow took 0.359ms
typeclass inference of LT took 0.0319ms
typeclass inference of OfNat took 0.0399ms
typeclass inference of Preorder took 0.164ms
typeclass inference of Preorder took 0.0296ms
typeclass inference of Preorder took 0.0355ms
typeclass inference of AddMonoidWithOne took 0.0393ms
norm_num took 0.205ms
typeclass inference of AddMonoidWithOne took 0.0038ms
norm_num took 0.0453ms
typeclass inference of LT took 0.0492ms
typeclass inference of Semiring took 0.0277ms
typeclass inference of PartialOrder took 0.0331ms
typeclass inference of CommSemiring took 0.0287ms
typeclass inference of IsOrderedRing took 0.959ms
typeclass inference of CharZero took 0.0593ms
norm_num took 0.318ms
tactic execution of Mathlib.Tactic.normNum took 0.623ms
tactic execution of Lean.Parser.Tactic.tacticSeq1Indented took 0.00658ms
tactic execution of Lean.Parser.Tactic.tacticSeq took 0.0105ms
tactic execution of Lean.Parser.Tactic.refine took 3.19ms
tactic execution of Lean.Parser.Tactic.rotateRight took 0.00665ms
tactic execution of Lean.Parser.Tactic.tacticSeq1Indented took 0.0102ms
tactic execution of Lean.Parser.Tactic.tacticSeq took 0.00366ms
tactic execution of Lean.Parser.Tactic.paren took 0.00386ms
tactic execution of Lean.Parser.Tactic.tacticSeq1Indented took 0.00466ms
tactic execution of Lean.Parser.Tactic.tacticSeq took 0.00397ms
tactic execution of Lean.Parser.Tactic.focus took 0.0122ms
tactic execution of Lean.Parser.Tactic.tacticRefine_lift_ took 0.0186ms
tactic execution of Lean.Parser.Tactic.tacticHave__ took 0.757ms
typeclass inference of OfNat took 0.949ms
typeclass inference of CategoryTheory.CartesianMonoidalCategory took 0.0466ms
typeclass inference of CategoryTheory.CartesianMonoidalCategory took 0.00468ms
typeclass inference of HPow took 1.98ms
typeclass inference of OfNat took 0.196ms
typeclass inference of OfNat took 0.112ms
typeclass inference of HPow took 0.679ms
typeclass inference of OfNat took 0.103ms
tactic execution of Lean.Parser.Tactic.refine took 1.33ms
tactic execution of Lean.Parser.Tactic.rotateRight took 0.00493ms
tactic execution of Lean.Parser.Tactic.tacticSeq1Indented took 0.0132ms
tactic execution of Lean.Parser.Tactic.tacticSeq took 0.00335ms
tactic execution of Lean.Parser.Tactic.paren took 0.00278ms
tactic execution of Lean.Parser.Tactic.tacticSeq1Indented took 0.00409ms
tactic execution of Lean.Parser.Tactic.tacticSeq took 0.00364ms
tactic execution of Lean.Parser.Tactic.focus took 0.00722ms
tactic execution of Lean.Parser.Tactic.tacticRefine_lift_ took 0.00589ms
tactic execution of Lean.Parser.Tactic.tacticHave__ took 0.0159ms
typeclass inference of OfNat took 0.0696ms
typeclass inference of OfNat took 0.0511ms
typeclass inference of OfNat took 0.0435ms
typeclass inference of HMul took 0.151ms
typeclass inference of HPow took 0.0378ms
typeclass inference of HMul took 0.159ms
typeclass inference of LT took 0.0293ms
typeclass inference of OfNat took 0.00321ms
tactic execution of Lean.Parser.Tactic.refine took 0.566ms
typeclass inference of OfNat took 0.0777ms
typeclass inference of OfNat took 0.0531ms
typeclass inference of OfNat took 0.0737ms
typeclass inference of OfNat took 0.065ms
typeclass inference of OfNat took 0.0438ms
typeclass inference of OfNat took 0.0352ms
typeclass inference of OfNat took 0.0338ms
typeclass inference of HMul took 0.00415ms
typeclass inference of HMul took 0.00323ms
typeclass inference of HPow took 0.0394ms
typeclass inference of HMul took 0.0306ms
typeclass inference of HPow took 0.033ms
typeclass inference of HPow took 0.0355ms
typeclass inference of HMul took 0.0343ms
typeclass inference of LT took 0.00331ms
typeclass inference of OfNat took 0.00328ms
typeclass inference of OfNat took 0.00224ms
typeclass inference of OfNat took 0.00227ms
typeclass inference of OfNat took 0.0979ms
typeclass inference of OfNat took 0.0742ms
typeclass inference of HAdd took 0.21ms
typeclass inference of HAdd took 0.167ms
typeclass inference of OfNat took 0.057ms
typeclass inference of HPow took 0.0367ms
typeclass inference of OfNat took 0.00427ms
typeclass inference of Trans took 0.388ms
typeclass inference of LT took 0.00479ms
typeclass inference of Trans took 0.175ms
typeclass inference of LE took 1.03ms
typeclass inference of LE took 0.1ms
typeclass inference of Zero took 0.159ms
typeclass inference of PartialOrder took 0.0472ms
typeclass inference of Ring took 1.15ms
typeclass inference of AddMonoidWithOne took 0.0453ms
norm_num took 0.287ms
typeclass inference of Semiring took 0.0363ms
typeclass inference of PartialOrder took 0.00337ms
typeclass inference of CommSemiring took 0.0277ms
typeclass inference of IsOrderedRing took 1.02ms
typeclass inference of Nontrivial took 0.0493ms
typeclass inference of Semiring took 0.00337ms
typeclass inference of IsStrictOrderedRing took 0.0311ms
tactic execution of Mathlib.Tactic.Positivity.positivity took 2.13ms
tactic execution of Lean.Parser.Tactic.tacticSeq1Indented took 0.0103ms
tactic execution of Lean.Parser.Tactic.tacticSeq took 0.0167ms
typeclass inference of Monoid took 0.277ms
typeclass inference of Monoid took 0.112ms
typeclass inference of Monoid took 0.0354ms
typeclass inference of Monoid took 0.0268ms
tactic execution of Lean.Parser.Tactic.rewriteSeq took 0.548ms
tactic execution of Lean.Parser.Tactic.exact took 0.111ms
tactic execution of Lean.Parser.Tactic.exact took 0.128ms
tactic execution of Lean.Parser.Tactic.eqRefl took 0.152ms
tactic execution of Lean.Parser.Tactic.tacticRfl took 0.045ms
tactic execution of Lean.Parser.Tactic.tacticSeq1Indented took 0.00681ms
tactic execution of Lean.Parser.Tactic.tacticSeq took 0.00624ms
tactic execution of Lean.Parser.Tactic.withReducible took 0.00552ms
tactic execution of Lean.Parser.Tactic.tacticSeq1Indented took 0.01ms
tactic execution of Lean.Parser.Tactic.tacticSeq took 0.00386ms
tactic execution of Lean.Parser.Tactic.paren took 0.00391ms
tactic execution of Lean.Parser.Tactic.tacticSeq1Indented took 0.00483ms
tactic execution of Lean.Parser.Tactic.tacticSeq took 0.00728ms
tactic execution of Lean.Parser.Tactic.first took 0.00633ms
tactic execution of Lean.Parser.Tactic.tacticTry_ took 0.00785ms
tactic execution of Lean.Parser.Tactic.tacticSeq1Indented took 0.003ms
tactic execution of Lean.Parser.Tactic.tacticSeq took 0.00257ms
tactic execution of Lean.Parser.Tactic.paren took 0.00304ms
tactic execution of Lean.Parser.Tactic.withAnnotateState took 0.0168ms
tactic execution of Lean.Parser.Tactic.tacticSeq1Indented took 0.00866ms
tactic execution of Lean.Parser.Tactic.tacticSeq took 0.00312ms
tactic execution of Lean.Parser.Tactic.paren took 0.00404ms
tactic execution of Lean.Parser.Tactic.rwSeq took 0.00975ms
tactic execution of Lean.Parser.Tactic.tacticSeq1Indented took 0.00536ms
tactic execution of Lean.Parser.Tactic.tacticSeq took 0.00883ms
tactic execution of Lean.calcTactic took 4.98ms
tactic execution of Lean.Parser.Tactic.tacticSeq1Indented took 0.00626ms
tactic execution of Lean.Parser.Tactic.tacticSeq took 0.00373ms
tactic execution of Lean.Parser.Tactic.paren took 0.00381ms
tactic execution of Lean.Parser.Tactic.withAnnotateState took 0.00566ms
tactic execution of Lean.Parser.Tactic.tacticSeq1Indented took 0.00506ms
tactic execution of Lean.Parser.Tactic.tacticSeq took 0.00417ms
tactic execution of Lean.Parser.Tactic.case took 0.044ms
tactic execution of Lean.Parser.Tactic.tacticSeq1Indented took 0.0125ms
tactic execution of Lean.Parser.Tactic.tacticSeq took 0.00495ms
tactic execution of Lean.Parser.Tactic.focus took 0.00647ms
tactic execution of Lean.Parser.Tactic.tacticHave__ took 0.145ms
typeclass inference of OfNat took 0.916ms
typeclass inference of HMul took 0.878ms
typeclass inference of CategoryTheory.CartesianMonoidalCategory took 0.0448ms
typeclass inference of CategoryTheory.CartesianMonoidalCategory took 0.00447ms
typeclass inference of HPow took 1.85ms
typeclass inference of HMul took 0.91ms
typeclass inference of OfNat took 0.0663ms
typeclass inference of OfNat took 0.0511ms
typeclass inference of HMul took 0.131ms
typeclass inference of HPow took 0.291ms
typeclass inference of HMul took 0.177ms
typeclass inference of OfNat took 0.0405ms
tactic execution of Lean.Parser.Tactic.refine took 1.02ms
tactic execution of Lean.Parser.Tactic.rewriteSeq took 0.137ms
tactic execution of Lean.Parser.Tactic.exact took 0.171ms
tactic execution of Lean.Parser.Tactic.exact took 0.219ms
tactic execution of Lean.Parser.Tactic.eqRefl took 0.00818ms
tactic execution of Lean.Parser.Tactic.applyRfl took 0.0259ms
tactic execution of Lean.Parser.Tactic.tacticRfl took 0.0638ms
tactic execution of Lean.Parser.Tactic.tacticSeq1Indented took 0.00811ms
tactic execution of Lean.Parser.Tactic.tacticSeq took 0.00656ms
tactic execution of Lean.Parser.Tactic.withReducible took 0.00625ms
tactic execution of Lean.Parser.Tactic.tacticSeq1Indented took 0.00805ms
tactic execution of Lean.Parser.Tactic.tacticSeq took 0.00644ms
tactic execution of Lean.Parser.Tactic.paren took 0.00614ms
tactic execution of Lean.Parser.Tactic.tacticSeq1Indented took 0.00838ms
tactic execution of Lean.Parser.Tactic.tacticSeq took 0.0067ms
tactic execution of Lean.Parser.Tactic.skip took 0.00286ms
tactic execution of Lean.Parser.Tactic.tacticSeq1Indented took 0.00489ms
tactic execution of Lean.Parser.Tactic.tacticSeq took 0.00546ms
tactic execution of Lean.Parser.Tactic.first took 0.00698ms
tactic execution of Lean.Parser.Tactic.tacticTry_ took 0.00621ms
tactic execution of Lean.Parser.Tactic.tacticSeq1Indented took 0.00456ms
tactic execution of Lean.Parser.Tactic.tacticSeq took 0.00318ms
tactic execution of Lean.Parser.Tactic.paren took 0.00345ms
tactic execution of Lean.Parser.Tactic.withAnnotateState took 0.044ms
tactic execution of Lean.Parser.Tactic.tacticSeq1Indented took 0.014ms
tactic execution of Lean.Parser.Tactic.tacticSeq took 0.00566ms
tactic execution of Lean.Parser.Tactic.paren took 0.00426ms
tactic execution of Lean.Parser.Tactic.rwSeq took 0.0067ms
tactic execution of Lean.Parser.Tactic.exact took 0.0465ms
tactic execution of Lean.Parser.Tactic.tacticSeq1Indented took 0.0111ms
tactic execution of Lean.Parser.Tactic.tacticSeq took 0.00823ms
tactic execution of Lean.Parser.Tactic.rewriteSeq took 2.34ms
tactic execution of Lean.Parser.Tactic.exact took 0.122ms
tactic execution of Lean.Parser.Tactic.exact took 0.097ms
tactic execution of Lean.Parser.Tactic.eqRefl took 0.0107ms
tactic execution of Lean.Parser.Tactic.tacticRfl took 0.0327ms
tactic execution of Lean.Parser.Tactic.tacticSeq1Indented took 0.00384ms
tactic execution of Lean.Parser.Tactic.tacticSeq took 0.00291ms
tactic execution of Lean.Parser.Tactic.withReducible took 0.00292ms
tactic execution of Lean.Parser.Tactic.tacticSeq1Indented took 0.00355ms
tactic execution of Lean.Parser.Tactic.tacticSeq took 0.00265ms
tactic execution of Lean.Parser.Tactic.paren took 0.00346ms
tactic execution of Lean.Parser.Tactic.tacticSeq1Indented took 0.00426ms
tactic execution of Lean.Parser.Tactic.tacticSeq took 0.00351ms
tactic execution of Lean.Parser.Tactic.first took 0.00309ms
tactic execution of Lean.Parser.Tactic.tacticTry_ took 0.00456ms
tactic execution of Lean.Parser.Tactic.tacticSeq1Indented took 0.00318ms
tactic execution of Lean.Parser.Tactic.tacticSeq took 0.00294ms
tactic execution of Lean.Parser.Tactic.paren took 0.00335ms
tactic execution of Lean.Parser.Tactic.withAnnotateState took 0.0123ms
tactic execution of Lean.Parser.Tactic.tacticSeq1Indented took 0.0148ms
tactic execution of Lean.Parser.Tactic.tacticSeq took 0.00583ms
tactic execution of Lean.Parser.Tactic.paren took 0.00615ms
tactic execution of Lean.Parser.Tactic.rwSeq took 0.0173ms
tactic execution of Lean.Parser.Tactic.tacticSeq1Indented took 0.00759ms
tactic execution of Lean.Parser.Tactic.tacticSeq took 0.00584ms
tactic execution of Lean.Parser.Tactic.paren took 0.0066ms
tactic execution of Lean.Parser.Tactic.withAnnotateState took 0.00866ms
tactic execution of Lean.Parser.Tactic.tacticSeq1Indented took 0.00712ms
tactic execution of Lean.Parser.Tactic.tacticSeq took 0.00752ms
tactic execution of Lean.Parser.Tactic.case took 0.276ms
tactic execution of Lean.Parser.Tactic.tacticSeq1Indented took 0.0167ms
tactic execution of Lean.Parser.Tactic.tacticSeq took 0.00489ms
tactic execution of Lean.Parser.Tactic.focus took 0.00824ms
tactic execution of Lean.Parser.Tactic.tacticHave__ took 0.0233ms
typeclass inference of OfNat took 0.158ms
typeclass inference of OfNat took 0.0532ms
typeclass inference of OfNat took 0.0562ms
typeclass inference of HAdd took 0.182ms
typeclass inference of HMul took 0.144ms
typeclass inference of HPow took 0.292ms
typeclass inference of HMul took 0.14ms
typeclass inference of HAdd took 0.141ms
typeclass inference of LT took 0.0246ms
typeclass inference of OfNat took 0.0416ms
tactic execution of Lean.Parser.Tactic.refine took 0.87ms
typeclass inference of OfNat took 0.0601ms
typeclass inference of OfNat took 0.0546ms
typeclass inference of OfNat took 0.0427ms
typeclass inference of OfNat took 0.0348ms
typeclass inference of OfNat took 0.0556ms
typeclass inference of OfNat took 0.0545ms
typeclass inference of OfNat took 0.0407ms
typeclass inference of OfNat took 0.0318ms
typeclass inference of OfNat took 0.03ms
typeclass inference of OfNat took 0.0299ms
typeclass inference of HAdd took 0.004ms
typeclass inference of HMul took 0.00237ms
typeclass inference of HMul took 0.00239ms
typeclass inference of HPow took 0.0343ms
typeclass inference of HMul took 0.0288ms
typeclass inference of HPow took 0.0286ms
typeclass inference of HAdd took 0.0268ms
typeclass inference of HPow took 0.0258ms
typeclass inference of HPow took 0.0264ms
typeclass inference of HMul took 0.0259ms
typeclass inference of LE took 0.032ms
typeclass inference of OfNat took 0.00321ms
typeclass inference of OfNat took 0.00219ms
typeclass inference of OfNat took 0.00185ms
typeclass inference of OfNat took 0.00163ms
tactic execution of Lean.Parser.Tactic.refine took 0.997ms
typeclass inference of OfNat took 0.0753ms
typeclass inference of OfNat took 0.0495ms
typeclass inference of OfNat took 0.0596ms
typeclass inference of OfNat took 0.0452ms
typeclass inference of OfNat took 0.0336ms
typeclass inference of HAdd took 0.00371ms
typeclass inference of HAdd took 0.0331ms
typeclass inference of HPow took 0.0335ms
typeclass inference of LE took 0.00291ms
typeclass inference of OfNat took 0.0499ms
typeclass inference of OfNat took 0.00278ms
tactic execution of Lean.Parser.Tactic.refine took 0.687ms
tactic execution of Lean.Parser.Tactic.rotateRight took 0.00498ms
tactic execution of Lean.Parser.Tactic.tacticSeq1Indented took 0.0114ms
tactic execution of Lean.Parser.Tactic.tacticSeq took 0.00313ms
tactic execution of Lean.Parser.Tactic.paren took 0.00282ms
tactic execution of Lean.Parser.Tactic.tacticSeq1Indented took 0.00333ms
tactic execution of Lean.Parser.Tactic.tacticSeq took 0.00331ms
tactic execution of Lean.Parser.Tactic.focus took 0.00434ms
tactic execution of Lean.Parser.Tactic.tacticRefine_lift_ took 0.00668ms
tactic execution of Lean.Parser.Tactic.tacticHave__ took 0.00725ms
typeclass inference of OfNat took 0.0843ms
typeclass inference of OfNat took 0.0587ms
typeclass inference of OfNat took 0.0423ms
typeclass inference of OfNat took 0.0366ms
typeclass inference of OfNat took 0.052ms
typeclass inference of OfNat took 0.0803ms
typeclass inference of OfNat took 0.0375ms
typeclass inference of OfNat took 0.0368ms
typeclass inference of OfNat took 0.0309ms
typeclass inference of OfNat took 0.0324ms
typeclass inference of HAdd took 0.00392ms
typeclass inference of HMul took 0.00242ms
typeclass inference of HMul took 0.00257ms
typeclass inference of HAdd took 0.00214ms
typeclass inference of HPow took 0.034ms
typeclass inference of HMul took 0.0355ms
typeclass inference of HPow took 0.0341ms
typeclass inference of HAdd took 0.0282ms
typeclass inference of HPow took 0.0269ms
typeclass inference of HAdd took 0.0461ms
typeclass inference of HMul took 0.0386ms
typeclass inference of OfNat took 0.00339ms
typeclass inference of OfNat took 0.0021ms
typeclass inference of OfNat took 0.00179ms
typeclass inference of OfNat took 0.00205ms
typeclass inference of OfNat took 0.0618ms
typeclass inference of OfNat took 0.056ms
typeclass inference of OfNat took 0.0466ms
typeclass inference of OfNat took 0.0327ms
typeclass inference of HMul took 0.00384ms
typeclass inference of HPow took 0.0328ms
typeclass inference of HPow took 0.0307ms
typeclass inference of HMul took 0.0375ms
typeclass inference of LE took 0.00309ms
typeclass inference of OfNat took 0.00295ms
typeclass inference of OfNat took 0.00207ms
typeclass inference of Trans took 0.252ms
typeclass inference of CommSemiring took 0.0442ms
typeclass inference of CommRing took 0.644ms
typeclass inference of Semifield took 0.285ms
typeclass inference of CharZero took 1.3ms
typeclass inference of AddMonoidWithOne took 0.0998ms
norm_num took 1.04ms
norm_num took 0.122ms
norm_num took 0.00776ms
typeclass inference of AddMonoidWithOne took 0.00409ms
norm_num took 0.108ms
norm_num took 0.00443ms
typeclass inference of AddMonoidWithOne took 0.00362ms
norm_num took 0.0915ms
norm_num took 0.00405ms
norm_num took 0.00508ms
typeclass inference of AddMonoidWithOne took 0.00331ms
norm_num took 0.0828ms
ring took 3.56ms
tactic execution of Mathlib.Tactic.Ring.ring1 took 0.571ms
tactic execution of Lean.Parser.Tactic.tacticSeq1Indented took 0.00664ms
tactic execution of Lean.Parser.Tactic.tacticSeq took 0.00465ms
tactic execution of Lean.Parser.Tactic.first took 0.00981ms
tactic execution of Mathlib.Tactic.RingNF.ring took 0.2ms
tactic execution of Lean.Parser.Tactic.tacticSeq1Indented took 0.00663ms
tactic execution of Lean.Parser.Tactic.tacticSeq took 0.00862ms
tactic execution of Lean.calcTactic took 3.46ms
tactic execution of Lean.Parser.Tactic.tacticSeq1Indented took 0.00922ms
tactic execution of Lean.Parser.Tactic.tacticSeq took 0.00446ms
tactic execution of Lean.Parser.Tactic.paren took 0.00437ms
tactic execution of Lean.Parser.Tactic.withAnnotateState took 0.00529ms
tactic execution of Lean.Parser.Tactic.tacticSeq1Indented took 0.00461ms
tactic execution of Lean.Parser.Tactic.tacticSeq took 0.00547ms
tactic execution of Lean.Parser.Tactic.case took 0.0483ms
tactic execution of Lean.Parser.Tactic.tacticSeq1Indented took 0.0124ms
tactic execution of Lean.Parser.Tactic.tacticSeq took 0.00489ms
tactic execution of Lean.Parser.Tactic.focus took 0.00536ms
tactic execution of Lean.Parser.Tactic.tacticHave__ took 0.0143ms
typeclass inference of OfNat took 0.172ms
typeclass inference of OfNat took 0.0601ms
typeclass inference of OfNat took 0.0466ms
typeclass inference of OfNat took 0.0359ms
typeclass inference of OfNat took 0.0609ms
typeclass inference of OfNat took 0.0498ms
typeclass inference of OfNat took 0.0338ms
typeclass inference of OfNat took 0.0304ms
typeclass inference of HAdd took 0.168ms
typeclass inference of HAdd took 0.146ms
typeclass inference of OfNat took 0.0504ms
typeclass inference of OfNat took 0.0389ms
typeclass inference of OfNat took 0.0332ms
typeclass inference of HPow took 0.0755ms
typeclass inference of HPow took 0.0598ms
typeclass inference of HMul took 0.102ms
typeclass inference of HPow took 0.0522ms
typeclass inference of OfNat took 0.0493ms
typeclass inference of OfNat took 0.0392ms
typeclass inference of OfNat took 0.0356ms
typeclass inference of HPow took 0.0471ms
typeclass inference of HPow took 0.0439ms
typeclass inference of HMul took 0.0456ms
typeclass inference of HPow took 0.0586ms
typeclass inference of OfNat took 0.0397ms
typeclass inference of OfNat took 0.0312ms
typeclass inference of OfNat took 0.0291ms
typeclass inference of HPow took 0.0434ms
typeclass inference of HPow took 0.0402ms
typeclass inference of HMul took 0.0437ms
typeclass inference of HPow took 0.0417ms
typeclass inference of OfNat took 0.0361ms
typeclass inference of OfNat took 0.0356ms
typeclass inference of OfNat took 0.0311ms
typeclass inference of HPow took 0.0415ms
typeclass inference of HPow took 0.0403ms
typeclass inference of HMul took 0.0405ms
typeclass inference of HPow took 0.0401ms
typeclass inference of Pow took 0.448ms
typeclass inference of NPow took 0.499ms
typeclass inference of HomogeneousPow took 0.0165ms
typeclass inference of NatPow took 0.0406ms
typeclass inference of Pow took 0.12ms
typeclass inference of NPow took 0.163ms
typeclass inference of HomogeneousPow took 0.00185ms
typeclass inference of NatPow took 0.0258ms
typeclass inference of Mul took 0.555ms
typeclass inference of Pow took 0.0948ms
typeclass inference of NPow took 0.133ms
typeclass inference of HomogeneousPow took 0.00182ms
typeclass inference of NatPow took 0.0254ms
typeclass inference of OfNat took 0.0523ms
typeclass inference of OfNat took 0.0355ms
typeclass inference of HPow took 0.286ms
typeclass inference of HPow took 0.0583ms
typeclass inference of HMul took 0.0728ms
typeclass inference of HPow took 0.0479ms
typeclass inference of OfNat took 0.0419ms
typeclass inference of OfNat took 0.0314ms
typeclass inference of HPow took 0.0649ms
typeclass inference of HMul took 0.0501ms
typeclass inference of HPow took 0.0539ms
typeclass inference of OfNat took 0.0358ms
typeclass inference of OfNat took 0.0304ms
typeclass inference of HPow took 0.0432ms
typeclass inference of HMul took 0.0563ms
typeclass inference of HPow took 0.0461ms
typeclass inference of Pow took 0.105ms
typeclass inference of NPow took 0.154ms
typeclass inference of HomogeneousPow took 0.00192ms
typeclass inference of NatPow took 0.0476ms
typeclass inference of Mul took 0.027ms
typeclass inference of OfNat took 0.044ms
typeclass inference of OfNat took 0.0345ms
typeclass inference of HPow took 0.0496ms
typeclass inference of HPow took 0.0549ms
typeclass inference of OfNat took 0.0386ms
typeclass inference of OfNat took 0.0313ms
typeclass inference of HPow took 0.0439ms
typeclass inference of HPow took 0.0494ms
typeclass inference of Pow took 0.122ms
typeclass inference of OfNat took 0.0388ms
typeclass inference of OfNat took 0.0524ms
typeclass inference of HPow took 0.0515ms
typeclass inference of OfNat took 0.0423ms
typeclass inference of HPow took 0.0433ms
typeclass inference of OfNat took 0.0415ms
typeclass inference of HPow took 0.0619ms
typeclass inference of Pow took 0.00371ms
typeclass inference of OfNat took 0.00265ms
tactic execution of Lean.Parser.Tactic.refine took 2.11ms
typeclass inference of Monoid took 0.143ms
typeclass inference of Monoid took 0.087ms
typeclass inference of Monoid took 0.0284ms
typeclass inference of Monoid took 0.0262ms
tactic execution of Lean.Parser.Tactic.rewriteSeq took 0.535ms
tactic execution of Lean.Parser.Tactic.exact took 0.159ms
tactic execution of Lean.Parser.Tactic.exact took 0.157ms
tactic execution of Lean.Parser.Tactic.eqRefl took 0.18ms
tactic execution of Lean.Parser.Tactic.tacticRfl took 0.0598ms
tactic execution of Lean.Parser.Tactic.tacticSeq1Indented took 0.0138ms
tactic execution of Lean.Parser.Tactic.tacticSeq took 0.00469ms
tactic execution of Lean.Parser.Tactic.withReducible took 0.0127ms
tactic execution of Lean.Parser.Tactic.tacticSeq1Indented took 0.0103ms
tactic execution of Lean.Parser.Tactic.tacticSeq took 0.00446ms
tactic execution of Lean.Parser.Tactic.paren took 0.0057ms
tactic execution of Lean.Parser.Tactic.tacticSeq1Indented took 0.00499ms
tactic execution of Lean.Parser.Tactic.tacticSeq took 0.00456ms
tactic execution of Lean.Parser.Tactic.first took 0.0133ms
tactic execution of Lean.Parser.Tactic.tacticTry_ took 0.0144ms
tactic execution of Lean.Parser.Tactic.tacticSeq1Indented took 0.00334ms
tactic execution of Lean.Parser.Tactic.tacticSeq took 0.00319ms
tactic execution of Lean.Parser.Tactic.paren took 0.00313ms
tactic execution of Lean.Parser.Tactic.withAnnotateState took 0.0215ms
tactic execution of Lean.Parser.Tactic.tacticSeq1Indented took 0.0103ms
tactic execution of Lean.Parser.Tactic.tacticSeq took 0.00445ms
tactic execution of Lean.Parser.Tactic.paren took 0.00506ms
tactic execution of Lean.Parser.Tactic.rwSeq took 0.0125ms
tactic execution of Lean.Parser.Tactic.tacticSeq1Indented took 0.0047ms
tactic execution of Lean.Parser.Tactic.tacticSeq took 0.00274ms
tactic execution of Lean.Parser.Tactic.paren took 0.00329ms
tactic execution of Lean.Parser.Tactic.withAnnotateState took 0.00517ms
tactic execution of Lean.Parser.Tactic.tacticSeq1Indented took 0.00349ms
tactic execution of Lean.Parser.Tactic.tacticSeq took 0.0037ms
tactic execution of Lean.Parser.Tactic.case took 0.0638ms
tactic execution of Lean.Parser.Tactic.tacticSeq1Indented took 0.0152ms
tactic execution of Lean.Parser.Tactic.tacticSeq took 0.00614ms
tactic execution of Lean.Parser.Tactic.focus took 0.00769ms
tactic execution of Lean.Parser.Tactic.tacticHave__ took 0.0213ms
typeclass inference of Decidable took 0.47ms
typeclass inference of LE took 0.0461ms
typeclass inference of LE took 0.00635ms
typeclass inference of LE took 0.00419ms
typeclass inference of LE took 0.00657ms
typeclass inference of Decidable took 0.153ms
typeclass inference of Decidable took 0.00374ms
instantiate metavars took 0.00123ms
tactic execution of Lean.Parser.Tactic.omega took 7.53ms
tactic execution of Lean.Parser.Tactic.tacticSeq1Indented took 0.0175ms
tactic execution of Lean.Parser.Tactic.tacticSeq took 0.00498ms
tactic execution of Lean.Parser.Tactic.paren took 0.00448ms
tactic execution of Lean.Parser.Tactic.withAnnotateState took 0.00533ms
tactic execution of Lean.Parser.Tactic.tacticSeq1Indented took 0.00428ms
tactic execution of Lean.Parser.Tactic.tacticSeq took 0.00428ms
tactic execution of Lean.Parser.Tactic.case took 0.0599ms
tactic execution of Lean.Parser.Tactic.tacticSeq1Indented took 0.0126ms
tactic execution of Lean.Parser.Tactic.tacticSeq took 0.00442ms
tactic execution of Lean.Parser.Tactic.focus took 0.0075ms
tactic execution of Lean.Parser.Tactic.tacticHave__ took 0.0382ms
typeclass inference of OfNat took 1.08ms
typeclass inference of HAdd took 1.07ms
typeclass inference of HMul took 0.92ms
typeclass inference of CategoryTheory.CartesianMonoidalCategory took 0.0561ms
typeclass inference of CategoryTheory.CartesianMonoidalCategory took 0.00484ms
typeclass inference of HPow took 2.14ms
typeclass inference of HMul took 1.05ms
typeclass inference of HAdd took 1.17ms
typeclass inference of OfNat took 0.1ms
typeclass inference of OfNat took 0.0768ms
typeclass inference of HAdd took 0.179ms
typeclass inference of HMul took 0.182ms
typeclass inference of HPow took 0.335ms
typeclass inference of HMul took 0.164ms
typeclass inference of HAdd took 0.178ms
typeclass inference of OfNat took 0.0492ms
tactic execution of Lean.Parser.Tactic.refine took 1.64ms
tactic execution of Lean.Parser.Tactic.rewriteSeq took 0.323ms
tactic execution of Lean.Parser.Tactic.exact took 0.177ms
tactic execution of Lean.Parser.Tactic.exact took 0.103ms
tactic execution of Lean.Parser.Tactic.eqRefl took 0.0104ms
tactic execution of Lean.Parser.Tactic.applyRfl took 0.0361ms
tactic execution of Lean.Parser.Tactic.tacticRfl took 0.0594ms
tactic execution of Lean.Parser.Tactic.tacticSeq1Indented took 0.00853ms
tactic execution of Lean.Parser.Tactic.tacticSeq took 0.00728ms
tactic execution of Lean.Parser.Tactic.withReducible took 0.00943ms
tactic execution of Lean.Parser.Tactic.tacticSeq1Indented took 0.00652ms
tactic execution of Lean.Parser.Tactic.tacticSeq took 0.00591ms
tactic execution of Lean.Parser.Tactic.paren took 0.00673ms
tactic execution of Lean.Parser.Tactic.tacticSeq1Indented took 0.0074ms
tactic execution of Lean.Parser.Tactic.tacticSeq took 0.00724ms
tactic execution of Lean.Parser.Tactic.skip took 0.00291ms
tactic execution of Lean.Parser.Tactic.tacticSeq1Indented took 0.00395ms
tactic execution of Lean.Parser.Tactic.tacticSeq took 0.00433ms
tactic execution of Lean.Parser.Tactic.first took 0.0137ms
tactic execution of Lean.Parser.Tactic.tacticTry_ took 0.0138ms
tactic execution of Lean.Parser.Tactic.tacticSeq1Indented took 0.00619ms
tactic execution of Lean.Parser.Tactic.tacticSeq took 0.00474ms
tactic execution of Lean.Parser.Tactic.paren took 0.00374ms
tactic execution of Lean.Parser.Tactic.withAnnotateState took 0.0145ms
tactic execution of Lean.Parser.Tactic.tacticSeq1Indented took 0.0213ms
tactic execution of Lean.Parser.Tactic.tacticSeq took 0.00723ms
tactic execution of Lean.Parser.Tactic.paren took 0.00881ms
tactic execution of Lean.Parser.Tactic.rwSeq took 0.0244ms
tactic execution of Lean.Parser.Tactic.exact took 0.053ms
tactic execution of Lean.Parser.Tactic.tacticSeq1Indented took 0.0209ms
tactic execution of Lean.Parser.Tactic.tacticSeq took 0.0252ms
tactic execution of Lean.Parser.Tactic.rewriteSeq took 3.82ms
tactic execution of Lean.Parser.Tactic.exact took 0.105ms
tactic execution of Lean.Parser.Tactic.exact took 0.0943ms
tactic execution of Lean.Parser.Tactic.eqRefl took 0.017ms
tactic execution of Lean.Parser.Tactic.tacticRfl took 0.0315ms
tactic execution of Lean.Parser.Tactic.tacticSeq1Indented took 0.00423ms
tactic execution of Lean.Parser.Tactic.tacticSeq took 0.00528ms
tactic execution of Lean.Parser.Tactic.withReducible took 0.00333ms
tactic execution of Lean.Parser.Tactic.tacticSeq1Indented took 0.00312ms
tactic execution of Lean.Parser.Tactic.tacticSeq took 0.00267ms
tactic execution of Lean.Parser.Tactic.paren took 0.00688ms
tactic execution of Lean.Parser.Tactic.tacticSeq1Indented took 0.00323ms
tactic execution of Lean.Parser.Tactic.tacticSeq took 0.00282ms
tactic execution of Lean.Parser.Tactic.first took 0.0034ms
tactic execution of Lean.Parser.Tactic.tacticTry_ took 0.00555ms
tactic execution of Lean.Parser.Tactic.tacticSeq1Indented took 0.00313ms
tactic execution of Lean.Parser.Tactic.tacticSeq took 0.00289ms
tactic execution of Lean.Parser.Tactic.paren took 0.00329ms
tactic execution of Lean.Parser.Tactic.withAnnotateState took 0.0141ms
tactic execution of Lean.Parser.Tactic.tacticSeq1Indented took 0.0149ms
tactic execution of Lean.Parser.Tactic.tacticSeq took 0.00535ms
tactic execution of Lean.Parser.Tactic.paren took 0.00536ms
tactic execution of Lean.Parser.Tactic.rwSeq took 0.0157ms
tactic execution of Lean.Parser.Tactic.tacticSeq1Indented took 0.00605ms
tactic execution of Lean.Parser.Tactic.tacticSeq took 0.00417ms
tactic execution of Lean.Parser.Tactic.paren took 0.00519ms
tactic execution of Lean.Parser.Tactic.withAnnotateState took 0.00883ms
tactic execution of Lean.Parser.Tactic.tacticSeq1Indented took 0.00656ms
tactic execution of Lean.Parser.Tactic.tacticSeq took 0.00602ms
tactic execution of Lean.Parser.Tactic.case took 0.316ms
tactic execution of Lean.Parser.Tactic.tacticSeq1Indented took 0.0196ms
tactic execution of Lean.Parser.Tactic.tacticSeq took 0.00558ms
tactic execution of Lean.Parser.Tactic.focus took 0.00864ms
tactic execution of Lean.Parser.Tactic.tacticHave__ took 0.0323ms
typeclass inference of HMul took 0.184ms
typeclass inference of HMul took 0.161ms
typeclass inference of LT took 0.0297ms
tactic execution of Lean.Parser.Tactic.refine took 0.578ms
typeclass inference of OfNat took 0.119ms
typeclass inference of OfNat took 0.0517ms
typeclass inference of HMul took 0.00412ms
typeclass inference of HMul took 0.00261ms
typeclass inference of HMul took 0.0365ms
typeclass inference of HPow took 0.362ms
typeclass inference of HMul took 0.0342ms
typeclass inference of LE took 0.0282ms
typeclass inference of OfNat took 0.0444ms
typeclass inference of OfNat took 0.0665ms
typeclass inference of OfNat took 0.055ms
typeclass inference of OfNat took 0.0461ms
typeclass inference of OfNat took 0.0358ms
typeclass inference of HMul took 0.00395ms
typeclass inference of HPow took 0.0371ms
typeclass inference of HPow took 0.0317ms
typeclass inference of HMul took 0.03ms
typeclass inference of LT took 0.00328ms
typeclass inference of OfNat took 0.00264ms
typeclass inference of OfNat took 0.00211ms
typeclass inference of Trans took 0.211ms
typeclass inference of OfNat took 0.0858ms
typeclass inference of OfNat took 0.0558ms
typeclass inference of HAdd took 0.153ms
typeclass inference of HAdd took 0.243ms
typeclass inference of OfNat took 0.0513ms
typeclass inference of HPow took 0.0388ms
typeclass inference of OfNat took 0.00382ms
typeclass inference of Trans took 0.233ms
typeclass inference of LT took 0.00398ms
typeclass inference of Trans took 0.186ms
typeclass inference of LE took 0.355ms
typeclass inference of LE took 0.0734ms
typeclass inference of Zero took 0.122ms
typeclass inference of PartialOrder took 0.0463ms
typeclass inference of Ring took 1.1ms
typeclass inference of AddMonoidWithOne took 0.0388ms
norm_num took 0.299ms
typeclass inference of Semiring took 0.0301ms
typeclass inference of PartialOrder took 0.00351ms
typeclass inference of CommSemiring took 0.051ms
typeclass inference of IsOrderedRing took 1.37ms
typeclass inference of Nontrivial took 0.0589ms
typeclass inference of Semiring took 0.00286ms
typeclass inference of IsStrictOrderedRing took 0.0378ms
tactic execution of Mathlib.Tactic.Positivity.positivity took 1.2ms
tactic execution of Lean.Parser.Tactic.tacticSeq1Indented took 0.0109ms
tactic execution of Lean.Parser.Tactic.tacticSeq took 0.0207ms
typeclass inference of Monoid took 0.281ms
typeclass inference of Monoid took 0.0972ms
typeclass inference of Monoid took 0.0345ms
typeclass inference of Monoid took 0.0278ms
tactic execution of Lean.Parser.Tactic.rewriteSeq took 0.482ms
tactic execution of Lean.Parser.Tactic.exact took 0.0963ms
tactic execution of Lean.Parser.Tactic.exact took 0.0829ms
tactic execution of Lean.Parser.Tactic.eqRefl took 0.126ms
tactic execution of Lean.Parser.Tactic.tacticRfl took 0.0361ms
tactic execution of Lean.Parser.Tactic.tacticSeq1Indented took 0.00443ms
tactic execution of Lean.Parser.Tactic.tacticSeq took 0.003ms
tactic execution of Lean.Parser.Tactic.withReducible took 0.00453ms
tactic execution of Lean.Parser.Tactic.tacticSeq1Indented took 0.00311ms
tactic execution of Lean.Parser.Tactic.tacticSeq took 0.00264ms
tactic execution of Lean.Parser.Tactic.paren took 0.00306ms
tactic execution of Lean.Parser.Tactic.tacticSeq1Indented took 0.00383ms
tactic execution of Lean.Parser.Tactic.tacticSeq took 0.00292ms
tactic execution of Lean.Parser.Tactic.first took 0.00481ms
tactic execution of Lean.Parser.Tactic.tacticTry_ took 0.00602ms
tactic execution of Lean.Parser.Tactic.tacticSeq1Indented took 0.00393ms
tactic execution of Lean.Parser.Tactic.tacticSeq took 0.00276ms
tactic execution of Lean.Parser.Tactic.paren took 0.00328ms
tactic execution of Lean.Parser.Tactic.withAnnotateState took 0.0152ms
tactic execution of Lean.Parser.Tactic.tacticSeq1Indented took 0.00818ms
tactic execution of Lean.Parser.Tactic.tacticSeq took 0.00307ms
tactic execution of Lean.Parser.Tactic.paren took 0.00324ms
tactic execution of Lean.Parser.Tactic.rwSeq took 0.00841ms
tactic execution of Lean.Parser.Tactic.tacticSeq1Indented took 0.0048ms
tactic execution of Lean.Parser.Tactic.tacticSeq took 0.00956ms
tactic execution of Lean.calcTactic took 8.69ms
tactic execution of Lean.Parser.Tactic.tacticSeq1Indented took 0.00577ms
tactic execution of Lean.Parser.Tactic.tacticSeq took 0.00408ms
tactic execution of Lean.Parser.Tactic.paren took 0.00333ms
tactic execution of Lean.Parser.Tactic.withAnnotateState took 0.00503ms
tactic execution of Lean.Parser.Tactic.tacticSeq1Indented took 0.00494ms
tactic execution of Lean.Parser.Tactic.tacticSeq took 0.00789ms
tactic execution of Lean.Parser.Tactic.case took 0.0414ms
tactic execution of Lean.Parser.Tactic.tacticSeq1Indented took 0.0138ms
tactic execution of Lean.Parser.Tactic.tacticSeq took 0.00451ms
tactic execution of Lean.Parser.Tactic.focus took 0.00795ms
tactic execution of Lean.Parser.Tactic.tacticHave__ took 0.0448ms
typeclass inference of HMul took 1.26ms
typeclass inference of HMul took 1.04ms
typeclass inference of HMul took 0.152ms
typeclass inference of HMul took 0.155ms
tactic execution of Lean.Parser.Tactic.refine took 0.975ms
tactic execution of Lean.Parser.Tactic.rotateRight took 0.00634ms
tactic execution of Lean.Parser.Tactic.tacticSeq1Indented took 0.0137ms
tactic execution of Lean.Parser.Tactic.tacticSeq took 0.00304ms
tactic execution of Lean.Parser.Tactic.paren took 0.00348ms
tactic execution of Lean.Parser.Tactic.tacticSeq1Indented took 0.00358ms
tactic execution of Lean.Parser.Tactic.tacticSeq took 0.00299ms
tactic execution of Lean.Parser.Tactic.focus took 0.00604ms
tactic execution of Lean.Parser.Tactic.tacticRefine_lift_ took 0.00619ms
tactic execution of Lean.Parser.Tactic.tacticHave__ took 0.0165ms
tactic execution of Lean.Parser.Tactic.rewriteSeq took 0.706ms
tactic execution of Lean.Parser.Tactic.exact took 0.117ms
tactic execution of Lean.Parser.Tactic.exact took 0.0992ms
tactic execution of Lean.Parser.Tactic.eqRefl took 0.0121ms
tactic execution of Lean.Parser.Tactic.tacticRfl took 0.0377ms
tactic execution of Lean.Parser.Tactic.tacticSeq1Indented took 0.00434ms
tactic execution of Lean.Parser.Tactic.tacticSeq took 0.00307ms
tactic execution of Lean.Parser.Tactic.withReducible took 0.00486ms
tactic execution of Lean.Parser.Tactic.tacticSeq1Indented took 0.0039ms
tactic execution of Lean.Parser.Tactic.tacticSeq took 0.00274ms
tactic execution of Lean.Parser.Tactic.paren took 0.00251ms
tactic execution of Lean.Parser.Tactic.tacticSeq1Indented took 0.00308ms
tactic execution of Lean.Parser.Tactic.tacticSeq took 0.00265ms
tactic execution of Lean.Parser.Tactic.first took 0.0039ms
tactic execution of Lean.Parser.Tactic.tacticTry_ took 0.00675ms
tactic execution of Lean.Parser.Tactic.tacticSeq1Indented took 0.00278ms
tactic execution of Lean.Parser.Tactic.tacticSeq took 0.00296ms
tactic execution of Lean.Parser.Tactic.paren took 0.00301ms
tactic execution of Lean.Parser.Tactic.withAnnotateState took 0.0193ms
tactic execution of Lean.Parser.Tactic.tacticSeq1Indented took 0.0116ms
tactic execution of Lean.Parser.Tactic.tacticSeq took 0.00441ms
tactic execution of Lean.Parser.Tactic.paren took 0.00411ms
tactic execution of Lean.Parser.Tactic.rwSeq took 0.0343ms
tactic execution of Lean.Parser.Tactic.tacticSeq1Indented took 0.0668ms
tactic execution of Lean.Parser.Tactic.tacticSeq took 0.0167ms
instantiate metavars took 0.331ms
instantiate metavars took 0.000351ms
instantiate metavars took 0.00014ms
instantiate metavars took 0.000111ms
instantiate metavars took 0.0001ms
share common exprs took 2.2ms
fix level params took 0.0949ms
let-to-have transformation took 0.0101ms
attribute application took 0.00542ms
attribute application took 0.000772ms
process pre-definitions took 1.9ms
elaboration took 2.1ms
type checking took 31.4ms
type checking took 8.4ms
overlappingInstancesLinter took 0.342ms
tacticAnalysis took 6.14ms
linting took 17.9ms
attribute application took 0.002ms
typeclass inference of OfNat took 0.11ms
typeclass inference of OfNat took 0.0393ms
typeclass inference of HSub took 0.902ms
typeclass inference of HMul took 0.894ms
typeclass inference of HMul took 0.795ms
typeclass inference of HSub took 0.728ms
typeclass inference of OfNat took 0.86ms
typeclass inference of OfNat took 0.107ms
typeclass inference of OfNat took 0.0439ms
typeclass inference of OfNat took 0.0428ms
typeclass inference of OfNat took 0.0338ms
typeclass inference of OfNat took 0.0421ms
typeclass inference of OfNat took 0.0351ms
typeclass inference of OfNat took 0.0305ms
typeclass inference of OfNat took 0.0403ms
typeclass inference of HSub took 0.00536ms
typeclass inference of HSub took 0.00248ms
typeclass inference of HMul took 0.00271ms
typeclass inference of HSub took 0.0538ms
typeclass inference of HPow took 0.174ms
typeclass inference of HMul took 0.0709ms
typeclass inference of HSub took 0.056ms
typeclass inference of OfNat took 1.18ms
typeclass inference of OfNat took 0.0628ms
typeclass inference of OfNat took 0.00422ms
typeclass inference of HPow took 0.129ms
typeclass inference of HMul took 0.0551ms
typeclass inference of HSub took 0.0458ms
typeclass inference of OfNat took 0.0411ms
typeclass inference of HPow took 0.108ms
typeclass inference of HMul took 0.0513ms
typeclass inference of HSub took 0.0426ms
typeclass inference of OfNat took 0.0719ms
typeclass inference of OfNat took 0.0469ms
typeclass inference of OfNat took 0.0389ms
typeclass inference of OfNat took 0.0322ms
typeclass inference of HPow took 0.147ms
typeclass inference of LE took 0.0336ms
typeclass inference of OfNat took 0.0405ms
typeclass inference of OfNat took 0.054ms
typeclass inference of HPow took 0.147ms
typeclass inference of OfNat took 0.0649ms
typeclass inference of HPow took 0.145ms
typeclass inference of OfNat took 0.061ms
typeclass inference of OfNat took 0.044ms
typeclass inference of OfNat took 0.0364ms
typeclass inference of OfNat took 0.0316ms
typeclass inference of HPow took 0.26ms
typeclass inference of LT took 0.0416ms
typeclass inference of OfNat took 0.00482ms
typeclass inference of OfNat took 0.096ms
typeclass inference of HPow took 0.185ms
typeclass inference of OfNat took 0.0475ms
typeclass inference of HPow took 0.115ms
typeclass inference of OfNat took 0.0694ms
typeclass inference of OfNat took 0.0707ms
typeclass inference of OfNat took 0.063ms
typeclass inference of OfNat took 0.0526ms
typeclass inference of HPow took 0.197ms
typeclass inference of LT took 0.00583ms
typeclass inference of OfNat took 0.00548ms
typeclass inference of OfNat took 0.0595ms
typeclass inference of HPow took 0.116ms
typeclass inference of OfNat took 0.0377ms
typeclass inference of HPow took 0.106ms
typeclass inference of OfNat took 0.0572ms
typeclass inference of OfNat took 0.0421ms
typeclass inference of OfNat took 0.0346ms
typeclass inference of OfNat took 0.0312ms
typeclass inference of HPow took 0.178ms
typeclass inference of LT took 0.00467ms
typeclass inference of OfNat took 0.00394ms
typeclass inference of OfNat took 0.0673ms
typeclass inference of HPow took 0.124ms
typeclass inference of OfNat took 0.0387ms
typeclass inference of HPow took 0.109ms
typeclass inference of OfNat took 0.0611ms
typeclass inference of OfNat took 0.0491ms
typeclass inference of OfNat took 0.0491ms
typeclass inference of OfNat took 0.0437ms
typeclass inference of HMul took 0.189ms
typeclass inference of HAdd took 0.145ms
typeclass inference of HMul took 0.00314ms
typeclass inference of HMul took 0.141ms
typeclass inference of HPow took 0.141ms
typeclass inference of HMul took 0.0841ms
typeclass inference of HAdd took 0.0628ms
typeclass inference of OfNat took 0.00383ms
typeclass inference of OfNat took 0.0601ms
typeclass inference of HPow took 0.193ms
typeclass inference of HMul took 0.0524ms
typeclass inference of HAdd took 0.0444ms
typeclass inference of OfNat took 0.0406ms
typeclass inference of HPow took 0.108ms
typeclass inference of HMul took 0.0481ms
typeclass inference of HAdd took 0.0433ms
typeclass inference of OfNat took 0.0426ms
typeclass inference of HPow took 0.122ms
typeclass inference of HMul took 0.0515ms
typeclass inference of HSub took 0.0554ms
typeclass inference of OfNat took 0.0405ms
typeclass inference of HPow took 0.109ms
typeclass inference of OfNat took 0.0384ms
typeclass inference of HPow took 0.112ms
typeclass inference of OfNat took 0.0365ms
typeclass inference of HPow took 0.124ms
typeclass inference of OfNat took 0.0381ms
typeclass inference of HPow took 0.106ms
typeclass inference of OfNat took 0.036ms
typeclass inference of HPow took 0.113ms
typeclass inference of HMul took 0.0503ms
typeclass inference of HAdd took 0.0454ms
typeclass inference of OfNat took 0.0401ms
typeclass inference of HPow took 0.111ms
typeclass inference of HMul took 0.0516ms
typeclass inference of HSub took 0.0501ms
typeclass inference of OfNat took 0.04ms
typeclass inference of HPow took 0.113ms
typeclass inference of OfNat took 0.0378ms
typeclass inference of HPow took 0.108ms
typeclass inference of OfNat took 0.0362ms
typeclass inference of HPow took 0.104ms
typeclass inference of OfNat took 0.0367ms
typeclass inference of HPow took 0.109ms
typeclass inference of OfNat took 0.0369ms
typeclass inference of HPow took 0.122ms
typeclass inference of HMul took 0.0496ms
typeclass inference of HAdd took 0.0496ms
typeclass inference of Pow took 0.0566ms
typeclass inference of CategoryTheory.CartesianMonoidalCategory took 0.0746ms
typeclass inference of CategoryTheory.CartesianMonoidalCategory took 0.00563ms
typeclass inference of NPow took 2.33ms
typeclass inference of OfNat took 0.0609ms
typeclass inference of HMul took 0.0489ms
typeclass inference of HSub took 0.00588ms
typeclass inference of OfNat took 0.104ms
typeclass inference of HPow took 0.19ms
typeclass inference of OfNat took 0.0449ms
typeclass inference of HPow took 0.116ms
typeclass inference of OfNat took 0.0408ms
typeclass inference of HPow took 0.121ms
typeclass inference of OfNat took 0.045ms
typeclass inference of HPow took 0.121ms
typeclass inference of OfNat took 0.0438ms
typeclass inference of HPow took 0.112ms
typeclass inference of HMul took 0.0657ms
typeclass inference of HAdd took 0.0556ms
typeclass inference of OfNat took 0.0443ms
typeclass inference of HPow took 0.127ms
typeclass inference of OfNat took 0.039ms
typeclass inference of HPow took 0.106ms
typeclass inference of OfNat took 0.0379ms
typeclass inference of HPow took 0.114ms
typeclass inference of OfNat took 0.0381ms
typeclass inference of HPow took 0.104ms
typeclass inference of OfNat took 0.0484ms
typeclass inference of HPow took 0.125ms
typeclass inference of HMul took 0.0634ms
typeclass inference of HAdd took 0.0543ms
typeclass inference of OfNat took 0.0431ms
typeclass inference of HPow took 0.122ms
typeclass inference of OfNat took 0.0415ms
typeclass inference of HPow took 0.11ms
typeclass inference of OfNat took 0.0474ms
typeclass inference of HPow took 0.115ms
typeclass inference of OfNat took 0.0419ms
typeclass inference of HPow took 0.202ms
typeclass inference of OfNat took 0.0577ms
typeclass inference of HPow took 0.118ms
typeclass inference of HMul took 0.057ms
typeclass inference of HAdd took 0.0521ms
typeclass inference of Pow took 0.0413ms
typeclass inference of NPow took 0.136ms
typeclass inference of OfNat took 0.0564ms
typeclass inference of OfNat took 0.0665ms
typeclass inference of HPow took 0.141ms
typeclass inference of OfNat took 0.0516ms
typeclass inference of HPow took 0.117ms
typeclass inference of OfNat took 0.0429ms
typeclass inference of HPow took 0.111ms
typeclass inference of OfNat took 0.0388ms
typeclass inference of HPow took 0.109ms
typeclass inference of HMul took 0.0546ms
typeclass inference of HAdd took 0.0508ms
typeclass inference of OfNat took 0.0441ms
typeclass inference of HPow took 0.112ms
typeclass inference of OfNat took 0.04ms
typeclass inference of HPow took 0.11ms
typeclass inference of OfNat took 0.0508ms
typeclass inference of HPow took 0.169ms
typeclass inference of OfNat took 0.0578ms
typeclass inference of HPow took 0.15ms
typeclass inference of HMul took 0.0633ms
typeclass inference of HAdd took 0.0528ms
typeclass inference of OfNat took 0.049ms
typeclass inference of HPow took 0.12ms
typeclass inference of OfNat took 0.0447ms
typeclass inference of HPow took 0.128ms
typeclass inference of OfNat took 0.0581ms
typeclass inference of HPow took 0.137ms
typeclass inference of OfNat took 0.0637ms
typeclass inference of HPow took 0.183ms
typeclass inference of HMul took 0.0918ms
typeclass inference of HAdd took 0.0694ms
typeclass inference of Pow took 0.0534ms
typeclass inference of NPow took 0.00592ms
typeclass inference of OfNat took 0.00523ms
typeclass inference of OfNat took 0.0683ms
typeclass inference of HPow took 0.142ms
typeclass inference of OfNat took 0.069ms
typeclass inference of HPow took 0.144ms
typeclass inference of OfNat took 0.0495ms
typeclass inference of HPow took 0.124ms
typeclass inference of HMul took 0.062ms
typeclass inference of HAdd took 0.0581ms
typeclass inference of OfNat took 0.0467ms
typeclass inference of HPow took 0.129ms
typeclass inference of OfNat took 0.0532ms
typeclass inference of HPow took 0.116ms
typeclass inference of OfNat took 0.0391ms
typeclass inference of HPow took 0.129ms
typeclass inference of HMul took 0.0536ms
typeclass inference of HAdd took 0.0462ms
typeclass inference of OfNat took 0.0419ms
typeclass inference of HPow took 0.106ms
typeclass inference of OfNat took 0.0424ms
typeclass inference of HPow took 0.168ms
typeclass inference of OfNat took 0.0694ms
typeclass inference of HPow took 0.141ms
typeclass inference of HMul took 0.058ms
typeclass inference of HAdd took 0.0514ms
typeclass inference of Pow took 0.0738ms
typeclass inference of NPow took 0.00793ms
typeclass inference of OfNat took 0.00817ms
typeclass inference of OfNat took 0.0812ms
typeclass inference of HPow took 0.125ms
typeclass inference of OfNat took 0.0388ms
typeclass inference of HPow took 0.107ms
typeclass inference of HMul took 0.05ms
typeclass inference of HAdd took 0.0466ms
typeclass inference of OfNat took 0.0387ms
typeclass inference of HPow took 0.103ms
typeclass inference of OfNat took 0.0365ms
typeclass inference of HPow took 0.102ms
typeclass inference of HMul took 0.0569ms
typeclass inference of HAdd took 0.0509ms
typeclass inference of OfNat took 0.0387ms
typeclass inference of HPow took 0.103ms
typeclass inference of OfNat took 0.0355ms
typeclass inference of HPow took 0.103ms
typeclass inference of HMul took 0.0486ms
typeclass inference of HAdd took 0.0441ms
typeclass inference of Pow took 0.0399ms
typeclass inference of NPow took 0.00319ms
typeclass inference of OfNat took 0.00363ms
typeclass inference of OfNat took 0.0441ms
typeclass inference of HPow took 0.109ms
typeclass inference of HMul took 0.0507ms
typeclass inference of HAdd took 0.045ms
typeclass inference of OfNat took 0.0381ms
typeclass inference of HPow took 0.125ms
typeclass inference of HMul took 0.0742ms
typeclass inference of HAdd took 0.052ms
typeclass inference of OfNat took 0.0576ms
typeclass inference of HPow took 0.115ms
typeclass inference of HMul took 0.0493ms
typeclass inference of HAdd took 0.0449ms
typeclass inference of Pow took 0.0379ms
typeclass inference of NPow took 0.00305ms
typeclass inference of OfNat took 0.00314ms
typeclass inference of HMul took 0.0336ms
typeclass inference of HAdd took 0.00413ms
instantiate metavars took 0.0275ms
instantiate metavars took 0.000291ms
let-to-have transformation took 0.0195ms
attribute application took 0.00186ms
attribute application took 0.000652ms
elaboration took 7ms
typeclass inference of OfNat took 0.152ms
typeclass inference of OfNat took 0.0958ms
typeclass inference of OfNat took 0.0911ms
tactic execution of Lean.Parser.Tactic.refine took 0.591ms
tactic execution of Lean.Parser.Tactic.rotateRight took 0.0084ms
tactic execution of Lean.Parser.Tactic.tacticSeq1Indented took 0.0255ms
tactic execution of Lean.Parser.Tactic.tacticSeq took 0.00618ms
tactic execution of Lean.Parser.Tactic.paren took 0.00855ms
tactic execution of Lean.Parser.Tactic.tacticSeq1Indented took 0.00832ms
tactic execution of Lean.Parser.Tactic.tacticSeq took 0.00662ms
tactic execution of Lean.Parser.Tactic.focus took 0.0793ms
tactic execution of Lean.Parser.Tactic.tacticRefine_lift_ took 0.012ms
tactic execution of Lean.Parser.Tactic.tacticHave__ took 0.0177ms
typeclass inference of HMul took 1.2ms
typeclass inference of HMul took 1.11ms
tactic execution of Lean.Parser.Tactic.refine took 1.14ms
typeclass inference of Add took 1.1ms
typeclass inference of AddRightCancelSemigroup took 0.932ms
typeclass inference of IsRightCancelAdd took 4.34ms
typeclass inference of AddGroup took 0.549ms
typeclass inference of CommSemiring took 0.482ms
typeclass inference of CommRing took 0.0415ms
typeclass inference of Semifield took 0.321ms
typeclass inference of Field took 0.3ms
typeclass inference of Field took 0.00228ms
typeclass inference of Field took 0.00226ms
typeclass inference of Field took 0.00228ms
typeclass inference of Field took 0.00141ms
typeclass inference of Field took 0.00118ms
typeclass inference of Field took 0.00134ms
typeclass inference of Field took 0.00116ms
typeclass inference of Field took 0.00109ms
typeclass inference of Field took 0.00106ms
typeclass inference of Field took 0.00102ms
typeclass inference of Field took 0.000982ms
typeclass inference of Field took 0.00213ms
typeclass inference of Field took 0.00115ms
typeclass inference of Field took 0.00123ms
typeclass inference of Field took 0.00122ms
typeclass inference of Field took 0.00109ms
typeclass inference of Field took 0.00117ms
typeclass inference of Field took 0.00106ms
typeclass inference of Field took 0.00105ms
typeclass inference of Field took 0.00227ms
typeclass inference of Field took 0.00117ms
typeclass inference of Field took 0.00124ms
typeclass inference of Field took 0.00121ms
typeclass inference of Field took 0.00297ms
typeclass inference of Field took 0.00118ms
typeclass inference of Field took 0.00103ms
typeclass inference of Field took 0.00199ms
typeclass inference of Field took 0.00127ms
typeclass inference of Field took 0.00106ms
typeclass inference of Semiring took 0.72ms
typeclass inference of RCLike took 0.0125ms
typeclass inference of RCLike took 0.00227ms
typeclass inference of RCLike took 0.00171ms
typeclass inference of RCLike took 0.00258ms
typeclass inference of RCLike took 0.00141ms
typeclass inference of RCLike took 0.00339ms
typeclass inference of RCLike took 0.00165ms
typeclass inference of RCLike took 0.0019ms
typeclass inference of RCLike took 0.00163ms
typeclass inference of RCLike took 0.00134ms
typeclass inference of RCLike took 0.0012ms
typeclass inference of RCLike took 0.00221ms
typeclass inference of RCLike took 0.00216ms
typeclass inference of RCLike took 0.00123ms
typeclass inference of RCLike took 0.00122ms
typeclass inference of RCLike took 0.00186ms
typeclass inference of RCLike took 0.00116ms
typeclass inference of RCLike took 0.00118ms
typeclass inference of RCLike took 0.00146ms
typeclass inference of RCLike took 0.0013ms
typeclass inference of RCLike took 0.00241ms
typeclass inference of RCLike took 0.0012ms
typeclass inference of RCLike took 0.00119ms
typeclass inference of RCLike took 0.00168ms
typeclass inference of RCLike took 0.00131ms
typeclass inference of RCLike took 0.00112ms
typeclass inference of RCLike took 0.00118ms
typeclass inference of RCLike took 0.00193ms
typeclass inference of RCLike took 0.00107ms
typeclass inference of RCLike took 0.00106ms
typeclass inference of Semiring took 0.00528ms
typeclass inference of NonAssocRing took 0.194ms
typeclass inference of Field took 0.00333ms
typeclass inference of Field took 0.00208ms
typeclass inference of Field took 0.00218ms
typeclass inference of Field took 0.00139ms
typeclass inference of Field took 0.00118ms
typeclass inference of Field took 0.00123ms
typeclass inference of Field took 0.00118ms
typeclass inference of Field took 0.00109ms
typeclass inference of Field took 0.00117ms
typeclass inference of Field took 0.00168ms
typeclass inference of Field took 0.00138ms
typeclass inference of Field took 0.00141ms
typeclass inference of Field took 0.0012ms
typeclass inference of Field took 0.00229ms
typeclass inference of Field took 0.00118ms
typeclass inference of Field took 0.00121ms
typeclass inference of Field took 0.00115ms
typeclass inference of Field took 0.00103ms
typeclass inference of Field took 0.00109ms
typeclass inference of Field took 0.0011ms
typeclass inference of Field took 0.000971ms
typeclass inference of Field took 0.001ms
typeclass inference of Field took 0.00227ms
typeclass inference of Field took 0.00133ms
typeclass inference of Field took 0.0011ms
typeclass inference of Field took 0.00113ms
typeclass inference of Field took 0.00116ms
typeclass inference of Field took 0.0011ms
typeclass inference of Field took 0.00111ms
typeclass inference of Field took 0.00103ms
typeclass inference of Field took 0.00173ms
typeclass inference of Field took 0.00111ms
typeclass inference of Field took 0.00119ms
typeclass inference of Field took 0.0011ms
typeclass inference of Field took 0.00106ms
typeclass inference of Field took 0.00123ms
typeclass inference of Field took 0.00105ms
typeclass inference of Field took 0.00214ms
typeclass inference of Field took 0.00132ms
typeclass inference of Field took 0.00122ms
typeclass inference of Field took 0.00113ms
typeclass inference of Field took 0.00108ms
typeclass inference of Field took 0.00166ms
typeclass inference of Field took 0.00107ms
typeclass inference of Field took 0.00119ms
typeclass inference of Field took 0.00125ms
typeclass inference of Field took 0.00157ms
typeclass inference of Field took 0.00104ms
typeclass inference of Field took 0.00106ms
typeclass inference of Field took 0.00169ms
typeclass inference of Field took 0.00122ms
typeclass inference of Field took 0.0014ms
typeclass inference of Field took 0.00171ms
typeclass inference of Field took 0.00293ms
typeclass inference of Field took 0.00124ms
typeclass inference of Field took 0.00116ms
typeclass inference of Field took 0.00136ms
typeclass inference of Field took 0.00112ms
typeclass inference of Field took 0.00114ms
typeclass inference of Field took 0.00125ms
typeclass inference of Field took 0.00265ms
typeclass inference of Field took 0.00163ms
typeclass inference of Field took 0.00128ms
typeclass inference of Field took 0.00116ms
typeclass inference of Field took 0.00109ms
typeclass inference of Field took 0.0022ms
typeclass inference of Field took 0.00113ms
typeclass inference of Field took 0.00122ms
typeclass inference of Field took 0.00124ms
typeclass inference of Field took 0.00158ms
typeclass inference of Field took 0.00125ms
typeclass inference of Field took 0.00136ms
typeclass inference of Semiring took 0.00594ms
typeclass inference of CharZero took 20.3ms
norm_num took 0.0249ms
norm_num took 0.00467ms
typeclass inference of AddMonoidWithOne took 0.628ms
norm_num took 0.395ms
norm_num took 0.00544ms
norm_num took 0.00397ms
norm_num took 0.00267ms
norm_num took 0.00244ms
typeclass inference of AddMonoidWithOne took 0.00662ms
norm_num took 0.423ms
ring took 1.81ms
tactic execution of Mathlib.Tactic.LinearCombination.linearCombination took 2.15ms
tactic execution of Lean.Parser.Tactic.tacticSeq1Indented took 0.00824ms
tactic execution of Lean.Parser.Tactic.tacticSeq took 0.00754ms
tactic execution of Lean.Parser.Tactic.paren took 0.00869ms
tactic execution of Lean.Parser.Tactic.withAnnotateState took 0.0121ms
tactic execution of Lean.Parser.Tactic.tacticSeq1Indented took 0.0103ms
tactic execution of Lean.Parser.Tactic.tacticSeq took 0.00754ms
tactic execution of Lean.Parser.Tactic.case took 0.191ms
tactic execution of Lean.Parser.Tactic.tacticSeq1Indented took 0.044ms
tactic execution of Lean.Parser.Tactic.tacticSeq took 0.031ms
tactic execution of Lean.Parser.Tactic.focus took 0.0235ms
tactic execution of Lean.Parser.Tactic.tacticHave__ took 0.0204ms
typeclass inference of OfNat took 0.178ms
typeclass inference of OfNat took 0.0613ms
typeclass inference of OfNat took 0.0472ms
typeclass inference of OfNat took 0.0395ms
typeclass inference of HAdd took 1.13ms
typeclass inference of HMul took 0.00474ms
typeclass inference of HPow took 0.186ms
typeclass inference of HMul took 0.0711ms
typeclass inference of HAdd took 0.0538ms
typeclass inference of OfNat took 0.923ms
typeclass inference of OfNat took 0.0753ms
typeclass inference of HPow took 0.169ms
typeclass inference of HMul took 0.0669ms
typeclass inference of HAdd took 0.0564ms
typeclass inference of OfNat took 0.0535ms
typeclass inference of HPow took 0.153ms
typeclass inference of HMul took 0.0734ms
typeclass inference of HAdd took 0.0542ms
typeclass inference of OfNat took 0.0621ms
typeclass inference of HPow took 0.14ms
typeclass inference of HMul took 0.0654ms
typeclass inference of HAdd took 0.0541ms
typeclass inference of OfNat took 0.0463ms
typeclass inference of HPow took 0.147ms
typeclass inference of HMul took 0.0747ms
typeclass inference of HAdd took 0.0649ms
typeclass inference of Pow took 0.0558ms
typeclass inference of CategoryTheory.CartesianMonoidalCategory took 0.0771ms
typeclass inference of CategoryTheory.CartesianMonoidalCategory took 0.00515ms
typeclass inference of NPow took 2.33ms
typeclass inference of OfNat took 0.0461ms
typeclass inference of HMul took 0.0414ms
typeclass inference of HAdd took 0.00311ms
tactic execution of Lean.Parser.Tactic.refine took 1.15ms
typeclass inference of Add took 0.00497ms
typeclass inference of IsRightCancelAdd took 0.0411ms
typeclass inference of AddGroup took 0.00771ms
typeclass inference of CommSemiring took 0.00364ms
typeclass inference of CommRing took 0.00257ms
typeclass inference of Semifield took 0.000931ms
typeclass inference of CharZero took 0.00644ms
norm_num took 0.0526ms
typeclass inference of AddMonoidWithOne took 0.00615ms
norm_num took 0.268ms
norm_num took 0.00591ms
typeclass inference of AddMonoidWithOne took 0.00424ms
norm_num took 0.189ms
typeclass inference of AddMonoidWithOne took 0.0419ms
norm_num took 0.101ms
norm_num took 0.0174ms
norm_num took 0.00396ms
norm_num took 0.0023ms
typeclass inference of AddMonoidWithOne took 0.00361ms
norm_num took 0.104ms
typeclass inference of AddMonoidWithOne took 0.00362ms
norm_num took 0.0843ms
norm_num took 0.0051ms
typeclass inference of AddMonoidWithOne took 0.00482ms
norm_num took 0.162ms
ring took 2.12ms
tactic execution of Mathlib.Tactic.LinearCombination.linearCombination took 1.11ms
tactic execution of Lean.Parser.Tactic.tacticSeq1Indented took 0.00576ms
tactic execution of Lean.Parser.Tactic.tacticSeq took 0.00319ms
tactic execution of Lean.Parser.Tactic.paren took 0.0041ms
tactic execution of Lean.Parser.Tactic.withAnnotateState took 0.0066ms
tactic execution of Lean.Parser.Tactic.tacticSeq1Indented took 0.00689ms
tactic execution of Lean.Parser.Tactic.tacticSeq took 0.00437ms
tactic execution of Lean.Parser.Tactic.case took 0.0315ms
tactic execution of Lean.Parser.Tactic.tacticSeq1Indented took 0.0159ms
tactic execution of Lean.Parser.Tactic.tacticSeq took 0.0042ms
tactic execution of Lean.Parser.Tactic.focus took 0.00845ms
tactic execution of Lean.Parser.Tactic.tacticHave__ took 0.105ms
typeclass inference of OfNat took 0.067ms
typeclass inference of OfNat took 0.101ms
typeclass inference of OfNat took 0.0417ms
typeclass inference of OfNat took 0.0445ms
typeclass inference of HPow took 0.184ms
typeclass inference of LT took 0.0351ms
typeclass inference of OfNat took 0.057ms
typeclass inference of HPow took 0.124ms
typeclass inference of OfNat took 0.042ms
typeclass inference of HPow took 0.114ms
typeclass inference of OfNat took 0.0383ms
typeclass inference of HPow took 0.131ms
typeclass inference of Pow took 0.0405ms
typeclass inference of NPow took 0.111ms
typeclass inference of OfNat took 0.00369ms
tactic execution of Lean.Parser.Tactic.refine took 0.705ms
typeclass inference of Decidable took 0.185ms
typeclass inference of LE took 0.0759ms
typeclass inference of Decidable took 0.173ms
typeclass inference of Decidable took 0.00377ms
instantiate metavars took 0.00308ms
tactic execution of Lean.Parser.Tactic.omega took 2.47ms
tactic execution of Lean.Parser.Tactic.tacticSeq1Indented took 0.00558ms
tactic execution of Lean.Parser.Tactic.tacticSeq took 0.00388ms
tactic execution of Lean.Parser.Tactic.paren took 0.00359ms
tactic execution of Lean.Parser.Tactic.withAnnotateState took 0.00526ms
tactic execution of Lean.Parser.Tactic.tacticSeq1Indented took 0.00361ms
tactic execution of Lean.Parser.Tactic.tacticSeq took 0.00359ms
tactic execution of Lean.Parser.Tactic.case took 0.043ms
tactic execution of Lean.Parser.Tactic.tacticSeq1Indented took 0.013ms
tactic execution of Lean.Parser.Tactic.tacticSeq took 0.00537ms
tactic execution of Lean.Parser.Tactic.focus took 0.00927ms
tactic execution of Lean.Parser.Tactic.tacticHave__ took 0.837ms
typeclass inference of OfNat took 1.1ms
typeclass inference of OfNat took 0.137ms
typeclass inference of OfNat took 0.0417ms
typeclass inference of HPow took 0.182ms
typeclass inference of OfNat took 0.0625ms
typeclass inference of HPow took 0.124ms
typeclass inference of OfNat took 0.0535ms
typeclass inference of OfNat took 0.0481ms
typeclass inference of OfNat took 0.0384ms
typeclass inference of HPow took 0.124ms
typeclass inference of OfNat took 0.0403ms
typeclass inference of OfNat took 0.0332ms
typeclass inference of HPow took 0.147ms
typeclass inference of OfNat took 0.0452ms
typeclass inference of HPow took 0.125ms
typeclass inference of OfNat took 0.0403ms
typeclass inference of OfNat took 0.0494ms
typeclass inference of HPow took 0.118ms
typeclass inference of OfNat took 0.0409ms
typeclass inference of HPow took 0.113ms
typeclass inference of OfNat took 0.0384ms
typeclass inference of HPow took 0.11ms
typeclass inference of OfNat took 0.0408ms
typeclass inference of HPow took 0.111ms
typeclass inference of OfNat took 0.0377ms
typeclass inference of HPow took 0.105ms
typeclass inference of OfNat took 0.0371ms
typeclass inference of HPow took 0.12ms
typeclass inference of OfNat took 0.0488ms
typeclass inference of HPow took 0.14ms
typeclass inference of Pow took 0.0408ms
typeclass inference of CategoryTheory.CartesianMonoidalCategory took 0.0531ms
typeclass inference of CategoryTheory.CartesianMonoidalCategory took 0.00482ms
typeclass inference of NPow took 2.05ms
typeclass inference of OfNat took 0.0399ms
typeclass inference of OfNat took 0.0484ms
typeclass inference of HPow took 0.13ms
typeclass inference of OfNat took 0.0407ms
typeclass inference of HPow took 0.117ms
typeclass inference of OfNat took 0.048ms
typeclass inference of HPow took 0.115ms
typeclass inference of Pow took 0.041ms
typeclass inference of NPow took 0.0853ms
typeclass inference of OfNat took 0.00385ms
tactic execution of Lean.Parser.Tactic.refine took 1.4ms
tactic execution of Lean.Parser.Tactic.rotateRight took 0.00479ms
tactic execution of Lean.Parser.Tactic.tacticSeq1Indented took 0.0127ms
tactic execution of Lean.Parser.Tactic.tacticSeq took 0.00381ms
tactic execution of Lean.Parser.Tactic.paren took 0.00398ms
tactic execution of Lean.Parser.Tactic.tacticSeq1Indented took 0.00628ms
tactic execution of Lean.Parser.Tactic.tacticSeq took 0.00551ms
tactic execution of Lean.Parser.Tactic.focus took 0.00896ms
tactic execution of Lean.Parser.Tactic.tacticRefine_lift_ took 0.00782ms
tactic execution of Lean.Parser.Tactic.tacticHave__ took 0.0203ms
typeclass inference of OfNat took 0.0732ms
typeclass inference of OfNat took 0.0481ms
typeclass inference of OfNat took 0.0487ms
typeclass inference of OfNat took 0.0377ms
typeclass inference of OfNat took 0.0425ms
typeclass inference of OfNat took 0.0327ms
typeclass inference of HMul took 0.172ms
typeclass inference of HPow took 0.379ms
typeclass inference of HMul took 0.11ms
typeclass inference of LT took 0.0443ms
typeclass inference of OfNat took 0.00484ms
typeclass inference of OfNat took 0.0865ms
typeclass inference of HPow took 0.13ms
typeclass inference of HMul took 0.0548ms
typeclass inference of OfNat took 0.0441ms
typeclass inference of HPow took 0.113ms
typeclass inference of HMul took 0.0529ms
typeclass inference of OfNat took 0.0425ms
typeclass inference of HPow took 0.126ms
typeclass inference of HMul took 0.0507ms
typeclass inference of OfNat took 0.0412ms
typeclass inference of HPow took 0.147ms
typeclass inference of HMul took 0.0707ms
typeclass inference of Pow took 0.0476ms
typeclass inference of NPow took 0.00442ms
typeclass inference of OfNat took 0.0038ms
typeclass inference of HMul took 0.0032ms
tactic execution of Lean.Parser.Tactic.refine took 0.997ms
typeclass inference of Decidable took 0.268ms
typeclass inference of Decidable took 6.96ms
typeclass inference of Decidable took 0.00415ms
typeclass inference of LE took 0.029ms
typeclass inference of LE took 0.00361ms
typeclass inference of LE took 0.00475ms
typeclass inference of Decidable took 0.122ms
typeclass inference of Decidable took 0.00355ms
instantiate metavars took 0.0013ms
tactic execution of Lean.Parser.Tactic.omega took 3.71ms
tactic execution of Lean.Parser.Tactic.tacticSeq1Indented took 0.00794ms
tactic execution of Lean.Parser.Tactic.tacticSeq took 0.00496ms
tactic execution of Lean.Parser.Tactic.paren took 0.00558ms
tactic execution of Lean.Parser.Tactic.withAnnotateState took 0.0106ms
tactic execution of Lean.Parser.Tactic.tacticSeq1Indented took 0.0059ms
tactic execution of Lean.Parser.Tactic.tacticSeq took 0.00495ms
tactic execution of Lean.Parser.Tactic.case took 0.0758ms
tactic execution of Lean.Parser.Tactic.tacticSeq1Indented took 0.0141ms
tactic execution of Lean.Parser.Tactic.tacticSeq took 0.00447ms
tactic execution of Lean.Parser.Tactic.focus took 0.00624ms
tactic execution of Lean.Parser.Tactic.tacticHave__ took 0.199ms
typeclass inference of OfNat took 1ms
typeclass inference of OfNat took 0.0952ms
typeclass inference of OfNat took 0.0443ms
typeclass inference of HMul took 0.939ms
typeclass inference of HPow took 0.169ms
typeclass inference of HMul took 0.0655ms
typeclass inference of OfNat took 0.058ms
typeclass inference of HPow took 0.121ms
typeclass inference of HMul took 0.056ms
typeclass inference of OfNat took 0.0535ms
typeclass inference of OfNat took 0.0432ms
typeclass inference of OfNat took 0.0527ms
typeclass inference of HPow took 0.131ms
typeclass inference of HMul took 0.0571ms
typeclass inference of OfNat took 0.0495ms
typeclass inference of OfNat took 0.0351ms
typeclass inference of HMul took 0.124ms
typeclass inference of HPow took 0.151ms
typeclass inference of HMul took 0.0615ms
typeclass inference of OfNat took 0.0448ms
typeclass inference of HPow took 0.115ms
typeclass inference of HMul took 0.0655ms
typeclass inference of OfNat took 0.0387ms
typeclass inference of OfNat took 0.0584ms
typeclass inference of HPow took 0.15ms
typeclass inference of HMul took 0.0597ms
typeclass inference of OfNat took 0.0595ms
typeclass inference of HPow took 0.161ms
typeclass inference of HMul took 0.0737ms
typeclass inference of OfNat took 0.0658ms
typeclass inference of HPow took 0.153ms
typeclass inference of HMul took 0.063ms
typeclass inference of OfNat took 0.0457ms
typeclass inference of HPow took 0.164ms
typeclass inference of HMul took 0.0711ms
typeclass inference of OfNat took 0.0416ms
typeclass inference of HPow took 0.112ms
typeclass inference of HMul took 0.0504ms
typeclass inference of OfNat took 0.0403ms
typeclass inference of HPow took 0.107ms
typeclass inference of HMul took 0.0546ms
typeclass inference of OfNat took 0.0393ms
typeclass inference of HPow took 0.129ms
typeclass inference of HMul took 0.0506ms
typeclass inference of Pow took 0.0406ms
typeclass inference of CategoryTheory.CartesianMonoidalCategory took 0.0598ms
typeclass inference of CategoryTheory.CartesianMonoidalCategory took 0.00468ms
typeclass inference of NPow took 2.36ms
typeclass inference of OfNat took 0.0553ms
typeclass inference of HMul took 0.00436ms
typeclass inference of OfNat took 0.074ms
typeclass inference of HPow took 0.141ms
typeclass inference of HMul took 0.0715ms
typeclass inference of OfNat took 0.0441ms
typeclass inference of HPow took 0.111ms
typeclass inference of HMul took 0.0513ms
typeclass inference of OfNat took 0.057ms
typeclass inference of HPow took 0.113ms
typeclass inference of HMul took 0.0519ms
typeclass inference of Pow took 0.0398ms
typeclass inference of NPow took 0.0925ms
typeclass inference of OfNat took 0.00365ms
typeclass inference of HMul took 0.00306ms
tactic execution of Lean.Parser.Tactic.refine took 1.64ms
tactic execution of Lean.Parser.Tactic.rewriteSeq took 0.181ms
tactic execution of Lean.Parser.Tactic.exact took 0.264ms
tactic execution of Lean.Parser.Tactic.exact took 0.139ms
tactic execution of Lean.Parser.Tactic.eqRefl took 0.0194ms
tactic execution of Lean.Parser.Tactic.applyRfl took 0.0339ms
tactic execution of Lean.Parser.Tactic.tacticRfl took 0.0957ms
tactic execution of Lean.Parser.Tactic.tacticSeq1Indented took 0.00997ms
tactic execution of Lean.Parser.Tactic.tacticSeq took 0.00951ms
tactic execution of Lean.Parser.Tactic.withReducible took 0.0126ms
tactic execution of Lean.Parser.Tactic.tacticSeq1Indented took 0.008ms
tactic execution of Lean.Parser.Tactic.tacticSeq took 0.00613ms
tactic execution of Lean.Parser.Tactic.paren took 0.00665ms
tactic execution of Lean.Parser.Tactic.tacticSeq1Indented took 0.0101ms
tactic execution of Lean.Parser.Tactic.tacticSeq took 0.0121ms
tactic execution of Lean.Parser.Tactic.skip took 0.00486ms
tactic execution of Lean.Parser.Tactic.tacticSeq1Indented took 0.00391ms
tactic execution of Lean.Parser.Tactic.tacticSeq took 0.00526ms
tactic execution of Lean.Parser.Tactic.first took 0.0154ms
tactic execution of Lean.Parser.Tactic.tacticTry_ took 0.0128ms
tactic execution of Lean.Parser.Tactic.tacticSeq1Indented took 0.0112ms
tactic execution of Lean.Parser.Tactic.tacticSeq took 0.00354ms
tactic execution of Lean.Parser.Tactic.paren took 0.00388ms
tactic execution of Lean.Parser.Tactic.withAnnotateState took 0.0284ms
tactic execution of Lean.Parser.Tactic.tacticSeq1Indented took 0.0381ms
tactic execution of Lean.Parser.Tactic.tacticSeq took 0.00816ms
tactic execution of Lean.Parser.Tactic.paren took 0.00846ms
tactic execution of Lean.Parser.Tactic.rwSeq took 0.0118ms
tactic execution of Lean.Parser.Tactic.exact took 0.0539ms
tactic execution of Lean.Parser.Tactic.tacticSeq1Indented took 0.0125ms
tactic execution of Lean.Parser.Tactic.tacticSeq took 0.012ms
tactic execution of Lean.Parser.Tactic.rewriteSeq took 2.92ms
tactic execution of Lean.Parser.Tactic.exact took 0.104ms
tactic execution of Lean.Parser.Tactic.exact took 0.095ms
tactic execution of Lean.Parser.Tactic.eqRefl took 0.0113ms
tactic execution of Lean.Parser.Tactic.tacticRfl took 0.0277ms
tactic execution of Lean.Parser.Tactic.tacticSeq1Indented took 0.00353ms
tactic execution of Lean.Parser.Tactic.tacticSeq took 0.00293ms
tactic execution of Lean.Parser.Tactic.withReducible took 0.00275ms
tactic execution of Lean.Parser.Tactic.tacticSeq1Indented took 0.00318ms
tactic execution of Lean.Parser.Tactic.tacticSeq took 0.00246ms
tactic execution of Lean.Parser.Tactic.paren took 0.0025ms
tactic execution of Lean.Parser.Tactic.tacticSeq1Indented took 0.00268ms
tactic execution of Lean.Parser.Tactic.tacticSeq took 0.00283ms
tactic execution of Lean.Parser.Tactic.first took 0.00325ms
tactic execution of Lean.Parser.Tactic.tacticTry_ took 0.00506ms
tactic execution of Lean.Parser.Tactic.tacticSeq1Indented took 0.00286ms
tactic execution of Lean.Parser.Tactic.tacticSeq took 0.0028ms
tactic execution of Lean.Parser.Tactic.paren took 0.00323ms
tactic execution of Lean.Parser.Tactic.withAnnotateState took 0.0131ms
tactic execution of Lean.Parser.Tactic.tacticSeq1Indented took 0.0137ms
tactic execution of Lean.Parser.Tactic.tacticSeq took 0.0061ms
tactic execution of Lean.Parser.Tactic.paren took 0.00435ms
tactic execution of Lean.Parser.Tactic.rwSeq took 0.0205ms
tactic execution of Lean.Parser.Tactic.tacticSeq1Indented took 0.00508ms
tactic execution of Lean.Parser.Tactic.tacticSeq took 0.0138ms
tactic execution of Lean.Parser.Tactic.paren took 0.00541ms
tactic execution of Lean.Parser.Tactic.withAnnotateState took 0.00799ms
tactic execution of Lean.Parser.Tactic.tacticSeq1Indented took 0.0345ms
tactic execution of Lean.Parser.Tactic.tacticSeq took 0.00466ms
tactic execution of Lean.Parser.Tactic.case took 0.281ms
tactic execution of Lean.Parser.Tactic.tacticSeq1Indented took 0.0157ms
tactic execution of Lean.Parser.Tactic.tacticSeq took 0.00683ms
tactic execution of Lean.Parser.Tactic.focus took 0.0105ms
tactic execution of Lean.Parser.Tactic.tacticHave__ took 0.0323ms
typeclass inference of OfNat took 0.155ms
typeclass inference of OfNat took 0.0507ms
typeclass inference of OfNat took 0.0541ms
typeclass inference of OfNat took 0.0436ms
typeclass inference of OfNat took 0.0449ms
typeclass inference of OfNat took 0.0352ms
typeclass inference of HAdd took 0.135ms
typeclass inference of HMul took 0.129ms
typeclass inference of HPow took 0.215ms
typeclass inference of HMul took 0.0609ms
typeclass inference of HAdd took 0.0508ms
typeclass inference of LT took 0.0302ms
typeclass inference of OfNat took 0.0431ms
typeclass inference of OfNat took 0.0495ms
typeclass inference of HPow took 0.125ms
typeclass inference of HMul took 0.0516ms
typeclass inference of HAdd took 0.0466ms
typeclass inference of OfNat took 0.0404ms
typeclass inference of HPow took 0.111ms
typeclass inference of HMul took 0.0492ms
typeclass inference of HAdd took 0.0446ms
typeclass inference of OfNat took 0.041ms
typeclass inference of HPow took 0.136ms
typeclass inference of HMul took 0.055ms
typeclass inference of HAdd took 0.0466ms
typeclass inference of OfNat took 0.121ms
typeclass inference of HPow took 0.179ms
typeclass inference of HMul took 0.0512ms
typeclass inference of HAdd took 0.0446ms
typeclass inference of Pow took 0.05ms
typeclass inference of NPow took 0.0939ms
typeclass inference of OfNat took 0.0391ms
typeclass inference of HMul took 0.157ms
typeclass inference of HAdd took 0.00333ms
tactic execution of Lean.Parser.Tactic.refine took 1.27ms
typeclass inference of Decidable took 0.247ms
typeclass inference of Decidable took 5.58ms
typeclass inference of Decidable took 0.00451ms
typeclass inference of LE took 0.048ms
typeclass inference of LE took 0.00379ms
typeclass inference of LE took 0.00487ms
typeclass inference of Decidable took 0.00352ms
typeclass inference of Decidable took 0.00269ms
typeclass inference of LE took 0.00418ms
typeclass inference of LE took 0.00414ms
typeclass inference of LE took 0.00333ms
typeclass inference of Decidable took 0.16ms
typeclass inference of Decidable took 0.0033ms
instantiate metavars took 0.00153ms
tactic execution of Lean.Parser.Tactic.omega took 7.4ms
tactic execution of Lean.Parser.Tactic.tacticSeq1Indented took 0.0118ms
tactic execution of Lean.Parser.Tactic.tacticSeq took 0.00668ms
tactic execution of Lean.Parser.Tactic.paren took 0.0077ms
tactic execution of Lean.Parser.Tactic.withAnnotateState took 0.00853ms
tactic execution of Lean.Parser.Tactic.tacticSeq1Indented took 0.00684ms
tactic execution of Lean.Parser.Tactic.tacticSeq took 0.00646ms
tactic execution of Lean.Parser.Tactic.case took 0.0723ms
tactic execution of Lean.Parser.Tactic.tacticSeq1Indented took 0.0163ms
tactic execution of Lean.Parser.Tactic.tacticSeq took 0.0064ms
tactic execution of Lean.Parser.Tactic.focus took 0.0086ms
tactic execution of Lean.Parser.Tactic.tacticHave__ took 0.0255ms
typeclass inference of OfNat took 1.15ms
typeclass inference of OfNat took 0.0662ms
typeclass inference of OfNat took 0.0505ms
typeclass inference of HAdd took 1.07ms
typeclass inference of HMul took 0.889ms
typeclass inference of HPow took 0.177ms
typeclass inference of HMul took 0.0775ms
typeclass inference of HAdd took 0.0633ms
typeclass inference of OfNat took 0.0728ms
typeclass inference of HPow took 0.127ms
typeclass inference of HMul took 0.0578ms
typeclass inference of HAdd took 0.0513ms
typeclass inference of OfNat took 0.059ms
typeclass inference of OfNat took 0.0487ms
typeclass inference of OfNat took 0.0519ms
typeclass inference of HPow took 0.144ms
typeclass inference of HMul took 0.058ms
typeclass inference of HAdd took 0.061ms
typeclass inference of OfNat took 0.0435ms
typeclass inference of OfNat took 0.0441ms
typeclass inference of HAdd took 0.14ms
typeclass inference of HMul took 0.162ms
typeclass inference of HPow took 0.175ms
typeclass inference of HMul took 0.168ms
typeclass inference of HAdd took 0.149ms
typeclass inference of OfNat took 0.0717ms
typeclass inference of HPow took 0.157ms
typeclass inference of HMul took 0.0603ms
typeclass inference of HAdd took 0.0574ms
typeclass inference of OfNat took 0.0572ms
typeclass inference of OfNat took 0.0544ms
typeclass inference of HPow took 0.138ms
typeclass inference of HMul took 0.0551ms
typeclass inference of HAdd took 0.0552ms
typeclass inference of OfNat took 0.0428ms
typeclass inference of HPow took 0.115ms
typeclass inference of HMul took 0.0717ms
typeclass inference of HAdd took 0.0486ms
typeclass inference of OfNat took 0.0689ms
typeclass inference of HPow took 0.112ms
typeclass inference of HMul took 0.0523ms
typeclass inference of HAdd took 0.0482ms
typeclass inference of OfNat took 0.0551ms
typeclass inference of HPow took 0.116ms
typeclass inference of HMul took 0.0635ms
typeclass inference of HAdd took 0.0594ms
typeclass inference of OfNat took 0.0409ms
typeclass inference of HPow took 0.123ms
typeclass inference of HMul took 0.0654ms
typeclass inference of HAdd took 0.0474ms
typeclass inference of OfNat took 0.0472ms
typeclass inference of HPow took 0.121ms
typeclass inference of HMul took 0.0538ms
typeclass inference of HAdd took 0.0476ms
typeclass inference of OfNat took 0.0454ms
typeclass inference of HPow took 0.109ms
typeclass inference of HMul took 0.0489ms
typeclass inference of HAdd took 0.0446ms
typeclass inference of Pow took 0.061ms
typeclass inference of CategoryTheory.CartesianMonoidalCategory took 0.0572ms
typeclass inference of CategoryTheory.CartesianMonoidalCategory took 0.00689ms
typeclass inference of NPow took 2.56ms
typeclass inference of OfNat took 0.123ms
typeclass inference of HMul took 1.5ms
typeclass inference of HAdd took 0.00518ms
typeclass inference of OfNat took 0.0891ms
typeclass inference of HPow took 0.168ms
typeclass inference of HMul took 0.0625ms
typeclass inference of HAdd took 0.0534ms
typeclass inference of OfNat took 0.0467ms
typeclass inference of HPow took 0.158ms
typeclass inference of HMul took 0.0857ms
typeclass inference of HAdd took 0.0773ms
typeclass inference of OfNat took 0.0829ms
typeclass inference of HPow took 0.21ms
typeclass inference of HMul took 0.0994ms
typeclass inference of HAdd took 0.0864ms
typeclass inference of Pow took 0.0736ms
typeclass inference of NPow took 0.122ms
typeclass inference of OfNat took 0.00548ms
typeclass inference of HMul took 0.174ms
typeclass inference of HAdd took 0.0054ms
tactic execution of Lean.Parser.Tactic.refine took 2.66ms
tactic execution of Lean.Parser.Tactic.rewriteSeq took 0.155ms
tactic execution of Lean.Parser.Tactic.exact took 0.136ms
tactic execution of Lean.Parser.Tactic.exact took 0.105ms
tactic execution of Lean.Parser.Tactic.eqRefl took 0.0107ms
tactic execution of Lean.Parser.Tactic.applyRfl took 0.0339ms
tactic execution of Lean.Parser.Tactic.tacticRfl took 0.0446ms
tactic execution of Lean.Parser.Tactic.tacticSeq1Indented took 0.013ms
tactic execution of Lean.Parser.Tactic.tacticSeq took 0.00434ms
tactic execution of Lean.Parser.Tactic.withReducible took 0.00697ms
tactic execution of Lean.Parser.Tactic.tacticSeq1Indented took 0.00471ms
tactic execution of Lean.Parser.Tactic.tacticSeq took 0.00421ms
tactic execution of Lean.Parser.Tactic.paren took 0.00439ms
tactic execution of Lean.Parser.Tactic.tacticSeq1Indented took 0.00414ms
tactic execution of Lean.Parser.Tactic.tacticSeq took 0.00485ms
tactic execution of Lean.Parser.Tactic.skip took 0.00296ms
tactic execution of Lean.Parser.Tactic.tacticSeq1Indented took 0.00425ms
tactic execution of Lean.Parser.Tactic.tacticSeq took 0.00431ms
tactic execution of Lean.Parser.Tactic.first took 0.011ms
tactic execution of Lean.Parser.Tactic.tacticTry_ took 0.00818ms
tactic execution of Lean.Parser.Tactic.tacticSeq1Indented took 0.00364ms
tactic execution of Lean.Parser.Tactic.tacticSeq took 0.00297ms
tactic execution of Lean.Parser.Tactic.paren took 0.00302ms
tactic execution of Lean.Parser.Tactic.withAnnotateState took 0.00933ms
tactic execution of Lean.Parser.Tactic.tacticSeq1Indented took 0.013ms
tactic execution of Lean.Parser.Tactic.tacticSeq took 0.00442ms
tactic execution of Lean.Parser.Tactic.paren took 0.00414ms
tactic execution of Lean.Parser.Tactic.rwSeq took 0.0084ms
tactic execution of Lean.Parser.Tactic.exact took 0.0733ms
tactic execution of Lean.Parser.Tactic.tacticSeq1Indented took 0.00874ms
tactic execution of Lean.Parser.Tactic.tacticSeq took 0.00914ms
tactic execution of Lean.Parser.Tactic.rewriteSeq took 2.6ms
tactic execution of Lean.Parser.Tactic.exact took 0.0905ms
tactic execution of Lean.Parser.Tactic.exact took 0.0902ms
tactic execution of Lean.Parser.Tactic.eqRefl took 0.0165ms
tactic execution of Lean.Parser.Tactic.tacticRfl took 0.0292ms
tactic execution of Lean.Parser.Tactic.tacticSeq1Indented took 0.00335ms
tactic execution of Lean.Parser.Tactic.tacticSeq took 0.0028ms
tactic execution of Lean.Parser.Tactic.withReducible took 0.00315ms
tactic execution of Lean.Parser.Tactic.tacticSeq1Indented took 0.00273ms
tactic execution of Lean.Parser.Tactic.tacticSeq took 0.00232ms
tactic execution of Lean.Parser.Tactic.paren took 0.00649ms
tactic execution of Lean.Parser.Tactic.tacticSeq1Indented took 0.00359ms
tactic execution of Lean.Parser.Tactic.tacticSeq took 0.00349ms
tactic execution of Lean.Parser.Tactic.first took 0.00373ms
tactic execution of Lean.Parser.Tactic.tacticTry_ took 0.00559ms
tactic execution of Lean.Parser.Tactic.tacticSeq1Indented took 0.00369ms
tactic execution of Lean.Parser.Tactic.tacticSeq took 0.00342ms
tactic execution of Lean.Parser.Tactic.paren took 0.00291ms
tactic execution of Lean.Parser.Tactic.withAnnotateState took 0.0127ms
tactic execution of Lean.Parser.Tactic.tacticSeq1Indented took 0.0129ms
tactic execution of Lean.Parser.Tactic.tacticSeq took 0.00751ms
tactic execution of Lean.Parser.Tactic.paren took 0.0223ms
tactic execution of Lean.Parser.Tactic.rwSeq took 0.0166ms
tactic execution of Lean.Parser.Tactic.tacticSeq1Indented took 0.00509ms
tactic execution of Lean.Parser.Tactic.tacticSeq took 0.00409ms
tactic execution of Lean.Parser.Tactic.paren took 0.00378ms
tactic execution of Lean.Parser.Tactic.withAnnotateState took 0.00635ms
tactic execution of Lean.Parser.Tactic.tacticSeq1Indented took 0.00452ms
tactic execution of Lean.Parser.Tactic.tacticSeq took 0.00458ms
tactic execution of Lean.Parser.Tactic.case took 0.228ms
tactic execution of Lean.Parser.Tactic.tacticSeq1Indented took 0.0179ms
tactic execution of Lean.Parser.Tactic.tacticSeq took 0.00508ms
tactic execution of Lean.Parser.Tactic.focus took 0.00922ms
tactic execution of Lean.Parser.Tactic.tacticHave__ took 0.0374ms
typeclass inference of OfNat took 0.104ms
typeclass inference of OfNat took 0.0486ms
typeclass inference of OfNat took 0.0601ms
typeclass inference of OfNat took 0.0453ms
typeclass inference of OfNat took 0.0379ms
typeclass inference of OfNat took 0.0331ms
typeclass inference of OfNat took 0.0324ms
typeclass inference of OfNat took 0.0302ms
typeclass inference of HMul took 0.151ms
typeclass inference of HMul took 0.00375ms
typeclass inference of HMul took 0.16ms
typeclass inference of HPow took 0.167ms
typeclass inference of HPow took 0.134ms
typeclass inference of HMul took 0.0667ms
typeclass inference of LT took 0.0308ms
typeclass inference of OfNat took 0.0398ms
typeclass inference of OfNat took 0.0516ms
typeclass inference of OfNat took 0.00311ms
typeclass inference of OfNat took 0.049ms
typeclass inference of HPow took 0.153ms
typeclass inference of HPow took 0.146ms
typeclass inference of HMul took 0.0535ms
typeclass inference of OfNat took 0.0433ms
typeclass inference of OfNat took 0.0371ms
typeclass inference of HPow took 0.116ms
typeclass inference of HPow took 0.116ms
typeclass inference of HMul took 0.0496ms
typeclass inference of OfNat took 0.0439ms
typeclass inference of OfNat took 0.034ms
typeclass inference of HPow took 0.127ms
typeclass inference of HPow took 0.115ms
typeclass inference of HMul took 0.05ms
typeclass inference of OfNat took 0.0438ms
typeclass inference of OfNat took 0.0328ms
typeclass inference of HPow took 0.11ms
typeclass inference of HPow took 0.108ms
typeclass inference of HMul took 0.0482ms
typeclass inference of Pow took 0.0401ms
typeclass inference of NPow took 0.0909ms
typeclass inference of OfNat took 0.0389ms
typeclass inference of OfNat took 0.0432ms
typeclass inference of HPow took 0.121ms
typeclass inference of HMul took 0.0557ms
typeclass inference of OfNat took 0.0737ms
typeclass inference of HPow took 0.119ms
typeclass inference of HMul took 0.0541ms
typeclass inference of OfNat took 0.0402ms
typeclass inference of HPow took 0.118ms
typeclass inference of HMul took 0.0707ms
typeclass inference of Pow took 0.0682ms
typeclass inference of NPow took 0.00555ms
typeclass inference of OfNat took 0.0522ms
typeclass inference of HMul took 0.00423ms
typeclass inference of OfNat took 0.0819ms
typeclass inference of OfNat took 0.0517ms
typeclass inference of OfNat took 0.052ms
typeclass inference of OfNat took 0.0541ms
typeclass inference of HMul took 0.00436ms
typeclass inference of HMul took 0.00245ms
typeclass inference of HMul took 0.0463ms
typeclass inference of HPow took 0.198ms
typeclass inference of HMul took 0.0702ms
typeclass inference of LE took 0.036ms
typeclass inference of OfNat took 0.0038ms
typeclass inference of OfNat took 0.0646ms
typeclass inference of HPow took 0.196ms
typeclass inference of HMul took 0.0674ms
typeclass inference of OfNat took 0.0529ms
typeclass inference of HPow took 0.138ms
typeclass inference of HMul took 0.0955ms
typeclass inference of OfNat took 0.104ms
typeclass inference of OfNat took 0.0679ms
typeclass inference of OfNat took 0.0617ms
typeclass inference of OfNat took 0.0475ms
typeclass inference of OfNat took 0.0423ms
typeclass inference of OfNat took 0.0447ms
typeclass inference of OfNat took 0.0348ms
typeclass inference of OfNat took 0.0331ms
typeclass inference of HMul took 0.00481ms
typeclass inference of HPow took 0.17ms
typeclass inference of HPow took 0.14ms
typeclass inference of HMul took 0.0707ms
typeclass inference of LT took 0.0115ms
typeclass inference of OfNat took 0.00337ms
typeclass inference of OfNat took 0.0613ms
typeclass inference of OfNat took 0.00346ms
typeclass inference of OfNat took 0.0487ms
typeclass inference of HPow took 0.138ms
typeclass inference of HPow took 0.12ms
typeclass inference of HMul took 0.055ms
typeclass inference of OfNat took 0.0449ms
typeclass inference of OfNat took 0.0365ms
typeclass inference of HPow took 0.121ms
typeclass inference of HPow took 0.114ms
typeclass inference of HMul took 0.0558ms
typeclass inference of OfNat took 0.00759ms
typeclass inference of HPow took 0.352ms
typeclass inference of HMul took 0.00595ms
typeclass inference of OfNat took 0.00525ms
typeclass inference of OfNat took 0.00419ms
typeclass inference of HPow took 0.00323ms
typeclass inference of HPow took 0.00251ms
typeclass inference of HMul took 0.00307ms
typeclass inference of Trans took 0.27ms
typeclass inference of LE took 0.302ms
typeclass inference of LE took 0.0828ms
typeclass inference of Zero took 0.131ms
typeclass inference of PartialOrder took 0.0498ms
typeclass inference of Ring took 1.07ms
typeclass inference of AddMonoidWithOne took 0.0385ms
norm_num took 0.262ms
typeclass inference of Semiring took 0.0404ms
typeclass inference of PartialOrder took 0.00327ms
typeclass inference of CommSemiring took 0.0303ms
typeclass inference of IsOrderedRing took 1ms
typeclass inference of Nontrivial took 0.0503ms
typeclass inference of Semiring took 0.00472ms
typeclass inference of IsStrictOrderedRing took 0.047ms
tactic execution of Mathlib.Tactic.Positivity.positivity took 1.07ms
tactic execution of Lean.Parser.Tactic.tacticSeq1Indented took 0.00741ms
tactic execution of Lean.Parser.Tactic.tacticSeq took 0.021ms
tactic execution of Lean.Parser.Tactic.refine took 7.69ms
tactic execution of Lean.Parser.Tactic.rotateRight took 0.00681ms
tactic execution of Lean.Parser.Tactic.tacticSeq1Indented took 0.013ms
tactic execution of Lean.Parser.Tactic.tacticSeq took 0.0047ms
tactic execution of Lean.Parser.Tactic.paren took 0.00449ms
tactic execution of Lean.Parser.Tactic.tacticSeq1Indented took 0.00446ms
tactic execution of Lean.Parser.Tactic.tacticSeq took 0.00492ms
tactic execution of Lean.Parser.Tactic.focus took 0.00634ms
tactic execution of Lean.Parser.Tactic.tacticRefine_lift_ took 0.0128ms
tactic execution of Lean.Parser.Tactic.tacticHave__ took 0.0289ms
typeclass inference of HMul took 0.154ms
typeclass inference of HMul took 0.156ms
typeclass inference of LT took 0.0276ms
tactic execution of Lean.Parser.Tactic.refine took 0.466ms
typeclass inference of Decidable took 0.162ms
typeclass inference of LE took 0.0385ms
typeclass inference of LE took 0.00476ms
typeclass inference of LE took 0.00415ms
typeclass inference of Decidable took 0.211ms
typeclass inference of Decidable took 0.00419ms
instantiate metavars took 0.00112ms
tactic execution of Lean.Parser.Tactic.omega took 4.09ms
tactic execution of Lean.Parser.Tactic.tacticSeq1Indented took 0.00623ms
tactic execution of Lean.Parser.Tactic.tacticSeq took 0.00502ms
tactic execution of Lean.Parser.Tactic.paren took 0.00485ms
tactic execution of Lean.Parser.Tactic.withAnnotateState took 0.00613ms
tactic execution of Lean.Parser.Tactic.tacticSeq1Indented took 0.00462ms
tactic execution of Lean.Parser.Tactic.tacticSeq took 0.00413ms
tactic execution of Lean.Parser.Tactic.case took 0.0223ms
tactic execution of Lean.Parser.Tactic.tacticSeq1Indented took 0.0138ms
tactic execution of Lean.Parser.Tactic.tacticSeq took 0.00537ms
tactic execution of Lean.Parser.Tactic.focus took 0.00876ms
tactic execution of Lean.Parser.Tactic.tacticHave__ took 0.0217ms
typeclass inference of HMul took 1.33ms
typeclass inference of HMul took 1.06ms
typeclass inference of HMul took 0.25ms
typeclass inference of HMul took 0.186ms
tactic execution of Lean.Parser.Tactic.refine took 1.19ms
tactic execution of Lean.Parser.Tactic.rotateRight took 0.0112ms
tactic execution of Lean.Parser.Tactic.tacticSeq1Indented took 0.0148ms
tactic execution of Lean.Parser.Tactic.tacticSeq took 0.00402ms
tactic execution of Lean.Parser.Tactic.paren took 0.00412ms
tactic execution of Lean.Parser.Tactic.tacticSeq1Indented took 0.00476ms
tactic execution of Lean.Parser.Tactic.tacticSeq took 0.00418ms
tactic execution of Lean.Parser.Tactic.focus took 0.00793ms
tactic execution of Lean.Parser.Tactic.tacticRefine_lift_ took 0.0103ms
tactic execution of Lean.Parser.Tactic.tacticHave__ took 0.0354ms
tactic execution of Lean.Parser.Tactic.rewriteSeq took 0.799ms
tactic execution of Lean.Parser.Tactic.exact took 0.135ms
tactic execution of Lean.Parser.Tactic.exact took 0.105ms
tactic execution of Lean.Parser.Tactic.eqRefl took 0.0156ms
tactic execution of Lean.Parser.Tactic.tacticRfl took 0.0427ms
tactic execution of Lean.Parser.Tactic.tacticSeq1Indented took 0.00603ms
tactic execution of Lean.Parser.Tactic.tacticSeq took 0.00449ms
tactic execution of Lean.Parser.Tactic.withReducible took 0.00637ms
tactic execution of Lean.Parser.Tactic.tacticSeq1Indented took 0.00557ms
tactic execution of Lean.Parser.Tactic.tacticSeq took 0.00489ms
tactic execution of Lean.Parser.Tactic.paren took 0.00417ms
tactic execution of Lean.Parser.Tactic.tacticSeq1Indented took 0.00533ms
tactic execution of Lean.Parser.Tactic.tacticSeq took 0.00501ms
tactic execution of Lean.Parser.Tactic.first took 0.00708ms
tactic execution of Lean.Parser.Tactic.tacticTry_ took 0.00903ms
tactic execution of Lean.Parser.Tactic.tacticSeq1Indented took 0.00317ms
tactic execution of Lean.Parser.Tactic.tacticSeq took 0.00298ms
tactic execution of Lean.Parser.Tactic.paren took 0.00308ms
tactic execution of Lean.Parser.Tactic.withAnnotateState took 0.0227ms
tactic execution of Lean.Parser.Tactic.tacticSeq1Indented took 0.0125ms
tactic execution of Lean.Parser.Tactic.tacticSeq took 0.00927ms
tactic execution of Lean.Parser.Tactic.paren took 0.0044ms
tactic execution of Lean.Parser.Tactic.rwSeq took 0.0443ms
tactic execution of Lean.Parser.Tactic.tacticSeq1Indented took 0.0888ms
tactic execution of Lean.Parser.Tactic.tacticSeq took 0.0205ms
instantiate metavars took 0.332ms
instantiate metavars took 0.00035ms
instantiate metavars took 0.00014ms
instantiate metavars took 0.00022ms
instantiate metavars took 0.00011ms
share common exprs took 1.69ms
fix level params took 0.0778ms
let-to-have transformation took 0.0109ms
attribute application took 0.00296ms
attribute application took 0.000661ms
process pre-dparsing took 0.0649ms
parsing took 0.00115ms
efinitions took 1.01ms
elaboration took 1.61ms
type checking took 5.61ms
type checking took 8.18ms
type checking took 14.4ms
type checking took 7.06ms
type checking took 5.7ms
overlappingInstancesLinter took 0.199ms
tacticAnalysis took 3.84ms
linting took 12.7ms
attribute application took 0.00149ms
typeclass inference of OfNat took 0.0715ms
typeclass inference of OfNat took 0.0395ms
typeclass inference of HSub took 1ms
typeclass inference of HMul took 0.907ms
typeclass inference of HMul took 0.831ms
typeclass inference of HSub took 0.787ms
typeclass inference of OfNat took 0.931ms
typeclass inference of OfNat took 0.132ms
typeclass inference of OfNat took 0.0482ms
typeclass inference of OfNat took 0.0492ms
typeclass inference of OfNat took 0.0376ms
typeclass inference of OfNat took 0.0447ms
typeclass inference of OfNat took 0.0371ms
typeclass inference of OfNat took 0.0296ms
typeclass inference of OfNat took 0.0306ms
typeclass inference of HSub took 0.00963ms
typeclass inference of HSub took 0.00245ms
typeclass inference of HMul took 0.00497ms
typeclass inference of HSub took 0.0427ms
typeclass inference of HPow took 0.222ms
typeclass inference of HMul took 0.0815ms
typeclass inference of HSub took 0.055ms
typeclass inference of OfNat took 1.16ms
typeclass inference of OfNat took 0.129ms
typeclass inference of OfNat took 0.0155ms
typeclass inference of HPow took 0.247ms
typeclass inference of HMul took 0.132ms
typeclass inference of HSub took 0.098ms
typeclass inference of OfNat took 0.0677ms
typeclass inference of HPow took 0.117ms
typeclass inference of HMul took 0.0589ms
typeclass inference of HSub took 0.0451ms
typeclass inference of OfNat took 0.077ms
typeclass inference of OfNat took 0.0452ms
typeclass inference of OfNat took 0.0361ms
typeclass inference of OfNat took 0.031ms
typeclass inference of HPow took 0.144ms
typeclass inference of LE took 0.0345ms
typeclass inference of OfNat took 0.0393ms
typeclass inference of OfNat took 0.0488ms
typeclass inference of HPow took 0.151ms
typeclass inference of OfNat took 0.0585ms
typeclass inference of HPow took 0.128ms
typeclass inference of OfNat took 0.0793ms
typeclass inference of OfNat took 0.0449ms
typeclass inference of OfNat took 0.0364ms
typeclass inference of OfNat took 0.0305ms
typeclass inference of HPow took 0.132ms
typeclass inference of LT took 0.0319ms
typeclass inference of OfNat took 0.00334ms
typeclass inference of OfNat took 0.0479ms
typeclass inference of HPow took 0.124ms
typeclass inference of OfNat took 0.0727ms
typeclass inference of HPow took 0.152ms
typeclass inference of OfNat took 0.0558ms
typeclass inference of OfNat took 0.0431ms
typeclass inference of OfNat took 0.0345ms
typeclass inference of OfNat took 0.0352ms
typeclass inference of HPow took 0.129ms
typeclass inference of LT took 0.00364ms
typeclass inference of OfNat took 0.00269ms
typeclass inference of OfNat took 0.0481ms
typeclass inference of HPow took 0.108ms
typeclass inference of OfNat took 0.363ms
typeclass inference of HPow took 0.119ms
typeclass inference of OfNat took 0.0599ms
typeclass inference of OfNat took 0.0429ms
typeclass inference of OfNat took 0.0336ms
typeclass inference of OfNat took 0.0304ms
typeclass inference of HPow took 0.132ms
typeclass inference of LT took 0.00378ms
typeclass inference of OfNat took 0.00309ms
typeclass inference of OfNat took 0.0484ms
typeclass inference of HPow took 0.11ms
typeclass inference of OfNat took 0.0365ms
typeclass inference of HPow took 0.107ms
typeclass inference of OfNat took 0.0698ms
typeclass inference of OfNat took 0.0679ms
typeclass inference of OfNat took 0.0487ms
typeclass inference of OfNat took 0.0332ms
typeclass inference of HMul took 0.144ms
typeclass inference of HAdd took 0.137ms
typeclass inference of HMul took 0.00315ms
typeclass inference of HMul took 0.141ms
typeclass inference of HPow took 0.219ms
typeclass inference of HMul took 0.0588ms
typeclass inference of HAdd took 0.0515ms
typeclass inference of OfNat took 0.00376ms
typeclass inference of OfNat took 0.0548ms
typeclass inference of HPow took 0.132ms
typeclass inference of HMul took 0.0752ms
typeclass inference of HAdd took 0.0619ms
typeclass inference of OfNat took 0.0499ms
typeclass inference of HPow took 0.109ms
typeclass inference of HMul took 0.0507ms
typeclass inference of HAdd took 0.0446ms
typeclass inference of OfNat took 0.0411ms
typeclass inference of HPow took 0.114ms
typeclass inference of HMul took 0.0511ms
typeclass inference of HSub took 0.0484ms
typeclass inference of OfNat took 0.0457ms
typeclass inference of HPow took 0.111ms
typeclass inference of OfNat took 0.0382ms
typeclass inference of HPow took 0.106ms
typeclass inference of OfNat took 0.0414ms
typeclass inference of HPow took 0.106ms
typeclass inference of OfNat took 0.0368ms
typeclass inference of HPow took 0.106ms
typeclass inference of OfNat took 0.0367ms
typeclass inference of HPow took 0.105ms
typeclass inference of HMul took 0.0498ms
typeclass inference of HAdd took 0.0447ms
typeclass inference of OfNat took 0.0384ms
typeclass inference of HPow took 0.112ms
typeclass inference of HMul took 0.0559ms
typeclass inference of HSub took 0.0447ms
typeclass inference of OfNat took 0.039ms
typeclass inference of HPow took 0.105ms
typeclass inference of OfNat took 0.0373ms
typeclass inference of HPow took 0.106ms
typeclass inference of OfNat took 0.0363ms
typeclass inference of HPow took 0.106ms
typeclass inference of OfNat took 0.037ms
typeclass inference of HPow took 0.103ms
typeclass inference of OfNat took 0.0364ms
typeclass inference of HPow took 0.101ms
typeclass inference of HMul took 0.0498ms
typeclass inference of HAdd took 0.0449ms
typeclass inference of Pow took 0.0423ms
typeclass inference of CategoryTheory.CartesianMonoidalCategory took 0.0584ms
typeclass inference of CategoryTheory.CartesianMonoidalCategory took 0.00459ms
typeclass inference of NPow took 1.85ms
typeclass inference of OfNat took 0.0438ms
typeclass inference of HMul took 0.0406ms
typeclass inference of HSub took 0.00444ms
typeclass inference of OfNat took 0.0498ms
typeclass inference of HPow took 0.123ms
typeclass inference of OfNat took 0.0405ms
typeclass inference of HPow took 0.142ms
typeclass inference of OfNat took 0.0444ms
typeclass inference of HPow took 0.124ms
typeclass inference of OfNat took 0.0561ms
typeclass inference of HPow took 0.11ms
typeclass inference of OfNat took 0.0467ms
typeclass inference of HPow took 0.107ms
typeclass inference of HMul took 0.053ms
typeclass inference of HAdd took 0.0459ms
typeclass inference of OfNat took 0.0389ms
typeclass inference of HPow took 0.125ms
typeclass inference of OfNat took 0.0552ms
typeclass inference of HPow took 0.123ms
typeclass inference of OfNat took 0.0391ms
typeclass inference of HPow took 0.13ms
typeclass inference of OfNat took 0.0853ms
typeclass inference of HPow took 0.187ms
typeclass inference of OfNat took 0.0392ms
typeclass inference of HPow took 0.106ms
typeclass inference of HMul took 0.0536ms
typeclass inference of HAdd took 0.0497ms
typeclass inference of OfNat took 0.0445ms
typeclass inference of HPow took 0.109ms
typeclass inference of OfNat took 0.0409ms
typeclass inference of HPow took 0.119ms
typeclass inference of OfNat took 0.0385ms
typeclass inference of HPow took 0.11ms
typeclass inference of OfNat took 0.0368ms
typeclass inference of HPow took 0.125ms
typeclass inference of OfNat took 0.0398ms
typeclass inference of HPow took 0.107ms
typeclass inference of HMul took 0.0506ms
typeclass inference of HAdd took 0.0481ms
typeclass inference of Pow took 0.0404ms
typeclass inference of NPow took 0.0924ms
typeclass inference of OfNat took 0.0402ms
typeclass inference of OfNat took 0.0441ms
typeclass inference of HPow took 0.117ms
typeclass inference of OfNat took 0.0395ms
typeclass inference of HPow took 0.109ms
typeclass inference of OfNat took 0.047ms
typeclass inference of HPow took 0.112ms
typeclass inference of OfNat took 0.0401ms
typeclass inference of HPow took 0.115ms
typeclass inference of HMul took 0.0541ms
typeclass inference of HAdd took 0.0469ms
typeclass inference of OfNat took 0.0393ms
typeclass inference of HPow took 0.105ms
typeclass inference of OfNat took 0.0377ms
typeclass inference of HPow took 0.116ms
typeclass inference of OfNat took 0.0386ms
typeclass inference of HPow took 0.119ms
typeclass inference of OfNat took 0.0494ms
typeclass inference of HPow took 0.137ms
typeclass inference of HMul took 0.0532ms
typeclass inference of HAdd took 0.0465ms
typeclass inference of OfNat took 0.0391ms
typeclass inference of HPow took 0.104ms
typeclass inference of OfNat took 0.0374ms
typeclass inference of HPow took 0.105ms
typeclass inference of OfNat took 0.0361ms
typeclass inference of HPow took 0.116ms
typeclass inference of OfNat took 0.0962ms
typeclass inference of HPow took 0.147ms
typeclass inference of HMul took 0.0498ms
typeclass inference of HAdd took 0.0526ms
typeclass inference of Pow took 0.0388ms
typeclass inference of NPow took 0.00494ms
typeclass inference of OfNat took 0.00398ms
typeclass inference of OfNat took 0.042ms
typeclass inference of HPow took 0.112ms
typeclass inference of OfNat took 0.0379ms
typeclass inference of HPow took 0.105ms
typeclass inference of OfNat took 0.0362ms
typeclass inference of HPow took 0.104ms
typeclass inference of HMul took 0.0496ms
typeclass inference of HAdd took 0.0459ms
typeclass inference of OfNat took 0.0388ms
typeclass inference of HPow took 0.104ms
typeclass inference of OfNat took 0.0367ms
typeclass inference of HPow took 0.126ms
typeclass inference of OfNat took 0.0378ms
typeclass inference of HPow took 0.103ms
typeclass inference of HMul took 0.0485ms
typeclass inference of HAdd took 0.045ms
typeclass inference of OfNat took 0.0372ms
typeclass inference of HPow took 0.104ms
typeclass inference of OfNat took 0.0365ms
typeclass inference of HPow took 0.105ms
typeclass inference of OfNat took 0.0351ms
typeclass inference of HPow took 0.102ms
typeclass inference of HMul took 0.0486ms
typeclass inference of HAdd took 0.0446ms
typeclass inference of Pow took 0.0561ms
typeclass inference of NPow took 0.00431ms
typeclass inference of OfNat took 0.00388ms
typeclass inference of OfNat took 0.0611ms
typeclass inference of HPow took 0.11ms
typeclass inference of OfNat took 0.037ms
typeclass inference of HPow took 0.104ms
typeclass inference of HMul took 0.0499ms
typeclass inference of HAdd took 0.0464ms
typeclass inference of OfNat took 0.0388ms
typeclass inference of HPow took 0.109ms
typeclass inference of OfNat took 0.0369ms
typeclass inference of HPow took 0.105ms
typeclass inference of HMul took 0.0501ms
typeclass inference of HAdd took 0.0459ms
typeclass inference of OfNat took 0.0466ms
typeclass inference of HPow took 0.107ms
typeclass inference of OfNat took 0.0376ms
typeclass inference of HPow took 0.106ms
typeclass inference of HMul took 0.051ms
typeclass inference of HAdd took 0.046ms
typeclass inference of Pow took 0.0389ms
typeclass inference of NPow took 0.00327ms
typeclass inference of OfNat took 0.00292ms
typeclass inference of OfNat took 0.0424ms
typeclass inference of HPow took 0.109ms
typeclass inference of HMul took 0.05ms
typeclass inference of HAdd took 0.0471ms
typeclass inference of OfNat took 0.0381ms
typeclass inference of HPow took 0.125ms
typeclass inference of HMul took 0.0775ms
typeclass inference of HAdd took 0.0611ms
typeclass inference of OfNat took 0.0384ms
typeclass inference of HPow took 0.107ms
typeclass inference of HMul took 0.0499ms
typeclass inference of HAdd took 0.0475ms
typeclass inference of Pow took 0.0385ms
typeclass inference of NPow took 0.00324ms
typeclass inference of OfNat took 0.00269ms
typeclass inference of HMul took 0.0333ms
typeclass inference of HAdd took 0.00442ms
instantiate metavars took 0.0468ms
instantiate metavars took 0.000211ms
typeclass inference of AddMonoidWithOne took 0.0421ms
norm_num took 0.212ms
typeclass inference of AddMonoidWithOne took 0.00401ms
norm_num took 0.0457ms
norm_num took 0.293ms
typeclass inference of Semiring took 0.0374ms
typeclass inference of AddMonoidWithOne took 0.00323ms
norm_num took 0.0568ms
norm_num took 0.509ms
norm_num took 0.0249ms
norm_num took 0.169ms
congr simp thm took 0.03ms
norm_num took 0.00529ms
norm_num took 0.00264ms
typeclass inference of AddMonoidWithOne took 0.00568ms
norm_num took 0.125ms
typeclass inference of AddMonoidWithOne took 0.00382ms
norm_num took 0.044ms
norm_num took 0.108ms
typeclass inference of Semiring took 0.00358ms
typeclass inference of AddMonoidWithOne took 0.00216ms
norm_num took 0.0409ms
norm_num took 0.151ms
norm_num took 0.00566ms
typeclass inference of Preorder took 0.137ms
typeclass inference of Preorder took 0.0493ms
typeclass inference of AddMonoidWithOne took 0.00502ms
norm_num took 0.127ms
typeclass inference of AddMonoidWithOne took 0.00311ms
norm_num took 0.0432ms
typeclass inference of LT took 0.0353ms
typeclass inference of Semiring took 0.0024ms
typeclass inference of PartialOrder took 0.0316ms
typeclass inference of CommSemiring took 0.0255ms
typeclass inference of IsOrderedRing took 1.13ms
typeclass inference of CharZero took 0.0364ms
norm_num took 0.243ms
tactic execution of Mathlib.Tactic.normNum took 2ms
tactic execution of Lean.Parser.Tactic.tacticSeq1Indented took 0.0115ms
tactic execution of Lean.Parser.Tactic.tacticSeq took 0.0223ms
typeclass inference of AddMonoidWithOne took 0.0424ms
norm_num took 0.12ms
typeclass inference of AddMonoidWithOne took 0.00585ms
norm_num took 0.0724ms
norm_num took 0.204ms
typeclass inference of Semiring took 0.0381ms
typeclass inference of AddMonoidWithOne took 0.00272ms
norm_num took 0.075ms
norm_num took 0.416ms
norm_num took 0.0204ms
norm_num took 0.093ms
congr simp thm took 0.00708ms
norm_num took 0.008ms
norm_num took 0.00428ms
typeclass inference of AddMonoidWithOne took 0.00689ms
norm_num took 0.127ms
typeclass inference of AddMonoidWithOne took 0.00622ms
norm_num took 0.0556ms
norm_num took 0.139ms
typeclass inference of Semiring took 0.00325ms
typeclass inference of AddMonoidWithOne took 0.00227ms
norm_num took 0.0463ms
norm_num took 0.148ms
norm_num took 0.00404ms
typeclass inference of Preorder took 0.137ms
typeclass inference of Preorder took 0.115ms
typeclass inference of AddMonoidWithOne took 0.0047ms
norm_num took 0.109ms
typeclass inference of AddMonoidWithOne took 0.00342ms
norm_num took 0.0454ms
typeclass inference of LT took 0.0369ms
typeclass inference of Semiring took 0.00217ms
typeclass inference of PartialOrder took 0.0312ms
typeclass inference of CommSemiring took 0.022ms
typeclass inference of IsOrderedRing took 0.953ms
typeclass inference of CharZero took 0.0374ms
norm_num took 0.136ms
tactic execution of Mathlib.Tactic.normNum took 0.988ms
tactic execution of Lean.Parser.Tactic.tacticSeq1Indented took 0.00977ms
tactic execution of Lean.Parser.Tactic.tacticSeq took 0.0172ms
instantiate metavars took 0.00617ms
instantiate metavars took 0.00026ms
instantiate metavars took 0.000131ms
instantiate metavars took 0.00018ms
instantiate metavars took 0.00013ms
share common exprs took 0.281ms
fix level params took 0.0621ms
attribute application took 0.00402ms
attribute application took 0.000661ms
process pre-definitions took 0.68ms
elaboration took 8.27ms
type checking took 3.53ms
overlappingInstancesLinter took 0.147ms
tacticAnalysis took 0.938ms
linting took 4.52ms
elaboration took 0.24ms
overlappingInstancesLinter took 0.0413ms
tacticAnalysis took 0.197ms
linting took 1.68ms
'RmsNorm.carry_stage_lift' depends on axioms: [propext, Classical.choice, Quot.sound]
elaboration took 183ms
overlappingInstancesLinter took 0.0402ms
tacticAnalysis took 0.219ms
linting took 1.51ms
'RmsNorm.carry_stage_lift_production' depends on axioms: [propext, Classical.choice, Quot.sound]
elaboration took 1.9ms
overlappingInstancesLinter took 0.0233ms
tacticAnalysis took 0.206ms
linting took 1.32ms
elaboration took 0.0178ms
overlappingInstancesLinter took 0.018ms
tacticAnalysis took 1.01ms
linting took 0.757ms
module linting took 0.00155ms
cumulative profiling times:
	attribute application 0.0459ms
	congr simp thm 0.179ms
	elaboration 218ms
	fix level params 0.268ms
	instantiate metavars 0.82ms
	let-to-have transformation 0.0827ms
	linting 61.7ms
	module linting 0.00131ms
	norm_num 11.1ms
	overlappingInstancesLinter 1.74ms
	parsing 6.05ms
	process pre-definitions 3.98ms
	ring 13.2ms
	share common exprs 4.36ms
	simp 2.04ms
	tactic execution 131ms
	tacticAnalysis 15.6ms
	type checking 86.3ms
	typeclass inference 312ms
PEAK_RSS_BYTES=687370240
EXIT=0 WALL=4.4s CAP=8G
