parsing took 0.0145ms
parsing took 0.478ms
parsing took 0.504ms
parsing took 0.522ms
overlappingInstancesLinter took 0.0548ms
tacticAnalysis took 0.481ms
linting took 3.22ms
elaboration took 0.237ms
overlappingInstancesLinter took 0.126ms
tacticAnalysis took 0.567ms
linting took 3.01ms
attribute application took 0.0042ms
typeclass inference of HAdd took 0.287ms
typeclass inference of HAdd took 0.138ms
typeclass inference of LT took 0.0294ms
typeclass inference of HAdd took 1.24ms
typeclass inference of HAdd took 0.986ms
typeclass inference of HAdd took 0.00932ms
typeclass inference of HAdd took 0.0451ms
instantiate metavars took 0.00516ms
instantiate metavars took 0.000321ms
let-to-have transformation took 0.00827ms
attribute application took 0.00148ms
attribute application took 0.000651ms
elaboration took 2.31ms
typeclass inference of NeZero took 0.15ms
typeclass inference of NeZero took 0.0408ms
typeclass inference of NeZero took 0.0383ms
tactic execution of Lean.Parser.Tactic.rewriteSeq took 0.89ms
tactic execution of Lean.Parser.Tactic.exact took 0.119ms
tactic execution of Lean.Parser.Tactic.exact took 0.102ms
tactic execution of Lean.Parser.Tactic.eqRefl took 0.0177ms
tactic execution of Lean.Parser.Tactic.tacticRfl took 0.0474ms
tactic execution of Lean.Parser.Tactic.tacticSeq1Indented took 0.00765ms
tactic execution of Lean.Parser.Tactic.tacticSeq took 0.00673ms
tactic execution of Lean.Parser.Tactic.withReducible took 0.0215ms
tactic execution of Lean.Parser.Tactic.tacticSeq1Indented took 0.0107ms
tactic execution of Lean.Parser.Tactic.tacticSeq took 0.00603ms
tactic execution of Lean.Parser.Tactic.paren took 0.00457ms
tactic execution of Lean.Parser.Tactic.tacticSeq1Indented took 0.00445ms
tactic execution of Lean.Parser.Tactic.tacticSeq took 0.0123ms
tactic execution of Lean.Parser.Tactic.first took 0.00889ms
tactic execution of Lean.Parser.Tactic.tacticTry_ took 0.0101ms
tactic execution of Lean.Parser.Tactic.tacticSeq1Indented took 0.00347ms
tactic execution of Lean.Parser.Tactic.tacticSeq took 0.00551ms
tactic execution of Lean.Parser.Tactic.paren took 0.00346ms
tactic execution of Lean.Parser.Tactic.withAnnotateState took 0.0194ms
tactic execution of Lean.Parser.Tactic.tacticSeq1Indented took 0.021ms
tactic execution of Lean.Parser.Tactic.tacticSeq took 0.00824ms
tactic execution of Lean.Parser.Tactic.paren took 0.00697ms
tactic execution of Lean.Parser.Tactic.rwSeq took 0.0288ms
tactic execution of Lean.Parser.Tactic.tacticSeq1Indented took 0.00933ms
tactic execution of Lean.Parser.Tactic.tacticSeq took 0.0175ms
instantiate metavars took 0.00486ms
instantiate metavars took 0.000221ms
instantiate metavars took 0.000151ms
instantiate metavars took 0.00013ms
instantiate metavars took 0.00011ms
share common exprs took 0.0599ms
fix level params took 0.0112ms
let-to-have transformation took 0.00313ms
attribute application took 0.00167ms
attribute application took 0.000732ms
process pre-definitions took 0.172ms
elaboration took 0.344ms
type checking took 0.514ms
overlappingInstancesLinter took 0.301ms
tacticAnalysis took 0.659ms
linting took 3.76ms
attribute application took 0.00184ms
typeclass inference of HMul took 0.231ms
typeclass inference of HMul took 0.136ms
typeclass inference of LT took 0.0406ms
typeclass inference of HMul took 1.17ms
typeclass inference of HMul took 0.839ms
typeclass inference of HMul took 0.00402ms
typeclass inference of HMul took 0.034ms
instantiate metavars took 0.00332ms
instantiate metavars took 0.00019ms
let-to-have transformation took 0.0034ms
attribute application took 0.00105ms
attribute application took 0.000661ms
elaboration took 1.45ms
tactic execution of Lean.Parser.Tactic.rewriteSeq took 0.789ms
tactic execution of Lean.Parser.Tactic.exact took 0.0873ms
tactic execution of Lean.Parser.Tactic.exact took 0.101ms
tactic execution of Lean.Parser.Tactic.eqRefl took 0.00864ms
tactic execution of Lean.Parser.Tactic.tacticRfl took 0.0372ms
tactic execution of Lean.Parser.Tactic.tacticSeq1Indented took 0.00917ms
tactic execution of Lean.Parser.Tactic.tacticSeq took 0.00327ms
tactic execution of Lean.Parser.Tactic.withReducible took 0.00427ms
tactic execution of Leparsing took 2.1ms
an.Parser.Tactic.tacticSeq1Indented took 0.003ms
tactic execution of Lean.Parser.Tactic.tacticSeq took 0.00245ms
tactic execution of Lean.Parser.Tactic.paren took 0.00254ms
tactic execution of Lean.Parser.Tactic.tacticSeq1Indented took 0.00575ms
tactic execution of Lean.Parser.Tactic.tacticSeq took 0.00318ms
tactic execution of Lean.Parser.Tactic.first took 0.00414ms
tactic execution of Lean.Parser.Tactic.tacticTry_ took 0.00582ms
tactic execution of Lean.Parser.Tactic.tacticSeq1Indented took 0.00281ms
tactic execution of Lean.Parser.Tactic.tacticSeq took 0.00252ms
tactic execution of Lean.Parser.Tactic.paren took 0.00271ms
tactic execution of Lean.Parser.Tactic.withAnnotateState took 0.0108ms
tactic execution of Lean.Parser.Tactic.tacticSeq1Indented took 0.0126ms
tactic execution of Lean.Parser.Tactic.tacticSeq took 0.00403ms
tactic execution of Lean.Parser.Tactic.paren took 0.00478ms
tactic execution of Lean.Parser.Tactic.rwSeq took 0.0122ms
tactic execution of Lean.Parser.Tactic.tacticSeq1Indented took 0.00682ms
tactic execution of Lean.Parser.Tactic.tacticSeq took 0.00917ms
instantiate metavars took 0.00408ms
instantiate metavars took 0.00021ms
instantiate metavars took 0.000121ms
instantiate metavars took 0.00011ms
instantiate metavars took 0.00011ms
share common exprs took 0.0512ms
fix level params took 0.0087ms
let-to-have transformation took 0.00361ms
attribute application took 0.00132ms
attribute application took 0.000651ms
process pre-definitions took 0.0842ms
elaboration took 0.248ms
type checking took 0.46ms
overlappingInstancesLinter took 0.0793ms
tacticAnalysis took 0.462ms
linting took 2.83ms
attribute application took 0.00134ms
typeclass inference of OfNat took 0.131ms
typeclass inference of OfNat took 0.0419ms
typeclass inference of OfNat took 0.037ms
typeclass inference of HPow took 0.359ms
typeclass inference of LT took 0.0266ms
typeclass inference of OfNat took 0.0609ms
typeclass inference of OfNat took 1.03ms
typeclass inference of CategoryTheory.CartesianMonoidalCategory took 0.0888ms
typeclass inference of CategoryTheory.CartesianMonoidalCategory took 0.00463ms
typeclass inference of HPow took 2.15ms
typeclass inference of OfNat took 0.0789ms
typeclass inference of OfNat took 0.0395ms
typeclass inference of HPow took 0.0354ms
typeclass inference of OfNat took 0.00332ms
instantiate metavars took 0.00363ms
instantiate metavars took 0.00021ms
let-to-have transformation took 0.0046ms
attribute application took 0.00105ms
attribute application took 0.000501ms
elaboration took 1.17ms
typeclass inference of OfNat took 1.1ms
typeclass inference of OfNat took 0.0943ms
typeclass inference of OfNat took 0.0556ms
typeclass inference of HPow took 0.296ms
typeclass inference of CoeT took 0.925ms
typeclass inference of OfNat took 0.0435ms
typeclass inference of CategoryTheory.CartesianMonoidalCategory took 0.0527ms
typeclass inference of CategoryTheory.CartesianMonoidalCategory took 0.00442ms
typeclass inference of HPow took 1.92ms
tactic execution of Lean.Parser.Tactic.refine took 1.12ms
congr simp thm took 0.0416ms
congr simp thm took 0.0327ms
congr simp thm took 0.0224ms
congr simp thm took 0.000561ms
typeclass inference of NatCast took 0.124ms
typeclass inference of NatCast took 0.0424ms
typeclass inference of FunLike took 1.52ms
typeclass inference of One took 0.61ms
typeclass inference of SMul took 0.479ms
typeclass inference of SMul took 0.73ms
typeclass inference of IsSMulApply took 0.0485ms
congr simp thm took 0.0403ms
congr simp thm took 0.000391ms
typeclass inference of Semiring took 0.675ms
congr simp thm took 0.000852ms
congr simp thm took 0.00034ms
typeclass inference of Nat.AtLeastTwo took 0.171ms
congr simp thm took 0.000681ms
congr simp thm took 0.000481ms
simp took 1.91ms
simp took 0.00449ms
tactic execution of Lean.Parser.Tactic.pushCast took 0.0947ms
tactic execution of Lean.Parser.Tactic.exact took 0.107ms
tactic execution of Lean.Parser.Tactic.exact took 0.082ms
tactic execution of Lean.Parser.Tactic.eqRefl took 0.536ms
tactic execution of Lean.Parser.Tactic.tacticRfl took 0.0512ms
tactic exeparsing took 2.89ms
cution of Lean.Parser.Tactic.tacticSeq1Indented took 0.0142ms
tactic execution of Lean.Parser.Tactic.tacticSeq took 0.00585ms
tactic execution of Lean.Parser.Tactic.paren took 0.00615ms
tactic execution of Lean.Parser.Tactic.withAnnotateState took 0.0083ms
tactic execution of Lean.Parser.Tactic.tacticSeq1Indented took 0.00609ms
tactic execution of Lean.Parser.Tactic.tacticSeq took 0.00463ms
tactic execution of Lean.Parser.Tactic.case took 0.0788ms
tactic execution of Lean.Parser.Tactic.tacticSeq1Indented took 0.0325ms
tactic execution of Lean.Parser.Tactic.tacticSeq took 0.00916ms
tactic execution of Lean.Parser.Tactic.focus took 0.0155ms
tactic execution of Lean.Parser.Tactic.tacticHave__ took 0.0274ms
tactic execution of Lean.Parser.Tactic.rewriteSeq took 0.197ms
tactic execution of Lean.Parser.Tactic.exact took 0.123ms
tactic execution of Lean.Parser.Tactic.exact took 0.0855ms
tactic execution of Lean.Parser.Tactic.eqRefl took 0.0286ms
tactic execution of Lean.Parser.Tactic.applyRfl took 0.0227ms
tactic execution of Lean.Parser.Tactic.tacticRfl took 0.0363ms
tactic execution of Lean.Parser.Tactic.tacticSeq1Indented took 0.0141ms
tactic execution of Lean.Parser.Tactic.tacticSeq took 0.00403ms
tactic execution of Lean.Parser.Tactic.withReducible took 0.00788ms
tactic execution of Lean.Parser.Tactic.tacticSeq1Indented took 0.00364ms
tactic execution of Lean.Parser.Tactic.tacticSeq took 0.00278ms
tactic execution of Lean.Parser.Tactic.paren took 0.00357ms
tactic execution of Lean.Parser.Tactic.tacticSeq1Indented took 0.00434ms
tactic execution of Lean.Parser.Tactic.tacticSeq took 0.00302ms
tactic execution of Lean.Parser.Tactic.skip took 0.00557ms
tactic execution of Lean.Parser.Tactic.tacticSeq1Indented took 0.00315ms
tactic execution of Lean.Parser.Tactic.tacticSeq took 0.00303ms
tactic execution of Lean.Parser.Tactic.first took 0.0219ms
tactic execution of Lean.Parser.Tactic.tacticTry_ took 0.0114ms
tactic execution of Lean.Parser.Tactic.tacticSeq1Indented took 0.00423ms
tactic execution of Lean.Parser.Tactic.tacticSeq took 0.0026ms
tactic execution of Lean.Parser.Tactic.paren took 0.00294ms
tactic execution of Lean.Parser.Tactic.withAnnotateState took 0.0136ms
tactic execution of Lean.Parser.Tactic.tacticSeq1Indented took 0.0102ms
tactic execution of Lean.Parser.Tactic.tacticSeq took 0.00398ms
tactic execution of Lean.Parser.Tactic.paren took 0.0057ms
tactic execution of Lean.Parser.Tactic.rwSeq took 0.0407ms
tactic execution of Lean.Parser.Tactic.exact took 0.256ms
tactic execution of Lean.Parser.Tactic.tacticSeq1Indented took 0.0272ms
tactic execution of Lean.Parser.Tactic.tacticSeq took 0.0249ms
instantiate metavars took 0.0173ms
instantiate metavars took 0.000501ms
instantiate metavars took 0.000141ms
instantiate metavars took 0.00016ms
instantiate metavars took 0.00011ms
share common exprs took 0.0803ms
fix level params took 0.0161ms
let-to-have transformation took 0.00806ms
attribute application took 0.00368ms
attribute application took 0.000632ms
process pre-definitions took 0.184ms
elaboration took 0.494ms
type checking took 1.62ms
overlappingInstancesLinter took 0.343ms
tacticAnalysis took 1.76ms
linting took 6.51ms
attribute application took 0.00161ms
typeclass inference of OfNat took 0.059ms
typeclass inference of OfNat took 0.036ms
typeclass inference of HSub took 0.872ms
typeclass inference of HMul took 0.855ms
typeclass inference of HMul took 0.832ms
typeclass inference of HSub took 1.45ms
typeclass inference of OfNat took 0.876ms
typeclass inference of OfNat took 0.0906ms
typeclass inference of OfNat took 0.0409ms
typeclass inference of OfNat took 0.0399ms
typeclass inference of OfNat took 0.0315ms
typeclass inference of OfNat took 0.0292ms
typeclass inference of HSub took 0.0044ms
typeclass inference of HSub took 0.00238ms
typeclass inference of HMul took 0.00251ms
typeclass inference of HSub took 0.0364ms
typeclass inference of CategoryTheory.CartesianMonoidalCategory took 0.0522ms
typeclass inference of CategoryTheory.CartesianMonoidalCategory took 0.00429ms
typeclass inference of HPow took 2.17ms
typarsing took 1.01ms
parsing took 0.0306ms
parsing took 0.0492ms
peclass inference of HMul took 0.0372ms
typeclass inference of HSub took 0.0289ms
typeclass inference of OfNat took 1.25ms
typeclass inference of OfNat took 0.00927ms
typeclass inference of OfNat took 0.154ms
typeclass inference of OfNat took 0.0863ms
typeclass inference of HPow took 0.282ms
typeclass inference of LE took 0.0381ms
typeclass inference of OfNat took 0.0451ms
typeclass inference of OfNat took 0.0557ms
typeclass inference of OfNat took 0.0406ms
typeclass inference of HPow took 0.0399ms
typeclass inference of LT took 0.0374ms
typeclass inference of OfNat took 0.0028ms
typeclass inference of OfNat took 0.0882ms
typeclass inference of OfNat took 0.101ms
typeclass inference of HPow took 0.0577ms
typeclass inference of LT took 0.00389ms
typeclass inference of OfNat took 0.00355ms
typeclass inference of OfNat took 0.0717ms
typeclass inference of OfNat took 0.0653ms
typeclass inference of HPow took 0.0691ms
typeclass inference of LT took 0.00407ms
typeclass inference of OfNat took 0.00328ms
typeclass inference of OfNat took 0.0742ms
typeclass inference of OfNat took 0.062ms
typeclass inference of HAdd took 0.204ms
typeclass inference of HAdd took 0.219ms
typeclass inference of OfNat took 0.0627ms
typeclass inference of OfNat took 0.0421ms
typeclass inference of HPow took 0.0429ms
typeclass inference of LT took 0.00284ms
typeclass inference of OfNat took 0.0026ms
typeclass inference of OfNat took 0.108ms
typeclass inference of OfNat took 0.0745ms
typeclass inference of HAdd took 0.00546ms
typeclass inference of HAdd took 0.0363ms
typeclass inference of OfNat took 0.0452ms
typeclass inference of OfNat took 0.0558ms
typeclass inference of HPow took 0.0361ms
typeclass inference of LT took 0.00266ms
typeclass inference of OfNat took 0.00262ms
typeclass inference of OfNat took 0.0567ms
typeclass inference of OfNat took 0.0445ms
typeclass inference of HMul took 0.164ms
typeclass inference of HAdd took 0.00394ms
typeclass inference of HMul took 0.00212ms
typeclass inference of HMul took 0.169ms
typeclass inference of HPow took 0.0324ms
typeclass inference of HMul took 0.0342ms
typeclass inference of HAdd took 0.0308ms
typeclass inference of OfNat took 0.0027ms
instantiate metavars took 0.0794ms
instantiate metavars took 0.00018ms
let-to-have transformation took 0.0155ms
attribute application took 0.00164ms
attribute application took 0.000531ms
elaboration took 6.19ms
typeclass inference of HMul took 1.74ms
typeclass inference of HMul took 0.971ms
tactic execution of Lean.Parser.Tactic.refine took 0.69ms
typeclass inference of Add took 0.826ms
typeclass inference of AddRightCancelSemigroup took 1.21ms
typeclass inference of IsRightCancelAdd took 32.3ms
typeclass inference of AddGroup took 0.533ms
typeclass inference of CommSemiring took 0.439ms
typeclass inference of CommRing took 0.214ms
typeclass inference of Semifield took 0.756ms
typeclass inference of Field took 0.448ms
typeclass inference of Field took 0.00502ms
typeclass inference of Field took 0.00293ms
typeclass inference of Field took 0.00339ms
typeclass inference of Field took 0.00167ms
typeclass inference of Field took 0.0015ms
typeclass inference of Field took 0.00146ms
typeclass inference of Field took 0.00136ms
typeclass inference of Field took 0.00106ms
typeclass inference of Field took 0.00102ms
typeclass inference of Field took 0.00105ms
typeclass inference of Field took 0.00123ms
typeclass inference of Field took 0.00218ms
typeclass inference of Field took 0.00143ms
typeclass inference of Field took 0.00131ms
typeclass inference of Field took 0.00409ms
typeclass inference of Field took 0.00107ms
typeclass inference of Field took 0.00105ms
typeclass inference of Field took 0.00104ms
typeclass inference of Field took 0.00105ms
typeclass inference of Field took 0.00204ms
typeclass inference of Field took 0.0012ms
typeclass inference of Field took 0.00171ms
typeclass inference of Field took 0.00117ms
typeclass inference of Field took 0.00118ms
typeclass inference of Field took 0.00102ms
typeclass inference of Field took 0.00111ms
typeclass inference of Field took 0.00244ms
typeclass inference of Field took 0.00144ms
typeclass inference of Field took 0.00107ms
typeclass inference of Semiring took 0.804ms
typeclass inference of RCLike took 0.0111ms
typeclass inference of RCLike took 0.00207ms
typeclass inference of RCLike took 0.00156ms
typeclass inference of RCLike took 0.00279ms
typeclass inference of RCLike took 0.00154ms
typeclass inference of RCLike took 0.00126ms
typeclass inference of RCLike took 0.00124ms
typeclass inference of RCLike took 0.00118ms
typeclass inference of RCLike took 0.00113ms
typeclass inference of RCLike took 0.00113ms
typeclass inference of RCLike took 0.00124ms
typeclass inference of RCLike took 0.00105ms
typeclass inference of RCLike took 0.00201ms
typeclass inference of RCLike took 0.00126ms
typeclass inference of RCLike took 0.00118ms
typeclass inference of RCLike took 0.00114ms
typeclass inference of RCLike took 0.00116ms
typeclass inference of RCLike took 0.00122ms
typeclass inference of RCLike took 0.00107ms
typeclass inference of RCLike took 0.00104ms
typeclass inference of RCLike took 0.00203ms
typeclass inference of RCLike took 0.00135ms
typeclass inference of RCLike took 0.00123ms
typeclass inference of RCLike took 0.00222ms
typeclass inference of RCLike took 0.00113ms
typeclass inference of RCLike took 0.00119ms
typeclass inference of RCLike took 0.00101ms
typeclass inference of RCLike took 0.00158ms
typeclass inference of RCLike took 0.00114ms
typeclass inference of RCLike took 0.00126ms
typeclass inference of Semiring took 0.00415ms
typeclass inference of NonAssocRing took 0.212ms
typeclass inference of Field took 0.00336ms
typeclass inference of Field took 0.00244ms
typeclass inference of Field took 0.00206ms
typeclass inference of Field took 0.00143ms
typeclass inference of Field took 0.00158ms
typeclass inference of Field took 0.00118ms
typeclass inference of Field took 0.00155ms
typeclass inference of Field took 0.00125ms
typeclass inference of Field took 0.00121ms
typeclass inference of Field took 0.00242ms
typeclass inference of Field took 0.00217ms
typeclass inference of Field took 0.00218ms
typeclass inference of Field took 0.00115ms
typeclass inference of Field took 0.00227ms
typeclass inference of Field took 0.00124ms
typeclass inference of Field took 0.00144ms
typeclass inference of Field took 0.00127ms
typeclass inference of Field took 0.00113ms
typeclass inference of Field took 0.00122ms
typeclass inference of Field took 0.00113ms
typeclass inference of Field took 0.00122ms
typeclass inference of Field took 0.00111ms
typeclass inference of Field took 0.00188ms
typeclass inference of Field took 0.00138ms
typeclass inference of Field took 0.00124ms
typeclass inference of Field took 0.00117ms
typeclass inference of Field took 0.00125ms
typeclass inference of Field took 0.0012ms
typeclass inference of Field took 0.00116ms
typeclass inference of Field took 0.00106ms
typeclass inference of Field took 0.00266ms
typeclass inference of Field took 0.00124ms
typeclass inference of Field took 0.00114ms
typeclass inference of Field took 0.00121ms
typeclass inference of Field took 0.00113ms
typeclass inference of Field took 0.00118ms
typeclass inference of Field took 0.00104ms
typeclass inference of Field took 0.00248ms
typeclass inference of Field took 0.00131ms
typeclass inference of Field took 0.00128ms
typeclass inference of Field took 0.00139ms
typeclass inference of Field took 0.00113ms
typeclass inference of Field took 0.00184ms
typeclass inference of Field took 0.00116ms
typeclass inference of Field took 0.00132ms
typeclass inference of Field took 0.00102ms
typeclass inference of Field took 0.00166ms
typeclass inference of Field took 0.00124ms
typeclass inference of Field took 0.00119ms
typeclass inference of Field took 0.00262ms
typeclass inference of Field took 0.00212ms
typeclass inference of Field took 0.00231ms
typeclass inference of Field took 0.00186ms
typeclass inference of Field took 0.00182ms
typeclass inference of Field took 0.00123ms
typeclass inference of Field took 0.00129ms
typeclass inference of Field took 0.00119ms
typeclass inference of Field took 0.00115ms
typeclass inference of Field took 0.00112ms
typeclass inference of Field took 0.00139ms
typeclass inference of Field took 0.00262ms
typeclass inference of Field took 0.00149ms
typeclass inference of Field took 0.00144ms
typeclass inference of Field took 0.00135ms
typeclass inference of Field took 0.00121ms
typeclass inference of Field took 0.00184ms
typeclass inference of Field took 0.00132ms
typeclass inference of Field took 0.00133ms
typeclass inference of Field took 0.0013ms
typeclass inference of Field took 0.00166ms
typeclass inference of Field took 0.0014ms
typeclass inference of Field took 0.00129ms
typeclass inference of Semiring took 0.00611ms
typeclass inference of CharZero took 21.8ms
norm_num took 0.0297ms
norm_num took 0.00432ms
typeclass inference of AddMonoidWithOne took 0.697ms
norm_num took 0.55ms
norm_num took 0.00697ms
norm_num took 0.00425ms
norm_num took 0.00317ms
norm_num took 0.00279ms
typeclass inference of AddMonoidWithOne took 0.00545ms
norm_num took 0.292ms
ring took 2.59ms
tactic execution of Mathlib.Tactic.LinearCombination.linearCombination took 12.5ms
tactic execution of Lean.Parser.Tactic.tacticSeq1Indented took 0.0124ms
tactic execution of Lean.Parser.Tactic.tacticSeq took 0.009ms
tactic execution of Lean.Parser.Tactic.paren took 0.012ms
tactic execution of Lean.Parser.Tactic.withAnnotateState took 0.0132ms
tactic execution of Lean.Parser.Tactic.tacticSeq1Indented took 0.00987ms
tactic execution of Lean.Parser.Tactic.tacticSeq took 0.0101ms
tactic execution of Lean.Parser.Tactic.case took 0.129ms
tactic execution of Lean.Parser.Tactic.tacticSeq1Indented took 0.0256ms
tactic execution of Lean.Parser.Tactic.tacticSeq took 0.0129ms
tactic execution of Lean.Parser.Tactic.focus took 0.0159ms
tactic execution of Lean.Parser.Tactic.tacticHave__ took 0.03ms
typeclass inference of OfNat took 0.186ms
typeclass inference of OfNat took 0.0485ms
typeclass inference of HAdd took 0.983ms
typeclass inference of HMul took 0.889ms
typeclass inference of CategoryTheory.CartesianMonoidalCategory took 0.0524ms
typeclass inference of CategoryTheory.CartesianMonoidalCategory took 0.00537ms
typeclass inference of HPow took 2.01ms
typeclass inference of HMul took 1.06ms
typeclass inference of HAdd took 0.888ms
typeclass inference of OfNat took 0.942ms
tactic execution of Lean.Parser.Tactic.refine took 1ms
typeclass inference of Add took 0.825ms
typeclass inference of AddRightCancelSemigroup took 0.711ms
typeclass inference of IsRightCancelAdd took 3.1ms
typeclass inference of AddGroup took 0.527ms
typeclass inference of CommSemiring took 0.429ms
typeclass inference of CommRing took 0.0389ms
typeclass inference of Semifield took 0.295ms
typeclass inference of Field took 0.275ms
typeclass inference of Field took 0.00219ms
typeclass inference of Field took 0.00237ms
typeclass inference of Field took 0.00283ms
typeclass inference of Field took 0.00126ms
typeclass inference of Field took 0.00156ms
typeclass inference of Field took 0.00116ms
typeclass inference of Field took 0.00283ms
typeclass inference of Field took 0.00188ms
typeclass inference of Field took 0.00264ms
typeclass inference of Field took 0.00131ms
typeclass inference of Field took 0.00106ms
typeclass inference of Field took 0.00292ms
typeclass inference of Field took 0.00154ms
typeclass inference of Field took 0.0015ms
typeclass inference of Field took 0.00149ms
typeclass inference of Field took 0.00126ms
typeclass inference of Field took 0.00129ms
typeclass inference of Field took 0.00139ms
typeclass inference of Field took 0.00138ms
typeclass inference of Field took 0.00324ms
typeclass inference of Field took 0.00176ms
typeclass inference of Field took 0.00155ms
typeclass inference of Field took 0.00128ms
typeclass inference of Field took 0.00109ms
typeclass inference of Field took 0.00147ms
typeclass inference of Field took 0.000992ms
typeclass inference of Field took 0.00193ms
typeclass inference of Field took 0.00124ms
typeclass inference of Field took 0.0011ms
typeclass inference of Semiring took 0.832ms
typeclass inference of RCLike took 0.0184ms
typeclass inference of RCLike took 0.00291ms
typeclass inference of RCLike took 0.00225ms
typeclass inference of RCLike took 0.00577ms
typeclass inference of RCLike took 0.00178ms
typeclass inference of RCLike took 0.0013ms
typeclass inference of RCLike took 0.00137ms
typeclass inference of RCLike took 0.00185ms
typeclass inference of RCLike took 0.00112ms
typeclass inference of RCLike took 0.00109ms
typeclass inference of RCLike took 0.00169ms
typeclass inference of RCLike took 0.00129ms
typeclass inference of RCLike took 0.00208ms
typeclass inference of RCLike took 0.00123ms
typeclass inference of RCLike took 0.00153ms
typeclass inference of RCLike took 0.00158ms
typeclass inference of RCLike took 0.00112ms
typeclass inference of RCLike took 0.00105ms
typeclass inference of RCLike took 0.00102ms
typeclass inference of RCLike took 0.00107ms
typeclass inference of RCLike took 0.00219ms
typeclass inference of RCLike took 0.00124ms
typeclass inference of RCLike took 0.0012ms
typeclass inference of RCLike took 0.0019ms
typeclass inference of RCLike took 0.00331ms
typeclass inference of RCLike took 0.00184ms
typeclass inference of RCLike took 0.00117ms
typeclass inference of RCLike took 0.00149ms
typeclass inference of RCLike took 0.00116ms
typeclass inference of RCLike took 0.0012ms
typeclass inference of Semiring took 0.00825ms
typeclass inference of NonAssocRing took 0.293ms
typeclass inference of Field took 0.00444ms
typeclass inference of Field took 0.00227ms
typeclass inference of Field took 0.00298ms
typeclass inference of Field took 0.00175ms
typeclass inference of Field took 0.00152ms
typeclass inference of Field took 0.00119ms
typeclass inference of Field took 0.00129ms
typeclass inference of Field took 0.00109ms
typeclass inference of Field took 0.00123ms
typeclass inference of Field took 0.00202ms
typeclass inference of Field took 0.00145ms
typeclass inference of Field took 0.0013ms
typeclass inference of Field took 0.00101ms
typeclass inference of Field took 0.00335ms
typeclass inference of Field took 0.00145ms
typeclass inference of Field took 0.00133ms
typeclass inference of Field took 0.00158ms
typeclass inference of Field took 0.00134ms
typeclass inference of Field took 0.00145ms
typeclass inference of Field took 0.00153ms
typeclass inference of Field took 0.00126ms
typeclass inference of Field took 0.00121ms
typeclass inference of Field took 0.00297ms
typeclass inference of Field took 0.00136ms
typeclass inference of Field took 0.00118ms
typeclass inference of Field took 0.00125ms
typeclass inference of Field took 0.00109ms
typeclass inference of Field took 0.00134ms
typeclass inference of Field took 0.00109ms
typeclass inference of Field took 0.00274ms
typeclass inference of Field took 0.00215ms
typeclass inference of Field took 0.00123ms
typeclass inference of Field took 0.00131ms
typeclass inference of Field took 0.00173ms
typeclass inference of Field took 0.00191ms
typeclass inference of Field took 0.00127ms
typeclass inference of Field took 0.00106ms
typeclass inference of Field took 0.00282ms
typeclass inference of Field took 0.00134ms
typeclass inference of Field took 0.00142ms
typeclass inference of Field took 0.00117ms
typeclass inference of Field took 0.00105ms
typeclass inference of Field took 0.00175ms
typeclass inference of Field took 0.00114ms
typeclass inference of Field took 0.00126ms
typeclass inference of Field took 0.00109ms
typeclass inference of Field took 0.0023ms
typeclass inference of Field took 0.00146ms
typeclass inference of Field took 0.00129ms
typeclass inference of Field took 0.00169ms
typeclass inference of Field took 0.00123ms
typeclass inference of Field took 0.00153ms
typeclass inference of Field took 0.00167ms
typeclass inference of Field took 0.00225ms
typeclass inference of Field took 0.00204ms
typeclass inference of Field took 0.00136ms
typeclass inference of Field took 0.00124ms
typeclass inference of Field took 0.00151ms
typeclass inference of Field took 0.00107ms
typeclass inference of Field took 0.00117ms
typeclass inference of Field took 0.0026ms
typeclass inference of Field took 0.0013ms
typeclass inference of Field took 0.0012ms
typeclass inference of Field took 0.00108ms
typeclass inference of Field took 0.00113ms
typeclass inference of Field took 0.00911ms
typeclass inference of Field took 0.00423ms
typeclass inference of Field took 0.0044ms
typeclass inference of Field took 0.00144ms
typeclass inference of Field took 0.00199ms
typeclass inference of Field took 0.00125ms
typeclass inference of Field took 0.00131ms
typeclass inference of Semiring took 0.00672ms
typeclass inference of CharZero took 23.5ms
norm_num took 0.0819ms
typeclass inference of AddMonoidWithOne took 0.706ms
norm_num took 0.529ms
norm_num took 0.00728ms
typeclass inference of AddMonoidWithOne took 0.00513ms
norm_num took 0.138ms
norm_num took 0.00514ms
norm_num took 0.00513ms
norm_num took 0.00711ms
norm_num took 0.00323ms
typeclass inference of AddMonoidWithOne took 0.00414ms
norm_num took 0.104ms
norm_num took 0.00456ms
norm_num took 0.00338ms
typeclass inference of AddMonoidWithOne took 0.00443ms
norm_num took 0.246ms
ring took 2.27ms
tactic execution of Mathlib.Tactic.LinearCombination.linearCombination took 1.56ms
tactic execution of Lean.Parser.Tactic.tacticSeq1Indented took 0.00839ms
tactic execution of Lean.Parser.Tactic.tacticSeq took 0.00487ms
tactic execution of Lean.Parser.Tactic.paren took 0.00557ms
tactic execution of Lean.Parser.Tactic.withAnnotateState took 0.0106ms
tactic execution of Lean.Parser.Tactic.tacticSeq1Indented took 0.00596ms
tactic execution of Lean.Parser.Tactic.tacticSeq took 0.00541ms
tactic execution of Lean.Parser.Tactic.case took 0.0807ms
tactic execution of Lean.Parser.Tactic.tacticSeq1Indented took 0.026ms
tactic execution of Lean.Parser.Tactic.tacticSeq took 0.00621ms
tactic execution of Lean.Parser.Tactic.focus took 0.0115ms
tactic execution of Lean.Parser.Tactic.tacticHave__ took 0.0408ms
typeclass inference of OfNat took 0.139ms
typeclass inference of OfNat took 0.0466ms
typeclass inference of OfNat took 0.0434ms
typeclass inference of HPow took 0.331ms
typeclass inference of LT took 0.0319ms
typeclass inference of OfNat took 0.0389ms
typeclass inference of Preorder took 0.148ms
typeclass inference of Preorder took 0.0247ms
typeclass inference of Preorder took 0.0281ms
typeclass inference of AddMonoidWithOne took 0.0475ms
norm_num took 0.12ms
typeclass inference of AddMonoidWithOne took 0.00388ms
norm_num took 0.0437ms
typeclass inference of LT took 0.0259ms
typeclass inference of Semiring took 0.0253ms
typeclass inference of PartialOrder took 0.0296ms
typeclass inference of CommSemiring took 0.0294ms
typeclass inference of IsOrderedRing took 0.921ms
typeclass inference of CharZero took 0.0412ms
norm_num took 0.204ms
tactic execution of Mathlib.Tactic.normNum took 0.424ms
tactic execution of Lean.Parser.Tactic.tacticSeq1Indented took 0.00577ms
tactic execution of Lean.Parser.Tactic.tacticSeq took 0.00791ms
tactic execution of Lean.Parser.Tactic.refine took 2.4ms
tactic execution of Lean.Parser.Tactic.rotateRight took 0.00651ms
tactic execution of Lean.Parser.Tactic.tacticSeq1Indented took 0.00963ms
tactic execution of Lean.Parser.Tactic.tacticSeq took 0.00339ms
tactic execution of Lean.Parser.Tactic.paren took 0.00438ms
tactic execution of Lean.Parser.Tactic.tacticSeq1Indented took 0.0044ms
tactic execution of Lean.Parser.Tactic.tacticSeq took 0.00495ms
tactic execution of Lean.Parser.Tactic.focus took 0.00844ms
tactic execution of Lean.Parser.Tactic.tacticRefine_lift_ took 0.00877ms
tactic execution of Lean.Parser.Tactic.tacticHave__ took 0.67ms
typeclass inference of OfNat took 0.96ms
typeclass inference of CategoryTheory.CartesianMonoidalCategory took 0.0514ms
typeclass inference of CategoryTheory.CartesianMonoidalCategory took 0.00457ms
typeclass inference of HPow took 2.03ms
typeclass inference of OfNat took 0.097ms
typeclass inference of OfNat took 0.045ms
typeclass inference of HPow took 0.279ms
typeclass inference of OfNat took 0.0472ms
tactic execution of Lean.Parser.Tactic.refine took 0.908ms
tactic execution of Lean.Parser.Tactic.rotateRight took 0.00604ms
tactic execution of Lean.Parser.Tactic.tacticSeq1Indented took 0.015ms
tactic execution of Lean.Parser.Tactic.tacticSeq took 0.00644ms
tactic execution of Lean.Parser.Tactic.paren took 0.00507ms
tactic execution of Lean.Parser.Tactic.tacticSeq1Indented took 0.00521ms
tactic execution of Lean.Parser.Tactic.tacticSeq took 0.0055ms
tactic execution of Lean.Parser.Tactic.focus took 0.00715ms
tactic execution of Lean.Parser.Tactic.tacticRefine_lift_ took 0.00754ms
tactic execution of Lean.Parser.Tactic.tacticHave__ took 0.0184ms
typeclass inference of OfNat took 0.0653ms
typeclass inference of OfNat took 0.0489ms
typeclass inference of OfNat took 0.0437ms
typeclass inference of HMul took 0.164ms
typeclass inference of HPow took 0.0382ms
typeclass inference of HMul took 0.152ms
typeclass inference of LT took 0.0269ms
typeclass inference of OfNat took 0.00335ms
tactic execution of Lean.Parser.Tactic.refine took 0.581ms
typeclass inference of OfNat took 0.0848ms
typeclass inference of OfNat took 0.0485ms
typeclass inference of OfNat took 0.0502ms
typeclass inference of OfNat took 0.0541ms
typeclass inference of OfNat took 0.0544ms
typeclass inference of OfNat took 0.046ms
typeclass inference of OfNat took 0.0572ms
typeclass inference of HMul took 0.00537ms
typeclass inference of HMul took 0.00262ms
typeclass inference of HPow took 0.0353ms
typeclass inference of HMul took 0.0308ms
typeclass inference of HPow took 0.0373ms
typeclass inference of HPow took 0.0434ms
typeclass inference of HMul took 0.0592ms
typeclass inference of LT took 0.00725ms
typeclass inference of OfNat took 0.00321ms
typeclass inference of OfNat took 0.00188ms
typeclass inference of OfNat took 0.00178ms
typeclass inference of OfNat took 0.0598ms
typeclass inference of OfNat took 0.0492ms
typeclass inference of HAdd took 0.162ms
typeclass inference of HAdd took 0.139ms
typeclass inference of OfNat took 0.0459ms
typeclass inference of HPow took 0.0331ms
typeclass inference of OfNat took 0.00307ms
typeclass inference of Trans took 0.425ms
typeclass inference of LT took 0.00378ms
typeclass inference of Trans took 0.167ms
typeclass inference of LE took 0.203ms
typeclass inference of LE took 0.0673ms
typeclass inference of Zero took 0.115ms
typeclass inference of PartialOrder took 0.0431ms
typeclass inference of Ring took 1.02ms
typeclass inference of AddMonoidWithOne took 0.0384ms
norm_num took 0.264ms
typeclass inference of Semiring took 0.0302ms
typeclass inference of PartialOrder took 0.00261ms
typeclass inference of CommSemiring took 0.0227ms
typeclass inference of IsOrderedRing took 0.912ms
typeclass inference of Nontrivial took 0.0479ms
typeclass inference of Semiring took 0.00281ms
typeclass inference of IsStrictOrderedRing took 0.0299ms
tactic execution of Mathlib.Tactic.Positivity.positivity took 1.73ms
tactic execution of Lean.Parser.Tactic.tacticSeq1Indented took 0.00694ms
tactic execution of Lean.Parser.Tactic.tacticSeq took 0.00779ms
typeclass inference of Monoid took 0.253ms
typeclass inference of Monoid took 0.121ms
typeclass inference of Monoid took 0.0322ms
typeclass inference of Monoid took 0.0261ms
tactic execution of Lean.Parser.Tactic.rewriteSeq took 0.558ms
tactic execution of Lean.Parser.Tactic.exact took 0.108ms
tactic execution of Lean.Parser.Tactic.exact took 0.0923ms
tactic execution of Lean.Parser.Tactic.eqRefl took 0.146ms
tactic execution of Lean.Parser.Tactic.tacticRfl took 0.0443ms
tactic execution of Lean.Parser.Tactic.tacticSeq1Indented took 0.00667ms
tactic execution of Lean.Parser.Tactic.tacticSeq took 0.00666ms
tactic execution of Lean.Parser.Tactic.withReducible took 0.00528ms
tactic execution of Lean.Parser.Tactic.tacticSeq1Indented took 0.00593ms
tactic execution of Lean.Parser.Tactic.tacticSeq took 0.00416ms
tactic execution of Lean.Parser.Tactic.paren took 0.00382ms
tactic execution of Lean.Parser.Tactic.tacticSeq1Indented took 0.00495ms
tactic execution of Lean.Parser.Tactic.tacticSeq took 0.00708ms
tactic execution of Lean.Parser.Tactic.first took 0.006ms
tactic execution of Lean.Parser.Tactic.tacticTry_ took 0.00756ms
tactic execution of Lean.Parser.Tactic.tacticSeq1Indented took 0.00292ms
tactic execution of Lean.Parser.Tactic.tacticSeq took 0.00272ms
tactic execution of Lean.Parser.Tactic.paren took 0.00308ms
tactic execution of Lean.Parser.Tactic.withAnnotateState took 0.0157ms
tactic execution of Lean.Parser.Tactic.tacticSeq1Indented took 0.00797ms
tactic execution of Lean.Parser.Tactic.tacticSeq took 0.00269ms
tactic execution of Lean.Parser.Tactic.paren took 0.00295ms
tactic execution of Lean.Parser.Tactic.rwSeq took 0.00818ms
tactic execution of Lean.Parser.Tactic.tacticSeq1Indented took 0.00456ms
tactic execution of Lean.Parser.Tactic.tacticSeq took 0.00689ms
tactic execution of Lean.calcTactic took 4.42ms
tactic execution of Lean.Parser.Tactic.tacticSeq1Indented took 0.00571ms
tactic execution of Lean.Parser.Tactic.tacticSeq took 0.00381ms
tactic execution of Lean.Parser.Tactic.paren took 0.00366ms
tactic execution of Lean.Parser.Tactic.withAnnotateState took 0.0075ms
tactic execution of Lean.Parser.Tactic.tacticSeq1Indented took 0.0043ms
tactic execution of Lean.Parser.Tactic.tacticSeq took 0.00391ms
tactic execution of Lean.Parser.Tactic.case took 0.0487ms
tactic execution of Lean.Parser.Tactic.tacticSeq1Indented took 0.0125ms
tactic execution of Lean.Parser.Tactic.tacticSeq took 0.00423ms
tactic execution of Lean.Parser.Tactic.focus took 0.00608ms
tactic execution of Lean.Parser.Tactic.tacticHave__ took 0.149ms
typeclass inference of OfNat took 0.939ms
typeclass inference of HMul took 0.941ms
typeclass inference of CategoryTheory.CartesianMonoidalCategory took 0.0564ms
typeclass inference of CategoryTheory.CartesianMonoidalCategory took 0.00741ms
typeclass inference of HPow took 2.19ms
typeclass inference of HMul took 1.02ms
typeclass inference of OfNat took 0.153ms
typeclass inference of OfNat took 0.0577ms
typeclass inference of HMul took 0.202ms
typeclass inference of HPow took 0.528ms
typeclass inference of HMul took 0.178ms
typeclass inference of OfNat took 0.0585ms
tactic execution of Lean.Parser.Tactic.refine took 1.29ms
tactic execution of Lean.Parser.Tactic.rewriteSeq took 0.216ms
tactic execution of Lean.Parser.Tactic.exact took 0.147ms
tactic execution of Lean.Parser.Tactic.exact took 0.0963ms
tactic execution of Lean.Parser.Tactic.eqRefl took 0.0129ms
tactic execution of Lean.Parser.Tactic.applyRfl took 0.0278ms
tactic execution of Lean.Parser.Tactic.tacticRfl took 0.0581ms
tactic execution of Lean.Parser.Tactic.tacticSeq1Indented took 0.00687ms
tactic execution of Lean.Parser.Tactic.tacticSeq took 0.00506ms
tactic execution of Lean.Parser.Tactic.withReducible took 0.00706ms
tactic execution of Lean.Parser.Tactic.tacticSeq1Indented took 0.00498ms
tactic execution of Lean.Parser.Tactic.tacticSeq took 0.00339ms
tactic execution of Lean.Parser.Tactic.paren took 0.00429ms
tactic execution of Lean.Parser.Tactic.tacticSeq1Indented took 0.00462ms
tactic execution of Lean.Parser.Tactic.tacticSeq took 0.00512ms
tactic execution of Lean.Parser.Tactic.skip took 0.00335ms
tactic execution of Lean.Parser.Tactic.tacticSeq1Indented took 0.00411ms
tactic execution of Lean.Parser.Tactic.tacticSeq took 0.00416ms
tactic execution of Lean.Parser.Tactic.first took 0.00917ms
tactic execution of Lean.Parser.Tactic.tacticTry_ took 0.00966ms
tactic execution of Lean.Parser.Tactic.tacticSeq1Indented took 0.00475ms
tactic execution of Lean.Parser.Tactic.tacticSeq took 0.00371ms
tactic execution of Lean.Parser.Tactic.paren took 0.00369ms
tactic execution of Lean.Parser.Tactic.withAnnotateState took 1.05ms
tactic execution of Lean.Parser.Tactic.tacticSeq1Indented took 0.0237ms
tactic execution of Lean.Parser.Tactic.tacticSeq took 0.00566ms
tactic execution of Lean.Parser.Tactic.paren took 0.00574ms
tactic execution of Lean.Parser.Tactic.rwSeq took 0.0131ms
tactic execution of Lean.Parser.Tactic.exact took 0.0893ms
tactic execution of Lean.Parser.Tactic.tacticSeq1Indented took 0.0154ms
tactic execution of Lean.Parser.Tactic.tacticSeq took 0.0141ms
tactic execution of Lean.Parser.Tactic.rewriteSeq took 2.2ms
tactic execution of Lean.Parser.Tactic.exact took 0.132ms
tactic execution of Lean.Parser.Tactic.exact took 0.107ms
tactic execution of Lean.Parser.Tactic.eqRefl took 0.0136ms
tactic execution of Lean.Parser.Tactic.tacticRfl took 0.0429ms
tactic execution of Lean.Parser.Tactic.tacticSeq1Indented took 0.00401ms
tactic execution of Lean.Parser.Tactic.tacticSeq took 0.00335ms
tactic execution of Lean.Parser.Tactic.withReducible took 0.00423ms
tactic execution of Lean.Parser.Tactic.tacticSeq1Indented took 0.00374ms
tactic execution of Lean.Parser.Tactic.tacticSeq took 0.00267ms
tactic execution of Lean.Parser.Tactic.paren took 0.00291ms
tactic execution of Lean.Parser.Tactic.tacticSeq1Indented took 0.00341ms
tactic execution of Lean.Parser.Tactic.tacticSeq took 0.00284ms
tactic execution of Lean.Parser.Tactic.first took 0.00533ms
tactic execution of Lean.Parser.Tactic.tacticTry_ took 0.00807ms
tactic execution of Lean.Parser.Tactic.tacticSeq1Indented took 0.0037ms
tactic execution of Lean.Parser.Tactic.tacticSeq took 0.00429ms
tactic execution of Lean.Parser.Tactic.paren took 0.00445ms
tactic execution of Lean.Parser.Tactic.withAnnotateState took 0.015ms
tactic execution of Lean.Parser.Tactic.tacticSeq1Indented took 0.0183ms
tactic execution of Lean.Parser.Tactic.tacticSeq took 0.00725ms
tactic execution of Lean.Parser.Tactic.paren took 0.00638ms
tactic execution of Lean.Parser.Tactic.rwSeq took 0.0151ms
tactic execution of Lean.Parser.Tactic.tacticSeq1Indented took 0.00723ms
tactic execution of Lean.Parser.Tactic.tacticSeq took 0.00671ms
tactic execution of Lean.Parser.Tactic.paren took 0.00619ms
tactic execution of Lean.Parser.Tactic.withAnnotateState took 0.0106ms
tactic execution of Lean.Parser.Tactic.tacticSeq1Indented took 0.0097ms
tactic execution of Lean.Parser.Tactic.tacticSeq took 0.00866ms
tactic execution of Lean.Parser.Tactic.case took 0.34ms
tactic execution of Lean.Parser.Tactic.tacticSeq1Indented took 0.023ms
tactic execution of Lean.Parser.Tactic.tacticSeq took 0.005ms
tactic execution of Lean.Parser.Tactic.focus took 0.00742ms
tactic execution of Lean.Parser.Tactic.tacticHave__ took 0.0257ms
typeclass inference of OfNat took 0.185ms
typeclass inference of OfNat took 0.0583ms
typeclass inference of OfNat took 0.0649ms
typeclass inference of HAdd took 0.209ms
typeclass inference of HMul took 0.16ms
typeclass inference of HPow took 0.413ms
typeclass inference of HMul took 0.208ms
typeclass inference of HAdd took 0.178ms
typeclass inference of LT took 0.0346ms
typeclass inference of OfNat took 0.0649ms
tactic execution of Lean.Parser.Tactic.refine took 1.12ms
typeclass inference of OfNat took 0.122ms
typeclass inference of OfNat took 0.0664ms
typeclass inference of OfNat took 0.0471ms
typeclass inference of OfNat took 0.0393ms
typeclass inference of OfNat took 0.0542ms
typeclass inference of OfNat took 0.0575ms
typeclass inference of OfNat took 0.0485ms
typeclass inference of OfNat took 0.0351ms
typeclass inference of OfNat took 0.0369ms
typeclass inference of OfNat took 0.0338ms
typeclass inference of HAdd took 0.00557ms
typeclass inference of HMul took 0.00383ms
typeclass inference of HMul took 0.00255ms
typeclass inference of HPow took 0.0505ms
typeclass inference of HMul took 0.0333ms
typeclass inference of HPow took 0.0314ms
typeclass inference of HAdd took 0.0453ms
typeclass inference of HPow took 0.0402ms
typeclass inference of HPow took 0.0335ms
typeclass inference of HMul took 0.0315ms
typeclass inference of LE took 0.0436ms
typeclass inference of OfNat took 0.00427ms
typeclass inference of OfNat took 0.00196ms
typeclass inference of OfNat took 0.00202ms
typeclass inference of OfNat took 0.00194ms
tactic execution of Lean.Parser.Tactic.refine took 1.31ms
typeclass inference of OfNat took 0.0686ms
typeclass inference of OfNat took 0.0406ms
typeclass inference of OfNat took 0.0532ms
typeclass inference of OfNat took 0.0475ms
typeclass inference of OfNat took 0.0353ms
typeclass inference of HAdd took 0.0039ms
typeclass inference of HAdd took 0.0349ms
typeclass inference of HPow took 0.0339ms
typeclass inference of LE took 0.003ms
typeclass inference of OfNat took 0.0482ms
typeclass inference of OfNat took 0.00277ms
tactic execution of Lean.Parser.Tactic.refine took 0.761ms
tactic execution of Lean.Parser.Tactic.rotateRight took 0.00857ms
tactic execution of Lean.Parser.Tactic.tacticSeq1Indented took 0.0156ms
tactic execution of Lean.Parser.Tactic.tacticSeq took 0.00619ms
tactic execution of Lean.Parser.Tactic.paren took 0.00468ms
tactic execution of Lean.Parser.Tactic.tacticSeq1Indented took 0.00529ms
tactic execution of Lean.Parser.Tactic.tacticSeq took 0.00466ms
tactic execution of Lean.Parser.Tactic.focus took 0.0072ms
tactic execution of Lean.Parser.Tactic.tacticRefine_lift_ took 0.012ms
tactic execution of Lean.Parser.Tactic.tacticHave__ took 0.0145ms
typeclass inference of OfNat took 0.079ms
typeclass inference of OfNat took 0.0815ms
typeclass inference of OfNat took 0.0471ms
typeclass inference of OfNat took 0.0364ms
typeclass inference of OfNat took 0.0641ms
typeclass inference of OfNat took 0.0779ms
typeclass inference of OfNat took 0.0444ms
typeclass inference of OfNat took 0.0362ms
typeclass inference of OfNat took 0.037ms
typeclass inference of OfNat took 0.0331ms
typeclass inference of HAdd took 0.0055ms
typeclass inference of HMul took 0.0035ms
typeclass inference of HMul took 0.00248ms
typeclass inference of HAdd took 0.00248ms
typeclass inference of HPow took 0.038ms
typeclass inference of HMul took 0.0351ms
typeclass inference of HPow took 0.0325ms
typeclass inference of HAdd took 0.0407ms
typeclass inference of HPow took 0.0451ms
typeclass inference of HAdd took 0.0391ms
typeclass inference of HMul took 0.0318ms
typeclass inference of OfNat took 0.00436ms
typeclass inference of OfNat took 0.00237ms
typeclass inference of OfNat took 0.00207ms
typeclass inference of OfNat took 0.00253ms
typeclass inference of OfNat took 0.0835ms
typeclass inference of OfNat took 0.0566ms
typeclass inference of OfNat took 0.0433ms
typeclass inference of OfNat took 0.0326ms
typeclass inference of HMul took 0.00406ms
typeclass inference of HPow took 0.039ms
typeclass inference of HPow took 0.0353ms
typeclass inference of HMul took 0.0332ms
typeclass inference of LE took 0.00383ms
typeclass inference of OfNat took 0.00311ms
typeclass inference of OfNat took 0.00191ms
typeclass inference of Trans took 0.245ms
typeclass inference of CommSemiring took 0.0523ms
typeclass inference of CommRing took 0.682ms
typeclass inference of Semifield took 0.264ms
typeclass inference of CharZero took 1.05ms
typeclass inference of AddMonoidWithOne took 0.0372ms
norm_num took 0.257ms
norm_num took 0.0307ms
norm_num took 0.00613ms
typeclass inference of AddMonoidWithOne took 0.00439ms
norm_num took 0.091ms
norm_num took 0.00444ms
typeclass inference of AddMonoidWithOne took 0.00379ms
norm_num took 0.0856ms
norm_num took 0.00389ms
norm_num took 0.005ms
typeclass inference of AddMonoidWithOne took 0.00382ms
norm_num took 0.0808ms
ring took 1.92ms
tactic execution of Mathlib.Tactic.Ring.ring1 took 0.482ms
tactic execution of Lean.Parser.Tactic.tacticSeq1Indented took 0.00621ms
tactic execution of Lean.Parser.Tactic.tacticSeq took 0.00389ms
tactic execution of Lean.Parser.Tactic.first took 0.011ms
tactic execution of Mathlib.Tactic.RingNF.ring took 0.217ms
tactic execution of Lean.Parser.Tactic.tacticSeq1Indented took 0.00694ms
tactic execution of Lean.Parser.Tactic.tacticSeq took 0.0144ms
tactic execution of Lean.calcTactic took 3.96ms
tactic execution of Lean.Parser.Tactic.tacticSeq1Indented took 0.0118ms
tactic execution of Lean.Parser.Tactic.tacticSeq took 0.00596ms
tactic execution of Lean.Parser.Tactic.paren took 0.00616ms
tactic execution of Lean.Parser.Tactic.withAnnotateState took 0.00904ms
tactic execution of Lean.Parser.Tactic.tacticSeq1Indented took 0.0077ms
tactic execution of Lean.Parser.Tactic.tacticSeq took 0.00619ms
tactic execution of Lean.Parser.Tactic.case took 0.0521ms
tactic execution of Lean.Parser.Tactic.tacticSeq1Indented took 0.0161ms
tactic execution of Lean.Parser.Tactic.tacticSeq took 0.00494ms
tactic execution of Lean.Parser.Tactic.focus took 0.00833ms
tactic execution of Lean.Parser.Tactic.tacticHave__ took 0.0262ms
typeclass inference of OfNat took 0.106ms
typeclass inference of OfNat took 0.0554ms
typeclass inference of OfNat took 0.0441ms
typeclass inference of OfNat took 0.0361ms
typeclass inference of OfNat took 0.0499ms
typeclass inference of OfNat took 0.0499ms
typeclass inference of OfNat took 0.0339ms
typeclass inference of OfNat took 0.0309ms
typeclass inference of HAdd took 0.151ms
typeclass inference of HAdd took 0.14ms
typeclass inference of OfNat took 0.0483ms
typeclass inference of OfNat took 0.0358ms
typeclass inference of OfNat took 0.0327ms
typeclass inference of HPow took 0.0659ms
typeclass inference of HPow took 0.0524ms
typeclass inference of HMul took 0.0688ms
typeclass inference of HPow took 0.0526ms
typeclass inference of OfNat took 0.0504ms
typeclass inference of OfNat took 0.0395ms
typeclass inference of OfNat took 0.0367ms
typeclass inference of HPow took 0.0465ms
typeclass inference of HPow took 0.0437ms
typeclass inference of HMul took 0.0432ms
typeclass inference of HPow took 0.0444ms
typeclass inference of OfNat took 0.0405ms
typeclass inference of OfNat took 0.0333ms
typeclass inference of OfNat took 0.0344ms
typeclass inference of HPow took 0.046ms
typeclass inference of HPow took 0.0419ms
typeclass inference of HMul took 0.0433ms
typeclass inference of HPow took 0.0428ms
typeclass inference of OfNat took 0.0381ms
typeclass inference of OfNat took 0.032ms
typeclass inference of OfNat took 0.0311ms
typeclass inference of HPow took 0.0418ms
typeclass inference of HPow took 0.0411ms
typeclass inference of HMul took 0.0404ms
typeclass inference of HPow took 0.0407ms
typeclass inference of Pow took 0.24ms
typeclass inference of NPow took 0.263ms
typeclass inference of HomogeneousPow took 0.0139ms
typeclass inference of NatPow took 0.0344ms
typeclass inference of Pow took 0.103ms
typeclass inference of NPow took 0.137ms
typeclass inference of HomogeneousPow took 0.00184ms
typeclass inference of NatPow took 0.0261ms
typeclass inference of Mul took 0.274ms
typeclass inference of Pow took 0.104ms
typeclass inference of NPow took 0.132ms
typeclass inference of HomogeneousPow took 0.00182ms
typeclass inference of NatPow took 0.0261ms
typeclass inference of OfNat took 0.0511ms
typeclass inference of OfNat took 0.0347ms
typeclass inference of HPow took 0.291ms
typeclass inference of HPow took 0.0564ms
typeclass inference of HMul took 0.0618ms
typeclass inference of HPow took 0.0469ms
typeclass inference of OfNat took 0.0401ms
typeclass inference of OfNat took 0.0329ms
typeclass inference of HPow took 0.0442ms
typeclass inference of HMul took 0.05ms
typeclass inference of HPow took 0.0448ms
typeclass inference of OfNat took 0.0356ms
typeclass inference of OfNat took 0.0308ms
typeclass inference of HPow took 0.0419ms
typeclass inference of HMul took 0.0471ms
typeclass inference of HPow took 0.0445ms
typeclass inference of Pow took 0.0944ms
typeclass inference of NPow took 0.13ms
typeclass inference of HomogeneousPow took 0.00188ms
typeclass inference of NatPow took 0.0261ms
typeclass inference of Mul took 0.0313ms
typeclass inference of OfNat took 0.0476ms
typeclass inference of OfNat took 0.035ms
typeclass inference of HPow took 0.0509ms
typeclass inference of HPow took 0.0455ms
typeclass inference of OfNat took 0.0391ms
typeclass inference of OfNat took 0.0312ms
typeclass inference of HPow took 0.0439ms
typeclass inference of HPow took 0.0422ms
typeclass inference of Pow took 0.124ms
typeclass inference of OfNat took 0.0415ms
typeclass inference of OfNat took 0.0436ms
typeclass inference of HPow took 0.0519ms
typeclass inference of OfNat took 0.0366ms
typeclass inference of HPow took 0.0428ms
typeclass inference of OfNat took 0.0352ms
typeclass inference of HPow took 0.0432ms
typeclass inference of Pow took 0.00378ms
typeclass inference of OfNat took 0.00284ms
tactic execution of Lean.Parser.Tactic.refine took 2.12ms
typeclass inference of Monoid took 0.156ms
typeclass inference of Monoid took 0.0961ms
typeclass inference of Monoid took 0.0327ms
typeclass inference of Monoid took 0.0263ms
tactic execution of Lean.Parser.Tactic.rewriteSeq took 0.641ms
tactic execution of Lean.Parser.Tactic.exact took 0.155ms
tactic execution of Lean.Parser.Tactic.exact took 0.0949ms
tactic execution of Lean.Parser.Tactic.eqRefl took 0.164ms
tactic execution of Lean.Parser.Tactic.tacticRfl took 0.0612ms
tactic execution of Lean.Parser.Tactic.tacticSeq1Indented took 0.0143ms
tactic execution of Lean.Parser.Tactic.tacticSeq took 0.00431ms
tactic execution of Lean.Parser.Tactic.withReducible took 0.00741ms
tactic execution of Lean.Parser.Tactic.tacticSeq1Indented took 0.00404ms
tactic execution of Lean.Parser.Tactic.tacticSeq took 0.00366ms
tactic execution of Lean.Parser.Tactic.paren took 0.00377ms
tactic execution of Lean.Parser.Tactic.tacticSeq1Indented took 0.00392ms
tactic execution of Lean.Parser.Tactic.tacticSeq took 0.00363ms
tactic execution of Lean.Parser.Tactic.first took 0.00684ms
tactic execution of Lean.Parser.Tactic.tacticTry_ took 0.00968ms
tactic execution of Lean.Parser.Tactic.tacticSeq1Indented took 0.00366ms
tactic execution of Lean.Parser.Tactic.tacticSeq took 0.00329ms
tactic execution of Lean.Parser.Tactic.paren took 0.00521ms
tactic execution of Lean.Parser.Tactic.withAnnotateState took 0.027ms
tactic execution of Lean.Parser.Tactic.tacticSeq1Indented took 0.018ms
tactic execution of Lean.Parser.Tactic.tacticSeq took 0.00785ms
tactic execution of Lean.Parser.Tactic.paren took 0.00793ms
tactic execution of Lean.Parser.Tactic.rwSeq took 0.0184ms
tactic execution of Lean.Parser.Tactic.tacticSeq1Indented took 0.00648ms
tactic execution of Lean.Parser.Tactic.tacticSeq took 0.00583ms
tactic execution of Lean.Parser.Tactic.paren took 0.00427ms
tactic execution of Lean.Parser.Tactic.withAnnotateState took 0.00832ms
tactic execution of Lean.Parser.Tactic.tacticSeq1Indented took 0.00738ms
tactic execution of Lean.Parser.Tactic.tacticSeq took 0.00725ms
tactic execution of Lean.Parser.Tactic.case took 0.178ms
tactic execution of Lean.Parser.Tactic.tacticSeq1Indented took 0.0547ms
tactic execution of Lean.Parser.Tactic.tacticSeq took 0.0243ms
tactic execution of Lean.Parser.Tactic.focus took 0.0317ms
tactic execution of Lean.Parser.Tactic.tacticHave__ took 0.0437ms
typeclass inference of Decidable took 0.218ms
typeclass inference of LE took 0.0343ms
typeclass inference of LE took 0.00584ms
typeclass inference of LE took 0.00405ms
typeclass inference of LE took 0.00622ms
typeclass inference of Decidable took 0.14ms
typeclass inference of Decidable took 0.0036ms
instantiate metavars took 0.00125ms
tactic execution of Lean.Parser.Tactic.omega took 6.54ms
tactic execution of Lean.Parser.Tactic.tacticSeq1Indented took 0.021ms
tactic execution of Lean.Parser.Tactic.tacticSeq took 0.00498ms
tactic execution of Lean.Parser.Tactic.paren took 0.00508ms
tactic execution of Lean.Parser.Tactic.withAnnotateState took 0.00838ms
tactic execution of Lean.Parser.Tactic.tacticSeq1Indented took 0.00573ms
tactic execution of Lean.Parser.Tactic.tacticSeq took 0.00559ms
tactic execution of Lean.Parser.Tactic.case took 0.0653ms
tactic execution of Lean.Parser.Tactic.tacticSeq1Indented took 0.0238ms
tactic execution of Lean.Parser.Tactic.tacticSeq took 0.00567ms
tactic execution of Lean.Parser.Tactic.focus took 0.0089ms
tactic execution of Lean.Parser.Tactic.tacticHave__ took 0.0413ms
typeclass inference of OfNat took 1.18ms
typeclass inference of HAdd took 1.19ms
typeclass inference of HMul took 0.928ms
typeclass inference of CategoryTheory.CartesianMonoidalCategory took 0.0572ms
typeclass inference of CategoryTheory.CartesianMonoidalCategory took 0.00526ms
typeclass inference of HPow took 2.14ms
typeclass inference of HMul took 0.942ms
typeclass inference of HAdd took 0.966ms
typeclass inference of OfNat took 0.137ms
typeclass inference of OfNat took 0.08ms
typeclass inference of HAdd took 0.159ms
typeclass inference of HMul took 0.145ms
typeclass inference of HPow took 0.323ms
typeclass inference of HMul took 0.167ms
typeclass inference of HAdd took 0.154ms
typeclass inference of OfNat took 0.0454ms
tactic execution of Lean.Parser.Tactic.refine took 1.6ms
tactic execution of Lean.Parser.Tactic.rewriteSeq took 0.181ms
tactic execution of Lean.Parser.Tactic.exact took 0.131ms
tactic execution of Lean.Parser.Tactic.exact took 0.0945ms
tactic execution of Lean.Parser.Tactic.eqRefl took 0.00993ms
tactic execution of Lean.Parser.Tactic.applyRfl took 0.0293ms
tactic execution of Lean.Parser.Tactic.tacticRfl took 0.048ms
tactic execution of Lean.Parser.Tactic.tacticSeq1Indented took 0.00705ms
tactic execution of Lean.Parser.Tactic.tacticSeq took 0.00494ms
tactic execution of Lean.Parser.Tactic.withReducible took 0.00717ms
tactic execution of Lean.Parser.Tactic.tacticSeq1Indented took 0.00501ms
tactic execution of Lean.Parser.Tactic.tacticSeq took 0.00424ms
tactic execution of Lean.Parser.Tactic.paren took 0.00412ms
tactic execution of Lean.Parser.Tactic.tacticSeq1Indented took 0.00474ms
tactic execution of Lean.Parser.Tactic.tacticSeq took 0.0042ms
tactic execution of Lean.Parser.Tactic.skip took 0.00295ms
tactic execution of Lean.Parser.Tactic.tacticSeq1Indented took 0.00379ms
tactic execution of Lean.Parser.Tactic.tacticSeq took 0.0037ms
tactic execution of Lean.Parser.Tactic.first took 0.00936ms
tactic execution of Lean.Parser.Tactic.tacticTry_ took 0.00919ms
tactic execution of Lean.Parser.Tactic.tacticSeq1Indented took 0.0046ms
tactic execution of Lean.Parser.Tactic.tacticSeq took 0.00317ms
tactic execution of Lean.Parser.Tactic.paren took 0.00369ms
tactic execution of Lean.Parser.Tactic.withAnnotateState took 0.011ms
tactic execution of Lean.Parser.Tactic.tacticSeq1Indented took 0.0147ms
tactic execution of Lean.Parser.Tactic.tacticSeq took 0.00404ms
tactic execution of Lean.Parser.Tactic.paren took 0.00478ms
tactic execution of Lean.Parser.Tactic.rwSeq took 0.0103ms
tactic execution of Lean.Parser.Tactic.exact took 0.0499ms
tactic execution of Lean.Parser.Tactic.tacticSeq1Indented took 0.00961ms
tactic execution of Lean.Parser.Tactic.tacticSeq took 0.0114ms
tactic execution of Lean.Parser.Tactic.rewriteSeq took 3.35ms
tactic execution of Lean.Parser.Tactic.exact took 0.0963ms
tactic execution of Lean.Parser.Tactic.exact took 0.0811ms
tactic execution of Lean.Parser.Tactic.eqRefl took 0.0103ms
tactic execution of Lean.Parser.Tactic.tacticRfl took 0.028ms
tactic execution of Lean.Parser.Tactic.tacticSeq1Indented took 0.00389ms
tactic execution of Lean.Parser.Tactic.tacticSeq took 0.00628ms
tactic execution of Lean.Parser.Tactic.withReducible took 0.00322ms
tactic execution of Lean.Parser.Tactic.tacticSeq1Indented took 0.00313ms
tactic execution of Lean.Parser.Tactic.tacticSeq took 0.00241ms
tactic execution of Lean.Parser.Tactic.paren took 0.00246ms
tactic execution of Lean.Parser.Tactic.tacticSeq1Indented took 0.00302ms
tactic execution of Lean.Parser.Tactic.tacticSeq took 0.0027ms
tactic execution of Lean.Parser.Tactic.first took 0.00295ms
tactic execution of Lean.Parser.Tactic.tacticTry_ took 0.00465ms
tactic execution of Lean.Parser.Tactic.tacticSeq1Indented took 0.00299ms
tactic execution of Lean.Parser.Tactic.tacticSeq took 0.0028ms
tactic execution of Lean.Parser.Tactic.paren took 0.00288ms
tactic execution of Lean.Parser.Tactic.withAnnotateState took 0.0129ms
tactic execution of Lean.Parser.Tactic.tacticSeq1Indented took 0.0135ms
tactic execution of Lean.Parser.Tactic.tacticSeq took 0.00515ms
tactic execution of Lean.Parser.Tactic.paren took 0.00507ms
tactic execution of Lean.Parser.Tactic.rwSeq took 0.0165ms
tactic execution of Lean.Parser.Tactic.tacticSeq1Indented took 0.00551ms
tactic execution of Lean.Parser.Tactic.tacticSeq took 0.00453ms
tactic execution of Lean.Parser.Tactic.paren took 0.0047ms
tactic execution of Lean.Parser.Tactic.withAnnotateState took 0.0072ms
tactic execution of Lean.Parser.Tactic.tacticSeq1Indented took 0.00614ms
tactic execution of Lean.Parser.Tactic.tacticSeq took 0.0066ms
tactic execution of Lean.Parser.Tactic.case took 0.214ms
tactic execution of Lean.Parser.Tactic.tacticSeq1Indented took 0.0192ms
tactic execution of Lean.Parser.Tactic.tacticSeq took 0.00573ms
tactic execution of Lean.Parser.Tactic.focus took 0.00871ms
tactic execution of Lean.Parser.Tactic.tacticHave__ took 0.0323ms
typeclass inference of HMul took 0.182ms
typeclass inference of HMul took 0.165ms
typeclass inference of LT took 0.0308ms
tactic execution of Lean.Parser.Tactic.refine took 0.544ms
typeclass inference of OfNat took 0.122ms
typeclass inference of OfNat took 0.0527ms
typeclass inference of HMul took 0.00427ms
typeclass inference of HMul took 0.00241ms
typeclass inference of HMul took 0.0366ms
typeclass inference of HPow took 0.332ms
typeclass inference of HMul took 0.0335ms
typeclass inference of LE took 0.0329ms
typeclass inference of OfNat took 0.0423ms
typeclass inference of OfNat took 0.0861ms
typeclass inference of OfNat took 0.0571ms
typeclass inference of OfNat took 0.0475ms
typeclass inference of OfNat took 0.036ms
typeclass inference of HMul took 0.00404ms
typeclass inference of HPow took 0.0373ms
typeclass inference of HPow took 0.0372ms
typeclass inference of HMul took 0.0354ms
typeclass inference of LT took 0.00338ms
typeclass inference of OfNat took 0.00293ms
typeclass inference of OfNat took 0.00224ms
typeclass inference of Trans took 0.215ms
typeclass inference of OfNat took 0.0649ms
typeclass inference of OfNat took 0.0589ms
typeclass inference of HAdd took 0.166ms
typeclass inference of HAdd took 0.158ms
typeclass inference of OfNat took 0.0536ms
typeclass inference of HPow took 0.0372ms
typeclass inference of OfNat took 0.00364ms
typeclass inference of Trans took 0.287ms
typeclass inference of LT took 0.00383ms
typeclass inference of Trans took 0.179ms
typeclass inference of LE took 0.294ms
typeclass inference of LE took 0.0964ms
typeclass inference of Zero took 0.167ms
typeclass inference of PartialOrder took 0.0762ms
typeclass inference of Ring took 1.94ms
typeclass inference of AddMonoidWithOne took 0.0444ms
norm_num took 0.432ms
typeclass inference of Semiring took 0.0406ms
typeclass inference of PartialOrder took 0.00382ms
typeclass inference of CommSemiring took 0.0307ms
typeclass inference of IsOrderedRing took 1.18ms
typeclass inference of Nontrivial took 0.0499ms
typeclass inference of Semiring took 0.00286ms
typeclass inference of IsStrictOrderedRing took 0.0327ms
tactic execution of Mathlib.Tactic.Positivity.positivity took 1.43ms
tactic execution of Lean.Parser.Tactic.tacticSeq1Indented took 0.0124ms
tactic execution of Lean.Parser.Tactic.tacticSeq took 0.0242ms
typeclass inference of Monoid took 0.293ms
typeclass inference of Monoid took 0.0985ms
typeclass inference of Monoid took 0.0378ms
typeclass inference of Monoid took 0.0294ms
tactic execution of Lean.Parser.Tactic.rewriteSeq took 0.609ms
tactic execution of Lean.Parser.Tactic.exact took 0.114ms
tactic execution of Lean.Parser.Tactic.exact took 0.0982ms
tactic execution of Lean.Parser.Tactic.eqRefl took 0.145ms
tactic execution of Lean.Parser.Tactic.tacticRfl took 0.0465ms
tactic execution of Lean.Parser.Tactic.tacticSeq1Indented took 0.00553ms
tactic execution of Lean.Parser.Tactic.tacticSeq took 0.00312ms
tactic execution of Lean.Parser.Tactic.withReducible took 0.00657ms
tactic execution of Lean.Parser.Tactic.tacticSeq1Indented took 0.00363ms
tactic execution of Lean.Parser.Tactic.tacticSeq took 0.00313ms
tactic execution of Lean.Parser.Tactic.paren took 0.00394ms
tactic execution of Lean.Parser.Tactic.tacticSeq1Indented took 0.00422ms
tactic execution of Lean.Parser.Tactic.tacticSeq took 0.00304ms
tactic execution of Lean.Parser.Tactic.first took 0.00676ms
tactic execution of Lean.Parser.Tactic.tacticTry_ took 0.00836ms
tactic execution of Lean.Parser.Tactic.tacticSeq1Indented took 0.00305ms
tactic execution of Lean.Parser.Tactic.tacticSeq took 0.00286ms
tactic execution of Lean.Parser.Tactic.paren took 0.00374ms
tactic execution of Lean.Parser.Tactic.withAnnotateState took 0.0188ms
tactic execution of Lean.Parser.Tactic.tacticSeq1Indented took 0.0125ms
tactic execution of Lean.Parser.Tactic.tacticSeq took 0.0036ms
tactic execution of Lean.Parser.Tactic.paren took 0.00446ms
tactic execution of Lean.Parser.Tactic.rwSeq took 0.0132ms
tactic execution of Lean.Parser.Tactic.tacticSeq1Indented took 0.00713ms
tactic execution of Lean.Parser.Tactic.tacticSeq took 0.0174ms
tactic execution of Lean.calcTactic took 8.47ms
tactic execution of Lean.Parser.Tactic.tacticSeq1Indented took 0.00548ms
tactic execution of Lean.Parser.Tactic.tacticSeq took 0.00373ms
tactic execution of Lean.Parser.Tactic.paren took 0.00336ms
tactic execution of Lean.Parser.Tactic.withAnnotateState took 0.00433ms
tactic execution of Lean.Parser.Tactic.tacticSeq1Indented took 0.00548ms
tactic execution of Lean.Parser.Tactic.tacticSeq took 0.00873ms
tactic execution of Lean.Parser.Tactic.case took 0.0406ms
tactic execution of Lean.Parser.Tactic.tacticSeq1Indented took 0.0131ms
tactic execution of Lean.Parser.Tactic.tacticSeq took 0.00441ms
tactic execution of Lean.Parser.Tactic.focus took 0.00723ms
tactic execution of Lean.Parser.Tactic.tacticHave__ took 0.0324ms
typeclass inference of HMul took 1.38ms
typeclass inference of HMul took 1.01ms
typeclass inference of HMul took 0.154ms
typeclass inference of HMul took 0.168ms
tactic execution of Lean.Parser.Tactic.refine took 1.25ms
tactic execution of Lean.Parser.Tactic.rotateRight took 0.0115ms
tactic execution of Lean.Parser.Tactic.tacticSeq1Indented took 0.0195ms
tactic execution of Lean.Parser.Tactic.tacticSeq took 0.00788ms
tactic execution of Lean.Parser.Tactic.paren took 0.00634ms
tactic execution of Lean.Parser.Tactic.tacticSeq1Indented took 0.00756ms
tactic execution of Lean.Parser.Tactic.tacticSeq took 0.00731ms
tactic execution of Lean.Parser.Tactic.focus took 0.0106ms
tactic execution of Lean.Parser.Tactic.tacticRefine_lift_ took 0.0112ms
tactic execution of Lean.Parser.Tactic.tacticHave__ took 0.02ms
tactic execution of Lean.Parser.Tactic.rewriteSeq took 0.919ms
tactic execution of Lean.Parser.Tactic.exact took 0.135ms
tactic execution of Lean.Parser.Tactic.exact took 0.103ms
tactic execution of Lean.Parser.Tactic.eqRefl took 0.0202ms
tactic execution of Lean.Parser.Tactic.tacticRfl took 0.0595ms
tactic execution of Lean.Parser.Tactic.tacticSeq1Indented took 0.00674ms
tactic execution of Lean.Parser.Tactic.tacticSeq took 0.0035ms
tactic execution of Lean.Parser.Tactic.withReducible took 0.00802ms
tactic execution of Lean.Parser.Tactic.tacticSeq1Indented took 0.00372ms
tactic execution of Lean.Parser.Tactic.tacticSeq took 0.00382ms
tactic execution of Lean.Parser.Tactic.paren took 0.00259ms
tactic execution of Lean.Parser.Tactic.tacticSeq1Indented took 0.00346ms
tactic execution of Lean.Parser.Tactic.tacticSeq took 0.00325ms
tactic execution of Lean.Parser.Tactic.first took 0.008ms
tactic execution of Lean.Parser.Tactic.tacticTry_ took 0.00954ms
tactic execution of Lean.Parser.Tactic.tacticSeq1Indented took 0.00457ms
tactic execution of Lean.Parser.Tactic.tacticSeq took 0.00323ms
tactic execution of Lean.Parser.Tactic.paren took 0.00355ms
tactic execution of Lean.Parser.Tactic.withAnnotateState took 0.0238ms
tactic execution of Lean.Parser.Tactic.tacticSeq1Indented took 0.0128ms
tactic execution of Lean.Parser.Tactic.tacticSeq took 0.00393ms
tactic execution of Lean.Parser.Tactic.paren took 0.00527ms
tactic execution of Lean.Parser.Tactic.rwSeq took 0.0444ms
tactic execution of Lean.Parser.Tactic.tacticSeq1Indented took 0.0957ms
tactic execution of Lean.Parser.Tactic.tacticSeq took 0.0218ms
instantiate metavars took 0.614ms
instantiate metavars took 0.000621ms
instantiate metavars took 0.000241ms
instantiate metavars took 0.000371ms
instantiate metavars took 0.00012ms
share common exprs took 2.46ms
fix level params took 0.0993ms
let-to-have transformation took 0.0106ms
attribute application took 0.00357ms
attribute application took 0.000792ms
process pre-definitions took 1.52ms
elaboration took 3.13ms
type checking took 33ms
type checking took 7.85ms
overlappingInstancesLinter took 0.334ms
tacticAnalysis took 5.73ms
linting took 18.3ms
attribute application took 0.00197ms
typeclass inference of OfNat took 0.119ms
typeclass inference of OfNat took 0.0396ms
typeclass inference of HSub took 0.951ms
typeclass inference of HMul took 0.958ms
typeclass inference of HMul took 0.857ms
typeclass inference of HSub took 0.748ms
typeclass inference of OfNat took 0.966ms
typeclass inference of OfNat took 0.0934ms
typeclass inference of OfNat took 0.042ms
typeclass inference of OfNat took 0.0377ms
typeclass inference of OfNat took 0.0299ms
typeclass inference of OfNat took 0.0373ms
typeclass inference of OfNat took 0.0396ms
typeclass inference of OfNat took 0.0275ms
typeclass inference of OfNat took 0.028ms
typeclass inference of HSub took 0.00469ms
typeclass inference of HSub took 0.00231ms
typeclass inference of HMul took 0.00226ms
typeclass inference of HSub took 0.0359ms
typeclass inference of HPow took 0.166ms
typeclass inference of HMul took 0.0587ms
typeclass inference of HSub took 0.0481ms
typeclass inference of OfNat took 0.886ms
typeclass inference of OfNat took 0.0523ms
typeclass inference of OfNat took 0.00392ms
typeclass inference of HPow took 0.115ms
typeclass inference of HMul took 0.0525ms
typeclass inference of HSub took 0.046ms
typeclass inference of OfNat took 0.042ms
typeclass inference of HPow took 0.115ms
typeclass inference of HMul took 0.0684ms
typeclass inference of HSub took 0.0437ms
typeclass inference of OfNat took 0.0661ms
typeclass inference of OfNat took 0.0443ms
typeclass inference of OfNat took 0.0346ms
typeclass inference of OfNat took 0.0318ms
typeclass inference of HPow took 0.139ms
typeclass inference of LE took 0.0327ms
typeclass inference of OfNat took 0.0365ms
typeclass inference of OfNat took 0.05ms
typeclass inference of HPow took 0.165ms
typeclass inference of OfNat took 0.0716ms
typeclass inference of HPow took 0.17ms
typeclass inference of OfNat took 0.0645ms
typeclass inference of OfNat took 0.0435ms
typeclass inference of OfNat took 0.0478ms
typeclass inference of OfNat took 0.0329ms
typeclass inference of HPow took 0.148ms
typeclass inference of LT took 0.0349ms
typeclass inference of OfNat took 0.00375ms
typeclass inference of OfNat took 0.0772ms
typeclass inference of HPow took 0.126ms
typeclass inference of OfNat took 0.0443ms
typeclass inference of HPow took 0.11ms
typeclass inference of OfNat took 0.0615ms
typeclass inference of OfNat took 0.0443ms
typeclass inference of OfNat took 0.0346ms
typeclass inference of OfNat took 0.0309ms
typeclass inference of HPow took 0.146ms
typeclass inference of LT took 0.00393ms
typeclass inference of OfNat took 0.00262ms
typeclass inference of OfNat took 0.0553ms
typeclass inference of HPow took 0.119ms
typeclass inference of OfNat took 0.0417ms
typeclass inference of HPow took 0.111ms
typeclass inference of OfNat took 0.0632ms
typeclass inference of OfNat took 0.0432ms
typeclass inference of OfNat took 0.0684ms
typeclass inference of OfNat took 0.0319ms
typeclass inference of HPow took 0.178ms
typeclass inference of LT took 0.00479ms
typeclass inference of OfNat took 0.00409ms
typeclass inference of OfNat took 0.0697ms
typeclass inference of HPow took 0.125ms
typeclass inference of OfNat took 0.0391ms
typeclass inference of HPow took 0.109ms
typeclass inference of OfNat took 0.0593ms
typeclass inference of OfNat took 0.163ms
typeclass inference of OfNat took 0.13ms
typeclass inference of OfNat took 0.0881ms
typeclass inference of HMul took 0.313ms
typeclass inference of HAdd took 0.149ms
typeclass inference of HMul took 0.00307ms
typeclass inference of HMul took 0.152ms
typeclass inference of HPow took 0.168ms
typeclass inference of HMul took 0.0572ms
typeclass inference of HAdd took 0.0497ms
typeclass inference of OfNat took 0.00372ms
typeclass inference of OfNat took 0.0559ms
typeclass inference of HPow took 0.179ms
typeclass inference of HMul took 0.0711ms
typeclass inference of HAdd took 0.0453ms
typeclass inference of OfNat took 0.0436ms
typeclass inference of HPow took 0.108ms
typeclass inference of HMul took 0.0502ms
typeclass inference of HAdd took 0.0463ms
typeclass inference of OfNat took 0.0673ms
typeclass inference of HPow took 0.118ms
typeclass inference of HMul took 0.0592ms
typeclass inference of HSub took 0.0508ms
typeclass inference of OfNat took 0.0451ms
typeclass inference of HPow took 0.115ms
typeclass inference of OfNat took 0.0563ms
typeclass inference of HPow took 0.129ms
typeclass inference of OfNat took 0.0462ms
typeclass inference of HPow took 0.118ms
typeclass inference of OfNat took 0.0387ms
typeclass inference of HPow took 0.109ms
typeclass inference of OfNat took 0.0399ms
typeclass inference of HPow took 0.114ms
typeclass inference of HMul took 0.0536ms
typeclass inference of HAdd took 0.0497ms
typeclass inference of OfNat took 0.053ms
typeclass inference of HPow took 0.118ms
typeclass inference of HMul took 0.0658ms
typeclass inference of HSub took 0.0505ms
typeclass inference of OfNat took 0.0446ms
typeclass inference of HPow took 0.115ms
typeclass inference of OfNat took 0.0411ms
typeclass inference of HPow took 0.11ms
typeclass inference of OfNat took 0.0432ms
typeclass inference of HPow took 0.111ms
typeclass inference of OfNat took 0.0411ms
typeclass inference of HPow took 0.11ms
typeclass inference of OfNat took 0.0407ms
typeclass inference of HPow took 0.108ms
typeclass inference of HMul took 0.0519ms
typeclass inference of HAdd took 0.0542ms
typeclass inference of Pow took 0.0455ms
typeclass inference of CategoryTheory.CartesianMonoidalCategory took 0.0732ms
typeclass inference of CategoryTheory.CartesianMonoidalCategory took 0.00554ms
typeclass inference of NPow took 2.24ms
typeclass inference of OfNat took 0.0521ms
typeclass inference of HMul took 0.0447ms
typeclass inference of HSub took 0.0047ms
typeclass inference of OfNat took 0.0722ms
typeclass inference of HPow took 0.131ms
typeclass inference of OfNat took 0.0412ms
typeclass inference of HPow took 0.121ms
typeclass inference of OfNat took 0.0393ms
typeclass inference of HPow took 0.105ms
typeclass inference of OfNat took 0.0365ms
typeclass inference of HPow took 0.105ms
typeclass inference of OfNat took 0.0364ms
typeclass inference of HPow took 0.102ms
typeclass inference of HMul took 0.0536ms
typeclass inference of HAdd took 0.0458ms
typeclass inference of OfNat took 0.0392ms
typeclass inference of HPow took 0.102ms
typeclass inference of OfNat took 0.037ms
typeclass inference of HPow took 0.102ms
typeclass inference of OfNat took 0.0415ms
typeclass inference of HPow took 0.102ms
typeclass inference of OfNat took 0.0362ms
typeclass inference of HPow took 0.0994ms
typeclass inference of OfNat took 0.0358ms
typeclass inference of HPow took 0.0998ms
typeclass inference of HMul took 0.0503ms
typeclass inference of HAdd took 0.0441ms
typeclass inference of OfNat took 0.0372ms
typeclass inference of HPow took 0.109ms
typeclass inference of OfNat took 0.0626ms
typeclass inference of HPow took 0.125ms
typeclass inference of OfNat took 0.0363ms
typeclass inference of HPow took 0.123ms
typeclass inference of OfNat took 0.0355ms
typeclass inference of HPow took 0.101ms
typeclass inference of OfNat took 0.0367ms
typeclass inference of HPow took 0.0992ms
typeclass inference of HMul took 0.0488ms
typeclass inference of HAdd took 0.0432ms
typeclass inference of Pow took 0.0382ms
typeclass inference of NPow took 0.0936ms
typeclass inference of OfNat took 0.0395ms
typeclass inference of OfNat took 0.044ms
typeclass inference of HPow took 0.134ms
typeclass inference of OfNat took 0.0427ms
typeclass inference of HPow took 0.141ms
typeclass inference of OfNat took 0.0408ms
typeclass inference of HPow took 0.107ms
typeclass inference of OfNat took 0.0392ms
typeclass inference of HPow took 0.111ms
typeclass inference of HMul took 0.0531ms
typeclass inference of HAdd took 0.0486ms
typeclass inference of OfNat took 0.0486ms
typeclass inference of HPow took 0.12ms
typeclass inference of OfNat took 0.0416ms
typeclass inference of HPow took 0.107ms
typeclass inference of OfNat took 0.039ms
typeclass inference of HPow took 0.116ms
typeclass inference of OfNat took 0.0401ms
typeclass inference of HPow took 0.109ms
typeclass inference of HMul took 0.0625ms
typeclass inference of HAdd took 0.0481ms
typeclass inference of OfNat took 0.0434ms
typeclass inference of HPow took 0.118ms
typeclass inference of OfNat took 0.0384ms
typeclass inference of HPow took 0.107ms
typeclass inference of OfNat took 0.0388ms
typeclass inference of HPow took 0.107ms
typeclass inference of OfNat took 0.0499ms
typeclass inference of HPow took 0.132ms
typeclass inference of HMul took 0.0522ms
typeclass inference of HAdd took 0.0463ms
typeclass inference of Pow took 0.0398ms
typeclass inference of NPow took 0.00341ms
typeclass inference of OfNat took 0.00358ms
typeclass inference of OfNat took 0.0613ms
typeclass inference of HPow took 0.114ms
typeclass inference of OfNat took 0.0401ms
typeclass inference of HPow took 0.114ms
typeclass inference of OfNat took 0.0614ms
typeclass inference of HPow took 0.118ms
typeclass inference of HMul took 0.0629ms
typeclass inference of HAdd took 0.0554ms
typeclass inference of OfNat took 0.0444ms
typeclass inference of HPow took 0.137ms
typeclass inference of OfNat took 0.0851ms
typeclass inference of HPow took 0.149ms
typeclass inference of OfNat took 0.0613ms
typeclass inference of HPow took 0.128ms
typeclass inference of HMul took 0.0594ms
typeclass inference of HAdd took 0.05ms
typeclass inference of OfNat took 0.075ms
typeclass inference of HPow took 0.192ms
typeclass inference of OfNat took 0.0684ms
typeclass inference of HPow took 0.143ms
typeclass inference of OfNat took 0.0499ms
typeclass inference of HPow took 0.138ms
typeclass inference of HMul took 0.0613ms
typeclass inference of HAdd took 0.0648ms
typeclass inference of Pow took 0.0468ms
typeclass inference of NPow took 0.00475ms
typeclass inference of OfNat took 0.00353ms
typeclass inference of OfNat took 0.0632ms
typeclass inference of HPow took 0.13ms
typeclass inference of OfNat took 0.0481ms
typeclass inference of HPow took 0.121ms
typeclass inference of HMul took 0.0567ms
typeclass inference of HAdd took 0.0516ms
typeclass inference of OfNat took 0.0939ms
typeclass inference of HPow took 0.123ms
typeclass inference of OfNat took 0.0428ms
typeclass inference of HPow took 0.122ms
typeclass inference of HMul took 0.0588ms
typeclass inference of HAdd took 0.0512ms
typeclass inference of OfNat took 0.0555ms
typeclass inference of HPow took 0.119ms
typeclass inference of OfNat took 0.0468ms
typeclass inference of HPow took 0.117ms
typeclass inference of HMul took 0.0527ms
typeclass inference of HAdd took 0.0498ms
typeclass inference of Pow took 0.0563ms
typeclass inference of NPow took 0.00514ms
typeclass inference of OfNat took 0.00324ms
typeclass inference of OfNat took 0.0676ms
typeclass inference of HPow took 0.155ms
typeclass inference of HMul took 0.0674ms
typeclass inference of HAdd took 0.0533ms
typeclass inference of OfNat took 0.0476ms
typeclass inference of HPow took 0.119ms
typeclass inference of HMul took 0.0562ms
typeclass inference of HAdd took 0.05ms
typeclass inference of OfNat took 0.0461ms
typeclass inference of HPow took 0.119ms
typeclass inference of HMul took 0.0539ms
typeclass inference of HAdd took 0.0655ms
typeclass inference of Pow took 0.0399ms
typeclass inference of NPow took 0.00318ms
typeclass inference of OfNat took 0.00368ms
typeclass inference of HMul took 0.0359ms
typeclass inference of HAdd took 0.00467ms
instantiate metavars took 0.0316ms
instantiate metavars took 0.000421ms
let-to-have transformation took 0.0245ms
attribute application took 0.00197ms
attribute application took 0.000751ms
elaboration took 7.97ms
proof_broker report: tactic=proof_broker_term closer=term_mode_nat backend=cvc4 tier=1 format=farkas cert_bytes=1360 fragment=LIA hyps=9 dispatch_ms=22 verify_ms=0 wall_ms=39
proof_broker report: tactic=proof_broker_term closer=term_mode_nat backend=cvc4 tier=1 format=farkas cert_bytes=1594 fragment=LIA hyps=12 dispatch_ms=219 verify_ms=0 wall_ms=240
proof_broker report: tactic=proof_broker_term closer=term_mode_nat backend=cvc4 tier=1 format=farkas cert_bytes=1869 fragment=LIA hyps=15 dispatch_ms=442 verify_ms=1 wall_ms=472
proof_broker report: tactic=proof_broker_term closer=term_mode_nat backend=cvc4 tier=1 format=farkas cert_bytes=1702 fragment=LIA hypsparsing took 0.0613ms
parsing took 0.000912ms
=20 dispatch_ms=21 verify_ms=1 wall_ms=40
typeclass inference of OfNat took 0.295ms
typeclass inference of OfNat took 0.0946ms
typeclass inference of OfNat took 0.111ms
tactic execution of Lean.Parser.Tactic.refine took 0.702ms
tactic execution of Lean.Parser.Tactic.rotateRight took 0.00809ms
tactic execution of Lean.Parser.Tactic.tacticSeq1Indented took 0.0261ms
tactic execution of Lean.Parser.Tactic.tacticSeq took 0.011ms
tactic execution of Lean.Parser.Tactic.paren took 0.0153ms
tactic execution of Lean.Parser.Tactic.tacticSeq1Indented took 0.0201ms
tactic execution of Lean.Parser.Tactic.tacticSeq took 0.00933ms
tactic execution of Lean.Parser.Tactic.focus took 0.0165ms
tactic execution of Lean.Parser.Tactic.tacticRefine_lift_ took 0.0147ms
tactic execution of Lean.Parser.Tactic.tacticHave__ took 0.0221ms
typeclass inference of HMul took 1.14ms
typeclass inference of HMul took 0.824ms
tactic execution of Lean.Parser.Tactic.refine took 0.354ms
typeclass inference of Add took 1.2ms
typeclass inference of AddRightCancelSemigroup took 0.835ms
typeclass inference of IsRightCancelAdd took 3.68ms
typeclass inference of AddGroup took 0.563ms
typeclass inference of CommSemiring took 0.467ms
typeclass inference of CommRing took 0.0395ms
typeclass inference of Semifield took 0.317ms
typeclass inference of Field took 0.29ms
typeclass inference of Field took 0.0023ms
typeclass inference of Field took 0.00193ms
typeclass inference of Field took 0.00237ms
typeclass inference of Field took 0.00141ms
typeclass inference of Field took 0.00119ms
typeclass inference of Field took 0.00117ms
typeclass inference of Field took 0.00119ms
typeclass inference of Field took 0.00109ms
typeclass inference of Field took 0.00106ms
typeclass inference of Field took 0.00111ms
typeclass inference of Field took 0.00102ms
typeclass inference of Field took 0.00227ms
typeclass inference of Field took 0.00134ms
typeclass inference of Field took 0.00126ms
typeclass inference of Field took 0.00112ms
typeclass inference of Field took 0.00115ms
typeclass inference of Field took 0.00111ms
typeclass inference of Field took 0.00117ms
typeclass inference of Field took 0.00115ms
typeclass inference of Field took 0.00233ms
typeclass inference of Field took 0.00125ms
typeclass inference of Field took 0.00125ms
typeclass inference of Field took 0.0012ms
typeclass inference of Field took 0.00116ms
typeclass inference of Field took 0.00108ms
typeclass inference of Field took 0.00109ms
typeclass inference of Field took 0.00197ms
typeclass inference of Field took 0.00123ms
typeclass inference of Field took 0.00114ms
typeclass inference of Semiring took 0.657ms
typeclass inference of RCLike took 0.0129ms
typeclass inference of RCLike took 0.00201ms
typeclass inference of RCLike took 0.00151ms
typeclass inference of RCLike took 0.00267ms
typeclass inference of RCLike took 0.00136ms
typeclass inference of RCLike took 0.00136ms
typeclass inference of RCLike took 0.00124ms
typeclass inference of RCLike took 0.00127ms
typeclass inference of RCLike took 0.00121ms
typeclass inference of RCLike took 0.00141ms
typeclass inference of RCLike took 0.00111ms
typeclass inference of RCLike took 0.00107ms
typeclass inference of RCLike took 0.00215ms
typeclass inference of RCLike took 0.00118ms
typeclass inference of RCLike took 0.00118ms
typeclass inference of RCLike took 0.00114ms
typeclass inference of RCLike took 0.00174ms
typeclass inference of RCLike took 0.0011ms
typeclass inference of RCLike took 0.00109ms
typeclass inference of RCLike took 0.00105ms
typeclass inference of RCLike took 0.00562ms
typeclass inference of RCLike took 0.00153ms
typeclass inference of RCLike took 0.00131ms
typeclass inference of RCLike took 0.00119ms
typeclass inference of RCLike took 0.00112ms
typeclass inference of RCLike took 0.00111ms
typeclass inference of RCLike took 0.0013ms
typeclass inference of RCLike took 0.00164ms
typeclass inference of RCLike took 0.00122ms
typeclass inference of RCLike took 0.00189ms
typeclass inference of Semiring took 0.0076ms
typeclass inference of NonAssocRing took 0.198ms
typeclass inference of Field took 0.00321ms
typeclass inference of Field took 0.00208ms
typeclass inference of Field took 0.00241ms
typeclass inference of Field took 0.00146ms
typeclass inference of Field took 0.0014ms
typeclass inference of Field took 0.00155ms
typeclass inference of Field took 0.00125ms
typeclass inference of Field took 0.00111ms
typeclass inference of Field took 0.00122ms
typeclass inference of Field took 0.00168ms
typeclass inference of Field took 0.00146ms
typeclass inference of Field took 0.00155ms
typeclass inference of Field took 0.00124ms
typeclass inference of Field took 0.00243ms
typeclass inference of Field took 0.00134ms
typeclass inference of Field took 0.0013ms
typeclass inference of Field took 0.00122ms
typeclass inference of Field took 0.00118ms
typeclass inference of Field took 0.00114ms
typeclass inference of Field took 0.00112ms
typeclass inference of Field took 0.00115ms
typeclass inference of Field took 0.00117ms
typeclass inference of Field took 0.00234ms
typeclass inference of Field took 0.0013ms
typeclass inference of Field took 0.00117ms
typeclass inference of Field took 0.00111ms
typeclass inference of Field took 0.00117ms
typeclass inference of Field took 0.00109ms
typeclass inference of Field took 0.00111ms
typeclass inference of Field took 0.0011ms
typeclass inference of Field took 0.00194ms
typeclass inference of Field took 0.00118ms
typeclass inference of Field took 0.00108ms
typeclass inference of Field took 0.00147ms
typeclass inference of Field took 0.00121ms
typeclass inference of Field took 0.00116ms
typeclass inference of Field took 0.00109ms
typeclass inference of Field took 0.00222ms
typeclass inference of Field took 0.0014ms
typeclass inference of Field took 0.00118ms
typeclass inference of Field took 0.00114ms
typeclass inference of Field took 0.00104ms
typeclass inference of Field took 0.00162ms
typeclass inference of Field took 0.00379ms
typeclass inference of Field took 0.00441ms
typeclass inference of Field took 0.00142ms
typeclass inference of Field took 0.00181ms
typeclass inference of Field took 0.00127ms
typeclass inference of Field took 0.00111ms
typeclass inference of Field took 0.00185ms
typeclass inference of Field took 0.00128ms
typeclass inference of Field took 0.00151ms
typeclass inference of Field took 0.00191ms
typeclass inference of Field took 0.00191ms
typeclass inference of Field took 0.00138ms
typeclass inference of Field took 0.00115ms
typeclass inference of Field took 0.00111ms
typeclass inference of Field took 0.00112ms
typeclass inference of Field took 0.00106ms
typeclass inference of Field took 0.00125ms
typeclass inference of Field took 0.00245ms
typeclass inference of Field took 0.00137ms
typeclass inference of Field took 0.0013ms
typeclass inference of Field took 0.00139ms
typeclass inference of Field took 0.00121ms
typeclass inference of Field took 0.00203ms
typeclass inference of Field took 0.00119ms
typeclass inference of Field took 0.00114ms
typeclass inference of Field took 0.00106ms
typeclass inference of Field took 0.00211ms
typeclass inference of Field took 0.00123ms
typeclass inference of Field took 0.00132ms
typeclass inference of Semiring took 0.00714ms
typeclass inference of CharZero took 20.4ms
norm_num took 0.0239ms
norm_num took 0.0043ms
typeclass inference of AddMonoidWithOne took 0.621ms
norm_num took 0.357ms
norm_num took 0.00562ms
norm_num took 0.00576ms
norm_num took 0.00234ms
norm_num took 0.00266ms
typeclass inference of AddMonoidWithOne took 0.00458ms
norm_num took 0.301ms
ring took 1.25ms
tactic execution of Mathlib.Tactic.LinearCombination.linearCombination took 10.7ms
tactic execution of Lean.Parser.Tactic.tacticSeq1Indented took 0.00761ms
tactic execution of Lean.Parser.Tactic.tacticSeq took 0.00413ms
tactic execution of Lean.Parser.Tactic.paren took 0.00568ms
tactic execution of Lean.Parser.Tactic.withAnnotateState took 0.00841ms
tactic execution of Lean.Parser.Tactic.tacticSeq1Indented took 0.00579ms
tactic execution of Lean.Parser.Tactic.tacticSeq took 0.00447ms
tactic execution of Lean.Parser.Tactic.case took 0.0514ms
tactic execution of Lean.Parser.Tactic.tacticSeq1Indented took 0.0141ms
tactic execution of Lean.Parser.Tactic.tacticSeq took 0.0107ms
tactic execution of Lean.Parser.Tactic.focus took 0.00654ms
tactic execution of Lean.Parser.Tactic.tacticHave__ took 0.0175ms
typeclass inference of OfNat took 0.0938ms
typeclass inference of OfNat took 0.0502ms
typeclass inference of OfNat took 0.0447ms
typeclass inference of OfNat took 0.0364ms
typeclass inference of HAdd took 0.897ms
typeclass inference of HMul took 0.00552ms
typeclass inference of HPow took 0.167ms
typeclass inference of HMul took 0.0897ms
typeclass inference of HAdd took 0.0601ms
typeclass inference of OfNat took 0.986ms
typeclass inference of OfNat took 0.0767ms
typeclass inference of HPow took 0.199ms
typeclass inference of HMul took 0.07ms
typeclass inference of HAdd took 0.0498ms
typeclass inference of OfNat took 0.0476ms
typeclass inference of HPow took 0.119ms
typeclass inference of HMul took 0.0575ms
typeclass inference of HAdd took 0.0563ms
typeclass inference of OfNat took 0.0519ms
typeclass inference of HPow took 0.116ms
typeclass inference of HMul took 0.059ms
typeclass inference of HAdd took 0.0462ms
typeclass inference of OfNat took 0.0473ms
typeclass inference of HPow took 0.115ms
typeclass inference of HMul took 0.0584ms
typeclass inference of HAdd took 0.0462ms
typeclass inference of Pow took 0.0481ms
typeclass inference of CategoryTheory.CartesianMonoidalCategory took 0.0679ms
typeclass inference of CategoryTheory.CartesianMonoidalCategory took 0.00477ms
typeclass inference of NPow took 2.07ms
typeclass inference of OfNat took 0.0597ms
typeclass inference of HMul took 0.0386ms
typeclass inference of HAdd took 0.00381ms
tactic execution of Lean.Parser.Tactic.refine took 0.863ms
typeclass inference of Add took 0.00469ms
typeclass inference of IsRightCancelAdd took 0.0438ms
typeclass inference of AddGroup took 0.00603ms
typeclass inference of CommSemiring took 0.00352ms
typeclass inference of CommRing took 0.00245ms
typeclass inference of Semifield took 0.000852ms
typeclass inference of CharZero took 0.0029ms
norm_num took 0.0628ms
typeclass inference of AddMonoidWithOne took 0.00549ms
norm_num took 0.252ms
norm_num took 0.0112ms
typeclass inference of AddMonoidWithOne took 0.00396ms
norm_num took 0.177ms
typeclass inference of AddMonoidWithOne took 0.034ms
norm_num took 0.0957ms
norm_num took 0.00697ms
norm_num took 0.00404ms
norm_num took 0.00242ms
typeclass inference of AddMonoidWithOne took 0.00359ms
norm_num took 0.0984ms
typeclass inference of AddMonoidWithOne took 0.00348ms
norm_num took 0.069ms
norm_num took 0.00389ms
typeclass inference of AddMonoidWithOne took 0.00354ms
norm_num took 0.151ms
ring took 2.02ms
tactic execution of Mathlib.Tactic.LinearCombination.linearCombination took 0.814ms
tactic execution of Lean.Parser.Tactic.tacticSeq1Indented took 0.00579ms
tactic execution of Lean.Parser.Tactic.tacticSeq took 0.00335ms
tactic execution of Lean.Parser.Tactic.paren took 0.00324ms
tactic execution of Lean.Parser.Tactic.withAnnotateState took 0.00412ms
tactic execution of Lean.Parser.Tactic.tacticSeq1Indented took 0.00389ms
tactic execution of Lean.Parser.Tactic.tacticSeq took 0.00364ms
tactic execution of Lean.Parser.Tactic.case took 0.0211ms
tactic execution of Lean.Parser.Tactic.tacticSeq1Indented took 0.0122ms
tactic execution of Lean.Parser.Tactic.tacticSeq took 0.00497ms
tactic execution of Lean.Parser.Tactic.focus took 0.00708ms
tactic execution of Lean.Parser.Tactic.tacticHave__ took 0.0857ms
typeclass inference of OfNat took 0.0513ms
typeclass inference of OfNat took 0.0811ms
typeclass inference of OfNat took 0.0401ms
typeclass inference of OfNat took 0.0436ms
typeclass inference of HPow took 0.152ms
typeclass inference of LT took 0.0372ms
typeclass inference of OfNat took 0.0543ms
typeclass inference of HPow took 0.124ms
typeclass inference of OfNat took 0.0429ms
typeclass inference of HPow took 0.117ms
typeclass inference of OfNat took 0.0395ms
typeclass inference of HPow took 0.115ms
typeclass inference of Pow took 0.0402ms
typeclass inference of NPow took 0.0997ms
typeclass inference of OfNat took 0.00358ms
tactic execution of Lean.Parser.Tactic.refine took 0.599ms
interpretation of term_=_ took 0.00308ms
interpretation of term_-_ took 0.00156ms
interpretation of term_*_ took 0.000922ms
interpretation of term_=_ took 0.000481ms
interpretation of term_-_ took 0.000471ms
interpretation of term_*_ took 0.000451ms
interpretation of term_=_ took 0.00169ms
interpretation of term_-_ took 0.000772ms
interpretation of term_*_ took 0.000601ms
interpretation of term_^_ took 0.00156ms
interpretation of term_-_ took 0.000581ms
interpretation of term_=_ took 0.000451ms
interpretation of term_-_ took 0.000611ms
interpretation of term_*_ took 0.000491ms
interpretation of term_^_ took 0.00038ms
interpretation of term_-_ took 0.00039ms
interpretation of term_=_ took 0.00148ms
interpretation of term_*_ took 0.000631ms
interpretation of term_=_ took 0.000461ms
interpretation of term_*_ took 0.000461ms
interpretation of term_=_ took 0.00156ms
interpretation of term_+_ took 0.00147ms
interpretation of term_*_ took 0.000491ms
interpretation of term_^_ took 0.000651ms
interpretation of term_=_ took 0.000451ms
interpretation of term_+_ took 0.000431ms
interpretation of term_*_ took 0.000381ms
interpretation of term_^_ took 0.0004ms
typeclass inference of UsesSetNotationForOrder took 0.0197ms
typeclass inference of UsesSetNotationForOrder took 0.012ms
interpretation of term_↔_ took 0.00192ms
interpretation of term_≤_ took 0.000781ms
interpretation of term_≤_ took 0.000621ms
interpretation of coeNotation took 0.00148ms
interpretation of coeNotation took 0.000361ms
interpretation of termℕ took 0.00821ms
interpretation of term_↔_ took 0.000551ms
interpretation of term_≤_ took 0.000491ms
interpretation of term_≤_ took 0.000511ms
interpretation of coeNotation took 0.000351ms
interpretation of coeNotation took 0.000401ms
interpretation of termℕ took 0.0033ms
typeclass inference of UsesSetNotationForOrder took 0.0227ms
typeclass inference of UsesSetNotationForOrder took 0.016ms
interpretation of term_↔_ took 0.00193ms
interpretation of term_<_ took 0.000982ms
interpretation of term_<_ took 0.000531ms
interpretation of coeNotation took 0.00128ms
interpretation of coeNotation took 0.00033ms
interpretation of termℕ took 0.00606ms
interpretation of term_↔_ took 0.000521ms
interpretation of term_<_ took 0.00043ms
interpretation of term_<_ took 0.000491ms
interpretation of coeNotation took 0.00036ms
interpretation of coeNotation took 0.000361ms
interpretation of termℕ took 0.00323ms
interpretation of term_↔_ took 0.00133ms
interpretation of term_=_ took 0.000802ms
interpretation of term_=_ took 0.00044ms
interpretation of coeNotation took 0.000591ms
interpretation of coeNotation took 0.00034ms
interpretation of termℕ took 0.00504ms
interpretation of term_↔_ took 0.000521ms
interpretation of term_=_ took 0.000411ms
interpretation of term_=_ took 0.000411ms
interpretation of coeNotation took 0.000341ms
interpretation of coeNotation took 0.000361ms
interpretation of termℕ took 0.00321ms
typeclass inference of UsesSetNotationForOrder took 0.0188ms
interpretation of term_≤_ took 0.00143ms
interpretation of coeNotation took 0.000731ms
interpretation of termℕ took 0.00442ms
interpretation of term_≤_ took 0.000651ms
interpretation of coeNotation took 0.000361ms
interpretation of termℕ took 0.00313ms
typeclass inference of LE took 0.0919ms
typeclass inference of HSub took 0.501ms
typeclass inference of LE took 0.0584ms
typeclass inference of Decidable took 0.286ms
typeclass inference of Decidable took 0.0296ms
typeclass inference of HSub took 0.048ms
typeclass inference of LE took 0.00395ms
typeclass inference of Decidable took 0.0963ms
typeclass inference of Decidable took 0.0113ms
typeclass inference of HMul took 0.19ms
typeclass inference of HMul took 0.0386ms
typeclass inference of HAdd took 0.18ms
typeclass inference of LT took 0.0288ms
typeclass inference of Decidable took 0.254ms
typeclass inference of LE took 0.0698ms
typeclass inference of Decidable took 0.248ms
typeclass inference of Decidable took 0.00799ms
instantiate metavars took 0.0017ms
tactic execution of Lean.Parser.Tactic.omega took 1.66ms
tactic execution of ProofBroker.Tactic.proofBrokerTerm took 34.5ms
tactic execution of Lean.Parser.Tactic.tacticSeq1Indented took 0.0115ms
tactic execution of Lean.Parser.Tactic.tacticSeq took 0.00597ms
tactic execution of Lean.Parser.Tactic.paren took 0.00547ms
tactic execution of Lean.Parser.Tactic.withAnnotateState took 0.00769ms
tactic execution of Lean.Parser.Tactic.tacticSeq1Indented took 0.00697ms
tactic execution of Lean.Parser.Tactic.tacticSeq took 0.00588ms
tactic execution of Lean.Parser.Tactic.case took 0.0708ms
tactic execution of Lean.Parser.Tactic.tacticSeq1Indented took 0.0154ms
tactic execution of Lean.Parser.Tactic.tacticSeq took 0.00637ms
tactic execution of Lean.Parser.Tactic.focus took 0.0102ms
tactic execution of Lean.Parser.Tactic.tacticHave__ took 0.903ms
typeclass inference of OfNat took 1.11ms
typeclass inference of OfNat took 0.0875ms
typeclass inference of OfNat took 0.058ms
typeclass inference of HPow took 0.193ms
typeclass inference of OfNat took 0.0969ms
typeclass inference of HPow took 0.153ms
typeclass inference of OfNat took 0.058ms
typeclass inference of OfNat took 0.0479ms
typeclass inference of OfNat took 0.0391ms
typeclass inference of HPow took 0.149ms
typeclass inference of OfNat took 0.12ms
typeclass inference of OfNat took 0.0843ms
typeclass inference of HPow took 0.171ms
typeclass inference of OfNat took 0.0499ms
typeclass inference of HPow took 0.161ms
typeclass inference of OfNat took 0.0421ms
typeclass inference of OfNat took 0.0497ms
typeclass inference of HPow took 0.125ms
typeclass inference of OfNat took 0.0408ms
typeclass inference of HPow took 0.124ms
typeclass inference of OfNat took 0.0391ms
typeclass inference of HPow took 0.108ms
typeclass inference of OfNat took 0.0405ms
typeclass inference of HPow took 0.111ms
typeclass inference of OfNat took 0.0384ms
typeclass inference of HPow took 0.107ms
typeclass inference of OfNat took 0.0378ms
typeclass inference of HPow took 0.11ms
typeclass inference of OfNat took 0.0362ms
typeclass inference of HPow took 0.1ms
typeclass inference of Pow took 0.0373ms
typeclass inference of CategoryTheory.CartesianMonoidalCategory took 0.117ms
typeclass inference of CategoryTheory.CartesianMonoidalCategory took 0.0109ms
typeclass inference of NPow took 2.69ms
typeclass inference of OfNat took 0.0401ms
typeclass inference of OfNat took 0.0459ms
typeclass inference of HPow took 0.126ms
typeclass inference of OfNat took 0.0402ms
typeclass inference of HPow took 0.112ms
typeclass inference of OfNat took 0.0382ms
typeclass inference of HPow took 0.109ms
typeclass inference of Pow took 0.0387ms
typeclass inference of NPow took 0.0817ms
typeclass inference of OfNat took 0.00341ms
tactic execution of Lean.Parser.Tactic.refine took 1.51ms
tactic execution of Lean.Parser.Tactic.rotateRight took 0.00573ms
tactic execution of Lean.Parser.Tactic.tacticSeq1Indented took 0.0152ms
tactic execution of Lean.Parser.Tactic.tacticSeq took 0.00549ms
tactic execution of Lean.Parser.Tactic.paren took 0.00581ms
tactic execution of Lean.Parser.Tactic.tacticSeq1Indented took 0.00856ms
tactic execution of Lean.Parser.Tactic.tacticSeq took 0.00487ms
tactic execution of Lean.Parser.Tactic.focus took 0.0087ms
tactic execution of Lean.Parser.Tactic.tacticRefine_lift_ took 0.0097ms
tactic execution of Lean.Parser.Tactic.tacticHave__ took 0.0219ms
typeclass inference of OfNat took 0.0759ms
typeclass inference of OfNat took 0.0523ms
typeclass inference of OfNat took 0.0581ms
typeclass inference of OfNat took 0.039ms
typeclass inference of OfNat took 0.0659ms
typeclass inference of OfNat took 0.0326ms
typeclass inference of HMul took 0.142ms
typeclass inference of HPow took 0.148ms
typeclass inference of HMul took 0.0576ms
typeclass inference of LT took 0.0266ms
typeclass inference of OfNat took 0.00347ms
typeclass inference of OfNat took 0.0501ms
typeclass inference of HPow took 0.116ms
typeclass inference of HMul took 0.0558ms
typeclass inference of OfNat took 0.0416ms
typeclass inference of HPow took 0.111ms
typeclass inference of HMul took 0.0487ms
typeclass inference of OfNat took 0.041ms
typeclass inference of HPow took 0.107ms
typeclass inference of HMul took 0.0525ms
typeclass inference of OfNat took 0.0453ms
typeclass inference of HPow took 0.105ms
typeclass inference of HMul took 0.0489ms
typeclass inference of Pow took 0.0395ms
typeclass inference of NPow took 0.0029ms
typeclass inference of OfNat took 0.00292ms
typeclass inference of HMul took 0.00226ms
tactic execution of Lean.Parser.Tactic.refine took 0.705ms
interpretation of term_=_ took 0.00261ms
interpretation of term_-_ took 0.00165ms
interpretation of term_*_ took 0.000862ms
interpretation of term_=_ took 0.000521ms
interpretation of term_-_ took 0.000481ms
interpretation of term_*_ took 0.00043ms
interpretation of term_=_ took 0.00143ms
interpretation of term_-_ took 0.000581ms
interpretation of term_*_ took 0.000481ms
interpretation of term_^_ took 0.00115ms
interpretation of term_-_ took 0.000481ms
interpretation of term_=_ took 0.00047ms
interpretation of term_-_ took 0.00427ms
interpretation of term_*_ took 0.00168ms
interpretation of term_^_ took 0.00108ms
interpretation of term_-_ took 0.00108ms
interpretation of term_=_ took 0.00316ms
interpretation of term_*_ took 0.00139ms
interpretation of term_=_ took 0.00114ms
interpretation of term_*_ took 0.000892ms
interpretation of term_=_ took 0.00157ms
interpretation of term_+_ took 0.00172ms
interpretation of term_*_ took 0.000501ms
interpretation of term_^_ took 0.000521ms
interpretation of term_=_ took 0.000441ms
interpretation of term_+_ took 0.000481ms
interpretation of term_*_ took 0.000411ms
interpretation of term_^_ took 0.000451ms
typeclass inference of UsesSetNotationForOrder took 0.0177ms
typeclass inference of UsesSetNotationForOrder took 0.0108ms
interpretation of term_↔_ took 0.00177ms
interpretation of term_≤_ took 0.000902ms
interpretation of term_≤_ took 0.000471ms
interpretation of coeNotation took 0.00111ms
interpretation of coeNotation took 0.000371ms
interpretation of termℕ took 0.00649ms
interpretation of term_↔_ took 0.000551ms
interpretation of term_≤_ took 0.000421ms
interpretation of term_≤_ took 0.000461ms
interpretation of coeNotation took 0.000381ms
interpretation of coeNotation took 0.00041ms
interpretation of termℕ took 0.00322ms
typeclass inference of UsesSetNotationForOrder took 0.0168ms
typeclass inference of UsesSetNotationForOrder took 0.0107ms
interpretation of term_↔_ took 0.00148ms
interpretation of term_<_ took 0.000801ms
interpretation of term_<_ took 0.000561ms
interpretation of coeNotation took 0.001ms
interpretation of coeNotation took 0.000371ms
interpretation of termℕ took 0.00492ms
interpretation of term_↔_ took 0.000521ms
interpretation of term_<_ took 0.000461ms
interpretation of term_<_ took 0.000451ms
interpretation of coeNotation took 0.000361ms
interpretation of coeNotation took 0.000361ms
interpretation of termℕ took 0.00303ms
interpretation of term_↔_ took 0.00136ms
interpretation of term_=_ took 0.00102ms
interpretation of term_=_ took 0.000671ms
interpretation of coeNotation took 0.000771ms
interpretation of coeNotation took 0.000531ms
interpretation of termℕ took 0.00616ms
interpretation of term_↔_ took 0.000832ms
interpretation of term_=_ took 0.000661ms
interpretation of term_=_ took 0.000621ms
interpretation of coeNotation took 0.000511ms
interpretation of coeNotation took 0.000511ms
interpretation of termℕ took 0.00475ms
typeclass inference of UsesSetNotationForOrder took 0.0194ms
interpretation of term_≤_ took 0.00157ms
interpretation of coeNotation took 0.000812ms
interpretation of termℕ took 0.00505ms
interpretation of term_≤_ took 0.000571ms
interpretation of coeNotation took 0.000441ms
interpretation of termℕ took 0.00335ms
interpretation of term_^_ took 0.00404ms
interpretation of term_^_ took 0.000702ms
typeclass inference of LE took 0.0766ms
typeclass inference of HAdd took 0.233ms
typeclass inference of HSub took 0.19ms
typeclass inference of LE took 0.0291ms
typeclass inference of Decidable took 0.122ms
typeclass inference of Decidable took 0.0119ms
typeclass inference of HSub took 0.041ms
typeclass inference of LE took 0.00352ms
typeclass inference of Decidable took 0.093ms
typeclass inference of Decidable took 0.0109ms
typeclass inference of HMul took 0.216ms
typeclass inference of HMul took 0.0406ms
typeclass inference of HAdd took 0.036ms
typeclass inference of LT took 0.0308ms
typeclass inference of Decidable took 0.291ms
typeclass inference of Decidable took 4.94ms
typeclass inference of Decidable took 0.00417ms
typeclass inference of LE took 0.00417ms
typeclass inference of LE took 0.00343ms
typeclass inference of LE took 0.0038ms
typeclass inference of Decidable took 0.126ms
typeclass inference of Decidable took 0.00348ms
instantiate metavars took 0.00118ms
tactic execution of Lean.Parser.Tactic.omega took 2.85ms
tactic execution of ProofBroker.Tactic.proofBrokerTerm took 231ms
tactic execution of Lean.Parser.Tactic.tacticSeq1Indented took 0.0108ms
tactic execution of Lean.Parser.Tactic.tacticSeq took 0.00941ms
tactic execution of Lean.Parser.Tactic.paren took 0.00842ms
tactic execution of Lean.Parser.Tactic.withAnnotateState took 0.00948ms
tactic execution of Lean.Parser.Tactic.tacticSeq1Indented took 0.00667ms
tactic execution of Lean.Parser.Tactic.tacticSeq took 0.00836ms
tactic execution of Lean.Parser.Tactic.case took 0.0643ms
tactic execution of Lean.Parser.Tactic.tacticSeq1Indented took 0.0125ms
tactic execution of Lean.Parser.Tactic.tacticSeq took 0.00429ms
tactic execution of Lean.Parser.Tactic.focus took 0.00824ms
tactic execution of Lean.Parser.Tactic.tacticHave__ took 0.186ms
typeclass inference of OfNat took 1.08ms
typeclass inference of OfNat took 0.118ms
typeclass inference of OfNat took 0.0515ms
typeclass inference of HMul took 0.934ms
typeclass inference of HPow took 0.167ms
typeclass inference of HMul took 0.0651ms
typeclass inference of OfNat took 0.0591ms
typeclass inference of HPow took 0.127ms
typeclass inference of HMul took 0.0574ms
typeclass inference of OfNat took 0.0548ms
typeclass inference of OfNat took 0.0474ms
typeclass inference of OfNat took 0.0498ms
typeclass inference of HPow took 0.124ms
typeclass inference of HMul took 0.0572ms
typeclass inference of OfNat took 0.0533ms
typeclass inference of OfNat took 0.0387ms
typeclass inference of HMul took 0.133ms
typeclass inference of HPow took 0.153ms
typeclass inference of HMul took 0.0626ms
typeclass inference of OfNat took 0.0467ms
typeclass inference of HPow took 0.118ms
typeclass inference of HMul took 0.0578ms
typeclass inference of OfNat took 0.0394ms
typeclass inference of OfNat took 0.0493ms
typeclass inference of HPow took 0.118ms
typeclass inference of HMul took 0.0506ms
typeclass inference of OfNat took 0.0426ms
typeclass inference of HPow took 0.121ms
typeclass inference of HMul took 0.0536ms
typeclass inference of OfNat took 0.042ms
typeclass inference of HPow took 0.115ms
typeclass inference of HMul took 0.0512ms
typeclass inference of OfNat took 0.0421ms
typeclass inference of HPow took 0.112ms
typeclass inference of HMul took 0.056ms
typeclass inference of OfNat took 0.0414ms
typeclass inference of HPow took 0.111ms
typeclass inference of HMul took 0.0513ms
typeclass inference of OfNat took 0.0412ms
typeclass inference of HPow took 0.117ms
typeclass inference of HMul took 0.0563ms
typeclass inference of OfNat took 0.0419ms
typeclass inference of HPow took 0.11ms
typeclass inference of HMul took 0.0517ms
typeclass inference of Pow took 0.0409ms
typeclass inference of CategoryTheory.CartesianMonoidalCategory took 0.0572ms
typeclass inference of CategoryTheory.CartesianMonoidalCategory took 0.00467ms
typeclass inference of NPow took 1.92ms
typeclass inference of OfNat took 0.0405ms
typeclass inference of HMul took 0.00377ms
typeclass inference of OfNat took 0.049ms
typeclass inference of HPow took 0.127ms
typeclass inference of HMul took 0.0545ms
typeclass inference of OfNat took 0.0433ms
typeclass inference of HPow took 0.114ms
typeclass inference of HMul took 0.0589ms
typeclass inference of OfNat took 0.0437ms
typeclass inference of HPow took 0.13ms
typeclass inference of HMul took 0.0513ms
typeclass inference of Pow took 0.0498ms
typeclass inference of NPow took 0.0898ms
typeclass inference of OfNat took 0.00354ms
typeclass inference of HMul took 0.0034ms
tactic execution of Lean.Parser.Tactic.refine took 1.69ms
tactic execution of Lean.Parser.Tactic.rewriteSeq took 0.159ms
tactic execution of Lean.Parser.Tactic.exact took 0.122ms
tactic execution of Lean.Parser.Tactic.exact took 0.0941ms
tactic execution of Lean.Parser.Tactic.eqRefl took 0.0107ms
tactic execution of Lean.Parser.Tactic.applyRfl took 0.0242ms
tactic execution of Lean.Parser.Tactic.tacticRfl took 0.052ms
tactic execution of Lean.Parser.Tactic.tacticSeq1Indented took 0.00702ms
tactic execution of Lean.Parser.Tactic.tacticSeq took 0.00561ms
tactic execution of Lean.Parser.Tactic.withReducible took 0.00745ms
tactic execution of Lean.Parser.Tactic.tacticSeq1Indented took 0.00539ms
tactic execution of Lean.Parser.Tactic.tacticSeq took 0.00511ms
tactic execution of Lean.Parser.Tactic.paren took 0.00477ms
tactic execution of Lean.Parser.Tactic.tacticSeq1Indented took 0.0121ms
tactic execution of Lean.Parser.Tactic.tacticSeq took 0.00436ms
tactic execution of Lean.Parser.Tactic.skip took 0.00314ms
tactic execution of Lean.Parser.Tactic.tacticSeq1Indented took 0.00329ms
tactic execution of Lean.Parser.Tactic.tacticSeq took 0.00335ms
tactic execution of Lean.Parser.Tactic.first took 0.00995ms
tactic execution of Lean.Parser.Tactic.tacticTry_ took 0.00843ms
tactic execution of Lean.Parser.Tactic.tacticSeq1Indented took 0.00821ms
tactic execution of Lean.Parser.Tactic.tacticSeq took 0.00285ms
tactic execution of Lean.Parser.Tactic.paren took 0.00293ms
tactic execution of Lean.Parser.Tactic.withAnnotateState took 0.0103ms
tactic execution of Lean.Parser.Tactic.tacticSeq1Indented took 0.0174ms
tactic execution of Lean.Parser.Tactic.tacticSeq took 0.00382ms
tactic execution of Lean.Parser.Tactic.paren took 0.00406ms
tactic execution of Lean.Parser.Tactic.rwSeq took 0.00832ms
tactic execution of Lean.Parser.Tactic.exact took 0.0458ms
tactic execution of Lean.Parser.Tactic.tacticSeq1Indented took 0.00929ms
tactic execution of Lean.Parser.Tactic.tacticSeq took 0.00851ms
tactic execution of Lean.Parser.Tactic.rewriteSeq took 2.34ms
tactic execution of Lean.Parser.Tactic.exact took 0.0952ms
tactic execution of Lean.Parser.Tactic.exact took 0.0776ms
tactic execution of Lean.Parser.Tactic.eqRefl took 0.0129ms
tactic execution of Lean.Parser.Tactic.tacticRfl took 0.0279ms
tactic execution of Lean.Parser.Tactic.tacticSeq1Indented took 0.00328ms
tactic execution of Lean.Parser.Tactic.tacticSeq took 0.00253ms
tactic execution of Lean.Parser.Tactic.withReducible took 0.00281ms
tactic execution of Lean.Parser.Tactic.tacticSeq1Indented took 0.00264ms
tactic execution of Lean.Parser.Tactic.tacticSeq took 0.00241ms
tactic execution of Lean.Parser.Tactic.paren took 0.00885ms
tactic execution of Lean.Parser.Tactic.tacticSeq1Indented took 0.0027ms
tactic execution of Lean.Parser.Tactic.tacticSeq took 0.00257ms
tactic execution of Lean.Parser.Tactic.first took 0.00287ms
tactic execution of Lean.Parser.Tactic.tacticTry_ took 0.00463ms
tactic execution of Lean.Parser.Tactic.tacticSeq1Indented took 0.00267ms
tactic execution of Lean.Parser.Tactic.tacticSeq took 0.00257ms
tactic execution of Lean.Parser.Tactic.paren took 0.0029ms
tactic execution of Lean.Parser.Tactic.withAnnotateState took 0.0177ms
tactic execution of Lean.Parser.Tactic.tacticSeq1Indented took 0.01ms
tactic execution of Lean.Parser.Tactic.tacticSeq took 0.00327ms
tactic execution of Lean.Parser.Tactic.paren took 0.0027ms
tactic execution of Lean.Parser.Tactic.rwSeq took 0.0121ms
tactic execution of Lean.Parser.Tactic.tacticSeq1Indented took 0.00332ms
tactic execution of Lean.Parser.Tactic.tacticSeq took 0.00242ms
tactic execution of Lean.Parser.Tactic.paren took 0.00314ms
tactic execution of Lean.Parser.Tactic.withAnnotateState took 0.00607ms
tactic execution of Lean.Parser.Tactic.tacticSeq1Indented took 0.0053ms
tactic execution of Lean.Parser.Tactic.tacticSeq took 0.00386ms
tactic execution of Lean.Parser.Tactic.case took 0.1ms
tactic execution of Lean.Parser.Tactic.tacticSeq1Indented took 0.0155ms
tactic execution of Lean.Parser.Tactic.tacticSeq took 0.00501ms
tactic execution of Lean.Parser.Tactic.focus took 0.0104ms
tactic execution of Lean.Parser.Tactic.tacticHave__ took 0.0308ms
typeclass inference of OfNat took 0.0844ms
typeclass inference of OfNat took 0.0475ms
typeclass inference of OfNat took 0.0492ms
typeclass inference of OfNat took 0.0359ms
typeclass inference of OfNat took 0.042ms
typeclass inference of OfNat took 0.0327ms
typeclass inference of HAdd took 0.161ms
typeclass inference of HMul took 0.137ms
typeclass inference of HPow took 0.168ms
typeclass inference of HMul took 0.0562ms
typeclass inference of HAdd took 0.0498ms
typeclass inference of LT took 0.0392ms
typeclass inference of OfNat took 0.0408ms
typeclass inference of OfNat took 0.05ms
typeclass inference of HPow took 0.167ms
typeclass inference of HMul took 0.0725ms
typeclass inference of HAdd took 0.0514ms
typeclass inference of OfNat took 0.0417ms
typeclass inference of HPow took 0.12ms
typeclass inference of HMul took 0.051ms
typeclass inference of HAdd took 0.0553ms
typeclass inference of OfNat took 0.0439ms
typeclass inference of HPow took 0.113ms
typeclass inference of HMul took 0.0505ms
typeclass inference of HAdd took 0.0444ms
typeclass inference of OfNat took 0.0426ms
typeclass inference of HPow took 0.109ms
typeclass inference of HMul took 0.0491ms
typeclass inference of HAdd took 0.045ms
typeclass inference of Pow took 0.0479ms
typeclass inference of NPow took 0.11ms
typeclass inference of OfNat took 0.0361ms
typeclass inference of HMul took 0.147ms
typeclass inference of HAdd took 0.00342ms
tactic execution of Lean.Parser.Tactic.refine took 1.01ms
interpretation of term_=_ took 0.00387ms
interpretation of term_-_ took 0.00296ms
interpretation of term_*_ took 0.0019ms
interpretation of term_=_ took 0.000521ms
interpretation of term_-_ took 0.000531ms
interpretation of term_*_ took 0.00042ms
interpretation of term_=_ took 0.00156ms
interpretation of term_-_ took 0.000712ms
interpretation of term_*_ took 0.000551ms
interpretation of term_^_ took 0.00138ms
interpretation of term_-_ took 0.00042ms
interpretation of term_=_ took 0.000481ms
interpretation of term_-_ took 0.000431ms
interpretation of term_*_ took 0.000431ms
interpretation of term_^_ took 0.0004ms
interpretation of term_-_ took 0.000431ms
interpretation of term_=_ took 0.00144ms
interpretation of term_*_ took 0.000601ms
interpretation of term_=_ took 0.00044ms
interpretation of term_*_ took 0.000401ms
interpretation of term_=_ took 0.00142ms
interpretation of term_+_ took 0.00178ms
interpretation of term_*_ took 0.000531ms
interpretation of term_^_ took 0.000521ms
interpretation of term_=_ took 0.000471ms
interpretation of term_+_ took 0.000461ms
interpretation of term_*_ took 0.000441ms
interpretation of term_^_ took 0.00042ms
typeclass inference of UsesSetNotationForOrder took 0.0248ms
typeclass inference of UsesSetNotationForOrder took 0.0109ms
interpretation of term_↔_ took 0.00164ms
interpretation of term_≤_ took 0.000982ms
interpretation of term_≤_ took 0.000481ms
interpretation of coeNotation took 0.00121ms
interpretation of coeNotation took 0.000812ms
interpretation of termℕ took 0.00778ms
interpretation of term_↔_ took 0.000771ms
interpretation of term_≤_ took 0.000551ms
interpretation of term_≤_ took 0.000661ms
interpretation of coeNotation took 0.000571ms
interpretation of coeNotation took 0.000592ms
interpretation of termℕ took 0.00491ms
typeclass inference of UsesSetNotationForOrder took 0.0167ms
typeclass inference of UsesSetNotationForOrder took 0.0105ms
interpretation of term_↔_ took 0.00131ms
interpretation of term_<_ took 0.000842ms
interpretation of term_<_ took 0.00044ms
interpretation of coeNotation took 0.000731ms
interpretation of coeNotation took 0.000371ms
interpretation of termℕ took 0.00419ms
interpretation of term_↔_ took 0.000571ms
interpretation of term_<_ took 0.000491ms
interpretation of term_<_ took 0.000561ms
interpretation of coeNotation took 0.000351ms
interpretation of coeNotation took 0.000411ms
interpretation of termℕ took 0.00344ms
interpretation of term_↔_ took 0.00116ms
interpretation of term_=_ took 0.000571ms
interpretation of term_=_ took 0.00043ms
interpretation of coeNotation took 0.000411ms
interpretation of coeNotation took 0.000381ms
interpretation of termℕ took 0.00364ms
interpretation of term_↔_ took 0.000552ms
interpretation of term_=_ took 0.00042ms
interpretation of term_=_ took 0.000421ms
interpretation of coeNotation took 0.000341ms
interpretation of coeNotation took 0.000391ms
interpretation of termℕ took 0.00267ms
typeclass inference of UsesSetNotationForOrder took 0.0155ms
interpretation of term_≤_ took 0.00112ms
interpretation of coeNotation took 0.000471ms
interpretation of termℕ took 0.00379ms
interpretation of term_≤_ took 0.000551ms
interpretation of coeNotation took 0.000391ms
interpretation of termℕ took 0.003ms
interpretation of term_^_ took 0.00175ms
interpretation of term_^_ took 0.000661ms
interpretation of term_*_ took 0.00157ms
interpretation of term_^_ took 0.000581ms
interpretation of term_*_ took 0.000481ms
interpretation of term_^_ took 0.000451ms
typeclass inference of LE took 0.0805ms
typeclass inference of HAdd took 0.251ms
typeclass inference of HSub took 0.195ms
typeclass inference of LE took 0.0293ms
typeclass inference of Decidable took 0.164ms
typeclass inference of Decidable took 0.0117ms
typeclass inference of HAdd took 0.0391ms
typeclass inference of HSub took 0.0364ms
typeclass inference of LE took 0.00345ms
typeclass inference of Decidable took 0.0908ms
typeclass inference of Decidable took 0.0104ms
typeclass inference of HSub took 0.0373ms
typeclass inference of LE took 0.0033ms
typeclass inference of Decidable took 0.0151ms
typeclass inference of Decidable took 0.015ms
typeclass inference of HMul took 0.214ms
typeclass inference of HMul took 0.0356ms
typeclass inference of HMul took 0.0339ms
typeclass inference of HAdd took 0.032ms
typeclass inference of HAdd took 0.0414ms
typeclass inference of LT took 0.0295ms
typeclass inference of Decidable took 0.328ms
typeclass inference of Decidable took 4.82ms
typeclass inference of Decidable took 0.00396ms
typeclass inference of Decidable took 4.01ms
typeclass inference of Decidable took 0.00385ms
typeclass inference of Decidable took 4.05ms
typeclass inference of Decidable took 0.00437ms
typeclass inference of Decidable took 0.00279ms
typeclass inference of Decidable took 0.00251ms
typeclass inference of LE took 0.00472ms
typeclass inference of Decidable took 0.121ms
typeclass inference of Decidable took 0.0031ms
instantiate metavars took 0.00152ms
tactic execution of Lean.Parser.Tactic.omega took 4.27ms
tactic execution of ProofBroker.Tactic.proofBrokerTerm took 453ms
tactic execution of Lean.Parser.Tactic.tacticSeq1Indented took 0.0164ms
tactic execution of Lean.Parser.Tactic.tacticSeq took 0.00929ms
tactic execution of Lean.Parser.Tactic.paren took 0.0103ms
tactic execution of Lean.Parser.Tactic.withAnnotateState took 0.0137ms
tactic execution of Lean.Parser.Tactic.tacticSeq1Indented took 0.0127ms
tactic execution of Lean.Parser.Tactic.tacticSeq took 0.00935ms
tactic execution of Lean.Parser.Tactic.case took 0.108ms
tactic execution of Lean.Parser.Tactic.tacticSeq1Indented took 0.0284ms
tactic execution of Lean.Parser.Tactic.tacticSeq took 0.0146ms
tactic execution of Lean.Parser.Tactic.focus took 0.0129ms
tactic execution of Lean.Parser.Tactic.tacticHave__ took 0.0319ms
typeclass inference of OfNat took 1.18ms
typeclass inference of OfNat took 0.179ms
typeclass inference of OfNat took 0.0444ms
typeclass inference of HAdd took 1.08ms
typeclass inference of HMul took 0.919ms
typeclass inference of HPow took 0.163ms
typeclass inference of HMul took 0.0643ms
typeclass inference of HAdd took 0.0621ms
typeclass inference of OfNat took 0.0648ms
typeclass inference of HPow took 0.128ms
typeclass inference of HMul took 0.0843ms
typeclass inference of HAdd took 0.0496ms
typeclass inference of OfNat took 0.0572ms
typeclass inference of OfNat took 0.0467ms
typeclass inference of OfNat took 0.0466ms
typeclass inference of HPow took 0.139ms
typeclass inference of HMul took 0.0579ms
typeclass inference of HAdd took 0.0488ms
typeclass inference of OfNat took 0.0451ms
typeclass inference of OfNat took 0.0317ms
typeclass inference of HAdd took 0.132ms
typeclass inference of HMul took 0.12ms
typeclass inference of HPow took 0.152ms
typeclass inference of HMul took 0.0643ms
typeclass inference of HAdd took 0.053ms
typeclass inference of OfNat took 0.0487ms
typeclass inference of HPow took 0.123ms
typeclass inference of HMul took 0.0548ms
typeclass inference of HAdd took 0.0489ms
typeclass inference of OfNat took 0.0385ms
typeclass inference of OfNat took 0.0489ms
typeclass inference of HPow took 0.119ms
typeclass inference of HMul took 0.0527ms
typeclass inference of HAdd took 0.0452ms
typeclass inference of OfNat took 0.041ms
typeclass inference of HPow took 0.12ms
typeclass inference of HMul took 0.0539ms
typeclass inference of HAdd took 0.0468ms
typeclass inference of OfNat took 0.0394ms
typeclass inference of HPow took 0.123ms
typeclass inference of HMul took 0.0499ms
typeclass inference of HAdd took 0.0432ms
typeclass inference of OfNat took 0.041ms
typeclass inference of HPow took 0.11ms
typeclass inference of HMul took 0.0535ms
typeclass inference of HAdd took 0.0479ms
typeclass inference of OfNat took 0.0411ms
typeclass inference of HPow took 0.11ms
typeclass inference of HMul took 0.0488ms
typeclass inference of HAdd took 0.0447ms
typeclass inference of OfNat took 0.0393ms
typeclass inference of HPow took 0.114ms
typeclass inference of HMul took 0.099ms
typeclass inference of HAdd took 0.0608ms
typeclass inference of OfNat took 0.0404ms
typeclass inference of HPow took 0.11ms
typeclass inference of HMul took 0.0709ms
typeclass inference of HAdd took 0.0447ms
typeclass inference of Pow took 0.0425ms
typeclass inference of CategoryTheory.CartesianMonoidalCategory took 0.0825ms
typeclass inference of CategoryTheory.CartesianMonoidalCategory took 0.00538ms
typeclass inference of NPow took 3.16ms
typeclass inference of OfNat took 0.0508ms
typeclass inference of HMul took 0.972ms
typeclass inference of HAdd took 0.00467ms
typeclass inference of OfNat took 0.0906ms
typeclass inference of HPow took 0.178ms
typeclass inference of HMul took 0.0821ms
typeclass inference of HAdd took 0.0493ms
typeclass inference of OfNat took 0.0582ms
typeclass inference of HPow took 0.152ms
typeclass inference of HMul took 0.0709ms
typeclass inference of HAdd took 0.0497ms
typeclass inference of OfNat took 0.0426ms
typeclass inference of HPow took 0.127ms
typeclass inference of HMul took 0.0619ms
typeclass inference of HAdd took 0.0807ms
typeclass inference of Pow took 0.0411ms
typeclass inference of NPow took 0.106ms
typeclass inference of OfNat took 0.00334ms
typeclass inference of HMul took 0.151ms
typeclass inference of HAdd took 0.004ms
tactic execution of Lean.Parser.Tactic.refine took 2.41ms
tactic execution of Lean.Parser.Tactic.rewriteSeq took 0.145ms
tactic execution of Lean.Parser.Tactic.exact took 0.169ms
tactic execution of Lean.Parser.Tactic.exact took 0.1ms
tactic execution of Lean.Parser.Tactic.eqRefl took 0.014ms
tactic execution of Lean.Parser.Tactic.applyRfl took 0.0391ms
tactic execution of Lean.Parser.Tactic.tacticRfl took 0.102ms
tactic execution of Lean.Parser.Tactic.tacticSeq1Indented took 0.0175ms
tactic execution of Lean.Parser.Tactic.tacticSeq took 0.00838ms
tactic execution of Lean.Parser.Tactic.withReducible took 0.0129ms
tactic execution of Lean.Parser.Tactic.tacticSeq1Indented took 0.00856ms
tactic execution of Lean.Parser.Tactic.tacticSeq took 0.00682ms
tactic execution of Lean.Parser.Tactic.paren took 0.00752ms
tactic execution of Lean.Parser.Tactic.tacticSeq1Indented took 0.0102ms
tactic execution of Lean.Parser.Tactic.tacticSeq took 0.00825ms
tactic execution of Lean.Parser.Tactic.skip took 0.00583ms
tactic execution of Lean.Parser.Tactic.tacticSeq1Indented took 0.00691ms
tactic execution of Lean.Parser.Tactic.tacticSeq took 0.00367ms
tactic execution of Lean.Parser.Tactic.first took 0.0159ms
tactic execution of Lean.Parser.Tactic.tacticTry_ took 0.0168ms
tactic execution of Lean.Parser.Tactic.tacticSeq1Indented took 0.0149ms
tactic execution of Lean.Parser.Tactic.tacticSeq took 0.00516ms
tactic execution of Lean.Parser.Tactic.paren took 0.00366ms
tactic execution of Lean.Parser.Tactic.withAnnotateState took 0.0107ms
tactic execution of Lean.Parser.Tactic.tacticSeq1Indented took 0.013ms
tactic execution of Lean.Parser.Tactic.tacticSeq took 0.00467ms
tactic execution of Lean.Parser.Tactic.paren took 0.00457ms
tactic execution of Lean.Parser.Tactic.rwSeq took 0.0088ms
tactic execution of Lean.Parser.Tactic.exact took 0.0575ms
tactic execution of Lean.Parser.Tactic.tacticSeq1Indented took 0.00982ms
tactic execution of Lean.Parser.Tactic.tacticSeq took 0.00843ms
tactic execution of Lean.Parser.Tactic.rewriteSeq took 3.53ms
tactic execution of Lean.Parser.Tactic.exact took 0.0969ms
tactic execution of Lean.Parser.Tactic.exact took 0.0827ms
tactic execution of Lean.Parser.Tactic.eqRefl took 0.0116ms
tactic execution of Lean.Parser.Tactic.tacticRfl took 0.0291ms
tactic execution of Lean.Parser.Tactic.tacticSeq1Indented took 0.00356ms
tactic execution of Lean.Parser.Tactic.tacticSeq took 0.00306ms
tactic execution of Lean.Parser.Tactic.withReducible took 0.00364ms
tactic execution of Lean.Parser.Tactic.tacticSeq1Indented took 0.0029ms
tactic execution of Lean.Parser.Tactic.tacticSeq took 0.00242ms
tactic execution of Lean.Parser.Tactic.paren took 0.00228ms
tactic execution of Lean.Parser.Tactic.tacticSeq1Indented took 0.0029ms
tactic execution of Lean.Parser.Tactic.tacticSeq took 0.0025ms
tactic execution of Lean.Parser.Tactic.first took 0.0034ms
tactic execution of Lean.Parser.Tactic.tacticTry_ took 0.00513ms
tactic execution of Lean.Parser.Tactic.tacticSeq1Indented took 0.00324ms
tactic execution of Lean.Parser.Tactic.tacticSeq took 0.00271ms
tactic execution of Lean.Parser.Tactic.paren took 0.00287ms
tactic execution of Lean.Parser.Tactic.withAnnotateState took 0.0127ms
tactic execution of Lean.Parser.Tactic.tacticSeq1Indented took 0.0171ms
tactic execution of Lean.Parser.Tactic.tacticSeq took 0.00913ms
tactic execution of Lean.Parser.Tactic.paren took 0.00856ms
tactic execution of Lean.Parser.Tactic.rwSeq took 0.029ms
tactic execution of Lean.Parser.Tactic.tacticSeq1Indented took 0.00821ms
tactic execution of Lean.Parser.Tactic.tacticSeq took 0.00415ms
tactic execution of Lean.Parser.Tactic.paren took 0.00549ms
tactic execution of Lean.Parser.Tactic.withAnnotateState took 0.011ms
tactic execution of Lean.Parser.Tactic.tacticSeq1Indented took 0.00581ms
tactic execution of Lean.Parser.Tactic.tacticSeq took 0.00787ms
tactic execution of Lean.Parser.Tactic.case took 0.403ms
tactic execution of Lean.Parser.Tactic.tacticSeq1Indented took 0.0374ms
tactic execution of Lean.Parser.Tactic.tacticSeq took 0.0126ms
tactic execution of Lean.Parser.Tactic.focus took 0.0199ms
tactic execution of Lean.Parser.Tactic.tacticHave__ took 0.0618ms
typeclass inference of OfNat took 0.191ms
typeclass inference of OfNat took 0.0636ms
typeclass inference of OfNat took 0.0518ms
typeclass inference of OfNat took 0.0436ms
typeclass inference of OfNat took 0.0361ms
typeclass inference of OfNat took 0.0326ms
typeclass inference of OfNat took 0.0308ms
typeclass inference of OfNat took 0.0303ms
typeclass inference of HMul took 0.151ms
typeclass inference of HMul took 0.00338ms
typeclass inference of HMul took 0.147ms
typeclass inference of HPow took 0.162ms
typeclass inference of HPow took 0.131ms
typeclass inference of HMul took 0.0735ms
typeclass inference of LT took 0.032ms
typeclass inference of OfNat took 0.044ms
typeclass inference of OfNat took 0.0518ms
typeclass inference of OfNat took 0.0029ms
typeclass inference of OfNat took 0.041ms
typeclass inference of HPow took 0.117ms
typeclass inference of HPow took 0.11ms
typeclass inference of HMul took 0.0496ms
typeclass inference of OfNat took 0.0403ms
typeclass inference of OfNat took 0.0382ms
typeclass inference of HPow took 0.117ms
typeclass inference of HPow took 0.107ms
typeclass inference of HMul took 0.0708ms
typeclass inference of OfNat took 0.0396ms
typeclass inference of OfNat took 0.0317ms
typeclass inference of HPow took 0.105ms
typeclass inference of HPow took 0.104ms
typeclass inference of HMul took 0.0471ms
typeclass inference of OfNat took 0.0388ms
typeclass inference of OfNat took 0.031ms
typeclass inference of HPow took 0.102ms
typeclass inference of HPow took 0.106ms
typeclass inference of HMul took 0.0532ms
typeclass inference of Pow took 0.0388ms
typeclass inference of NPow took 0.0936ms
typeclass inference of OfNat took 0.0362ms
typeclass inference of OfNat took 0.0409ms
typeclass inference of HPow took 0.116ms
typeclass inference of HMul took 0.0526ms
typeclass inference of OfNat took 0.0603ms
typeclass inference of HPow took 0.119ms
typeclass inference of HMul took 0.0506ms
typeclass inference of OfNat took 0.0382ms
typeclass inference of HPow took 0.126ms
typeclass inference of HMul took 0.0576ms
typeclass inference of Pow took 0.0422ms
typeclass inference of NPow took 0.00314ms
typeclass inference of OfNat took 0.0382ms
typeclass inference of HMul took 0.00266ms
typeclass inference of OfNat took 0.0672ms
typeclass inference of OfNat took 0.0456ms
typeclass inference of OfNat took 0.0497ms
typeclass inference of OfNat took 0.0369ms
typeclass inference of HMul took 0.0047ms
typeclass inference of HMul took 0.00226ms
typeclass inference of HMul took 0.0368ms
typeclass inference of HPow took 0.162ms
typeclass inference of HMul took 0.0766ms
typeclass inference of LE took 0.0551ms
typeclass inference of OfNat took 0.00382ms
typeclass inference of OfNat took 0.0676ms
typeclass inference of HPow took 0.148ms
typeclass inference of HMul took 0.0514ms
typeclass inference of OfNat took 0.0405ms
typeclass inference of HPow took 0.176ms
typeclass inference of HMul took 0.0562ms
typeclass inference of OfNat took 0.075ms
typeclass inference of OfNat took 0.0552ms
typeclass inference of OfNat took 0.0478ms
typeclass inference of OfNat took 0.0477ms
typeclass inference of OfNat took 0.0493ms
typeclass inference of OfNat took 0.0334ms
typeclass inference of OfNat took 0.0327ms
typeclass inference of OfNat took 0.0297ms
typeclass inference of HMul took 0.00407ms
typeclass inference of HPow took 0.147ms
typeclass inference of HPow took 0.135ms
typeclass inference of HMul took 0.0751ms
typeclass inference of LT took 0.0143ms
typeclass inference of OfNat took 0.004ms
typeclass inference of OfNat took 0.0794ms
typeclass inference of OfNat took 0.00291ms
typeclass inference of OfNat took 0.0703ms
typeclass inference of HPow took 0.155ms
typeclass inference of HPow took 0.146ms
typeclass inference of HMul took 0.0554ms
typeclass inference of OfNat took 0.0594ms
typeclass inference of OfNat took 0.0339ms
typeclass inference of HPow took 0.109ms
typeclass inference of HPow took 0.117ms
typeclass inference of HMul took 0.0504ms
typeclass inference of OfNat took 0.00672ms
typeclass inference of HPow took 0.392ms
typeclass inference of HMul took 0.00321ms
typeclass inference of OfNat took 0.00234ms
typeclass inference of OfNat took 0.00205ms
typeclass inference of HPow took 0.00165ms
typeclass inference of HPow took 0.00134ms
typeclass inference of HMul took 0.00158ms
typeclass inference of Trans took 0.24ms
typeclass inference of LE took 0.32ms
typeclass inference of LE took 0.0804ms
typeclass inference of Zero took 0.155ms
typeclass inference of PartialOrder took 0.0634ms
typeclass inference of Ring took 1.14ms
typeclass inference of AddMonoidWithOne took 0.0362ms
norm_num took 0.279ms
typeclass inference of Semiring took 0.0314ms
typeclass inference of PartialOrder took 0.00238ms
typeclass inference of CommSemiring took 0.0261ms
typeclass inference of IsOrderedRing took 0.917ms
typeclass inference of Nontrivial took 0.0462ms
typeclass inference of Semiring took 0.00278ms
typeclass inference of IsStrictOrderedRing took 0.0293ms
tactic execution of Mathlib.Tactic.Positivity.positivity took 1.47ms
tactic execution of Lean.Parser.Tactic.tacticSeq1Indented took 0.0111ms
tactic execution of Lean.Parser.Tactic.tacticSeq took 0.0173ms
tactic execution of Lean.Parser.Tactic.refine took 8.32ms
tactic execution of Lean.Parser.Tactic.rotateRight took 0.00702ms
tactic execution of Lean.Parser.Tactic.tacticSeq1Indented took 0.0136ms
tactic execution of Lean.Parser.Tactic.tacticSeq took 0.00476ms
tactic execution of Lean.Parser.Tactic.paren took 0.00571ms
tactic execution of Lean.Parser.Tactic.tacticSeq1Indented took 0.00717ms
tactic execution of Lean.Parser.Tactic.tacticSeq took 0.00711ms
tactic execution of Lean.Parser.Tactic.focus took 0.0148ms
tactic execution of Lean.Parser.Tactic.tacticRefine_lift_ took 0.0205ms
tactic execution of Lean.Parser.Tactic.tacticHave__ took 0.0938ms
typeclass inference of HMul took 0.156ms
typeclass inference of HMul took 0.145ms
typeclass inference of LT took 0.0258ms
tactic execution of Lean.Parser.Tactic.refine took 0.46ms
interpretation of term_=_ took 0.00297ms
interpretation of term_-_ took 0.00142ms
interpretation of term_*_ took 0.00109ms
interpretation of term_=_ took 0.00047ms
interpretation of term_-_ took 0.000471ms
interpretation of term_*_ took 0.00043ms
interpretation of term_=_ took 0.00144ms
interpretation of term_-_ took 0.000601ms
interpretation of term_*_ took 0.000451ms
interpretation of term_^_ took 0.000951ms
interpretation of term_-_ took 0.00041ms
interpretation of term_=_ took 0.000441ms
interpretation of term_-_ took 0.0004ms
interpretation of term_*_ took 0.000411ms
interpretation of term_^_ took 0.000381ms
interpretation of term_-_ took 0.000391ms
interpretation of term_=_ took 0.00135ms
interpretation of term_*_ took 0.000551ms
interpretation of term_=_ took 0.000461ms
interpretation of term_*_ took 0.0004ms
interpretation of term_=_ took 0.00137ms
interpretation of term_+_ took 0.0015ms
interpretation of term_*_ took 0.000451ms
interpretation of term_^_ took 0.000451ms
interpretation of term_=_ took 0.000461ms
interpretation of term_+_ took 0.000431ms
interpretation of term_*_ took 0.000371ms
interpretation of term_^_ took 0.000401ms
typeclass inference of UsesSetNotationForOrder took 0.0226ms
typeclass inference of UsesSetNotationForOrder took 0.0105ms
interpretation of term_↔_ took 0.00171ms
interpretation of term_≤_ took 0.000902ms
interpretation of term_≤_ took 0.000451ms
interpretation of coeNotation took 0.00117ms
interpretation of coeNotation took 0.000341ms
interpretation of termℕ took 0.00642ms
interpretation of term_↔_ took 0.000551ms
interpretation of term_≤_ took 0.000411ms
interpretation of term_≤_ took 0.000441ms
interpretation of coeNotation took 0.000341ms
interpretation of coeNotation took 0.00041ms
interpretation of termℕ took 0.00314ms
typeclass inference of UsesSetNotationForOrder took 0.021ms
typeclass inference of UsesSetNotationForOrder took 0.0109ms
interpretation of term_↔_ took 0.00277ms
interpretation of term_<_ took 0.00101ms
interpretation of term_<_ took 0.000451ms
interpretation of coeNotation took 0.000962ms
interpretation of coeNotation took 0.000311ms
interpretation of termℕ took 0.00453ms
interpretation of term_↔_ took 0.000511ms
interpretation of term_<_ took 0.000451ms
interpretation of term_<_ took 0.000421ms
interpretation of coeNotation took 0.000371ms
interpretation of coeNotation took 0.000371ms
interpretation of termℕ took 0.00291ms
interpretation of term_↔_ took 0.000882ms
interpretation of term_=_ took 0.000521ms
interpretation of term_=_ took 0.000421ms
interpretation of coeNotation took 0.000371ms
interpretation of coeNotation took 0.000351ms
interpretation of termℕ took 0.00522ms
interpretation of term_↔_ took 0.000501ms
interpretation of term_=_ took 0.0004ms
interpretation of term_=_ took 0.000431ms
interpretation of coeNotation took 0.00034ms
interpretation of coeNotation took 0.00037ms
interpretation of termℕ took 0.00262ms
typeclass inference of UsesSetNotationForOrder took 0.0153ms
interpretation of term_≤_ took 0.00102ms
interpretation of coeNotation took 0.000501ms
interpretation of termℕ took 0.00369ms
interpretation of term_≤_ took 0.000521ms
interpretation of coeNotation took 0.00036ms
interpretation of termℕ took 0.00275ms
interpretation of term_*_ took 0.00179ms
interpretation of term_*_ took 0.000551ms
interpretation of term_^_ took 0.00177ms
interpretation of term_^_ took 0.000581ms
interpretation of term_*_ took 0.00167ms
interpretation of term_^_ took 0.000631ms
interpretation of term_*_ took 0.000461ms
interpretation of term_^_ took 0.000411ms
interpretation of term_+_ took 0.00206ms
interpretation of term_*_ took 0.000551ms
interpretation of term_^_ took 0.000421ms
interpretation of term_+_ took 0.000511ms
interpretation of term_*_ took 0.000411ms
interpretation of term_^_ took 0.000451ms
typeclass inference of LE took 0.077ms
typeclass inference of HAdd took 0.264ms
typeclass inference of HSub took 0.174ms
typeclass inference of LE took 0.135ms
typeclass inference of Decidable took 0.326ms
typeclass inference of Decidable took 0.0285ms
typeclass inference of HSub took 0.103ms
typeclass inference of LE took 0.00904ms
typeclass inference of Decidable took 0.0451ms
typeclass inference of Decidable took 0.0104ms
typeclass inference of HMul took 0.25ms
typeclass inference of HMul took 0.0356ms
typeclass inference of HAdd took 0.0346ms
typeclass inference of LT took 0.0438ms
typeclass inference of Decidable took 0.385ms
typeclass inference of LE took 0.0046ms
typeclass inference of LE took 0.00506ms
typeclass inference of LE took 0.00374ms
typeclass inference of Decidable took 0.131ms
typeclass inference of Decidable took 0.00331ms
instantiate metavars took 0.00105ms
tactic execution of Lean.Parser.Tactic.omega took 3.65ms
tactic execution of ProofBroker.Tactic.proofBrokerTerm took 34.2ms
tactic execution of Lean.Parser.Tactic.tacticSeq1Indented took 0.00769ms
tactic execution of Lean.Parser.Tactic.tacticSeq took 0.00506ms
tactic execution of Lean.Parser.Tactic.paren took 0.00545ms
tactic execution of Lean.Parser.Tactic.withAnnotateState took 0.00816ms
tactic execution of Lean.Parser.Tactic.tacticSeq1Indented took 0.00413ms
tactic execution of Lean.Parser.Tactic.tacticSeq took 0.00385ms
tactic execution of Lean.Parser.Tactic.case took 0.0324ms
tactic execution of Lean.Parser.Tactic.tacticSeq1Indented took 0.0121ms
tactic execution of Lean.Parser.Tactic.tacticSeq took 0.00467ms
tactic execution of Lean.Parser.Tactic.focus took 0.00931ms
tactic execution of Lean.Parser.Tactic.tacticHave__ took 0.0242ms
typeclass inference of HMul took 1.2ms
typeclass inference of HMul took 0.967ms
typeclass inference of HMul took 0.148ms
typeclass inference of HMul took 0.162ms
tactic execution of Lean.Parser.Tactic.refine took 1.03ms
tactic execution of Lean.Parser.Tactic.rotateRight took 0.00637ms
tactic execution of Lean.Parser.Tactic.tacticSeq1Indented took 0.0127ms
tactic execution of Lean.Parser.Tactic.tacticSeq took 0.00271ms
tactic execution of Lean.Parser.Tactic.paren took 0.0039ms
tactic execution of Lean.Parser.Tactic.tacticSeq1Indented took 0.00425ms
tactic execution of Lean.Parser.Tactic.tacticSeq took 0.00529ms
tactic execution of Lean.Parser.Tactic.focus took 0.00797ms
tactic execution of Lean.Parser.Tactic.tacticRefine_lift_ took 0.00858ms
tactic execution of Lean.Parser.Tactic.tacticHave__ took 0.0218ms
tactic execution of Lean.Parser.Tactic.rewriteSeq took 0.82ms
tactic execution of Lean.Parser.Tactic.exact took 0.118ms
tactic execution of Lean.Parser.Tactic.exact took 0.25ms
tactic execution of Lean.Parser.Tactic.eqRefl took 0.0288ms
tactic execution of Lean.Parser.Tactic.tacticRfl took 0.0697ms
tactic execution of Lean.Parser.Tactic.tacticSeq1Indented took 0.00972ms
tactic execution of Lean.Parser.Tactic.tacticSeq took 0.0064ms
tactic execution of Lean.Parser.Tactic.withReducible took 0.00758ms
tactic execution of Lean.Parser.Tactic.tacticSeq1Indented took 0.00547ms
tactic execution of Lean.Parser.Tactic.tacticSeq took 0.00464ms
tactic execution of Lean.Parser.Tactic.paren took 0.00445ms
tactic execution of Lean.Parser.Tactic.tacticSeq1Indented took 0.035ms
tactic execution of Lean.Parser.Tactic.tacticSeq took 0.00469ms
tactic execution of Lean.Parser.Tactic.first took 0.00752ms
tactic execution of Lean.Parser.Tactic.tacticTry_ took 0.00941ms
tactic execution of Lean.Parser.Tactic.tacticSeq1Indented took 0.00518ms
tactic execution of Lean.Parser.Tactic.tacticSeq took 0.00439ms
tactic execution of Lean.Parser.Tactic.paren took 0.00492ms
tactic execution of Lean.Parser.Tactic.withAnnotateState took 0.0396ms
tactic execution of Lean.Parser.Tactic.tacticSeq1Indented took 0.0145ms
tactic execution of Lean.Parser.Tactic.tacticSeq took 0.00561ms
tactic execution of Lean.Parser.Tactic.paren took 0.00507ms
tactic execution of Lean.Parser.Tactic.rwSeq took 0.0656ms
tactic execution of Lean.Parser.Tactic.tacticSeq1Indented took 0.119ms
tactic execution of Lean.Parser.Tactic.tacticSeq took 0.0365ms
instantiate metavars took 0.623ms
instantiate metavars took 0.000371ms
instantiate metavars took 0.000241ms
instantiate metavars took 0.00011ms
instantiate metavars took 0.000101ms
share common exprs took 1.71ms
fix level params took 0.0896ms
let-to-have transformation took 0.00998ms
attribute application took 0.00325ms
attribute application took 0.000631ms
process pre-definitions took 0.83ms
elaboration took 1.86ms
type checking took 1.82ms
type checking took 6.22ms
type checking took 14.7ms
type checking took 5.27ms
type checking took 6.66ms
overlappingInstancesLinter took 0.183ms
tacticAnalysis took 3.84ms
linting took 11.9ms
attribute application took 0.00171ms
typeclass inference of OfNat took 0.0671ms
typeclass inference of OfNat took 0.0411ms
typeclass inference of HSub took 0.898ms
typeclass inference of HMul took 0.815ms
typeclass inference of HMul took 0.718ms
typeclass inference of HSub took 0.61ms
typeclass inference of OfNat took 0.73ms
typeclass inference of OfNat took 0.0586ms
typeclass inference of OfNat took 0.0408ms
typeclass inference of OfNat took 0.0367ms
typeclass inference of OfNat took 0.0293ms
typeclass inference of OfNat took 0.0363ms
typeclass inference of OfNat took 0.0313ms
typeclass inference of OfNat took 0.031ms
typeclass inference of OfNat took 0.0275ms
typeclass inference of HSub took 0.00411ms
typeclass inference of HSub took 0.00221ms
typeclass inference of HMul took 0.00207ms
typeclass inference of HSub took 0.0325ms
typeclass inference of HPow took 0.187ms
typeclass inference of HMul took 0.054ms
typeclass inference of HSub took 0.0642ms
typeclass inference of OfNat took 0.834ms
typeclass inference of OfNat took 0.0553ms
typeclass inference of OfNat took 0.0037ms
typeclass inference of HPow took 0.119ms
typeclass inference of HMul took 0.0521ms
typeclass inference of HSub took 0.0434ms
typeclass inference of OfNat took 0.0389ms
typeclass inference of HPow took 0.0989ms
typeclass inference of HMul took 0.048ms
typeclass inference of HSub took 0.0407ms
typeclass inference of OfNat took 0.0647ms
typeclass inference of OfNat took 0.0521ms
typeclass inference of OfNat took 0.0593ms
typeclass inference of OfNat took 0.0452ms
typeclass inference of HPow took 0.127ms
typeclass inference of LE took 0.0321ms
typeclass inference of OfNat took 0.0345ms
typeclass inference of OfNat took 0.0451ms
typeclass inference of HPow took 0.109ms
typeclass inference of OfNat took 0.0379ms
typeclass inference of HPow took 0.101ms
typeclass inference of OfNat took 0.0524ms
typeclass inference of OfNat took 0.0394ms
typeclass inference of OfNat took 0.0317ms
typeclass inference of OfNat took 0.0276ms
typeclass inference of HPow took 0.161ms
typeclass inference of LT took 0.0406ms
typeclass inference of OfNat took 0.0039ms
typeclass inference of OfNat took 0.0453ms
typeclass inference of HPow took 0.125ms
typeclass inference of OfNat took 0.0369ms
typeclass inference of HPow took 0.101ms
typeclass inference of OfNat took 0.053ms
typeclass inference of OfNat took 0.04ms
typeclass inference of OfNat took 0.0332ms
typeclass inference of OfNat took 0.0284ms
typeclass inference of HPow took 0.123ms
typeclass inference of LT took 0.00331ms
typeclass inference of OfNat took 0.00266ms
typeclass inference of OfNat took 0.0457ms
typeclass inference of HPow took 0.123ms
typeclass inference of OfNat took 0.0458ms
typeclass inference of HPow took 0.117ms
typeclass inference of OfNat took 0.0526ms
typeclass inference of OfNat took 0.0401ms
typeclass inference of OfNat took 0.0382ms
typeclass inference of OfNat took 0.0289ms
typeclass inference of HPow took 0.173ms
typeclass inference of LT took 0.00417ms
typeclass inference of OfNat took 0.00919ms
typeclass inference of OfNat took 0.0514ms
typeclass inference of HPow took 0.115ms
typeclass inference of OfNat took 0.0353ms
typeclass inference of HPow took 0.106ms
typeclass inference of OfNat took 0.0564ms
typeclass inference of OfNat took 0.0417ms
typeclass inference of OfNat took 0.0503ms
typeclass inference of OfNat took 0.0339ms
typeclass inference of HMul took 0.146ms
typeclass inference of HAdd took 0.146ms
typeclass inference of HMul took 0.003ms
typeclass inference of HMul took 0.146ms
typeclass inference of HPow took 0.129ms
typeclass inference of HMul took 0.0786ms
typeclass inference of HAdd took 0.0577ms
typeclass inference of OfNat took 0.00402ms
typeclass inference of OfNat took 0.0515ms
typeclass inference of HPow took 0.109ms
typeclass inference of HMul took 0.0566ms
typeclass inference of HAdd took 0.0452ms
typeclass inference of OfNat took 0.0388ms
typeclass inference of HPow took 0.104ms
typeclass inference of HMul took 0.0491ms
typeclass inference of HAdd took 0.0427ms
typeclass inference of OfNat took 0.0413ms
typeclass inference of HPow took 0.113ms
typeclass inference of HMul took 0.0497ms
typeclass inference of HSub took 0.0535ms
typeclass inference of OfNat took 0.0398ms
typeclass inference of HPow took 0.103ms
typeclass inference of OfNat took 0.0381ms
typeclass inference of HPow took 0.104ms
typeclass inference of OfNat took 0.0375ms
typeclass inference of HPow took 0.131ms
typeclass inference of OfNat took 0.0377ms
typeclass inference of HPow took 0.116ms
typeclass inference of OfNat took 0.038ms
typeclass inference of HPow took 0.105ms
typeclass inference of HMul took 0.0506ms
typeclass inference of HAdd took 0.0442ms
typeclass inference of OfNat took 0.0377ms
typeclass inference of HPow took 0.105ms
typeclass inference of HMul took 0.0525ms
typeclass inference of HSub took 0.0444ms
typeclass inference of OfNat took 0.0413ms
typeclass inference of HPow took 0.109ms
typeclass inference of OfNat took 0.0779ms
typeclass inference of HPow took 0.105ms
typeclass inference of OfNat took 0.0359ms
typeclass inference of HPow took 0.102ms
typeclass inference of OfNat took 0.0353ms
typeclass inference of HPow took 0.101ms
typeclass inference of OfNat took 0.0368ms
typeclass inference of HPow took 0.108ms
typeclass inference of HMul took 0.0486ms
typeclass inference of HAdd took 0.0469ms
typeclass inference of Pow took 0.0535ms
typeclass inference of CategoryTheory.CartesianMonoidalCategory took 0.0581ms
typeclass inference of CategoryTheory.CartesianMonoidalCategory took 0.00523ms
typeclass inference of NPow took 2.21ms
typeclass inference of OfNat took 0.0572ms
typeclass inference of HMul took 0.045ms
typeclass inference of HSub took 0.00696ms
typeclass inference of OfNat took 0.0794ms
typeclass inference of HPow took 0.132ms
typeclass inference of OfNat took 0.0403ms
typeclass inference of HPow took 0.114ms
typeclass inference of OfNat took 0.0391ms
typeclass inference of HPow took 0.107ms
typeclass inference of OfNat took 0.037ms
typeclass inference of HPow took 0.111ms
typeclass inference of OfNat took 0.0375ms
typeclass inference of HPow took 0.104ms
typeclass inference of HMul took 0.0561ms
typeclass inference of HAdd took 0.0476ms
typeclass inference of OfNat took 0.0397ms
typeclass inference of HPow took 0.105ms
typeclass inference of OfNat took 0.0378ms
typeclass inference of HPow took 0.102ms
typeclass inference of OfNat took 0.0376ms
typeclass inference of HPow took 0.107ms
typeclass inference of OfNat took 0.0364ms
typeclass inference of HPow took 0.102ms
typeclass inference of OfNat took 0.0437ms
typeclass inference of HPow took 0.101ms
typeclass inference of HMul took 0.0493ms
typeclass inference of HAdd took 0.0448ms
typeclass inference of OfNat took 0.0366ms
typeclass inference of HPow took 0.103ms
typeclass inference of OfNat took 0.0369ms
typeclass inference of HPow took 0.102ms
typeclass inference of OfNat took 0.0358ms
typeclass inference of HPow took 0.101ms
typeclass inference of OfNat took 0.0359ms
typeclass inference of HPow took 0.1ms
typeclass inference of OfNat took 0.0357ms
typeclass inference of HPow took 0.1ms
typeclass inference of HMul took 0.0562ms
typeclass inference of HAdd took 0.0455ms
typeclass inference of Pow took 0.0374ms
typeclass inference of NPow took 0.108ms
typeclass inference of OfNat took 0.0469ms
typeclass inference of OfNat took 0.0529ms
typeclass inference of HPow took 0.11ms
typeclass inference of OfNat took 0.038ms
typeclass inference of HPow took 0.103ms
typeclass inference of OfNat took 0.0361ms
typeclass inference of HPow took 0.103ms
typeclass inference of OfNat took 0.0369ms
typeclass inference of HPow took 0.108ms
typeclass inference of HMul took 0.0497ms
typeclass inference of HAdd took 0.0448ms
typeclass inference of OfNat took 0.0399ms
typeclass inference of HPow took 0.102ms
typeclass inference of OfNat took 0.0361ms
typeclass inference of HPow took 0.1ms
typeclass inference of OfNat took 0.0363ms
typeclass inference of HPow took 0.102ms
typeclass inference of OfNat took 0.0353ms
typeclass inference of HPow took 0.102ms
typeclass inference of HMul took 0.0507ms
typeclass inference of HAdd took 0.045ms
typeclass inference of OfNat took 0.0384ms
typeclass inference of HPow took 0.126ms
typeclass inference of OfNat took 0.0393ms
typeclass inference of HPow took 0.102ms
typeclass inference of OfNat took 0.0356ms
typeclass inference of HPow took 0.1ms
typeclass inference of OfNat took 0.0405ms
typeclass inference of HPow took 0.103ms
typeclass inference of HMul took 0.049ms
typeclass inference of HAdd took 0.0433ms
typeclass inference of Pow took 0.0378ms
typeclass inference of NPow took 0.00324ms
typeclass inference of OfNat took 0.00271ms
typeclass inference of OfNat took 0.0406ms
typeclass inference of HPow took 0.126ms
typeclass inference of OfNat took 0.0564ms
typeclass inference of HPow took 0.112ms
typeclass inference of OfNat took 0.0375ms
typeclass inference of HPow took 0.104ms
typeclass inference of HMul took 0.049ms
typeclass inference of HAdd took 0.045ms
typeclass inference of OfNat took 0.0386ms
typeclass inference of HPow took 0.104ms
typeclass inference of OfNat took 0.0366ms
typeclass inference of HPow took 0.108ms
typeclass inference of OfNat took 0.0369ms
typeclass inference of HPow took 0.103ms
typeclass inference of HMul took 0.0488ms
typeclass inference of HAdd took 0.0452ms
typeclass inference of OfNat took 0.0377ms
typeclass inference of HPow took 0.122ms
typeclass inference of OfNat took 0.0602ms
typeclass inference of HPow took 0.114ms
typeclass inference of OfNat took 0.0376ms
typeclass inference of HPow took 0.116ms
typeclass inference of HMul took 0.0502ms
typeclass inference of HAdd took 0.0601ms
typeclass inference of Pow took 0.0387ms
typeclass inference of NPow took 0.00327ms
typeclass inference of OfNat took 0.00257ms
typeclass inference of OfNat took 0.0463ms
typeclass inference of HPow took 0.12ms
typeclass inference of OfNat took 0.0382ms
typeclass inference of HPow took 0.142ms
typeclass inference of HMul took 0.0775ms
typeclass inference of HAdd took 0.0755ms
typeclass inference of OfNat took 0.0602ms
typeclass inference of HPow took 0.118ms
typeclass inference of OfNat took 0.0406ms
typeclass inference of HPow took 0.11ms
typeclass inference of HMul took 0.0511ms
typeclass inference of HAdd took 0.057ms
typeclass inference of OfNat took 0.0413ms
typeclass inference of HPow took 0.119ms
typeclass inference of OfNat took 0.0392ms
typeclass inference of HPow took 0.118ms
typeclass inference of HMul took 0.0503ms
typeclass inference of HAdd took 0.0474ms
typeclass inference of Pow took 0.0394ms
typeclass inference of NPow took 0.0034ms
typeclass inference of OfNat took 0.00265ms
typeclass inference of OfNat took 0.0443ms
typeclass inference of HPow took 0.128ms
typeclass inference of HMul took 0.0764ms
typeclass inference of HAdd took 0.0629ms
typeclass inference of OfNat took 0.0449ms
typeclass inference of HPow took 0.11ms
typeclass inference of HMul took 0.0493ms
typeclass inference of HAdd took 0.0456ms
typeclass inference of OfNat took 0.0404ms
typeclass inference of HPow took 0.116ms
typeclass inference of HMul took 0.0488ms
typeclass inference of HAdd took 0.049ms
typeclass inference of Pow took 0.0381ms
typeclass inference of NPow took 0.00321ms
typeclass inference of OfNat took 0.00257ms
typeclass inference of HMul took 0.0317ms
typeclass inference of HAdd took 0.00431ms
instantiate metavars took 0.0381ms
instantiate metavars took 0.00025ms
typeclass inference of AddMonoidWithOne took 0.0458ms
norm_num took 0.344ms
typeclass inference of AddMonoidWithOne took 0.0045ms
norm_num took 0.0528ms
norm_num took 0.595ms
typeclass inference of Semiring took 0.0439ms
typeclass inference of AddMonoidWithOne took 0.00299ms
norm_num took 0.056ms
norm_num took 0.542ms
norm_num took 0.0522ms
norm_num took 0.252ms
congr simp thm took 0.0362ms
norm_num took 0.00622ms
norm_num took 0.0038ms
typeclass inference of AddMonoidWithOne took 0.00606ms
norm_num took 0.108ms
typeclass inference of AddMonoidWithOne took 0.0033ms
norm_num took 0.0528ms
norm_num took 0.133ms
typeclass inference of Semiring took 0.0035ms
typeclass inference of AddMonoidWithOne took 0.00218ms
norm_num took 0.0426ms
norm_num took 0.154ms
norm_num took 0.00385ms
typeclass inference of Preorder took 0.143ms
typeclass inference of Preorder took 0.0489ms
typeclass inference of AddMonoidWithOne took 0.00467ms
norm_num took 0.0988ms
typeclass inference of AddMonoidWithOne took 0.00319ms
norm_num took 0.0431ms
typeclass inference of LT took 0.0378ms
typeclass inference of Semiring took 0.00248ms
typeclass inference of PartialOrder took 0.0369ms
typeclass inference of CommSemiring took 0.0295ms
typeclass inference of IsOrderedRing took 1.15ms
typeclass inference of CharZero took 0.0392ms
norm_num took 0.226ms
tactic execution of Mathlib.Tactic.normNum took 3.8ms
tactic execution of Lean.Parser.Tactic.tacticSeq1Indented took 0.0143ms
tactic execution of Lean.Parser.Tactic.tacticSeq took 0.0174ms
typeclass inference of AddMonoidWithOne took 0.0352ms
norm_num took 0.105ms
typeclass inference of AddMonoidWithOne took 0.00411ms
norm_num took 0.0492ms
norm_num took 0.274ms
typeclass inference of Semiring took 0.0406ms
typeclass inference of AddMonoidWithOne took 0.00257ms
norm_num took 0.0508ms
norm_num took 0.409ms
norm_num took 0.0125ms
norm_num took 0.0812ms
congr simp thm took 0.00444ms
norm_num took 0.00467ms
norm_num took 0.00222ms
typeclass inference of AddMonoidWithOne took 0.00516ms
norm_num took 0.0771ms
typeclass inference of AddMonoidWithOne took 0.003ms
norm_num took 0.0418ms
norm_num took 0.165ms
typeclass inference of Semiring took 0.00357ms
typeclass inference of AddMonoidWithOne took 0.00208ms
norm_num took 0.041ms
norm_num took 0.48ms
norm_num took 0.00424ms
typeclass inference of Preorder took 0.187ms
typeclass inference of Preorder took 0.05ms
typeclass inference of AddMonoidWithOne took 0.00433ms
norm_num took 0.0961ms
typeclass inference of AddMonoidWithOne took 0.00304ms
norm_num took 0.0462ms
typeclass inference of LT took 0.0323ms
typeclass inference of Semiring took 0.00234ms
typeclass inference of PartialOrder took 0.0395ms
typeclass inference of CommSemiring took 0.027ms
typeclass inference of IsOrderedRing took 1.19ms
typeclass inference of CharZero took 0.0526ms
norm_num took 0.16ms
tactic execution of Mathlib.Tactic.normNum took 1.04ms
tactic execution of Lean.Parser.Tactic.tacticSeq1Indented took 0.00896ms
tactic execution of Lean.Parser.Tactic.tacticSeq took 0.0172ms
instantiate metavars took 0.00689ms
instantiate metavars took 0.000251ms
instantiate metavars took 0.00021ms
instantiate metavars took 0.00016ms
instantiate metavars took 0.00011ms
share common exprs took 0.199ms
fix level params took 0.0334ms
attribute application took 0.00303ms
attribute application took 0.000731ms
process pre-definitions took 0.419ms
elaboration took 7.09ms
type checking took 1.74ms
overlappingInstancesLinter took 0.163ms
tacticAnalysis took 0.971ms
linting took 3.79ms
elaboration took 0.167ms
overlappingInstancesLinter took 0.0397ms
tacticAnalysis took 0.2ms
linting took 1.89ms
'RmsNorm.carry_stage_lift' depends on axioms: [propext, Classical.choice, Quot.sound]
elaboration took 894ms
overlappingInstancesLinter took 0.0534ms
tacticAnalysis took 0.21ms
linting took 1.88ms
'RmsNorm.carry_stage_lift_production' depends on axioms: [propext, Classical.choice, Quot.sound]
elaboration took 1.61ms
overlappingInstancesLinter took 0.0213ms
tacticAnalysis took 0.0935ms
linting took 0.964ms
elaboration took 0.0202ms
overlappingInstancesLinter took 0.0117ms
tacticAnalysis took 0.0821ms
linting took 0.997ms
module linting took 0.00141ms
cumulative profiling times:
	attribute application 0.0394ms
	congr simp thm 0.179ms
	elaboration 928ms
	fix level params 0.257ms
	instantiate metavars 1.44ms
	interpretation 0.317ms
	let-to-have transformation 0.0891ms
	linting 62.5ms
	module linting 0.00116ms
	norm_num 10.4ms
	overlappingInstancesLinter 1.77ms
	parsing 7.68ms
	process pre-definitions 3.21ms
	ring 10.1ms
	share common exprs 4.56ms
	simp 1.91ms
	tactic execution 896ms
	tacticAnalysis 15.5ms
	type checking 79.9ms
	typeclass inference 342ms
PEAK_RSS_BYTES=734003200
EXIT=0 WALL=5.1s CAP=8G
